iteration,timestamp,P79,ScadaCommand_P79,ScadaCommand_P1,ScadaCommand_V1,ScadaCommand_V2,T41,T42,P1,J2,J13,V1F,V2F
0,2025-01-15 00:15:43.243012,1,0,0,0,0,3.0510001182556152,3.0510001182556152,1,0,0,0,0
1.0,2025-01-15 00:15:53.622644,1.0,,,,,3.0510001182556152,3.0510001182556152,1.0,54.79847717285156,54.351531982421875,560.40625,-628.8280639648438
2.0,2025-01-15 00:16:04.655380,1.0,,,,,3.5967936515808105,3.700996160507202,1.0,55.31480407714844,55.00094985961914,541.0648803710938,-594.50146484375
3.0,2025-01-15 00:16:15.994009,1.0,,,,,4.1218719482421875,4.313260555267334,1.0,55.81275939941406,55.61268997192383,522.7076416015625,-561.0997314453125
4.0,2025-01-15 00:16:26.574107,1.0,,,,,4.627288341522217,4.889549732208252,1.0,56.293487548828125,56.188499450683594,505.4891662597656,-528.890869140625
5.0,2025-01-15 00:16:38.096101,1.0,,,,,5.114263534545898,5.431308269500732,1.0,56.75896072387695,56.72981262207031,490.05841064453125,-497.19390869140625
6.0,2025-01-15 00:16:49.144318,1.0,,,,,5.584712028503418,5.939116477966309,1.0,57.216182708740234,57.237152099609375,480.3497619628906,-461.75079345703125
7.0,2025-01-15 00:17:00.071148,1.0,,,,,6.044761657714844,6.408962726593018,1.0,57.653621673583984,57.70668029785156,463.33349609375,-436.3111572265625
8.0,2025-01-15 00:17:10.706220,1.0,,,,,6.486586570739746,6.851561546325684,1.0,58.07364273071289,58.14902114868164,446.3838195800781,-414.894775390625
9.0,2025-01-15 00:17:21.176002,1.0,,,,,6.910257339477539,7.670076847076416,1.0,58.4769401550293,58.56846237182617,430.0099182128906,-395.4707336425781
10.0,2025-01-15 00:17:31.881576,1.0,,,,,7.3163909912109375,7.670076847076416,1.0,58.86378479003906,58.96711730957031,413.9773254394531,-377.3255615234375
11.0,2025-01-15 00:17:42.730259,1.0,,,,,7.705353260040283,8.049497604370117,0.0,59.00032043457031,59.346248626708984,17.25150489807129,-349.234130859375
12.0,2025-01-15 00:17:53.448722,1.0,,,,,7.669405460357666,8.39883041381836,0.0,58.9647102355957,59.693721771240234,29.242523193359375,49.96467590332031
13.0,2025-01-15 00:18:03.955913,0.0,,,,,7.646300792694092,8.320475578308105,0.0,58.94209289550781,59.61540222167969,30.02464485168457,43.9232177734375
14.0,2025-01-15 00:18:14.124265,0.0,,,,,7.642075538635254,8.256875038146973,0.0,58.9377326965332,59.55180358886719,28.34290885925293,42.2564582824707
15.0,2025-01-15 00:18:25.284069,0.0,,,,,7.636048793792725,8.195075035095215,0.0,58.931583404541016,59.49000930786133,26.6935977935791,40.60829544067383
16.0,2025-01-15 00:18:36.469590,0.0,,,,,7.628255844116211,8.135042190551758,0.0,58.923683166503906,59.42997741699219,25.078493118286133,38.99333190917969
17.0,2025-01-15 00:18:47.266083,0.0,,,,,7.618732929229736,8.076738357543945,0.0,58.914066314697266,59.37167739868164,23.499528884887695,37.414493560791016
18.0,2025-01-15 00:18:58.344433,0.0,,,,,7.607519149780273,8.020126342773438,0.0,58.90277099609375,59.315067291259766,21.958784103393555,35.87388229370117
19.0,2025-01-15 00:19:09.160765,0.0,,,,,7.594654560089111,7.9651641845703125,0.0,58.889835357666016,59.260108947753906,20.458518981933594,34.37374496459961
20.0,2025-01-15 00:19:19.560113,0.0,,,,,7.580183506011963,7.911808967590332,0.0,58.87530517578125,59.206756591796875,19.001258850097656,32.9166145324707
21.0,2025-01-15 00:19:29.733243,0.0,,,,,7.564151763916016,7.86001443862915,0.0,58.85922622680664,59.154964447021484,17.58964729309082,31.5051326751709
22.0,2025-01-15 00:19:39.970288,0.0,,,,,7.546607971191406,7.809731960296631,0.0,58.84164810180664,59.10468673706055,16.2265682220459,30.142175674438477
23.0,2025-01-15 00:19:50.300063,0.0,,,,,7.527604103088379,7.760909080505371,0.0,58.82261657714844,59.05586624145508,14.915115356445312,28.830846786499023
24.0,2025-01-15 00:20:00.166086,0.0,,,,,7.507195949554443,7.713490962982178,0.0,58.80219268798828,59.00844955444336,13.65856647491455,27.574417114257812
25.0,2025-01-15 00:20:10.189172,0.0,,,,,7.4854416847229,7.667418956756592,0.0,58.780372619628906,58.96236801147461,11.389872550964355,28.522228240966797
26.0,2025-01-15 00:20:19.789027,0.0,,,,,7.452850818634033,7.61651086807251,0.0,58.74775695800781,58.91146469116211,10.43903923034668,27.571487426757812
27.0,2025-01-15 00:20:31.002410,0.0,,,,,7.419240951538086,7.566621780395508,0.0,58.71411895751953,58.861576080322266,9.552303314208984,26.684831619262695
28.0,2025-01-15 00:20:40.820391,0.0,,,,,7.384681701660156,7.51768159866333,0.0,58.67953109741211,58.81263732910156,8.731096267700195,25.86370086669922
29.0,2025-01-15 00:20:51.814042,0.0,,,,,7.3492431640625,7.469621658325195,0.0,58.644065856933594,58.76457977294922,7.97632360458374,25.109010696411133
30.0,2025-01-15 00:21:02.476083,0.0,,,,,7.312995910644531,7.422369480133057,0.0,58.6077880859375,58.71732711791992,7.288270950317383,24.421031951904297
31.0,2025-01-15 00:21:13.720181,0.0,,,,,7.276011943817139,7.375854969024658,0.0,58.570777893066406,58.670814514160156,6.666476249694824,23.799293518066406
32.0,2025-01-15 00:21:25.063099,0.0,,,,,7.238361835479736,7.330005645751953,0.0,58.53310012817383,58.62496566772461,6.109631061553955,23.242507934570312
33.0,2025-01-15 00:21:36.286469,0.0,,,,,7.200115203857422,7.284753322601318,0.0,58.49483108520508,58.579715728759766,5.615607738494873,22.7485408782959
34.0,2025-01-15 00:21:46.849765,0.0,,,,,7.161339282989502,7.240029811859131,0.0,58.456031799316406,58.53499221801758,5.181454658508301,22.314430236816406
35.0,2025-01-15 00:21:57.821690,0.0,,,,,7.122098922729492,7.195771217346191,0.0,58.416770935058594,58.4907341003418,4.803483486175537,21.936500549316406
36.0,2025-01-15 00:22:08.553299,0.0,,,,,7.08245325088501,7.151917934417725,0.0,58.377105712890625,58.44688034057617,4.477420330047607,21.610469818115234
37.0,2025-01-15 00:22:19.375121,0.0,,,,,7.042458534240723,7.108413219451904,0.0,58.33739471435547,58.40339279174805,6.071305274963379,17.52176284790039
38.0,2025-01-15 00:22:30.262595,0.0,,,,,7.019024848937988,7.076038837432861,0.0,58.313941955566406,58.40339279174805,5.325352668762207,16.77589988708496
39.0,2025-01-15 00:22:40.994332,0.0,,,,,6.9947919845581055,7.044463157653809,0.0,58.28968811035156,58.33944320678711,4.671858787536621,16.122488021850586
40.0,2025-01-15 00:22:50.679597,0.0,,,,,6.969859600067139,7.01358699798584,0.0,58.26473617553711,58.30856704711914,4.110006809234619,15.560708045959473
41.0,2025-01-15 00:23:00.916344,0.0,,,,,6.944324970245361,6.983313083648682,0.0,58.23918533325195,58.27829360961914,3.6365807056427,15.087340354919434
42.0,2025-01-15 00:23:11.326293,0.0,,,,,6.918283462524414,6.953546047210693,0.0,58.21312713623047,58.24852752685547,3.245823383331299,14.696635246276855
43.0,2025-01-15 00:23:21.562202,0.0,,,,,6.8918232917785645,6.924197196960449,0.0,58.21312713623047,58.24852752685547,2.9298198223114014,14.380677223205566
44.0,2025-01-15 00:23:32.793144,0.0,,,,,6.865025043487549,6.8951873779296875,0.0,58.159847259521484,58.19017028808594,2.6791648864746094,14.130040168762207
45.0,2025-01-15 00:23:43.367846,0.0,,,,,6.837957859039307,6.866445541381836,0.0,58.132774353027344,58.16143035888672,2.4837934970855713,13.934700965881348
46.0,2025-01-15 00:23:53.551425,0.0,,,,,6.8106818199157715,6.837913513183594,0.0,58.105491638183594,58.132896423339844,2.3338258266448975,13.784756660461426
47.0,2025-01-15 00:24:04.524215,0.0,,,,,6.783245086669922,6.809541702270508,0.0,58.07804870605469,58.10452651977539,2.2201759815216064,13.671120643615723
48.0,2025-01-15 00:24:15.636262,0.0,,,,,6.755686283111572,6.781291484832764,0.0,58.05048751831055,58.07627487182617,2.1349430084228516,13.585896492004395
49.0,2025-01-15 00:24:27.485542,0.0,,,,,6.728036403656006,6.7531328201293945,0.0,58.022037506103516,58.048091888427734,-0.9425497055053711,19.833415985107422
50.0,2025-01-15 00:24:38.186221,0.0,,,,,6.67271614074707,6.707205295562744,0.0,57.96681213378906,58.00216293334961,0.12984579801559448,20.905689239501953
51.0,2025-01-15 00:24:49.232759,0.0,,,,,6.618544101715088,6.660129547119141,0.0,57.91270446777344,57.95508575439453,0.856661856174469,21.632421493530273
52.0,2025-01-15 00:24:59.796163,0.0,,,,,6.565150260925293,6.612275123596191,0.0,57.85935592651367,57.907230377197266,1.3864173889160156,22.16212272644043
53.0,2025-01-15 00:25:10.203976,0.0,,,,,6.51232385635376,6.5638532638549805,0.0,57.80656051635742,57.85880661010742,1.7881872653961182,22.5638427734375
54.0,2025-01-15 00:25:20.851206,0.0,,,,,6.459928035736084,6.515000820159912,0.0,57.75419235229492,57.80995559692383,2.1004650592803955,22.876089096069336
55.0,2025-01-15 00:25:31.255088,0.0,,,,,6.407866954803467,6.465814113616943,0.0,57.7021484375,57.76076889038086,2.347252130508423,23.12285041809082
56.0,2025-01-15 00:25:42.106577,0.0,,,,,6.356069564819336,6.41636323928833,0.0,57.650367736816406,57.7113151550293,2.544631242752075,23.32021141052246
57.0,2025-01-15 00:25:53.030280,0.0,,,,,6.304483890533447,6.366701126098633,0.0,57.598793029785156,57.661651611328125,2.7038934230804443,23.479454040527344
58.0,2025-01-15 00:26:03.767397,0.0,,,,,6.253068923950195,6.316867828369141,0.0,57.54738998413086,57.611820220947266,2.833261251449585,23.608806610107422
59.0,2025-01-15 00:26:14.226191,0.0,,,,,6.201792240142822,6.2668962478637695,0.0,57.49612045288086,57.56184768676758,2.9388883113861084,23.71442222595215
60.0,2025-01-15 00:26:24.461666,0.0,,,,,6.150628566741943,6.216811656951904,0.0,57.44496154785156,57.51176452636719,3.025491714477539,23.801023483276367
61.0,2025-01-15 00:26:34.588790,0.0,,,,,6.099557876586914,6.166634559631348,0.0,57.39236831665039,57.46154022216797,-0.7077112197875977,31.82663917541504
62.0,2025-01-15 00:26:45.531788,0.0,,,,,6.0137529373168945,6.093893051147461,0.0,57.30669403076172,57.3887939453125,0.2761888802051544,32.810447692871094
63.0,2025-01-15 00:26:56.066111,0.0,,,,,5.929001808166504,6.020097732543945,0.0,57.22203826904297,57.314998626708984,1.0480610132217407,33.582252502441406
64.0,2025-01-15 00:27:06.841012,0.0,,,,,5.845077037811279,5.945476055145264,1.0,57.41704177856445,57.240440368652344,444.8775329589844,4.8536763191223145
65.0,2025-01-15 00:27:17.566091,0.0,,,,,6.236512184143066,5.901627540588379,1.0,57.77080535888672,57.19661331176758,413.33502197265625,-10.123838424682617
66.0,2025-01-15 00:27:28.371365,0.0,,,,,6.59416389465332,5.873825550079346,1.0,58.10145950317383,57.168819427490234,389.3013610839844,-19.64613914489746
67.0,2025-01-15 00:27:39.247372,0.0,,,,,6.926074981689453,5.856224060058594,1.0,58.4112434387207,57.151222229003906,368.53076171875,-26.936832427978516
68.0,2025-01-15 00:27:50.413231,0.0,,,,,7.235739231109619,5.846431732177734,1.0,58.70204162597656,57.14142990112305,349.9228515625,-32.891204833984375
69.0,2025-01-15 00:28:00.284278,0.0,,,,,7.5254740715026855,5.843017578125,1.0,58.80179977416992,57.13801574707031,-67.35612487792969,-34.8108024597168
70.0,2025-01-15 00:28:11.360560,0.0,,,,,7.368285655975342,5.841659069061279,0.0,58.645633697509766,57.13665771484375,-64.4537582397461,-31.9086971282959
71.0,2025-01-15 00:28:22.144027,0.0,,,,,7.214206218719482,5.837192535400391,0.0,58.492557525634766,57.1321907043457,-61.53556823730469,-28.99077796936035
72.0,2025-01-15 00:28:32.876928,0.0,,,,,7.063251972198486,5.8296003341674805,0.0,58.34258270263672,57.12459945678711,-58.59862518310547,-26.054126739501953
73.0,2025-01-15 00:28:44.001196,0.0,,,,,6.915443420410156,5.818862438201904,0.0,58.195072174072266,57.11385726928711,-56.17808532714844,-21.974489212036133
74.0,2025-01-15 00:28:54.509969,0.0,,,,,6.765889644622803,5.801784038543701,0.0,58.04648971557617,57.09677505493164,-53.150360107421875,-18.94710922241211
75.0,2025-01-15 00:29:05.623253,0.0,,,,,6.619578838348389,5.7814621925354,0.0,57.90113067626953,57.07645034790039,-50.08683776855469,-15.883952140808105
76.0,2025-01-15 00:29:16.165510,0.0,,,,,6.4765496253967285,5.757859706878662,0.0,57.75904083251953,57.0528450012207,-46.97932434082031,-12.776845932006836
77.0,2025-01-15 00:29:27.179315,0.0,,,,,6.336848258972168,5.730928421020508,0.0,57.62025833129883,57.025909423828125,-43.816993713378906,-9.614980697631836
78.0,2025-01-15 00:29:37.516953,0.0,,,,,6.200533866882324,5.700610637664795,0.0,57.4848518371582,56.99558639526367,-40.58489227294922,-6.383435249328613
79.0,2025-01-15 00:29:47.684353,0.0,,,,,6.067681312561035,5.666831016540527,0.0,57.35289764404297,56.9618034362793,-37.26152038574219,-3.0608012676239014
80.0,2025-01-15 00:29:58.389359,0.0,,,,,5.938387870788574,5.629491806030273,0.0,57.22449493408203,56.92445755004883,-33.814064025878906,0.3839890658855438
81.0,2025-01-15 00:30:09.144226,0.0,,,,,5.8127875328063965,5.5884599685668945,0.0,57.369991302490234,56.88343811035156,434.2666015625,-6.295160293579102
82.0,2025-01-15 00:30:20.588064,0.0,,,,,6.188520431518555,5.554586887359619,1.0,57.71446990966797,56.84957504272461,407.54443359375,-16.891075134277344
83.0,2025-01-15 00:30:31.580359,0.0,,,,,6.535632610321045,5.532063007354736,1.0,58.03697967529297,56.827056884765625,385.3157653808594,-24.777320861816406
84.0,2025-01-15 00:30:42.787463,0.0,,,,,6.8589372634887695,5.517986297607422,1.0,58.339717864990234,56.812984466552734,365.77752685546875,-31.14238739013672
85.0,2025-01-15 00:30:53.879921,0.0,,,,,7.161315441131592,5.510727882385254,1.0,58.6072883605957,56.80570983886719,344.0084533691406,-26.02973175048828
86.0,2025-01-15 00:31:04.827430,0.0,,,,,7.400546073913574,5.479891777038574,0.0,58.666954040527344,56.77487564086914,-77.0551528930664,-27.611221313476562
87.0,2025-01-15 00:31:15.699343,0.0,,,,,7.18880033493042,5.450750350952148,0.0,58.456581115722656,56.7457275390625,-73.85041046142578,-24.406797409057617
88.0,2025-01-15 00:31:26.270691,0.0,,,,,6.980486869812012,5.41817569732666,0.0,58.2496223449707,56.71315002441406,-70.61565399169922,-21.172393798828125
89.0,2025-01-15 00:31:36.892281,0.0,,,,,6.775638103485107,5.382137298583984,0.0,58.046112060546875,56.67710494995117,-67.3458480834961,-17.902956008911133
90.0,2025-01-15 00:31:47.255011,0.0,,,,,6.574291229248047,5.342596054077148,0.0,57.84608459472656,56.6375617980957,-64.0347900390625,-14.59230899810791
91.0,2025-01-15 00:31:57.946170,0.0,,,,,6.376491069793701,5.299509048461914,0.0,57.649593353271484,56.59446716308594,-60.67467498779297,-11.23265552520752
92.0,2025-01-15 00:32:09.228940,0.0,,,,,6.1822896003723145,5.2528228759765625,0.0,57.45668411254883,56.54777526855469,-57.25528335571289,-7.8138108253479
93.0,2025-01-15 00:32:20.276118,0.0,,,,,5.991750240325928,5.202474594116211,0.0,57.267425537109375,56.49742126464844,-53.763484954833984,-4.3227009773254395
94.0,2025-01-15 00:32:31.223881,0.0,,,,,5.804950714111328,5.148386478424072,0.0,57.329410552978516,56.443336486816406,419.9647521972656,-7.257680892944336
95.0,2025-01-15 00:32:42.055391,0.0,,,,,6.125533580780029,5.097442626953125,1.0,57.62598419189453,56.39240646362305,398.21630859375,-15.121803283691406
96.0,2025-01-15 00:32:52.545331,0.0,,,,,6.422823429107666,5.054922580718994,1.0,57.90326690673828,56.34989547729492,379.178955078125,-21.492843627929688
97.0,2025-01-15 00:33:03.665781,0.0,,,,,6.699723243713379,5.019227027893066,1.0,58.162776947021484,56.314208984375,362.3424072265625,-26.492773056030273
98.0,2025-01-15 00:33:14.010814,0.0,,,,,6.957167625427246,4.988240718841553,1.0,58.40562057495117,56.283226013183594,347.1446533203125,-31.12360382080078
99.0,2025-01-15 00:33:24.848617,0.0,,,,,7.198334217071533,4.962214469909668,1.0,58.633888244628906,56.257205963134766,333.15228271484375,-35.183380126953125
100.0,2025-01-15 00:33:35.227960,0.0,,,,,7.4245147705078125,4.940536975860596,1.0,58.686546325683594,56.23552703857422,-86.32093048095703,-36.33186340332031
101.0,2025-01-15 00:33:45.672989,0.0,,,,,7.201422214508057,4.9200897216796875,0.0,58.46489715576172,56.2150764465332,-83.17305755615234,-33.18427276611328
102.0,2025-01-15 00:33:56.229041,0.0,,,,,6.981701374053955,4.896270751953125,0.0,58.24659729003906,56.191253662109375,-80.00469207763672,-30.01620101928711
103.0,2025-01-15 00:34:06.101272,0.0,,,,,6.765373706817627,4.869058132171631,0.0,58.03166961669922,56.164039611816406,-76.8128662109375,-26.824674606323242
104.0,2025-01-15 00:34:16.930171,0.0,,,,,6.552464485168457,4.838427543640137,0.0,57.82014465332031,56.13340377807617,-73.59403228759766,-23.606155395507812
105.0,2025-01-15 00:34:27.870756,0.0,,,,,6.343003273010254,4.804348945617676,0.0,57.61204528808594,56.09931945800781,-70.34388732910156,-20.356374740600586
106.0,2025-01-15 00:34:38.631870,0.0,,,,,6.137022495269775,4.766789436340332,0.0,57.407413482666016,56.0617561340332,-67.05720520019531,-17.070070266723633
107.0,2025-01-15 00:34:49.568644,0.0,,,,,5.9345622062683105,4.725709915161133,0.0,57.20628356933594,56.02067184448242,-63.727447509765625,-13.740736961364746
108.0,2025-01-15 00:35:00.193605,0.0,,,,,5.735668659210205,4.681064128875732,0.0,57.25349426269531,55.97602844238281,414.5555114746094,-15.675056457519531
109.0,2025-01-15 00:35:10.652450,0.0,,,,,6.04903507232666,4.638490200042725,1.0,57.56052017211914,55.93348693847656,397.532958984375,-30.869762420654297
110.0,2025-01-15 00:35:21.436296,0.0,,,,,6.376961708068848,4.62709379196167,1.0,57.867122650146484,55.92209243774414,377.726318359375,-36.51833724975586
111.0,2025-01-15 00:35:32.499341,0.0,,,,,6.683674335479736,4.6217474937438965,1.0,58.15592575073242,55.916748046875,360.3030090332031,-41.375064849853516
112.0,2025-01-15 00:35:43.509789,0.0,,,,,6.971725940704346,4.621603488922119,1.0,58.15592575073242,55.916748046875,344.2169494628906,-45.616004943847656
113.0,2025-01-15 00:35:54.446183,0.0,,,,,7.24254846572876,4.626001834869385,1.0,58.68490219116211,55.92100524902344,329.3007507324219,-49.360103607177734
114.0,2025-01-15 00:36:05.772191,0.0,,,,,7.4973955154418945,4.634410858154297,1.0,58.76387405395508,55.929412841796875,-87.82262420654297,-50.378509521484375
115.0,2025-01-15 00:36:16.642358,0.0,,,,,7.305485725402832,4.643910884857178,0.0,58.57321548461914,55.93891143798828,-84.9018325805664,-47.457923889160156
116.0,2025-01-15 00:36:27.672062,0.0,,,,,7.116704940795898,4.650282382965088,0.0,58.38566589355469,55.945281982421875,-81.97289276123047,-44.52922058105469
117.0,2025-01-15 00:36:38.717231,0.0,,,,,6.931060791015625,4.65351676940918,0.0,58.201229095458984,55.948516845703125,-79.0345458984375,-41.59110641479492
118.0,2025-01-15 00:36:49.207082,0.0,,,,,6.748563766479492,4.653604030609131,0.0,58.01991653442383,55.948604583740234,-76.08528137207031,-38.6420783996582
119.0,2025-01-15 00:37:00.092698,0.0,,,,,6.569225311279297,4.6505327224731445,0.0,57.84174346923828,55.94552993774414,-73.12336730957031,-35.680416107177734
120.0,2025-01-15 00:37:11.238834,0.0,,,,,6.393059253692627,4.644289016723633,0.0,57.66672134399414,55.93928527832031,-70.14675903320312,-32.704063415527344
121.0,2025-01-15 00:37:22.636522,0.0,,,,,6.220081329345703,4.634857177734375,0.0,57.4981575012207,55.92985916137695,-64.71116638183594,-34.77523422241211
122.0,2025-01-15 00:37:33.476299,0.0,,,,,6.072546005249023,4.636560440063477,0.0,57.351585388183594,55.93156051635742,-61.853519439697266,-31.917848587036133
123.0,2025-01-15 00:37:44.052107,0.0,,,,,5.92807149887085,4.635202407836914,0.0,57.20804977416992,55.93020248413086,-58.98138427734375,-29.045984268188477
124.0,2025-01-15 00:37:54.666734,0.0,,,,,5.786673069000244,4.630768775939941,1.0,57.32604217529297,55.9257698059082,415.35882568359375,-31.52703285217285
125.0,2025-01-15 00:38:04.656981,0.0,,,,,6.153312683105469,4.628992557525635,1.0,57.66718292236328,55.92399215698242,392.9258117675781,-37.99003601074219
126.0,2025-01-15 00:38:15.434856,0.0,,,,,6.495925426483154,4.634139060974121,1.0,57.988277435302734,55.929141998291016,373.03692626953125,-43.44253158569336
127.0,2025-01-15 00:38:26.263320,0.0,,,,,6.817236423492432,4.645125865936279,1.0,58.29111862182617,55.94013214111328,355.15606689453125,-48.14590835571289
128.0,2025-01-15 00:38:37.455875,0.0,,,,,7.119396209716797,4.6611504554748535,1.0,58.57693099975586,55.95616149902344,338.60601806640625,-52.259559631347656
129.0,2025-01-15 00:38:50.286336,0.0,,,,,7.403830051422119,4.681581497192383,1.0,58.675010681152344,55.976593017578125,-83.3443374633789,-53.40694808959961
130.0,2025-01-15 00:39:03.649352,0.0,,,,,7.236337661743164,4.703241348266602,0.0,58.508628845214844,55.99824905395508,-80.53812408447266,-50.60093688964844
131.0,2025-01-15 00:39:17.060569,0.0,,,,,7.0718512535095215,4.721895694732666,0.0,58.3452262878418,56.016902923583984,-77.72755432128906,-47.79058074951172
132.0,2025-01-15 00:39:30.096177,0.0,,,,,6.910374641418457,4.737539768218994,0.0,58.184810638427734,56.03254318237305,-74.91167449951172,-44.97490310668945
133.0,2025-01-15 00:39:43.293069,0.0,,,,,6.7519145011901855,4.7501678466796875,0.0,58.025726318359375,56.045169830322266,-73.27277374267578,-39.70415496826172
134.0,2025-01-15 00:39:59.212249,0.0,,,,,6.5857157707214355,4.752836227416992,0.0,57.86061096191406,56.04783630371094,-70.37540435791016,-36.807029724121094
135.0,2025-01-15 00:40:14.191018,0.0,,,,,6.4226202964782715,4.752401351928711,0.0,57.69857406616211,56.047401428222656,-67.4656753540039,-33.897560119628906
136.0,2025-01-15 00:40:28.835714,0.0,,,,,6.262640953063965,4.748850345611572,0.0,57.539634704589844,56.04384994506836,-64.54142761230469,-30.97356605529785
137.0,2025-01-15 00:40:44.150101,0.0,,,,,6.1057939529418945,4.742166996002197,0.0,57.38380432128906,56.03716278076172,-61.60001754760742,-28.032438278198242
138.0,2025-01-15 00:40:59.926139,0.0,,,,,5.952096939086914,4.732333183288574,0.0,57.23110580444336,56.02732849121094,-58.63827133178711,-25.070980072021484
139.0,2025-01-15 00:41:15.601179,0.0,,,,,5.801572322845459,4.719327449798584,0.0,57.336952209472656,56.01432418823242,415.1981506347656,-27.54509925842285
140.0,2025-01-15 00:41:31.030927,0.0,,,,,6.158546447753906,4.708971977233887,1.0,57.668941497802734,56.003971099853516,393.05078125,-34.15089416503906
141.0,2025-01-15 00:41:46.109239,0.0,,,,,6.491799354553223,4.705691814422607,1.0,57.981143951416016,56.00069046020508,373.4554748535156,-39.70234680175781
142.0,2025-01-15 00:42:00.878916,0.0,,,,,6.804064750671387,4.708358287811279,1.0,57.981143951416016,56.00069046020508,355.8744201660156,-44.480594635009766
143.0,2025-01-15 00:42:14.663343,0.0,,,,,7.097500324249268,4.716142654418945,1.0,58.55286407470703,56.011146545410156,339.6260986328125,-48.65463638305664
144.0,2025-01-15 00:42:28.410365,0.0,,,,,7.373533248901367,4.728398323059082,0.0,58.64336013793945,56.02340316772461,-83.39624786376953,-49.82684326171875
145.0,2025-01-15 00:42:41.702097,0.0,,,,,7.196491718292236,4.741909027099609,0.0,58.469383239746094,56.03691482543945,-79.24951171875,-49.60536193847656
146.0,2025-01-15 00:42:55.427367,0.0,,,,,7.034151077270508,4.75984525680542,0.0,58.30811309814453,56.05485153198242,-76.44171905517578,-46.797786712646484
147.0,2025-01-15 00:43:08.874556,0.0,,,,,6.874817848205566,4.774773597717285,0.0,58.14982986450195,56.06977844238281,-73.62837982177734,-43.98466110229492
148.0,2025-01-15 00:43:22.998893,0.0,,,,,6.718497276306152,4.786689281463623,0.0,57.99453353881836,56.08169174194336,-70.8083267211914,-41.164833068847656
149.0,2025-01-15 00:43:36.638523,0.0,,,,,6.565197467803955,4.795584201812744,0.0,57.99453353881836,56.08169174194336,-67.98023986816406,-38.33697509765625
150.0,2025-01-15 00:43:50.305350,0.0,,,,,6.414926528930664,4.801450252532959,0.0,57.69294738769531,56.09645080566406,-65.14253234863281,-35.499515533447266
151.0,2025-01-15 00:44:04.504391,0.0,,,,,6.26769495010376,4.804277420043945,0.0,57.54667663574219,56.09927749633789,-62.29334259033203,-32.65057373046875
152.0,2025-01-15 00:44:18.644247,0.0,,,,,6.1235151290893555,4.804052352905273,0.0,57.54667663574219,56.09927749633789,-59.43043899536133,-29.787939071655273
153.0,2025-01-15 00:44:33.141446,0.0,,,,,5.982401371002197,4.8007612228393555,0.0,57.26323699951172,56.095760345458984,-56.55113220214844,-26.90890884399414
154.0,2025-01-15 00:44:47.110957,0.0,,,,,5.844371795654297,4.794386386871338,0.0,57.38352584838867,56.089385986328125,414.9106140136719,-29.577472686767578
155.0,2025-01-15 00:45:00.727206,0.0,,,,,6.211296558380127,4.79086971282959,1.0,57.724693298339844,56.08586883544922,392.2312927246094,-36.285640716552734
156.0,2025-01-15 00:45:15.267273,0.0,,,,,6.55393123626709,4.794538497924805,1.0,58.04584884643555,56.089542388916016,372.3592529296875,-41.9083366394043
157.0,2025-01-15 00:45:29.639352,0.0,,,,,6.875282287597656,4.804230213165283,1.0,58.35179138183594,56.099239349365234,355.06396484375,-48.57564163208008
158.0,2025-01-15 00:45:43.414484,0.0,,,,,7.185125827789307,4.824251651763916,1.0,58.644752502441406,56.119266510009766,338.0779724121094,-52.814231872558594
159.0,2025-01-15 00:45:56.801447,0.0,,,,,7.476777076721191,4.848813533782959,0.0,58.74993896484375,56.143829345703125,-80.98529052734375,-54.02546310424805
160.0,2025-01-15 00:46:10.852961,0.0,,,,,7.319593906402588,4.8746724128723145,0.0,58.74993896484375,56.143829345703125,-78.22541809082031,-51.265785217285156
161.0,2025-01-15 00:46:24.949178,0.0,,,,,7.1653666496276855,4.897575378417969,0.0,58.44060134887695,56.19258499145508,-75.46253204345703,-48.503108978271484
162.0,2025-01-15 00:46:39.387504,0.0,,,,,7.01409912109375,4.917519569396973,0.0,58.29033279418945,56.2125244140625,-72.69579315185547,-45.73657989501953
163.0,2025-01-15 00:46:52.893825,0.0,,,,,6.8657941818237305,4.934500217437744,0.0,58.143009185791016,56.2295036315918,-69.92424011230469,-42.96524429321289
164.0,2025-01-15 00:47:06.429378,0.0,,,,,6.720458030700684,4.948512554168701,0.0,57.99863052368164,56.24351501464844,-67.14674377441406,-40.187965393066406
165.0,2025-01-15 00:47:20.025451,0.0,,,,,6.578096866607666,4.959549903869629,0.0,57.857200622558594,56.25455093383789,-64.36197662353516,-37.403438568115234
166.0,2025-01-15 00:47:33.240510,0.0,,,,,6.438718318939209,4.967604637145996,0.0,57.71873474121094,56.262603759765625,-61.5683708190918,-34.61006546020508
167.0,2025-01-15 00:47:46.519668,0.0,,,,,6.302331447601318,4.972667217254639,0.0,57.71873474121094,56.262603759765625,-58.76405715942383,-31.80600357055664
168.0,2025-01-15 00:47:59.697188,0.0,,,,,6.168948173522949,4.97472620010376,0.0,57.45072937011719,56.26972579956055,-55.946773529052734,-28.98897933959961
169.0,2025-01-15 00:48:12.991756,0.0,,,,,6.0385823249816895,4.97376823425293,0.0,57.31901168823242,56.26876449584961,-54.99927520751953,-22.240331649780273
170.0,2025-01-15 00:48:27.132502,0.0,,,,,5.894067287445068,4.958690166473389,0.0,57.175437927246094,56.25368118286133,-52.0003662109375,-19.241756439208984
171.0,2025-01-15 00:48:41.336135,0.0,,,,,5.7527642250061035,4.940400123596191,0.0,57.297935485839844,56.23539352416992,422.86004638671875,-22.518077850341797
172.0,2025-01-15 00:48:54.824272,0.0,,,,,6.12005615234375,4.925619602203369,1.0,57.297935485839844,56.23539352416992,399.4512023925781,-29.990642547607422
173.0,2025-01-15 00:49:09.029402,0.0,,,,,6.462276458740234,4.918842792510986,1.0,57.95808410644531,56.213844299316406,378.8427429199219,-36.1268310546875
174.0,2025-01-15 00:49:23.291977,0.0,,,,,6.782423973083496,4.918639183044434,1.0,57.95808410644531,56.213844299316406,360.5339050292969,-41.334293365478516
175.0,2025-01-15 00:49:37.467970,0.0,,,,,7.0829620361328125,4.924013614654541,1.0,58.54294967651367,56.219017028808594,343.680908203125,-45.83956527709961
176.0,2025-01-15 00:49:51.453849,0.0,,,,,7.365449905395508,4.934213161468506,1.0,58.54294967651367,56.219017028808594,-79.90792846679688,-47.14677047729492
177.0,2025-01-15 00:50:04.769308,0.0,,,,,7.19425630569458,4.9458136558532715,0.0,58.46690368652344,56.240814208984375,-77.04683685302734,-44.28589630126953
178.0,2025-01-15 00:50:17.777229,0.0,,,,,7.026127338409424,4.954349040985107,0.0,58.29987335205078,56.249351501464844,-74.17793273925781,-41.41721725463867
179.0,2025-01-15 00:50:31.307225,0.0,,,,,6.8610711097717285,4.959812164306641,0.0,58.135894775390625,56.25481414794922,-71.29977416992188,-38.53929901123047
180.0,2025-01-15 00:50:45.206530,0.0,,,,,6.699097633361816,4.962192535400391,0.0,57.9749755859375,56.25719451904297,-68.41072845458984,-35.65050506591797
181.0,2025-01-15 00:50:58.725241,0.0,,,,,6.540218353271484,4.9614787101745605,0.0,57.9749755859375,56.25719451904297,-64.0793685913086,-35.71013259887695
182.0,2025-01-15 00:51:11.846356,0.0,,,,,6.397454738616943,4.966043949127197,0.0,57.67715835571289,56.261043548583984,-61.25376510620117,-32.88478088378906
183.0,2025-01-15 00:51:24.293168,0.0,,,,,6.257717609405518,4.967583179473877,0.0,57.538333892822266,56.2625846862793,-58.41532897949219,-30.046602249145508
184.0,2025-01-15 00:51:37.749368,0.0,,,,,6.121020317077637,4.9660820960998535,0.0,57.538333892822266,56.2625846862793,-55.56144714355469,-27.1929988861084
185.0,2025-01-15 00:51:51.408179,0.0,,,,,5.987380027770996,4.96152400970459,0.0,57.40252685546875,56.26108169555664,-52.68886947631836,-24.32069969177246
186.0,2025-01-15 00:52:05.561306,0.0,,,,,5.856816291809082,4.953889846801758,0.0,57.269752502441406,56.25652313232422,417.55926513671875,-27.412330627441406
187.0,2025-01-15 00:52:20.134248,0.0,,,,,6.229907512664795,4.949566841125488,1.0,57.746761322021484,56.24456787109375,394.19635009765625,-34.561431884765625
188.0,2025-01-15 00:52:34.049088,0.0,,,,,6.577976226806641,4.952901840209961,1.0,58.07272720336914,56.24790573120117,373.8882751464844,-40.48369598388672
189.0,2025-01-15 00:52:48.167624,0.0,,,,,6.904294013977051,4.96258020401001,1.0,58.07272720336914,56.24790573120117,355.4745178222656,-45.53019714355469
190.0,2025-01-15 00:53:04.099420,0.0,,,,,6.904294013977051,4.997435569763184,1.0,58.669681549072266,56.272674560546875,355.4745178222656,-45.53019714355469
191.0,2025-01-15 00:53:19.246301,0.0,,,,,6.904294013977051,5.021321773529053,1.0,58.669681549072266,56.272674560546875,338.4903869628906,-49.906494140625
192.0,2025-01-15 00:53:37.213994,0.0,,,,,6.904294013977051,5.0488505363464355,1.0,58.943153381347656,56.292449951171875,322.74951171875,-53.747825622558594
193.0,2025-01-15 00:53:54.264299,0.0,,,,,6.904294013977051,5.0488505363464355,1.0,59.20140838623047,56.31633758544922,308.11151123046875,-57.14860916137695
194.0,2025-01-15 00:54:09.742577,0.0,,,,,6.904294013977051,5.078601360321045,1.0,59.444862365722656,56.343868255615234,294.3177185058594,-59.81529998779297
195.0,2025-01-15 00:54:24.634409,0.0,,,,,6.904294013977051,5.109245300292969,0.0,59.36514663696289,56.40426254272461,-86.77029418945312,-57.8656120300293
196.0,2025-01-15 00:54:37.767104,0.0,,,,,6.904294013977051,5.161586761474609,0.0,59.19780731201172,56.431922912597656,-86.77029418945312,-57.8656120300293
197.0,2025-01-15 00:54:52.727243,0.0,,,,,6.904294013977051,5.183279037475586,0.0,59.19780731201172,56.431922912597656,-86.77029418945312,-55.08000183105469
198.0,2025-01-15 00:55:07.602166,0.0,,,,,6.904294013977051,5.183279037475586,0.0,59.033424377441406,56.45659637451172,-81.19593811035156,-52.2916374206543
199.0,2025-01-15 00:55:23.098264,0.0,,,,,6.904294013977051,5.201981067657471,0.0,58.87200927734375,56.47828674316406,-78.40389251708984,-46.703651428222656
200.0,2025-01-15 00:55:36.676225,0.0,,,,,6.904294013977051,5.217687606811523,0.0,58.55808639526367,56.512691497802734,-72.80586242675781,-43.9022102355957
201.0,2025-01-15 00:55:51.609561,0.0,,,,,6.904294013977051,5.240092754364014,0.0,58.40559005737305,56.52539825439453,-69.99778747558594,-43.9022102355957
202.0,2025-01-15 00:56:06.754196,0.0,,,,,6.904294013977051,5.246775150299072,0.0,58.25607681274414,56.53509521484375,-69.99778747558594,-41.09435272216797
203.0,2025-01-15 00:56:21.769832,0.0,,,,,6.904294013977051,5.246775150299072,0.0,58.25607681274414,56.53509521484375,-67.18196868896484,-38.27876281738281
204.0,2025-01-15 00:56:37.274546,0.0,,,,,6.904294013977051,5.250432014465332,0.0,58.109561920166016,56.54177474975586,-64.35685729980469,-35.45389938354492
205.0,2025-01-15 00:56:52.362346,0.0,,,,,6.904294013977051,5.251051425933838,0.0,57.82262420654297,56.54604721069336,-60.986671447753906,-24.96074104309082
206.0,2025-01-15 00:57:05.161163,0.0,,,,,6.904294013977051,5.215718746185303,0.0,57.66419219970703,56.529998779296875,-57.95729446411133,-21.931684494018555
207.0,2025-01-15 00:57:17.354524,0.0,,,,,6.904294013977051,5.19315242767334,0.0,57.50898742675781,56.51070785522461,-57.95729446411133,-21.931684494018555
208.0,2025-01-15 00:57:30.490705,0.0,,,,,6.904294013977051,5.167270183563232,0.0,57.50898742675781,56.51070785522461,-54.89751434326172,-18.872241973876953
209.0,2025-01-15 00:57:44.526844,0.0,,,,,6.904294013977051,5.167270183563232,0.0,57.35704040527344,56.48814010620117,-51.80097579956055,-15.776076316833496
210.0,2025-01-15 00:57:57.853752,0.0,,,,,6.904294013977051,5.144697189331055,1.0,57.46025085449219,56.46226119995117,415.64813232421875,-18.865541458129883
211.0,2025-01-15 00:58:09.962218,0.0,,,,,6.904294013977051,5.1301751136779785,1.0,58.09152603149414,56.425174713134766,373.3590393066406,-32.53782272338867
212.0,2025-01-15 00:58:22.415281,0.0,,,,,6.904294013977051,5.119902610778809,1.0,58.379188537597656,56.4172477722168,355.6296691894531,-37.750205993652344
213.0,2025-01-15 00:58:35.049258,0.0,,,,,6.904294013977051,5.122382164001465,1.0,58.650054931640625,56.41490173339844,355.6296691894531,-37.750205993652344
214.0,2025-01-15 00:58:48.499208,0.0,,,,,6.904294013977051,5.129088401794434,1.0,58.650054931640625,56.41490173339844,339.3394470214844,-42.254249572753906
215.0,2025-01-15 00:59:01.276829,0.0,,,,,6.904294013977051,5.129088401794434,1.0,58.905303955078125,56.41738510131836,324.28662109375,-46.200477600097656
216.0,2025-01-15 00:59:14.971152,0.0,,,,,6.904294013977051,5.139534950256348,1.0,59.14598846435547,56.42409133911133,310.32244873046875,-49.69184494018555
217.0,2025-01-15 00:59:27.365165,0.0,,,,,6.904294013977051,5.151052951812744,0.0,59.0414924621582,56.44606018066406,-82.52730560302734,-50.46647262573242
218.0,2025-01-15 00:59:39.677983,0.0,,,,,6.904294013977051,5.179983615875244,0.0,58.870452880859375,56.46204376220703,-79.68427276611328,-47.6236457824707
219.0,2025-01-15 00:59:52.996059,0.0,,,,,6.904294013977051,5.18987512588501,0.0,58.70244216918945,56.4749870300293,-76.83504486083984,-47.6236457824707
220.0,2025-01-15 01:00:05.265840,0.0,,,,,6.904294013977051,5.196706771850586,0.0,58.70244216918945,56.4749870300293,-76.83504486083984,-44.77463912963867
221.0,2025-01-15 01:00:19.401784,0.0,,,,,6.904294013977051,5.196706771850586,0.0,58.53745651245117,56.4848747253418,-73.97846984863281,-41.918296813964844
222.0,2025-01-15 01:00:33.698134,0.0,,,,,6.904294013977051,5.200469970703125,0.0,58.375511169433594,56.49170684814453,-71.11320495605469,-39.05325698852539
223.0,2025-01-15 01:00:47.037123,0.0,,,,,6.904294013977051,5.20115327835083,0.0,58.216609954833984,56.4954719543457,-65.34996795654297,-33.29051971435547
224.0,2025-01-15 01:00:58.899010,0.0,,,,,6.904294013977051,5.1987433433532715,0.0,57.907997131347656,56.493743896484375,-62.44792556762695,-30.38873863220215
225.0,2025-01-15 01:01:11.286034,0.0,,,,,6.904294013977051,5.184581279754639,0.0,57.7583122253418,56.488224029541016,-59.52885055541992,-27.469945907592773
226.0,2025-01-15 01:01:23.914328,0.0,,,,,6.904294013977051,5.172788619995117,0.0,57.61173629760742,56.47957992553711,-59.52885055541992,-27.469945907592773
227.0,2025-01-15 01:01:36.794090,0.0,,,,,6.904294013977051,5.157822132110596,0.0,57.61173629760742,56.47957992553711,-56.5894775390625,-24.530860900878906
228.0,2025-01-15 01:01:49.712561,0.0,,,,,6.904294013977051,5.157822132110596,0.0,57.468284606933594,56.4677848815918,-53.625770568847656,-21.567472457885742
229.0,2025-01-15 01:02:03.474555,0.0,,,,,6.904294013977051,5.139649391174316,0.0,57.3279914855957,56.452816009521484,-50.632591247558594,-18.574623107910156
230.0,2025-01-15 01:02:16.008195,0.0,,,,,6.904294013977051,5.116814136505127,0.0,57.19061279296875,56.43463897705078,-44.748416900634766,-11.949334144592285
231.0,2025-01-15 01:02:27.601154,0.0,,,,,6.904294013977051,5.0611348152160645,0.0,56.921791076660156,56.38564682006836,-41.59461212158203,-8.79601001739502
232.0,2025-01-15 01:02:40.111149,0.0,,,,,6.904294013977051,5.037239074707031,1.0,57.07493209838867,56.35612106323242,441.7228698730469,-14.054156303405762
233.0,2025-01-15 01:02:52.848388,0.0,,,,,6.904294013977051,5.023256301879883,1.0,57.07493209838867,56.35612106323242,441.7228698730469,-14.054156303405762
234.0,2025-01-15 01:03:05.362010,0.0,,,,,6.904294013977051,5.023256301879883,1.0,57.431373596191406,56.33223342895508,415.78155517578125,-23.308757781982422
235.0,2025-01-15 01:03:19.030048,0.0,,,,,6.904294013977051,5.017014503479004,1.0,57.765140533447266,56.31825637817383,392.92962646484375,-30.535676956176758
236.0,2025-01-15 01:03:31.996865,0.0,,,,,6.904294013977051,5.017168045043945,1.0,58.079010009765625,56.312015533447266,373.1603088378906,-41.58699035644531
237.0,2025-01-15 01:03:43.732189,0.0,,,,,6.904294013977051,5.033076286315918,1.0,58.653076171875,56.31776809692383,338.6966857910156,-45.990631103515625
238.0,2025-01-15 01:03:56.661203,0.0,,,,,6.904294013977051,5.0475287437438965,1.0,58.91575241088867,56.32807922363281,323.4015197753906,-45.990631103515625
239.0,2025-01-15 01:04:09.098395,0.0,,,,,6.904294013977051,5.0631818771362305,1.0,58.91575241088867,56.32807922363281,323.4015197753906,-49.85600662231445
240.0,2025-01-15 01:04:22.184557,0.0,,,,,6.904294013977051,5.0631818771362305,0.0,59.00559616088867,56.342533111572266,-83.77949523925781,-50.97665786743164
241.0,2025-01-15 01:04:35.392765,0.0,,,,,6.904294013977051,5.075779438018799,0.0,58.831298828125,56.358184814453125,-80.92646789550781,-49.34334182739258
242.0,2025-01-15 01:04:47.404089,0.0,,,,,6.904294013977051,5.096872806549072,0.0,58.512481689453125,56.39188003540039,-73.33089447021484,-46.58149719238281
243.0,2025-01-15 01:04:59.221370,0.0,,,,,6.904294013977051,5.1301798820495605,0.0,58.36502456665039,56.410011291503906,-70.56442260742188,-43.815250396728516
244.0,2025-01-15 01:05:11.460374,0.0,,,,,6.904294013977051,5.142382621765137,0.0,58.22051239013672,56.4251823425293,-70.56442260742188,-43.815250396728516
245.0,2025-01-15 01:05:23.689007,0.0,,,,,6.904294013977051,5.142382621765137,0.0,58.22051239013672,56.4251823425293,-67.79248809814453,-41.04352569580078
246.0,2025-01-15 01:05:36.915166,0.0,,,,,6.904294013977051,5.151609897613525,0.0,58.078941345214844,56.43738555908203,-65.01380157470703,-38.26507568359375
247.0,2025-01-15 01:05:49.887135,0.0,,,,,6.904294013977051,5.1578521728515625,0.0,57.940330505371094,56.44660949707031,-59.43003463745117,-32.681793212890625
248.0,2025-01-15 01:06:01.737002,0.0,,,,,6.904294013977051,5.161336421966553,0.0,57.67200469970703,56.45610046386719,-56.62106704711914,-29.873085021972656
249.0,2025-01-15 01:06:14.248684,0.0,,,,,6.904294013977051,5.158550262451172,0.0,57.54231262207031,56.456336975097656,-53.79743194580078,-29.873085021972656
250.0,2025-01-15 01:06:26.927338,0.0,,,,,6.904294013977051,5.152720928192139,0.0,57.54231262207031,56.456336975097656,-53.79743194580078,-27.04971694946289
251.0,2025-01-15 01:06:39.972914,0.0,,,,,6.904294013977051,5.152720928192139,0.0,57.41563034057617,56.453548431396484,-50.95590591430664,-24.208477020263672
252.0,2025-01-15 01:06:52.759124,0.0,,,,,6.904294013977051,5.143824577331543,0.0,57.29196548461914,56.44771957397461,-48.0926399230957,-21.34551239013672
253.0,2025-01-15 01:07:04.930654,0.0,,,,,6.904294013977051,5.131833076477051,0.0,57.05510330200195,56.42683029174805,-40.92375564575195,-18.351118087768555
254.0,2025-01-15 01:07:16.863271,0.0,,,,,6.904294013977051,5.114511013031006,0.0,56.95295715332031,56.41968536376953,-38.09459686279297,-15.522298812866211
255.0,2025-01-15 01:07:28.577927,0.0,,,,,6.904294013977051,5.110525608062744,1.0,57.144405364990234,56.40951156616211,-38.09459686279297,-15.522298812866211
256.0,2025-01-15 01:07:40.937358,0.0,,,,,6.904294013977051,5.110525608062744,1.0,57.144405364990234,56.40951156616211,441.4496154785156,-21.30166244506836
257.0,2025-01-15 01:07:53.716315,0.0,,,,,6.904294013977051,5.11647891998291,1.0,57.52531051635742,56.40552520751953,414.33917236328125,-30.580236434936523
258.0,2025-01-15 01:08:06.268917,0.0,,,,,6.904294013977051,5.130194664001465,1.0,57.88282012939453,56.41148376464844,369.9640808105469,-43.80995178222656
259.0,2025-01-15 01:08:17.918086,0.0,,,,,6.904294013977051,5.150318622589111,1.0,58.5372314453125,56.44533157348633,351.0637512207031,-48.891178131103516
260.0,2025-01-15 01:08:30.595807,0.0,,,,,6.904294013977051,5.206160068511963,1.0,58.83692932128906,56.47090530395508,333.6277770996094,-53.286521911621094
261.0,2025-01-15 01:08:42.450230,0.0,,,,,6.904294013977051,5.2405571937561035,1.0,58.83692932128906,56.47090530395508,333.6277770996094,-53.286521911621094
262.0,2025-01-15 01:08:54.981121,0.0,,,,,6.904294013977051,5.2405571937561035,1.0,59.11993408203125,56.501182556152344,317.46478271484375,-57.135292053222656
263.0,2025-01-15 01:09:07.872211,0.0,,,,,6.904294013977051,5.276182174682617,0.0,59.23187255859375,56.53558349609375,-80.85762023925781,-58.281517028808594
264.0,2025-01-15 01:09:20.225411,0.0,,,,,6.904294013977051,5.308927059173584,0.0,59.0872688293457,56.571205139160156,-75.48008728027344,-52.90435791015625
265.0,2025-01-15 01:09:32.199844,0.0,,,,,6.904294013977051,5.355477333068848,0.0,58.80426788330078,56.6338005065918,-74.55158233642578,-46.581336975097656
266.0,2025-01-15 01:09:44.204119,0.0,,,,,6.904294013977051,5.369177341461182,0.0,58.652339935302734,56.650482177734375,-71.76488494873047,-46.581336975097656
267.0,2025-01-15 01:09:55.737355,0.0,,,,,6.904294013977051,5.379886150360107,0.0,58.652339935302734,56.650482177734375,-71.76488494873047,-43.79485321044922
268.0,2025-01-15 01:10:08.165426,0.0,,,,,6.904294013977051,5.379886150360107,0.0,58.50337600708008,56.664180755615234,-68.97213745117188,-41.00232696533203
269.0,2025-01-15 01:10:21.443301,0.0,,,,,6.904294013977051,5.387596130371094,0.0,58.35737991333008,56.674888610839844,-66.17203521728516,-35.39372634887695
270.0,2025-01-15 01:10:32.994240,0.0,,,,,6.904294013977051,5.392297267913818,0.0,58.07433319091797,56.68729782104492,-60.54338836669922,-32.57429504394531
271.0,2025-01-15 01:10:44.575355,0.0,,,,,6.904294013977051,5.3926262855529785,0.0,57.93730163574219,56.68898010253906,-57.71082305908203,-29.74199867248535
272.0,2025-01-15 01:10:56.475039,0.0,,,,,6.904294013977051,5.388223648071289,0.0,57.93730163574219,56.68898010253906,-57.71082305908203,-29.74199867248535
273.0,2025-01-15 01:11:09.147302,0.0,,,,,6.904294013977051,5.388223648071289,0.0,57.80328369140625,56.687625885009766,-54.86274719238281,-26.894193649291992
274.0,2025-01-15 01:11:22.291686,0.0,,,,,6.904294013977051,5.3807501792907715,0.0,57.67229080200195,56.683223724365234,-51.995826721191406,-21.13814353942871
275.0,2025-01-15 01:11:34.851594,0.0,,,,,6.904294013977051,5.370181560516357,0.0,57.419490814208984,56.66517639160156,-46.18833541870117,-18.22071075439453
276.0,2025-01-15 01:11:46.606840,0.0,,,,,6.904294013977051,5.339632511138916,0.0,57.297733306884766,56.65148162841797,-43.235843658447266,-15.26858139038086
277.0,2025-01-15 01:11:59.592706,0.0,,,,,6.904294013977051,5.319097518920898,0.0,57.179039001464844,56.63462448120117,-40.31941223144531,-15.26858139038086
278.0,2025-01-15 01:12:11.591937,0.0,,,,,6.904294013977051,5.304011821746826,0.0,57.179039001464844,56.63462448120117,-40.31941223144531,-12.106481552124023
279.0,2025-01-15 01:12:24.978100,0.0,,,,,6.904294013977051,5.304011821746826,1.0,57.336002349853516,56.61409378051758,430.9477844238281,-17.193845748901367
280.0,2025-01-15 01:12:37.523506,0.0,,,,,6.904294013977051,5.298638820648193,1.0,57.693485260009766,56.5990104675293,405.14483642578125,-33.367332458496094
281.0,2025-01-15 01:12:49.476878,0.0,,,,,6.904294013977051,5.300877094268799,1.0,58.34480285644531,56.59587860107422,363.447509765625,-39.239906311035156
282.0,2025-01-15 01:13:01.276597,0.0,,,,,6.904294013977051,5.323283672332764,1.0,58.64219284057617,56.60441207885742,345.5135498046875,-44.2335205078125
283.0,2025-01-15 01:13:13.530300,0.0,,,,,6.904294013977051,5.341793537139893,1.0,58.92255401611328,56.618289947509766,328.9895935058594,-44.2335205078125
284.0,2025-01-15 01:13:26.073261,0.0,,,,,6.904294013977051,5.364365100860596,1.0,58.92255401611328,56.618289947509766,328.9895935058594,-48.558311462402344
285.0,2025-01-15 01:13:38.919294,0.0,,,,,6.904294013977051,5.364365100860596,1.0,59.187042236328125,56.63680648803711,313.6890869140625,-52.350189208984375
286.0,2025-01-15 01:13:51.884537,0.0,,,,,6.904294013977051,5.388161659240723,0.0,59.286041259765625,56.65937805175781,-81.71053314208984,-53.493682861328125
287.0,2025-01-15 01:14:05.065797,0.0,,,,,6.904294013977051,5.408980369567871,0.0,59.12586212158203,56.683170318603516,-76.14703369140625,-47.93058395385742
288.0,2025-01-15 01:14:16.177372,0.0,,,,,6.904294013977051,5.441669464111328,0.0,58.81438064575195,56.721824645996094,-73.35887908935547,-45.14263916015625
289.0,2025-01-15 01:14:29.431382,0.0,,,,,6.904294013977051,5.4576873779296875,0.0,58.664024353027344,56.73667526245117,-69.8548355102539,-43.81647491455078
290.0,2025-01-15 01:14:41.549175,0.0,,,,,6.904294013977051,5.4707489013671875,0.0,58.52211380004883,56.752689361572266,-69.8548355102539,-43.81647491455078
291.0,2025-01-15 01:14:53.545967,0.0,,,,,6.904294013977051,5.4707489013671875,0.0,58.52211380004883,56.752689361572266,-67.09516906738281,-41.05702590942383
292.0,2025-01-15 01:15:06.519945,0.0,,,,,6.904294013977051,5.48084831237793,0.0,58.38313293457031,56.765750885009766,-64.32913208007812,-38.29121398925781
293.0,2025-01-15 01:15:18.294012,0.0,,,,,6.904294013977051,5.487976551055908,0.0,58.11400604248047,56.78297805786133,-58.77186584472656,-32.734432220458984
294.0,2025-01-15 01:15:30.287150,0.0,,,,,6.904294013977051,5.493277549743652,0.0,57.98387908935547,56.78712463378906,-55.97682571411133,-29.93964385986328
295.0,2025-01-15 01:15:42.516375,0.0,,,,,6.904294013977051,5.491422176361084,0.0,57.856719970703125,56.78827667236328,-53.16762161254883,-29.93964385986328
296.0,2025-01-15 01:15:55.095455,0.0,,,,,6.904294013977051,5.486539840698242,0.0,57.856719970703125,56.78827667236328,-53.16762161254883,-27.130708694458008
297.0,2025-01-15 01:16:07.415153,0.0,,,,,6.904294013977051,5.486539840698242,0.0,57.73255157470703,56.78642272949219,-50.34109115600586,-24.30446434020996
298.0,2025-01-15 01:16:20.865959,0.0,,,,,6.904294013977051,5.478607177734375,0.0,57.61138916015625,56.78153991699219,-47.493438720703125,-21.457115173339844
299.0,2025-01-15 01:16:33.021218,0.0,,,,,6.904294013977051,5.467597007751465,0.0,57.3781852722168,56.76259231567383,-41.71330642700195,-15.677652359008789
300.0,2025-01-15 01:16:44.804324,0.0,,,,,6.904294013977051,5.436193466186523,0.0,57.26620864868164,56.74846649169922,-38.76576232910156,-12.730501174926758
301.0,2025-01-15 01:16:55.178107,0.0,,,,,5.869918346405029,5.448221683502197,1.0,57.44538879394531,56.731197357177734,430.8299560546875,-26.565887451171875
302.0,2025-01-15 01:17:05.857075,0.0,,,,,6.295199394226074,5.448221683502197,1.0,57.83745574951172,56.74323272705078,403.3033447265625,-35.83570098876953
303.0,2025-01-15 01:17:16.282513,0.0,,,,,6.69099760055542,5.470179080963135,1.0,58.2066535949707,56.76519775390625,380.0083923339844,-43.06564712524414
304.0,2025-01-15 01:17:25.996304,0.0,,,,,7.061846733093262,5.499880313873291,1.0,58.55462646484375,56.79490661621094,358.91943359375,-49.01327133178711
305.0,2025-01-15 01:17:35.952662,0.0,,,,,7.4101080894470215,5.535952568054199,1.0,58.692848205566406,56.83098220825195,-64.6550521850586,-50.81427001953125
306.0,2025-01-15 01:17:45.982632,0.0,,,,,7.304704189300537,5.573953628540039,0.0,58.58817672729492,56.868980407714844,-62.125389099121094,-48.2847900390625
307.0,2025-01-15 01:17:56.156991,0.0,,,,,7.202009201049805,5.609245300292969,0.0,58.4861946105957,56.904266357421875,-59.59849548339844,-45.75809097290039
308.0,2025-01-15 01:18:06.228316,0.0,,,,,7.102020740509033,5.641830921173096,0.0,58.386898040771484,56.93684768676758,-57.07392120361328,-43.23371124267578
309.0,2025-01-15 01:18:15.816012,0.0,,,,,7.004736423492432,5.671712398529053,0.0,58.290283203125,56.96672821044922,-54.55112075805664,-40.711116790771484
310.0,2025-01-15 01:18:25.968988,0.0,,,,,6.910153865814209,5.698892116546631,0.0,58.196346282958984,56.99390411376953,-52.02943420410156,-38.189632415771484
311.0,2025-01-15 01:18:35.760143,0.0,,,,,6.818272590637207,5.723370552062988,0.0,58.1050910949707,57.01837921142578,-49.508033752441406,-35.668453216552734
312.0,2025-01-15 01:18:45.510347,0.0,,,,,6.729091167449951,5.745148658752441,0.0,58.01651382446289,57.040157318115234,-46.98591613769531,-33.14655303955078
313.0,2025-01-15 01:18:55.350422,0.0,,,,,6.642611503601074,5.764225482940674,0.0,57.92513656616211,57.05921936035156,-49.97758102416992,-19.19767189025879
314.0,2025-01-15 01:19:05.279414,0.0,,,,,6.508646488189697,5.748238563537598,0.0,57.79204559326172,57.04323196411133,-46.98105239868164,-16.201499938964844
315.0,2025-01-15 01:19:15.379000,0.0,,,,,6.3778910636901855,5.729042053222656,0.0,57.79204559326172,57.04323196411133,-43.942657470703125,-13.163506507873535
316.0,2025-01-15 01:19:25.462536,0.0,,,,,6.25039005279541,5.7065911293029785,0.0,57.53548049926758,57.0015754699707,-40.85159683227539,-10.07288932800293
317.0,2025-01-15 01:19:35.263291,0.0,,,,,6.126199245452881,5.6808295249938965,0.0,57.41211700439453,56.97581100463867,-37.69279479980469,-6.914619445800781
318.0,2025-01-15 01:19:45.483170,0.0,,,,,6.005392074584961,5.6516852378845215,0.0,57.29212188720703,56.94666290283203,-34.44428253173828,-3.6667909622192383
319.0,2025-01-15 01:19:55.416410,0.0,,,,,5.888063907623291,5.61906099319458,0.0,57.175601959228516,56.91403579711914,-31.071983337402344,-0.2957167327404022
320.0,2025-01-15 01:20:05.587409,0.0,,,,,5.774347305297852,5.582825660705566,0.0,57.33940124511719,56.8778076171875,437.656005859375,-7.7617316246032715
321.0,2025-01-15 01:20:15.820277,0.0,,,,,6.162658214569092,5.554588317871094,1.0,57.69503402709961,56.84958267211914,410.0804138183594,-18.688135147094727
322.0,2025-01-15 01:20:26.170003,0.0,,,,,6.521434307098389,5.538055419921875,1.0,58.02812957763672,56.83305358886719,387.15887451171875,-26.74252700805664
323.0,2025-01-15 01:20:36.135326,0.0,,,,,6.855660438537598,5.530149936676025,1.0,58.34096908569336,56.82514953613281,367.07354736328125,-33.215171813964844
324.0,2025-01-15 01:20:46.610909,0.0,,,,,7.168374538421631,5.529177665710449,1.0,58.635189056396484,56.82417678833008,348.852783203125,-38.63338851928711
325.0,2025-01-15 01:20:56.583577,0.0,,,,,7.461573600769043,5.534008979797363,0.0,58.74249267578125,56.82902908325195,-66.92046356201172,-48.964420318603516
326.0,2025-01-15 01:21:06.557373,0.0,,,,,7.342986583709717,5.565140724182129,0.0,58.62471008300781,56.86015701293945,-64.3123779296875,-46.356529235839844
327.0,2025-01-15 01:21:16.550125,0.0,,,,,7.2271928787231445,5.593479156494141,0.0,58.509700775146484,56.888492584228516,-61.70421600341797,-43.748573303222656
328.0,2025-01-15 01:21:27.270351,0.0,,,,,7.114192962646484,5.619024276733398,0.0,58.397464752197266,56.91403579711914,-59.09526824951172,-41.139827728271484
329.0,2025-01-15 01:21:37.301940,0.0,,,,,7.0039873123168945,5.641774654388428,0.0,58.28799819946289,56.93678283691406,-56.48466491699219,-38.52943420410156
330.0,2025-01-15 01:21:47.449236,0.0,,,,,6.896577835083008,5.661729335784912,0.0,58.18130874633789,56.95673751831055,-53.87134552001953,-35.916343688964844
331.0,2025-01-15 01:21:57.376922,0.0,,,,,6.791966915130615,5.678884983062744,0.0,58.077396392822266,56.9738883972168,-51.25406265258789,-33.299285888671875
332.0,2025-01-15 01:22:07.778295,0.0,,,,,6.690159320831299,5.6932373046875,0.0,57.97626495361328,56.98823928833008,-48.631229400634766,-30.67669105529785
333.0,2025-01-15 01:22:18.319232,0.0,,,,,6.591161251068115,5.704780578613281,0.0,57.87792205810547,56.99978256225586,-46.00102615356445,-28.04674530029297
334.0,2025-01-15 01:22:28.509321,0.0,,,,,6.4949798583984375,5.713507175445557,0.0,57.78237533569336,57.008506774902344,-43.36106872558594,-25.407039642333984
335.0,2025-01-15 01:22:38.846697,0.0,,,,,6.401626110076904,5.719405651092529,0.0,57.68963623046875,57.014404296875,-40.708370208740234,-22.754615783691406
336.0,2025-01-15 01:22:48.809351,0.0,,,,,6.311113357543945,5.722463130950928,0.0,57.59971618652344,57.01746368408203,-38.039093017578125,-20.085630416870117
337.0,2025-01-15 01:22:59.156110,0.0,,,,,6.223459720611572,5.722661972045898,0.0,57.5112419128418,57.01765823364258,-37.022239685058594,-13.916707992553711
338.0,2025-01-15 01:23:09.441102,0.0,,,,,6.123427391052246,5.710132122039795,0.0,57.411861419677734,57.005126953125,-34.11344528198242,-11.00831413269043
339.0,2025-01-15 01:23:19.322650,0.0,,,,,6.026510238647461,5.69448709487915,0.0,57.31558609008789,56.989479064941406,-31.143672943115234,-8.039024353027344
340.0,2025-01-15 01:23:29.290259,0.0,,,,,5.932774066925049,5.675661563873291,0.0,57.22247314453125,56.97064971923828,-28.09035301208496,-4.9862775802612305
341.0,2025-01-15 01:23:39.669963,0.0,,,,,5.8423075675964355,5.653565406799316,1.0,57.41450881958008,56.94856262207031,436.5558166503906,-13.018876075744629
342.0,2025-01-15 01:23:50.309341,0.0,,,,,6.249496936798096,5.640074253082275,1.0,57.787620544433594,56.93507385253906,408.1285400390625,-23.97901725769043
343.0,2025-01-15 01:24:00.136082,0.0,,,,,6.62623929977417,5.6383233070373535,1.0,58.137874603271484,56.93332290649414,384.7413330078125,-32.058135986328125
344.0,2025-01-15 01:24:10.280304,0.0,,,,,6.977932929992676,5.645226001739502,1.0,58.46718215942383,56.94023132324219,363.9286193847656,-38.541622161865234
345.0,2025-01-15 01:24:21.043705,0.0,,,,,7.307335376739502,5.659073352813721,1.0,58.7772216796875,56.95408248901367,345.01873779296875,-43.96070098876953
346.0,2025-01-15 01:24:31.788209,0.0,,,,,7.61648416519165,5.678725242614746,1.0,58.895286560058594,56.97373580932617,-68.77809143066406,-45.66946792602539
347.0,2025-01-15 01:24:42.254684,0.0,,,,,7.482439994812012,5.700207710266113,0.0,58.76213455200195,56.995216369628906,-66.0732650756836,-42.96485900878906
348.0,2025-01-15 01:24:52.575109,0.0,,,,,7.351292610168457,5.718792915344238,0.0,58.63185501098633,57.013797760009766,-63.36441421508789,-40.2562255859375
349.0,2025-01-15 01:25:03.102098,0.0,,,,,7.223046779632568,5.7344770431518555,0.0,58.50414276123047,57.02947998046875,-60.92002487182617,-36.985355377197266
350.0,2025-01-15 01:25:13.197135,0.0,,,,,7.095257759094238,5.745675563812256,0.0,58.377193450927734,57.04067611694336,-58.1817626953125,-34.24732971191406
351.0,2025-01-15 01:25:23.283226,0.0,,,,,6.970401763916016,5.753941059112549,0.0,58.25315856933594,57.04894256591797,-55.43431854248047,-31.500125885009766
352.0,2025-01-15 01:25:33.621961,0.0,,,,,6.8484883308410645,5.75926399230957,0.0,58.132041931152344,57.054264068603516,-52.675540924072266,-28.741609573364258
353.0,2025-01-15 01:25:43.631079,0.0,,,,,6.72952938079834,5.761632442474365,0.0,58.013858795166016,57.05663299560547,-49.902713775634766,-25.969053268432617
354.0,2025-01-15 01:25:53.703251,0.0,,,,,6.6135406494140625,5.761031150817871,0.0,57.89862823486328,57.0560302734375,-47.11266326904297,-23.17928695678711
355.0,2025-01-15 01:26:04.225413,0.0,,,,,6.500539779663086,5.757441520690918,0.0,57.78636169433594,57.05244064331055,-44.30116653442383,-20.368093490600586
356.0,2025-01-15 01:26:14.566792,0.0,,,,,6.39055061340332,5.750840187072754,0.0,57.67708969116211,57.04583740234375,-41.46284866333008,-17.530101776123047
357.0,2025-01-15 01:26:25.032497,0.0,,,,,6.2836012840271,5.741199493408203,0.0,57.570838928222656,57.03619384765625,-38.59061813354492,-14.658230781555176
358.0,2025-01-15 01:26:35.242701,0.0,,,,,6.179728031158447,5.728482246398926,0.0,57.46764373779297,57.023475646972656,-35.67485427856445,-11.74286937713623
359.0,2025-01-15 01:26:45.844283,0.0,,,,,6.078977584838867,5.712642192840576,0.0,57.367557525634766,57.007633209228516,-32.7020149230957,-8.770479202270508
360.0,2025-01-15 01:26:56.254308,0.0,,,,,5.981411457061768,5.693617820739746,0.0,57.2706413269043,56.98860549926758,-29.65208625793457,-5.721104621887207
361.0,2025-01-15 01:27:06.789984,0.0,,,,,5.887111663818359,5.671327114105225,1.0,57.434696197509766,56.96628952026367,430.3106384277344,-2.672924041748047
362.0,2025-01-15 01:27:17.106190,0.0,,,,,6.246713161468506,5.628167152404785,1.0,57.76436996459961,56.92314529418945,404.2809143066406,-13.268328666687012
363.0,2025-01-15 01:27:27.159267,0.0,,,,,6.57843542098999,5.596357345581055,1.0,58.072757720947266,56.8913459777832,382.8497009277344,-21.136150360107422
364.0,2025-01-15 01:27:37.929726,0.0,,,,,6.887204170227051,5.5729756355285645,1.0,58.36191177368164,56.86796951293945,363.9225158691406,-27.481143951416016
365.0,2025-01-15 01:27:48.395428,0.0,,,,,7.175701141357422,5.556389808654785,1.0,58.633453369140625,56.85138702392578,346.7808837890625,-32.80705642700195
366.0,2025-01-15 01:27:58.266071,0.0,,,,,7.445838928222656,5.545509338378906,1.0,58.71784591674805,56.84050750732422,-73.23463439941406,-34.478965759277344
367.0,2025-01-15 01:28:08.583119,0.0,,,,,7.266122341156006,5.53641939163208,0.0,58.5392951965332,56.831417083740234,-70.23130798339844,-31.475908279418945
368.0,2025-01-15 01:28:19.489142,0.0,,,,,7.089622497558594,5.524112701416016,0.0,58.36393737792969,56.81910705566406,-67.20918273925781,-28.45406723022461
369.0,2025-01-15 01:28:30.058595,0.0,,,,,6.916359901428223,5.508569240570068,0.0,58.19179916381836,56.80356216430664,-64.16510772705078,-25.410293579101562
370.0,2025-01-15 01:28:40.442497,0.0,,,,,6.746357440948486,5.489765644073486,0.0,58.02289962768555,56.78475570678711,-61.09519958496094,-22.3407039642334
371.0,2025-01-15 01:28:50.662010,0.0,,,,,6.5796427726745605,5.4676737785339355,0.0,57.857269287109375,56.76266098022461,-57.99465560913086,-19.24050521850586
372.0,2025-01-15 01:29:01.435382,0.0,,,,,6.416248798370361,5.442261219024658,0.0,57.694942474365234,56.73724365234375,-54.85738754272461,-16.103605270385742
373.0,2025-01-15 01:29:11.349048,0.0,,,,,6.256215572357178,5.413488388061523,0.0,57.5307502746582,56.708431243896484,-55.58168029785156,-4.727072715759277
374.0,2025-01-15 01:29:20.892987,0.0,,,,,6.0637736320495605,5.358154296875,0.0,57.339622497558594,56.6530876159668,-51.995750427246094,-1.1421655416488647
375.0,2025-01-15 01:29:31.327180,0.0,,,,,5.8751726150512695,5.298979759216309,0.0,57.1523323059082,56.59390640258789,-48.29876708984375,2.5525176525115967
376.0,2025-01-15 01:29:41.755222,0.0,,,,,5.690530776977539,5.23584508895874,1.0,57.224308013916016,56.53078079223633,429.3956298828125,-1.331849455833435
377.0,2025-01-15 01:29:51.953238,0.0,,,,,6.017519950866699,5.176876544952393,1.0,57.52544021606445,56.47182846069336,406.37548828125,-10.25626277923584
378.0,2025-01-15 01:30:02.309890,0.0,,,,,6.319852828979492,5.127465724945068,1.0,57.80626678466797,56.42243194580078,386.2274169921875,-17.257471084594727
379.0,2025-01-15 01:30:13.263125,0.0,,,,,6.600606918334961,5.085554122924805,1.0,58.06943130493164,56.38052749633789,368.9617004394531,-23.06613540649414
380.0,2025-01-15 01:30:24.185326,0.0,,,,,6.862868309020996,5.049864768981934,1.0,58.316368103027344,56.344844818115234,353.2533874511719,-28.02924346923828
381.0,2025-01-15 01:30:34.643670,0.0,,,,,7.108305931091309,5.019491195678711,1.0,58.54832077026367,56.314476013183594,338.8399658203125,-32.34965515136719
382.0,2025-01-15 01:30:44.777322,0.0,,,,,7.338305950164795,4.993745803833008,0.0,58.600833892822266,56.288734436035156,-84.45084381103516,-33.59263229370117
383.0,2025-01-15 01:30:55.047173,0.0,,,,,7.114943981170654,4.969331741333008,0.0,58.3789176940918,56.26431655883789,-81.27420043945312,-30.416278839111328
384.0,2025-01-15 01:31:05.727912,0.0,,,,,6.894984245300293,4.9415154457092285,0.0,58.16038131713867,56.23649597167969,-78.07431030273438,-27.21669578552246
385.0,2025-01-15 01:31:16.108918,0.0,,,,,6.678452014923096,4.910272121429443,0.0,57.953956604003906,56.20527267456055,-69.09374237060547,-35.95304870605469
386.0,2025-01-15 01:31:25.964352,0.0,,,,,6.517846584320068,4.909430027008057,0.0,57.794395446777344,56.204429626464844,-66.18699645996094,-33.04655838012695
387.0,2025-01-15 01:31:36.140384,0.0,,,,,6.360354900360107,4.898390769958496,0.0,57.6379280090332,56.20047378540039,-63.265220642089844,-30.125049591064453
388.0,2025-01-15 01:31:45.714683,0.0,,,,,6.205992221832275,4.898390769958496,0.0,57.6379280090332,56.20047378540039,-60.325626373291016,-27.18573760986328
389.0,2025-01-15 01:31:55.399477,0.0,,,,,6.054778099060059,4.888158321380615,0.0,57.33433532714844,56.18315505981445,-57.36486053466797,-24.225261688232422
390.0,2025-01-15 01:32:05.259302,0.0,,,,,5.906734943389893,4.874754428863525,0.0,57.187252044677734,56.16975021362305,-54.3787727355957,-21.239492416381836
391.0,2025-01-15 01:32:15.579205,0.0,,,,,5.761889934539795,4.858152389526367,0.0,57.187252044677734,56.16975021362305,420.5030212402344,-24.21574592590332
392.0,2025-01-15 01:32:25.923021,0.0,,,,,6.1256632804870605,4.844738483428955,1.0,57.64145278930664,56.13973617553711,397.5437316894531,-31.37256622314453
393.0,2025-01-15 01:32:35.507289,0.0,,,,,6.464845657348633,4.838990211486816,1.0,57.958614349365234,56.13399124145508,377.26544189453125,-37.3005256652832
394.0,2025-01-15 01:32:45.560485,0.0,,,,,6.782309532165527,4.839591979980469,1.0,58.25736999511719,56.13459396362305,359.2087097167969,-42.35759735107422
395.0,2025-01-15 01:32:56.316304,0.0,,,,,7.0804338455200195,4.845610618591309,1.0,58.53900146484375,56.1406135559082,342.56341552734375,-46.74820327758789
396.0,2025-01-15 01:33:06.918059,0.0,,,,,7.3607306480407715,4.856331825256348,1.0,58.63162612915039,56.151336669921875,-81.14917755126953,-48.007511138916016
397.0,2025-01-15 01:33:17.364479,0.0,,,,,7.18721342086792,4.868402004241943,0.0,58.459991455078125,56.16340637207031,-77.77806091308594,-46.190185546875
398.0,2025-01-15 01:33:27.854432,0.0,,,,,7.02136754989624,4.880370616912842,0.0,58.29523468017578,56.17537307739258,-74.93262481689453,-43.344974517822266
399.0,2025-01-15 01:33:38.359966,0.0,,,,,6.858569622039795,4.889292240142822,0.0,58.13349914550781,56.18429183959961,-72.07939147949219,-40.49197006225586
400.0,2025-01-15 01:33:48.435996,0.0,,,,,6.698827266693115,4.895157337188721,0.0,58.13349914550781,56.18429183959961,-69.21690368652344,-37.62971115112305
0,2025-01-15 22:28:32.723709,1,0,0,0,0,3.0510001182556152,3.0510001182556152,1,0,0,0,0
1.0,2025-01-15 22:28:40.704490,1.0,,,,,3.0510001182556152,3.0510001182556152,1.0,69.09103393554688,69.65129852294922,-179.203369140625,241.23928833007812
2.0,2025-01-15 22:28:49.227470,1.0,,,,,3.242934226989746,3.192838191986084,1.0,69.11466217041016,69.66764068603516,-175.82000732421875,239.7730255126953
3.0,2025-01-15 22:28:56.744499,1.0,,,,,3.4312446117401123,3.3360440731048584,1.0,69.13806915283203,69.68402862548828,-172.82688903808594,238.32485961914062
4.0,2025-01-15 22:29:04.363554,1.0,,,,,3.616349458694458,3.4802091121673584,1.0,69.1612777709961,69.700439453125,-170.10267639160156,236.89295959472656
5.0,2025-01-15 22:29:12.084670,1.0,,,,,3.7985363006591797,3.6250550746917725,1.0,69.1843032836914,69.71687316894531,-167.5803985595703,235.47592163085938
6.0,2025-01-15 22:29:20.045674,1.0,,,,,3.9780218601226807,3.7703750133514404,1.0,69.2071533203125,69.73332214355469,-165.21774291992188,234.07261657714844
7.0,2025-01-15 22:29:28.117805,1.0,,,,,4.154976844787598,3.9160070419311523,1.0,69.2298355102539,69.74976348876953,-162.98590087890625,232.68214416503906
8.0,2025-01-15 22:29:36.607524,1.0,,,,,4.3295416831970215,4.061820983886719,1.0,69.25236511230469,69.7662124633789,-160.8640899658203,231.30374145507812
9.0,2025-01-15 22:29:44.753364,1.0,,,,,4.501833438873291,4.207706928253174,1.0,69.25236511230469,69.7662124633789,-158.8367462158203,229.936767578125
10.0,2025-01-15 22:29:52.481819,1.0,,,,,4.671954154968262,4.353572845458984,1.0,69.29698181152344,69.79907989501953,-156.89178466796875,228.58067321777344
11.0,2025-01-15 22:30:00.943812,1.0,,,,,4.839991569519043,4.499339580535889,1.0,69.31907653808594,69.81549835205078,-155.01959228515625,227.2349395751953
12.0,2025-01-15 22:30:09.477617,1.0,,,,,5.006024360656738,4.644937515258789,1.0,69.34103393554688,69.83190155029297,-153.21238708496094,225.89915466308594
13.0,2025-01-15 22:30:17.667920,1.0,,,,,5.170120716094971,4.790305137634277,1.0,69.421142578125,69.9200668334961,-168.41873168945312,225.0025634765625
14.0,2025-01-15 22:30:25.909057,1.0,,,,,5.350504398345947,4.944339752197266,1.0,69.445068359375,69.93771362304688,-166.37254333496094,223.54098510742188
15.0,2025-01-15 22:30:34.474607,1.0,,,,,5.528696060180664,5.098219394683838,1.0,69.46884155273438,69.9553451538086,-164.39488220214844,222.08987426757812
16.0,2025-01-15 22:30:42.792805,1.0,,,,,5.704770088195801,5.251879692077637,1.0,69.49248504638672,69.97296905517578,-162.4790802001953,220.64878845214844
17.0,2025-01-15 22:30:50.734921,1.0,,,,,5.878791809082031,5.405262470245361,1.0,69.51599884033203,69.9905776977539,-160.61952209472656,219.2174072265625
18.0,2025-01-15 22:30:58.566432,1.0,,,,,6.050821781158447,5.558315277099609,1.0,69.53938293457031,70.00817108154297,-158.8114471435547,217.79537963867188
19.0,2025-01-15 22:31:06.763780,1.0,,,,,6.2209153175354,5.710991859436035,1.0,69.56263732910156,70.02574157714844,-157.05075073242188,216.38241577148438
20.0,2025-01-15 22:31:14.501004,1.0,,,,,6.38912296295166,5.863248825073242,1.0,69.58576965332031,70.04329681396484,-155.33387756347656,214.97825622558594
0,2025-01-16 10:17:48.538128,1,0,0,0,0,3.0510001182556152,3.0510001182556152,1,0,0,0,0
1.0,2025-01-16 10:17:58.636224,1.0,,,,,3.0510001182556152,3.0510001182556152,1.0,69.0844497680664,69.64904022216797,241.7170867919922,144.28915405273438
2.0,2025-01-16 10:18:07.419913,1.0,,,,,3.2318899631500244,3.1895463466644287,1.0,69.10697937011719,69.66480255126953,240.32513427734375,143.66285705566406
3.0,2025-01-16 10:18:15.789551,1.0,,,,,3.4090161323547363,3.329695224761963,1.0,69.12925720214844,69.68061065673828,238.9542694091797,143.02622985839844
4.0,2025-01-16 10:18:24.243944,1.0,,,,,3.5829741954803467,3.4708619117736816,1.0,69.15131378173828,69.69644165039062,237.60113525390625,142.382080078125
5.0,2025-01-16 10:18:32.411998,1.0,,,,,3.754121780395508,3.6126997470855713,1.0,69.17318725585938,69.71228790283203,236.2635955810547,141.73202514648438
6.0,2025-01-16 10:18:40.710157,1.0,,,,,3.9227097034454346,3.7549686431884766,1.0,69.19486999511719,69.72813415527344,234.94012451171875,141.07720947265625
7.0,2025-01-16 10:18:48.331549,1.0,,,,,4.088925838470459,3.8974902629852295,1.0,69.21639251708984,69.74397277832031,233.62953186035156,140.41844177246094
8.0,2025-01-16 10:18:55.737949,1.0,,,,,4.252920627593994,4.04012393951416,1.0,69.23776245117188,69.75981140136719,232.33090209960938,139.75640869140625
9.0,2025-01-16 10:19:03.602900,1.0,,,,,4.414816379547119,4.1827569007873535,1.0,69.25897979736328,69.77562713623047,231.04344177246094,139.0916290283203
10.0,2025-01-16 10:19:11.340683,1.0,,,,,4.574716567993164,4.3252949714660645,1.0,69.28005981445312,69.79143524169922,229.76651000976562,138.424560546875
0,2025-01-16 11:56:30.614926,1,0,0,0,0,3.0510001182556152,3.0510001182556152,1,0,0,0,0
1.0,2025-01-16 11:56:39.273782,1.0,,,,,3.0510001182556152,3.0510001182556152,1.0,69.0844497680664,69.64904022216797,241.7170867919922,144.28915405273438
2.0,2025-01-16 11:56:47.730844,1.0,,,,,3.2318899631500244,3.1895463466644287,1.0,69.10697937011719,69.66480255126953,240.32513427734375,143.66285705566406
3.0,2025-01-16 11:56:57.381846,1.0,,,,,3.4090161323547363,3.329695224761963,1.0,69.12925720214844,69.68061065673828,238.9542694091797,143.02622985839844
4.0,2025-01-16 11:57:06.376200,1.0,,,,,3.5829741954803467,3.4708619117736816,1.0,69.15131378173828,69.69644165039062,237.60113525390625,142.382080078125
5.0,2025-01-16 11:57:15.522645,1.0,,,,,3.754121780395508,3.6126997470855713,1.0,69.17318725585938,69.71228790283203,236.2635955810547,141.73202514648438
6.0,2025-01-16 11:57:24.275029,1.0,,,,,3.9227097034454346,3.7549686431884766,1.0,69.19486999511719,69.72813415527344,234.94012451171875,141.07720947265625
7.0,2025-01-16 11:57:32.813909,1.0,,,,,4.088925838470459,3.8974902629852295,1.0,69.21639251708984,69.74397277832031,233.62953186035156,140.41844177246094
8.0,2025-01-16 11:57:42.011902,1.0,,,,,4.252920627593994,4.04012393951416,1.0,69.23776245117188,69.75981140136719,232.33090209960938,139.75640869140625
9.0,2025-01-16 11:57:50.852328,1.0,,,,,4.414816379547119,4.1827569007873535,1.0,69.25897979736328,69.77562713623047,231.04344177246094,139.0916290283203
10.0,2025-01-16 11:57:59.296596,1.0,,,,,4.574716567993164,4.3252949714660645,1.0,69.28005981445312,69.79143524169922,229.76651000976562,138.424560546875
11.0,2025-01-16 11:58:07.364785,1.0,,,,,4.732709884643555,4.467657566070557,1.0,69.3010025024414,69.80722045898438,228.49957275390625,137.7555694580078
12.0,2025-01-16 11:58:16.116211,1.0,,,,,4.888873100280762,4.609776020050049,1.0,69.32181549072266,69.82299041748047,227.24212646484375,137.08499145507812
13.0,2025-01-16 11:58:24.653474,1.0,,,,,5.043275356292725,4.751591205596924,1.0,69.39998626708984,69.91028594970703,226.47926330566406,136.79458618164062
14.0,2025-01-16 11:58:33.688674,1.0,,,,,5.219274044036865,4.901839256286621,1.0,69.42335510253906,69.92747497558594,225.05189514160156,136.08409118652344
15.0,2025-01-16 11:58:42.846940,1.0,,,,,5.393004417419434,5.052066802978516,1.0,69.44657135009766,69.94466400146484,223.63619995117188,135.37049865722656
16.0,2025-01-16 11:58:52.036072,1.0,,,,,5.564562797546387,5.202185153961182,1.0,69.46963500976562,69.96183776855469,222.23162841796875,134.65420532226562
17.0,2025-01-16 11:59:01.126779,1.0,,,,,5.734035015106201,5.352118492126465,1.0,69.49256134033203,69.97898864746094,220.83761596679688,133.9355926513672
18.0,2025-01-16 11:59:09.984790,1.0,,,,,5.901496410369873,5.501800060272217,1.0,69.51535034179688,69.99613189697266,219.45372009277344,133.2149658203125
19.0,2025-01-16 11:59:18.650515,1.0,,,,,6.067014217376709,5.65117073059082,1.0,69.53800201416016,70.01325225830078,218.0795135498047,132.49258422851562
20.0,2025-01-16 11:59:26.623875,1.0,,,,,6.230649471282959,5.800178527832031,1.0,69.56053161621094,70.03035736083984,216.7146453857422,131.7687225341797
21.0,2025-01-16 11:59:35.109881,1.0,,,,,6.392457962036133,5.9487762451171875,1.0,69.58293151855469,70.04743957519531,215.35877990722656,131.04360961914062
22.0,2025-01-16 11:59:43.305647,1.0,,,,,6.552489757537842,6.096921920776367,1.0,69.60521697998047,70.06449127197266,214.01161193847656,130.3174285888672
23.0,2025-01-16 11:59:51.721337,1.0,,,,,6.710792064666748,6.2445759773254395,1.0,69.62738037109375,70.0815200805664,212.67288208007812,129.59039306640625
24.0,2025-01-16 12:00:00.012885,1.0,,,,,6.867407321929932,6.391704559326172,1.0,69.64942932128906,70.09852600097656,211.34231567382812,128.8626708984375
25.0,2025-01-16 12:00:08.437742,1.0,,,,,7.02237606048584,6.538275718688965,1.0,69.64472198486328,70.08246612548828,209.77781677246094,127.94828033447266
26.0,2025-01-16 12:00:17.778969,1.0,,,,,7.164841651916504,6.680175304412842,0.0,61.948612213134766,68.53671264648438,111.17401885986328,118.10602569580078
27.0,2025-01-16 12:00:26.513791,1.0,,,,,7.202722072601318,6.81050968170166,0.0,61.978904724121094,68.55254364013672,111.0330581665039,117.41292572021484
28.0,2025-01-16 12:00:35.273123,1.0,,,,,7.242998123168945,6.937555313110352,0.0,62.01074981689453,68.56834411621094,110.87667083740234,116.73625946044922
29.0,2025-01-16 12:00:44.143478,1.0,,,,,7.285751819610596,7.0612311363220215,0.0,62.0442008972168,68.5841293334961,110.70419311523438,116.07676696777344
30.0,2025-01-16 12:00:52.902942,1.0,,,,,7.331105709075928,7.170666694641113,0.0,58.51996612548828,58.46710968017578,-16.390535354614258,-2.64674973487854
31.0,2025-01-16 12:01:01.968595,0.0,,,,,7.24411153793335,7.170666694641113,0.0,58.461204528808594,58.43320846557617,-13.841682434082031,-5.19559383392334
32.0,2025-01-16 12:01:11.201966,0.0,,,,,7.163926601409912,7.153108596801758,0.0,58.401222229003906,58.38790512084961,-11.784523963928223,-7.252749919891357
33.0,2025-01-16 12:01:20.446766,0.0,,,,,7.091758728027344,7.127533435821533,0.0,58.342681884765625,58.3369255065918,-10.266339302062988,-8.770936965942383
34.0,2025-01-16 12:01:29.662873,0.0,,,,,7.029789924621582,7.091759204864502,0.0,58.28744125366211,58.28469467163086,-9.392919540405273,-9.644359588623047
35.0,2025-01-16 12:01:38.843914,0.0,,,,,6.970725059509277,7.053081035614014,0.0,58.2332763671875,58.23216247558594,-8.706706047058105,-10.330570220947266
36.0,2025-01-16 12:01:47.308484,0.0,,,,,6.913679599761963,7.012382984161377,0.0,58.179954528808594,58.179656982421875,-8.151062965393066,-10.886210441589355
37.0,2025-01-16 12:01:56.426765,0.0,,,,,6.858160495758057,6.970159530639648,0.0,58.1495361328125,58.154483795166016,-2.648267984390259,-10.07589340209961
38.0,2025-01-16 12:02:05.431554,0.0,,,,,6.828098297119141,6.934892654418945,0.0,58.11896514892578,58.123199462890625,-2.8456528186798096,-9.87850570678711
39.0,2025-01-16 12:02:14.308826,0.0,,,,,6.797551155090332,6.900111198425293,0.0,58.087974548339844,58.09165573120117,-3.0087220668792725,-9.715433120727539
40.0,2025-01-16 12:02:23.130688,0.0,,,,,6.766601085662842,6.865732192993164,0.0,58.05664825439453,58.05990219116211,-3.1425604820251465,-9.5816068649292
41.0,2025-01-16 12:02:31.942769,0.0,,,,,6.735320568084717,6.831684112548828,0.0,58.025047302246094,58.02796936035156,-3.2517571449279785,-9.47240161895752
42.0,2025-01-16 12:02:40.703249,0.0,,,,,6.703769683837891,6.797906398773193,0.0,57.993228912353516,57.99589920043945,-3.340420722961426,-9.383731842041016
43.0,2025-01-16 12:02:49.563540,0.0,,,,,6.671998500823975,6.76434850692749,0.0,57.961238861083984,57.963706970214844,-3.412123203277588,-9.31203556060791
44.0,2025-01-16 12:02:57.348800,0.0,,,,,6.640049934387207,6.730968475341797,0.0,57.929107666015625,57.93142318725586,-3.469881057739258,-9.254271507263184
45.0,2025-01-16 12:03:05.966830,0.0,,,,,6.607957363128662,6.664611339569092,0.0,57.89686965942383,57.89906311035156,-3.5162930488586426,-9.207862854003906
46.0,2025-01-16 12:03:15.078966,0.0,,,,,6.575749397277832,6.664611339569092,0.0,57.86454391479492,57.866641998291016,-3.5534799098968506,-9.170675277709961
47.0,2025-01-16 12:03:24.072465,0.0,,,,,6.5434489250183105,6.631582736968994,0.0,57.83214569091797,57.834171295166016,-3.583223819732666,-9.140934944152832
48.0,2025-01-16 12:03:32.919023,0.0,,,,,6.511074542999268,6.598628520965576,0.0,57.7996940612793,57.80166244506836,-3.6069846153259277,-9.11717414855957
49.0,2025-01-16 12:03:41.287638,0.0,,,,,6.478641033172607,6.565733432769775,0.0,57.71990966796875,57.71584701538086,-11.430953025817871,-11.652901649475098
50.0,2025-01-16 12:03:50.302596,0.0,,,,,6.406892776489258,6.5189619064331055,0.0,57.654205322265625,57.65224075317383,-10.718389511108398,-12.365460395812988
51.0,2025-01-16 12:03:58.970675,0.0,,,,,6.337263584136963,6.470070838928223,0.0,57.5893669128418,57.5886116027832,-10.12199592590332,-12.961848258972168
52.0,2025-01-16 12:04:07.397802,0.0,,,,,6.269299507141113,6.4195146560668945,0.0,57.525272369384766,57.52511215209961,-9.616994857788086,-13.466849327087402
53.0,2025-01-16 12:04:15.910733,0.0,,,,,6.202683925628662,6.367610454559326,0.0,57.46181869506836,57.461822509765625,-9.185782432556152,-13.898064613342285
54.0,2025-01-16 12:04:24.799501,0.0,,,,,6.137180805206299,6.31459379196167,0.0,57.398868560791016,57.3990478515625,-8.825037956237793,-14.258808135986328
55.0,2025-01-16 12:04:33.301696,0.0,,,,,6.072596073150635,6.2606587409973145,0.0,57.33633804321289,57.33683776855469,-8.525102615356445,-14.558740615844727
56.0,2025-01-16 12:04:41.081996,0.0,,,,,6.008772850036621,6.1506266593933105,0.0,57.274192810058594,57.27507400512695,-8.27303695678711,-14.810806274414062
57.0,2025-01-16 12:04:48.042296,0.0,,,,,5.945588111877441,6.1506266593933105,0.0,57.212398529052734,57.21367645263672,-8.059630393981934,-15.024208068847656
58.0,2025-01-16 12:04:56.761033,0.0,,,,,5.882943630218506,6.094751358032227,1.0,67.4565658569336,62.919166564941406,198.8882293701172,83.27645874023438
59.0,2025-01-16 12:05:05.142970,0.0,,,,,6.0396246910095215,6.203812122344971,1.0,67.48385620117188,62.9565544128418,197.56680297851562,83.15965270996094
60.0,2025-01-16 12:05:12.323609,0.0,,,,,6.189169883728027,6.203812122344971,1.0,67.5099868774414,62.99557876586914,196.3390655517578,83.01030731201172
61.0,2025-01-16 12:05:19.912061,0.0,,,,,6.324615001678467,6.329057693481445,1.0,67.3913345336914,62.55952072143555,193.7467498779297,78.79281616210938
62.0,2025-01-16 12:05:27.730836,0.0,,,,,6.414346218109131,6.329057693481445,1.0,67.40921020507812,62.59354782104492,192.98605346679688,78.61133575439453
63.0,2025-01-16 12:05:35.833673,0.0,,,,,6.501462459564209,6.385955810546875,1.0,67.42686462402344,62.628143310546875,192.24639892578125,78.42061614990234
64.0,2025-01-16 12:05:44.038878,0.0,,,,,6.586385250091553,6.4440507888793945,1.0,67.4443130493164,62.663143157958984,191.52450561523438,78.22274017333984
65.0,2025-01-16 12:05:52.350778,0.0,,,,,6.669392108917236,6.503077030181885,1.0,67.46157836914062,62.69845199584961,190.81808471679688,78.01903533935547
66.0,2025-01-16 12:06:00.891980,0.0,,,,,6.750683784484863,6.562842845916748,1.0,67.47867584228516,62.733985900878906,190.12548828125,77.81047058105469
67.0,2025-01-16 12:06:09.423649,0.0,,,,,6.830416679382324,6.684040069580078,1.0,67.49562072753906,62.769691467285156,189.44540405273438,77.5977783203125
68.0,2025-01-16 12:06:17.734787,0.0,,,,,6.908716201782227,6.684040069580078,1.0,67.51240539550781,62.80552291870117,188.7767791748047,77.38155364990234
69.0,2025-01-16 12:06:26.012637,0.0,,,,,6.985685348510742,6.7452592849731445,1.0,67.529052734375,62.8414421081543,188.11875915527344,77.16227722167969
70.0,2025-01-16 12:06:34.617918,0.0,,,,,7.061412334442139,6.806781768798828,1.0,67.5455551147461,62.87742233276367,187.47061157226562,76.94034576416016
71.0,2025-01-16 12:06:42.900215,0.0,,,,,7.13597297668457,6.8685383796691895,1.0,58.166343688964844,58.06707763671875,-26.7921142578125,-9.35508918762207
72.0,2025-01-16 12:06:51.598726,0.0,,,,,6.982206344604492,6.836711883544922,0.0,58.05344009399414,57.986087799072266,-24.461891174316406,-11.685317039489746
73.0,2025-01-16 12:07:00.413562,0.0,,,,,6.835880756378174,6.7463531494140625,0.0,57.92356491088867,57.87576675415039,-23.508840560913086,-14.481854438781738
74.0,2025-01-16 12:07:08.962830,0.0,,,,,6.691914081573486,6.7463531494140625,0.0,57.80804443359375,57.77641296386719,-21.848419189453125,-16.142276763916016
75.0,2025-01-16 12:07:17.631466,0.0,,,,,6.5626749992370605,6.680534362792969,0.0,57.69632339477539,57.674163818359375,-20.6855525970459,-17.305145263671875
76.0,2025-01-16 12:07:26.078409,0.0,,,,,6.438277244567871,6.6098737716674805,0.0,57.5860710144043,57.57075119018555,-19.69411277770996,-18.296579360961914
77.0,2025-01-16 12:07:34.447760,0.0,,,,,6.317368507385254,6.53572416305542,0.0,57.47698974609375,57.46669006347656,-18.827051162719727,-19.163644790649414
78.0,2025-01-16 12:07:42.419878,0.0,,,,,6.199242115020752,6.458792686462402,0.0,57.368927001953125,57.3622932434082,-18.059412002563477,-19.931283950805664
79.0,2025-01-16 12:07:49.891767,0.0,,,,,6.083430290222168,6.379546642303467,0.0,57.26176834106445,57.257774353027344,-17.374637603759766,-20.616052627563477
80.0,2025-01-16 12:07:57.602733,0.0,,,,,5.969590187072754,6.298328399658203,0.0,57.15544128417969,57.15327835083008,-16.760597229003906,-21.2300968170166
81.0,2025-01-16 12:08:05.317991,0.0,,,,,5.857457160949707,6.215403079986572,0.0,67.29651641845703,62.424495697021484,197.55653381347656,78.13735961914062
82.0,2025-01-16 12:08:12.628502,0.0,,,,,5.973978042602539,6.267357349395752,1.0,67.31600952148438,62.44611740112305,196.552734375,78.11357879638672
83.0,2025-01-16 12:08:20.439627,0.0,,,,,6.08622407913208,6.267357349395752,1.0,67.33511352539062,62.46889877319336,195.58702087402344,78.07243347167969
84.0,2025-01-16 12:08:28.580956,0.0,,,,,6.193902015686035,6.2984113693237305,1.0,67.35376739501953,62.49293899536133,194.66421508789062,78.01211547851562
85.0,2025-01-16 12:08:36.231874,0.0,,,,,6.296365737915039,6.333627223968506,1.0,67.18900299072266,61.90578079223633,191.93655395507812,72.49461364746094
86.0,2025-01-16 12:08:43.473677,0.0,,,,,6.339781284332275,6.373186111450195,1.0,67.19664001464844,61.91755294799805,191.57858276367188,72.45001983642578
87.0,2025-01-16 12:08:51.445454,0.0,,,,,6.376490592956543,6.397408485412598,1.0,67.2040023803711,61.932064056396484,191.2674560546875,72.37297821044922
88.0,2025-01-16 12:09:00.152877,0.0,,,,,6.411478519439697,6.397408485412598,1.0,67.21122741699219,61.94709777832031,190.97088623046875,72.2887191772461
89.0,2025-01-16 12:09:08.795486,0.0,,,,,6.4452433586120605,6.4224467277526855,1.0,67.21834564208984,61.96244812011719,190.68487548828125,72.19978332519531
90.0,2025-01-16 12:09:16.822559,0.0,,,,,6.478039264678955,6.448051929473877,1.0,67.22535705566406,61.97800827026367,190.40731811523438,72.10747528076172
91.0,2025-01-16 12:09:25.172802,0.0,,,,,6.510030269622803,6.474066257476807,1.0,67.23229217529297,61.993709564208984,190.1367645263672,72.01261901855469
92.0,2025-01-16 12:09:33.432162,0.0,,,,,6.541330337524414,6.50037956237793,1.0,67.23915100097656,62.0095100402832,189.87222290039062,71.91580963134766
93.0,2025-01-16 12:09:42.189588,0.0,,,,,6.57202672958374,6.526909828186035,1.0,67.24593353271484,62.02537536621094,189.6129150390625,71.81746673583984
94.0,2025-01-16 12:09:50.592950,0.0,,,,,6.60218620300293,6.55359411239624,1.0,67.25265502929688,62.04127883911133,189.3582305908203,71.71793365478516
95.0,2025-01-16 12:09:59.123864,0.0,,,,,6.631862163543701,6.580381870269775,1.0,67.25931549072266,62.05719757080078,189.10769653320312,71.61748504638672
96.0,2025-01-16 12:10:07.421985,0.0,,,,,6.661099433898926,6.607233047485352,1.0,67.26591491699219,62.073116302490234,188.86090087890625,71.51632690429688
97.0,2025-01-16 12:10:16.088529,0.0,,,,,6.689933776855469,6.6341142654418945,1.0,67.26604461669922,62.06754684448242,188.55039978027344,71.21537780761719
98.0,2025-01-16 12:10:24.774869,0.0,,,,,6.716533660888672,6.6601176261901855,1.0,67.27217864990234,62.082847595214844,188.3263702392578,71.1158676147461
99.0,2025-01-16 12:10:33.307194,0.0,,,,,6.742863655090332,6.686044692993164,1.0,67.27827453613281,62.09809112548828,188.10455322265625,71.01642608642578
100.0,2025-01-16 12:10:41.550057,0.0,,,,,6.768937587738037,6.737625598907471,1.0,67.28433227539062,62.11327362060547,187.88479614257812,70.9171142578125
101.0,2025-01-16 12:10:49.453605,0.0,,,,,6.794767379760742,6.737625598907471,1.0,67.29034423828125,62.12839126586914,187.6670379638672,70.81797790527344
102.0,2025-01-16 12:10:57.745392,0.0,,,,,6.820363998413086,6.763260841369629,1.0,67.29631805419922,62.14344024658203,187.45114135742188,70.71908569335938
103.0,2025-01-16 12:11:06.073852,0.0,,,,,6.845736503601074,6.788782596588135,1.0,67.30224609375,62.158416748046875,187.237060546875,70.6204605102539
104.0,2025-01-16 12:11:13.835484,0.0,,,,,6.870893955230713,6.81418514251709,1.0,67.30814361572266,62.17332077026367,187.02467346191406,70.52214050292969
105.0,2025-01-16 12:11:22.446741,0.0,,,,,6.895843505859375,6.839462757110596,1.0,67.31400299072266,62.188148498535156,186.81396484375,70.42416381835938
106.0,2025-01-16 12:11:30.682463,0.0,,,,,6.920591831207275,6.86461067199707,1.0,67.31982421875,62.20289611816406,186.60482788085938,70.32655334472656
107.0,2025-01-16 12:11:39.599607,0.0,,,,,6.945145130157471,6.889625072479248,1.0,67.32560729980469,62.21756362915039,186.39723205566406,70.22933197021484
108.0,2025-01-16 12:11:47.922046,0.0,,,,,6.969508647918701,6.91450309753418,1.0,67.33135223388672,62.23215103149414,186.19113159179688,70.13253021240234
109.0,2025-01-16 12:11:56.377073,0.0,,,,,6.993687152862549,6.98404598236084,1.0,67.48592376708984,62.73994827270508,187.55242919921875,74.5610122680664
110.0,2025-01-16 12:12:04.310295,0.0,,,,,7.060632228851318,6.98404598236084,1.0,67.49983215332031,62.767486572265625,186.9740753173828,74.40653228759766
111.0,2025-01-16 12:12:12.392164,0.0,,,,,7.125758171081543,7.0298848152160645,1.0,58.16002655029297,58.093406677246094,-26.579788208007812,-15.007959365844727
112.0,2025-01-16 12:12:20.303859,0.0,,,,,6.963650703430176,6.9111104011535645,0.0,58.032745361328125,57.98702621459961,-24.750829696655273,-16.836923599243164
113.0,2025-01-16 12:12:27.731072,0.0,,,,,6.817478656768799,6.9111104011535645,0.0,57.90919876098633,57.876380920410156,-23.421470642089844,-18.16628646850586
114.0,2025-01-16 12:12:36.059477,0.0,,,,,6.678219318389893,6.8368425369262695,0.0,57.78758239746094,57.76397705078125,-22.31561279296875,-19.272144317626953
115.0,2025-01-16 12:12:44.092679,0.0,,,,,6.543247222900391,6.7582879066467285,0.0,57.66730880737305,57.65058898925781,-21.35068130493164,-20.237070083618164
116.0,2025-01-16 12:12:51.677728,0.0,,,,,6.411578178405762,6.676429748535156,0.0,57.54815673828125,57.536624908447266,-20.49480438232422,-21.09294319152832
117.0,2025-01-16 12:13:00.223868,0.0,,,,,6.282620906829834,6.591859817504883,0.0,57.43001174926758,57.42235565185547,-19.728694915771484,-21.859054565429688
118.0,2025-01-16 12:13:08.873578,0.0,,,,,6.1559624671936035,6.50499153137207,0.0,57.312767028808594,57.3079719543457,-19.038776397705078,-22.548969268798828
119.0,2025-01-16 12:13:17.192647,0.0,,,,,6.031290054321289,6.416137218475342,0.0,57.196353912353516,57.193607330322266,-18.414794921875,-23.172950744628906
120.0,2025-01-16 12:13:25.566997,0.0,,,,,5.908355236053467,6.325544834136963,0.0,57.08070373535156,57.07935333251953,-17.848556518554688,-23.73918914794922
121.0,2025-01-16 12:13:33.994850,0.0,,,,,5.7869553565979,6.233417510986328,1.0,67.33935546875,62.6004753112793,198.6942138671875,79.48367309570312
122.0,2025-01-16 12:13:41.781678,0.0,,,,,5.921483039855957,6.261730670928955,1.0,67.36181640625,62.62543869018555,197.5388946533203,79.4552993774414
123.0,2025-01-16 12:13:50.223194,0.0,,,,,6.051493167877197,6.293293476104736,1.0,67.38387298583984,62.65156173706055,196.42237854003906,79.40921020507812
124.0,2025-01-16 12:13:58.672533,0.0,,,,,6.176737308502197,6.3283772468566895,1.0,67.40548706054688,62.67893600463867,195.34864807128906,79.34385681152344
125.0,2025-01-16 12:14:07.230864,0.0,,,,,6.29672908782959,6.367493152618408,1.0,67.42652893066406,62.70771408081055,194.32699584960938,79.25614166259766
126.0,2025-01-16 12:14:16.253600,0.0,,,,,6.410076141357422,6.412065505981445,1.0,67.44660949707031,62.73827362060547,193.38787841796875,79.1370620727539
127.0,2025-01-16 12:14:24.703985,0.0,,,,,6.511534214019775,6.46739387512207,1.0,67.46625518798828,62.77318572998047,192.5260467529297,78.96345520019531
128.0,2025-01-16 12:14:32.991528,0.0,,,,,6.608959197998047,6.525645732879639,1.0,67.48560333251953,62.80918502807617,191.6957244873047,78.77385711669922
129.0,2025-01-16 12:14:41.035862,0.0,,,,,6.703416347503662,6.585773468017578,1.0,67.50470733642578,62.845848083496094,190.88917541503906,78.57353210449219
130.0,2025-01-16 12:14:48.963770,0.0,,,,,6.795423984527588,6.647272109985352,1.0,67.52359008789062,62.88297653198242,190.10231018066406,78.36503601074219
131.0,2025-01-16 12:14:57.155924,0.0,,,,,6.885305404663086,6.7098307609558105,1.0,67.54228210449219,62.920448303222656,189.33255004882812,78.1499252319336
132.0,2025-01-16 12:15:05.687963,0.0,,,,,6.973291397094727,6.773230075836182,1.0,67.56078338623047,62.95818328857422,188.57798767089844,77.92931365966797
133.0,2025-01-16 12:15:14.139866,0.0,,,,,7.059557914733887,6.837305068969727,1.0,67.53518676757812,62.85090255737305,187.3784637451172,76.44276428222656
134.0,2025-01-16 12:15:22.118603,0.0,,,,,7.131756782531738,6.896174430847168,0.0,58.16284942626953,58.0709228515625,-26.745784759521484,-10.537721633911133
135.0,2025-01-16 12:15:30.162615,0.0,,,,,6.975823879241943,6.860680103302002,0.0,58.04629898071289,57.98394012451172,-24.509531021118164,-12.773974418640137
136.0,2025-01-16 12:15:38.432596,0.0,,,,,6.827602863311768,6.817474365234375,0.0,57.93095397949219,57.88975524902344,-22.585268020629883,-14.698246002197266
137.0,2025-01-16 12:15:46.023523,0.0,,,,,6.691287517547607,6.762362480163574,0.0,57.81874084472656,57.791107177734375,-21.097990036010742,-16.185518264770508
138.0,2025-01-16 12:15:54.501388,0.0,,,,,6.566010475158691,6.696212291717529,0.0,57.70954895019531,57.69034957885742,-19.994083404541016,-17.289411544799805
139.0,2025-01-16 12:16:02.882690,0.0,,,,,6.4450507164001465,6.625744819641113,0.0,57.60171127319336,57.58861541748047,-19.04596519470215,-18.23754119873047
140.0,2025-01-16 12:16:10.393945,0.0,,,,,6.3273186683654785,6.55204963684082,0.0,57.49498748779297,57.486351013183594,-18.214868545532227,-19.068634033203125
141.0,2025-01-16 12:16:18.674027,0.0,,,,,6.212193965911865,6.397263050079346,0.0,57.38924026489258,57.38383102416992,-17.478511810302734,-19.80497932434082
142.0,2025-01-16 12:16:27.188530,0.0,,,,,6.0992512702941895,6.397263050079346,0.0,57.28437042236328,57.281246185302734,-16.821626663208008,-20.461872100830078
143.0,2025-01-16 12:16:36.009634,0.0,,,,,5.988174915313721,6.3169121742248535,0.0,57.1802978515625,57.1787223815918,-16.232755661010742,-21.050737380981445
144.0,2025-01-16 12:16:44.941814,0.0,,,,,5.878716945648193,6.234943389892578,1.0,67.30894470214844,62.461463928222656,197.45899963378906,78.28685760498047
145.0,2025-01-16 12:16:52.795910,0.0,,,,,5.997180938720703,6.260319709777832,1.0,67.37677001953125,62.64326858520508,196.9132537841797,79.61798095703125
146.0,2025-01-16 12:17:00.825602,0.0,,,,,6.124743461608887,6.295156478881836,1.0,67.39869689941406,62.670711517333984,195.82015991210938,79.5554428100586
147.0,2025-01-16 12:17:08.757704,0.0,,,,,6.247152328491211,6.333909511566162,1.0,67.42009735107422,62.69952392578125,194.77645874023438,79.47130584716797
148.0,2025-01-16 12:17:17.034781,0.0,,,,,6.363348960876465,6.377666473388672,1.0,67.44049835205078,62.72990798950195,193.8146514892578,79.35791015625
149.0,2025-01-16 12:17:24.915140,0.0,,,,,6.467299938201904,6.432518005371094,1.0,67.46043395996094,62.764766693115234,192.93365478515625,79.18827056884766
150.0,2025-01-16 12:17:32.401037,0.0,,,,,6.566673278808594,6.490821361541748,1.0,67.48004913330078,62.80091857910156,192.08778381347656,79.0000228881836
151.0,2025-01-16 12:17:40.991742,0.0,,,,,6.662878513336182,6.551185607910156,1.0,67.4994125366211,62.837806701660156,191.2671356201172,78.80010986328125
152.0,2025-01-16 12:17:48.933711,0.0,,,,,6.756514549255371,6.613025665283203,1.0,67.51854705810547,62.875205993652344,190.4670867919922,78.59149169921875
153.0,2025-01-16 12:17:57.095901,0.0,,,,,6.847938060760498,6.675997734069824,1.0,67.53748321533203,62.91297149658203,189.68479919433594,78.37589263916016
154.0,2025-01-16 12:18:05.594829,0.0,,,,,6.937399387359619,6.739863872528076,1.0,67.55622863769531,62.951019287109375,188.91819763183594,78.15452575683594
155.0,2025-01-16 12:18:13.848036,0.0,,,,,7.025084972381592,6.804447650909424,1.0,67.57479858398438,62.98927688598633,188.16580200195312,77.92826080322266
156.0,2025-01-16 12:18:22.180319,0.0,,,,,7.111142635345459,6.86961030960083,0.0,58.177757263183594,58.089454650878906,-24.747238159179688,-8.17585277557373
157.0,2025-01-16 12:18:30.498699,0.0,,,,,6.970096588134766,6.841618061065674,0.0,58.09879684448242,58.044960021972656,-20.84004020690918,-9.10076904296875
158.0,2025-01-16 12:18:39.572729,0.0,,,,,6.846912384033203,6.811075210571289,0.0,58.005096435546875,57.97217559814453,-18.773244857788086,-11.167561531066895
159.0,2025-01-16 12:18:48.048737,0.0,,,,,6.7320051193237305,6.772256374359131,0.0,57.91339874267578,57.89387893676758,-17.101980209350586,-12.838822364807129
160.0,2025-01-16 12:18:56.253767,0.0,,,,,6.630694389343262,6.719840049743652,0.0,57.82543182373047,57.812957763671875,-16.002037048339844,-13.938762664794922
161.0,2025-01-16 12:19:04.143387,0.0,,,,,6.533751487731934,6.66305685043335,0.0,57.738853454589844,57.7310905456543,-15.092184066772461,-14.848613739013672
162.0,2025-01-16 12:19:12.556625,0.0,,,,,6.439857482910156,6.603224277496338,0.0,57.65335464477539,57.6487922668457,-14.3157377243042,-15.625062942504883
163.0,2025-01-16 12:19:20.726801,0.0,,,,,6.34834098815918,6.541014194488525,0.0,57.568782806396484,57.566349029541016,-13.643564224243164,-16.2972354888916
164.0,2025-01-16 12:19:28.999914,0.0,,,,,6.258762836456299,6.476865768432617,0.0,57.48502731323242,57.48394012451172,-13.056572914123535,-16.884225845336914
165.0,2025-01-16 12:19:37.243020,0.0,,,,,6.170805931091309,6.411096572875977,0.0,57.40199661254883,57.40167236328125,-12.540857315063477,-17.39993667602539
166.0,2025-01-16 12:19:45.297894,0.0,,,,,6.084225654602051,6.2756218910217285,0.0,57.31962203979492,57.31960678100586,-12.0855073928833,-17.855287551879883
167.0,2025-01-16 12:19:53.443905,0.0,,,,,5.9988274574279785,6.206273555755615,0.0,57.23780822753906,57.23790740966797,-11.685513496398926,-18.255281448364258
168.0,2025-01-16 12:20:02.049042,0.0,,,,,5.914449214935303,6.206273555755615,1.0,67.39321899414062,62.72026824951172,197.9278564453125,80.71875
169.0,2025-01-16 12:20:10.457662,0.0,,,,,6.052998065948486,6.244507789611816,1.0,67.34595489501953,62.51383590698242,196.03994750976562,78.65299224853516
170.0,2025-01-16 12:20:17.925684,0.0,,,,,6.166383266448975,6.277482509613037,1.0,67.36559295654297,62.53923797607422,195.06956481933594,78.58826446533203
171.0,2025-01-16 12:20:26.035813,0.0,,,,,6.274439811706543,6.360815048217773,1.0,67.38440704345703,62.566001892089844,194.1670684814453,78.49897766113281
172.0,2025-01-16 12:20:33.666067,0.0,,,,,6.372491359710693,6.360815048217773,1.0,67.40260314941406,62.59627151489258,193.34405517578125,78.36309814453125
173.0,2025-01-16 12:20:42.370080,0.0,,,,,6.463607311248779,6.412861347198486,1.0,67.42044067382812,62.6288948059082,192.57025146484375,78.19657897949219
174.0,2025-01-16 12:20:50.718644,0.0,,,,,6.55140495300293,6.467218399047852,1.0,67.43802642822266,62.662376403808594,191.8229217529297,78.01724243164062
175.0,2025-01-16 12:20:58.726785,0.0,,,,,6.6366496086120605,6.523136138916016,1.0,67.45538330078125,62.696407318115234,191.0963134765625,77.82887268066406
176.0,2025-01-16 12:21:11.127484,0.0,,,,,6.6366496086120605,6.6382155418396,1.0,67.47254180908203,62.7308349609375,190.38720703125,77.82887268066406
177.0,2025-01-16 12:21:21.742997,0.0,,,,,6.6366496086120605,6.696930885314941,1.0,67.47254180908203,62.7308349609375,190.38720703125,77.63346862792969
178.0,2025-01-16 12:21:33.614126,0.0,,,,,6.6366496086120605,6.696930885314941,1.0,67.4895248413086,62.765560150146484,189.693359375,77.43232727050781
179.0,2025-01-16 12:21:45.299213,0.0,,,,,6.6366496086120605,6.756224155426025,1.0,67.50634002685547,62.80050277709961,189.0131378173828,77.01646423339844
180.0,2025-01-16 12:21:55.938878,0.0,,,,,6.6366496086120605,6.815980434417725,1.0,67.53949737548828,62.870845794677734,187.6886749267578,76.80304718017578
181.0,2025-01-16 12:22:06.720924,0.0,,,,,6.6366496086120605,6.9434709548950195,1.0,67.6090316772461,63.081661224365234,187.59835815429688,78.10638427734375
182.0,2025-01-16 12:22:18.108732,0.0,,,,,6.6366496086120605,6.918704509735107,0.0,58.272132873535156,58.18059539794922,-24.40816879272461,-7.09989070892334
183.0,2025-01-16 12:22:28.948858,0.0,,,,,6.6366496086120605,6.886754035949707,0.0,58.173946380615234,58.11408996582031,-24.40816879272461,-7.09989070892334
184.0,2025-01-16 12:22:40.648357,0.0,,,,,6.6366496086120605,6.8466410636901855,0.0,58.173946380615234,58.11408996582031,-21.988906860351562,-9.519152641296387
185.0,2025-01-16 12:22:52.587718,0.0,,,,,6.6366496086120605,6.8466410636901855,0.0,58.07536315917969,58.037845611572266,-19.897226333618164,-11.610823631286621
186.0,2025-01-16 12:23:03.911927,0.0,,,,,6.6366496086120605,6.792362213134766,0.0,57.97879409790039,57.9559440612793,-18.18427276611328,-14.468317985534668
187.0,2025-01-16 12:23:14.673425,0.0,,,,,6.6366496086120605,6.7333292961120605,0.0,57.794639587402344,57.785064697265625,-16.092897415161133,-15.41515064239502
188.0,2025-01-16 12:23:25.364810,0.0,,,,,6.6366496086120605,6.606223106384277,0.0,57.70442581176758,57.69855880737305,-15.282305717468262,-16.225738525390625
189.0,2025-01-16 12:23:36.756954,0.0,,,,,6.6366496086120605,6.539340972900391,0.0,57.61517333984375,57.61184310913086,-14.577885627746582,-16.225738525390625
190.0,2025-01-16 12:23:47.277263,0.0,,,,,6.6366496086120605,6.470729827880859,0.0,57.61517333984375,57.61184310913086,-14.577885627746582,-16.930158615112305
191.0,2025-01-16 12:23:59.290908,0.0,,,,,6.6366496086120605,6.470729827880859,0.0,57.52676773071289,57.52510452270508,-13.960257530212402,-17.54779052734375
192.0,2025-01-16 12:24:11.070476,0.0,,,,,6.6366496086120605,6.400645732879639,0.0,57.43912124633789,57.438480377197266,-13.415421485900879,-18.57550621032715
193.0,2025-01-16 12:24:21.750311,0.0,,,,,6.6366496086120605,6.329293251037598,0.0,57.26137924194336,57.26136016845703,-12.968416213989258,-19.132556915283203
194.0,2025-01-16 12:24:32.174607,0.0,,,,,6.6366496086120605,6.181797981262207,0.0,57.17365646362305,57.173744201660156,-12.562602043151855,-19.538372039794922
195.0,2025-01-16 12:24:44.413779,0.0,,,,,6.6366496086120605,6.1066365242004395,0.0,57.08637237548828,57.08677673339844,-12.210118293762207,-19.890851974487305
196.0,2025-01-16 12:24:55.222806,0.0,,,,,6.6366496086120605,6.030692100524902,0.0,56.99951171875,57.0003547668457,-12.210118293762207,-19.890851974487305
197.0,2025-01-16 12:25:06.554887,0.0,,,,,6.6366496086120605,6.030692100524902,0.0,56.99951171875,57.0003547668457,-11.902021408081055,-20.19894027709961
198.0,2025-01-16 12:25:18.615978,0.0,,,,,6.6366496086120605,6.064288139343262,1.0,67.32003021240234,62.53784942626953,199.68238830566406,80.66166687011719
199.0,2025-01-16 12:25:30.200777,0.0,,,,,6.6366496086120605,6.101463794708252,1.0,67.343017578125,62.56535339355469,197.40415954589844,80.54035949707031
200.0,2025-01-16 12:25:41.514593,0.0,,,,,6.6366496086120605,6.142737865447998,1.0,67.38752746582031,62.62430953979492,196.33909606933594,80.4474868774414
201.0,2025-01-16 12:25:51.948852,0.0,,,,,6.6366496086120605,6.247392177581787,1.0,67.40849304199219,62.656280517578125,195.3582305908203,80.32310485839844
202.0,2025-01-16 12:26:02.947850,0.0,,,,,6.6366496086120605,6.308337688446045,1.0,67.42903137207031,62.692710876464844,194.4558563232422,80.32310485839844
203.0,2025-01-16 12:26:13.465828,0.0,,,,,6.6366496086120605,6.371245384216309,1.0,67.42903137207031,62.692710876464844,194.4558563232422,80.14311981201172
204.0,2025-01-16 12:26:25.003477,0.0,,,,,6.6366496086120605,6.371245384216309,1.0,67.44926452636719,62.730281829833984,193.58604431152344,79.94647979736328
205.0,2025-01-16 12:26:36.135451,0.0,,,,,6.6366496086120605,6.435587406158447,1.0,67.46924591064453,62.76854705810547,191.02967834472656,77.05169677734375
206.0,2025-01-16 12:26:46.790935,0.0,,,,,6.6366496086120605,6.544313430786133,1.0,67.41751861572266,62.5511360168457,190.4320526123047,76.86002349853516
207.0,2025-01-16 12:26:57.656153,0.0,,,,,6.6366496086120605,6.599230766296387,1.0,67.43235778808594,62.5833625793457,189.8447723388672,76.66522216796875
208.0,2025-01-16 12:27:09.259772,0.0,,,,,6.6366496086120605,6.557304859161377,0.0,57.81684875488281,57.72942352294922,189.8447723388672,76.66522216796875
209.0,2025-01-16 12:27:20.898015,0.0,,,,,6.6366496086120605,6.507020950317383,0.0,57.81684875488281,57.72942352294922,-27.52193832397461,-12.492791175842285
210.0,2025-01-16 12:27:32.285919,0.0,,,,,6.6366496086120605,6.507020950317383,0.0,57.69198989868164,57.63200759887695,-25.40266990661621,-14.612059593200684
211.0,2025-01-16 12:27:43.293927,0.0,,,,,6.6366496086120605,6.440884590148926,0.0,57.56965255737305,57.529109954833984,-23.6119384765625,-17.681011199951172
212.0,2025-01-16 12:27:53.996806,0.0,,,,,6.6366496086120605,6.368587493896484,0.0,57.33433532714844,57.31388854980469,-21.262453079223633,-18.75227165222168
213.0,2025-01-16 12:28:04.432666,0.0,,,,,6.6366496086120605,6.212802410125732,0.0,57.21884536743164,57.20461654663086,-20.328256607055664,-19.686473846435547
214.0,2025-01-16 12:28:15.008609,0.0,,,,,6.6366496086120605,6.130764484405518,0.0,57.10445022583008,57.094852447509766,-19.501033782958984,-20.51369857788086
215.0,2025-01-16 12:28:25.745697,0.0,,,,,6.6366496086120605,6.046539306640625,0.0,56.991024017333984,56.984840393066406,-19.501033782958984,-20.51369857788086
216.0,2025-01-16 12:28:36.936278,0.0,,,,,6.6366496086120605,6.046539306640625,0.0,56.991024017333984,56.984840393066406,-18.762046813964844,-21.252674102783203
217.0,2025-01-16 12:28:48.512475,0.0,,,,,6.6366496086120605,5.96042537689209,0.0,56.878475189208984,56.8747673034668,-18.098031997680664,-21.916690826416016
218.0,2025-01-16 12:28:59.754886,0.0,,,,,6.6366496086120605,5.8785200119018555,0.0,56.8054313659668,56.80545425415039,-13.739845275878906,-21.867773056030273
219.0,2025-01-16 12:29:10.150687,0.0,,,,,6.6366496086120605,5.71191930770874,0.0,56.61183166503906,56.612518310546875,-13.404397010803223,-22.203208923339844
220.0,2025-01-16 12:29:20.356808,0.0,,,,,6.6366496086120605,5.627437591552734,0.0,56.51565933227539,56.51686477661133,-13.106971740722656,-22.500638961791992
221.0,2025-01-16 12:29:31.223825,0.0,,,,,6.6366496086120605,5.5422844886779785,0.0,56.41987609863281,56.42164993286133,-12.842171669006348,-22.500638961791992
222.0,2025-01-16 12:29:42.174634,0.0,,,,,6.6366496086120605,5.456532955169678,0.0,56.41987609863281,56.42164993286133,-12.842171669006348,-22.765432357788086
223.0,2025-01-16 12:29:53.157827,0.0,,,,,6.6366496086120605,5.456532955169678,0.0,56.3244514465332,56.32681655883789,-12.605647087097168,-23.0019588470459
224.0,2025-01-16 12:30:04.618631,0.0,,,,,6.6366496086120605,5.484299659729004,1.0,67.13826751708984,62.08019256591797,204.7872314453125,81.63031768798828
225.0,2025-01-16 12:30:15.581867,0.0,,,,,6.6366496086120605,5.515279293060303,1.0,67.1817626953125,62.13024139404297,202.56690979003906,81.55825805664062
226.0,2025-01-16 12:30:25.677847,0.0,,,,,6.6366496086120605,5.58810567855835,1.0,67.202880859375,62.15708541870117,201.51658630371094,81.49527740478516
227.0,2025-01-16 12:30:36.020756,0.0,,,,,6.6366496086120605,5.6316046714782715,1.0,67.22348022460938,62.18532180786133,200.51515197753906,81.41114807128906
228.0,2025-01-16 12:30:46.811636,0.0,,,,,6.6366496086120605,5.686046123504639,1.0,67.24310302734375,62.215206146240234,200.51515197753906,81.41114807128906
229.0,2025-01-16 12:30:58.110880,0.0,,,,,6.6366496086120605,5.742510795593262,1.0,67.24310302734375,62.215206146240234,199.59393310546875,81.29806518554688
230.0,2025-01-16 12:31:09.212706,0.0,,,,,6.6366496086120605,5.742510795593262,1.0,67.25321960449219,62.21882247924805,198.6595001220703,80.87521362304688
231.0,2025-01-16 12:31:20.737682,0.0,,,,,6.6366496086120605,5.800892353057861,1.0,67.27165222167969,62.25364303588867,197.868408203125,80.69454956054688
232.0,2025-01-16 12:31:32.006281,0.0,,,,,6.6366496086120605,5.86066198348999,1.0,67.28984832763672,62.28915786743164,196.35177612304688,80.30409240722656
233.0,2025-01-16 12:31:42.155937,0.0,,,,,6.6366496086120605,5.983185291290283,1.0,67.32563018798828,62.36150360107422,195.6195068359375,80.09846496582031
234.0,2025-01-16 12:31:52.824608,0.0,,,,,6.6366496086120605,5.946221828460693,0.0,57.225948333740234,57.147705078125,-25.41909408569336,-11.012749671936035
235.0,2025-01-16 12:32:03.585618,0.0,,,,,6.6366496086120605,5.901163578033447,0.0,57.11209487915039,57.05998992919922,-23.281532287597656,-11.012749671936035
236.0,2025-01-16 12:32:14.152741,0.0,,,,,6.6366496086120605,5.840877532958984,0.0,57.11209487915039,57.05998992919922,-23.281532287597656,-13.150312423706055
237.0,2025-01-16 12:32:25.153593,0.0,,,,,6.6366496086120605,5.840877532958984,0.0,57.00040817260742,56.96643829345703,-21.485980987548828,-14.945856094360352
238.0,2025-01-16 12:32:36.681010,0.0,,,,,6.6366496086120605,5.774624347686768,0.0,56.8924560546875,56.86904525756836,-20.227458953857422,-16.20438003540039
239.0,2025-01-16 12:32:47.118605,0.0,,,,,6.6366496086120605,5.704534530639648,0.0,56.6812744140625,56.6705322265625,-18.287111282348633,-18.144725799560547
240.0,2025-01-16 12:32:57.485648,0.0,,,,,6.6366496086120605,5.556021213531494,0.0,56.57736587524414,56.57046890258789,-17.49718475341797,-18.93464469909668
241.0,2025-01-16 12:33:08.480783,0.0,,,,,6.6366496086120605,5.4875569343566895,0.0,56.527565002441406,56.52759552001953,-11.729381561279297,-17.978246688842773
242.0,2025-01-16 12:33:19.384883,0.0,,,,,6.6366496086120605,5.4181694984436035,0.0,56.44667053222656,56.44694900512695,-11.366838455200195,-17.978246688842773
243.0,2025-01-16 12:33:29.171492,0.0,,,,,6.6366496086120605,5.347986221313477,0.0,56.44667053222656,56.44694900512695,-11.366838455200195,-18.340789794921875
244.0,2025-01-16 12:33:40.643807,0.0,,,,,6.6366496086120605,5.347986221313477,0.0,56.36619567871094,56.36687088012695,-11.053569793701172,-18.6540584564209
245.0,2025-01-16 12:33:52.038928,0.0,,,,,6.6366496086120605,5.277112007141113,0.0,56.2861213684082,56.28725814819336,-10.781037330627441,-19.164888381958008
246.0,2025-01-16 12:34:01.915001,0.0,,,,,6.6366496086120605,5.205634117126465,0.0,56.12704086303711,56.129173278808594,-10.33353042602539,-19.37409210205078
247.0,2025-01-16 12:34:12.518729,0.0,,,,,6.6366496086120605,5.061156272888184,0.0,56.047969818115234,56.05059814453125,-10.149262428283691,-19.558361053466797
248.0,2025-01-16 12:34:23.755279,0.0,,,,,6.6366496086120605,4.988274574279785,0.0,55.96917724609375,55.97228240966797,-9.98651123046875,-19.721107482910156
249.0,2025-01-16 12:34:34.484044,0.0,,,,,6.6366496086120605,5.029720306396484,1.0,67.11734008789062,62.0544319152832,-9.98651123046875,-19.721107482910156
250.0,2025-01-16 12:34:45.319913,0.0,,,,,6.6366496086120605,5.075120449066162,1.0,67.11734008789062,62.0544319152832,208.19732666015625,85.22313690185547
251.0,2025-01-16 12:34:57.487037,0.0,,,,,6.6366496086120605,5.075120449066162,1.0,67.14256286621094,62.08647537231445,206.94309997558594,85.14810180664062
252.0,2025-01-16 12:35:08.792696,0.0,,,,,6.6366496086120605,5.125268936157227,1.0,67.16728210449219,62.119895935058594,205.7358856201172,85.0523910522461
253.0,2025-01-16 12:35:19.664802,0.0,,,,,6.6366496086120605,5.185731410980225,1.0,67.26605224609375,62.36984634399414,204.0607147216797,86.15879821777344
254.0,2025-01-16 12:35:30.157398,0.0,,,,,6.6366496086120605,5.336538791656494,1.0,67.29133605957031,62.415279388427734,202.9530792236328,85.93375396728516
255.0,2025-01-16 12:35:40.909812,0.0,,,,,6.6366496086120605,5.415561676025391,1.0,67.3163070678711,62.4617919921875,201.87789916992188,85.69263458251953
256.0,2025-01-16 12:35:51.404820,0.0,,,,,6.6366496086120605,5.496169090270996,1.0,67.34101104736328,62.50902557373047,200.82846069335938,85.69263458251953
257.0,2025-01-16 12:36:01.774617,0.0,,,,,6.6366496086120605,5.578030586242676,1.0,67.34101104736328,62.50902557373047,200.82846069335938,85.43997192382812
258.0,2025-01-16 12:36:13.046805,0.0,,,,,6.6366496086120605,5.578030586242676,1.0,67.36547088623047,62.5567741394043,199.80096435546875,85.17817687988281
259.0,2025-01-16 12:36:24.363169,0.0,,,,,6.6366496086120605,5.660908222198486,1.0,67.38970947265625,62.60491943359375,198.7928466796875,84.63304901123047
260.0,2025-01-16 12:36:34.412961,0.0,,,,,6.6366496086120605,5.744618892669678,0.0,57.16127014160156,57.0376091003418,-23.914283752441406,-1.1564319133758545
261.0,2025-01-16 12:36:44.507628,0.0,,,,,6.6366496086120605,5.719992637634277,0.0,57.08776092529297,57.00920867919922,-20.89713478088379,-4.173585414886475
262.0,2025-01-16 12:36:55.165883,0.0,,,,,6.6366496086120605,5.697198867797852,0.0,57.010318756103516,56.96254348754883,-18.33818817138672,-6.732532024383545
263.0,2025-01-16 12:37:05.585942,0.0,,,,,6.6366496086120605,5.666872501373291,0.0,56.931617736816406,56.904300689697266,-18.33818817138672,-6.732532024383545
264.0,2025-01-16 12:37:17.086592,0.0,,,,,6.6366496086120605,5.623498916625977,0.0,56.931617736816406,56.904300689697266,-16.173450469970703,-8.897265434265137
265.0,2025-01-16 12:37:28.674875,0.0,,,,,6.6366496086120605,5.623498916625977,0.0,56.85417556762695,56.839447021484375,-14.430983543395996,-10.639727592468262
266.0,2025-01-16 12:37:40.134461,0.0,,,,,6.6366496086120605,5.566940784454346,0.0,56.73673629760742,56.71942138671875,-17.23006820678711,-14.848011016845703
267.0,2025-01-16 12:37:50.582947,0.0,,,,,6.6366496086120605,5.506688594818115,0.0,56.556793212890625,56.54985809326172,-15.357803344726562,-15.706025123596191
268.0,2025-01-16 12:38:00.950878,0.0,,,,,6.6366496086120605,5.378437519073486,0.0,56.468448638916016,56.46440505981445,-14.617133140563965,-16.446693420410156
269.0,2025-01-16 12:38:11.568720,0.0,,,,,6.6366496086120605,5.311366081237793,0.0,56.3809928894043,56.37887954711914,-13.970743179321289,-17.093082427978516
270.0,2025-01-16 12:38:22.040151,0.0,,,,,6.6366496086120605,5.24274206161499,0.0,56.2943229675293,56.293418884277344,-13.970743179321289,-17.093082427978516
271.0,2025-01-16 12:38:33.454400,0.0,,,,,6.6366496086120605,5.172787189483643,0.0,56.2943229675293,56.293418884277344,-13.402609825134277,-17.661216735839844
272.0,2025-01-16 12:38:44.717210,0.0,,,,,6.6366496086120605,5.172787189483643,0.0,56.2083625793457,56.208126068115234,-12.900653839111328,-18.163164138793945
273.0,2025-01-16 12:38:55.461865,0.0,,,,,6.6366496086120605,5.101681709289551,0.0,56.123043060302734,56.123043060302734,-12.063992500305176,-18.999832153320312
274.0,2025-01-16 12:39:05.486600,0.0,,,,,6.6366496086120605,4.956617832183838,0.0,55.953895568847656,55.95438766479492,-11.72551155090332,-19.33831024169922
275.0,2025-01-16 12:39:15.515755,0.0,,,,,6.6366496086120605,4.9970855712890625,1.0,67.0987548828125,61.987403869628906,208.10304260253906,84.94071197509766
276.0,2025-01-16 12:39:26.152954,0.0,,,,,6.6366496086120605,5.041531085968018,1.0,67.12318420410156,62.01860427856445,208.10304260253906,84.94071197509766
277.0,2025-01-16 12:39:36.950697,0.0,,,,,6.6366496086120605,5.090450286865234,1.0,67.12318420410156,62.01860427856445,206.8899688720703,84.86653137207031
278.0,2025-01-16 12:39:48.016927,0.0,,,,,6.6366496086120605,5.090450286865234,1.0,67.14404296875,62.0407829284668,205.6953887939453,84.68811798095703
279.0,2025-01-16 12:39:59.244118,0.0,,,,,6.6366496086120605,5.150671005249023,1.0,67.16678619384766,62.07460021972656,204.6179656982422,84.3904800415039
280.0,2025-01-16 12:40:09.588849,0.0,,,,,6.6366496086120605,5.215987205505371,1.0,67.21085357666016,62.15312194824219,202.6734619140625,84.18859100341797
281.0,2025-01-16 12:40:19.552830,0.0,,,,,6.6366496086120605,5.353522300720215,1.0,67.23243713378906,62.19428253173828,201.75144958496094,83.97310638427734
282.0,2025-01-16 12:40:30.423973,0.0,,,,,6.6366496086120605,5.42454719543457,1.0,67.25377655029297,62.23606491088867,200.85218811035156,83.97310638427734
283.0,2025-01-16 12:40:40.523702,0.0,,,,,6.6366496086120605,5.4966511726379395,1.0,67.25377655029297,62.23606491088867,200.85218811035156,83.74771118164062
284.0,2025-01-16 12:40:51.689802,0.0,,,,,6.6366496086120605,5.4966511726379395,1.0,67.27489471435547,62.27830123901367,199.97239685058594,83.5144271850586
285.0,2025-01-16 12:41:02.831355,0.0,,,,,6.6366496086120605,5.569626331329346,1.0,67.29580688476562,62.320884704589844,198.26268005371094,83.029296875
286.0,2025-01-16 12:41:13.099357,0.0,,,,,6.6366496086120605,5.62030553817749,0.0,56.98921585083008,56.889766693115234,-24.88023567199707,-6.4569807052612305
287.0,2025-01-16 12:41:23.836844,0.0,,,,,6.6366496086120605,5.59018087387085,0.0,56.89189910888672,56.82642364501953,-22.38633155822754,-8.950882911682129
288.0,2025-01-16 12:41:35.292849,0.0,,,,,6.6366496086120605,5.5522966384887695,0.0,56.79376983642578,56.75242614746094,-20.22129249572754,-11.115920066833496
289.0,2025-01-16 12:41:45.808668,0.0,,,,,6.6366496086120605,5.5037841796875,0.0,56.79376983642578,56.75242614746094,-20.22129249572754,-11.115920066833496
290.0,2025-01-16 12:41:56.853767,0.0,,,,,6.6366496086120605,5.5037841796875,0.0,56.716156005859375,56.694854736328125,-16.940853118896484,-11.977156639099121
291.0,2025-01-16 12:42:08.459572,0.0,,,,,6.6366496086120605,5.450024604797363,0.0,56.630558013916016,56.617149353027344,-15.752492904663086,-13.165508270263672
292.0,2025-01-16 12:42:18.912742,0.0,,,,,6.6366496086120605,5.392949104309082,0.0,56.54656982421875,56.538265228271484,-13.993773460388184,-14.924233436584473
293.0,2025-01-16 12:42:29.524909,0.0,,,,,6.6366496086120605,5.271758556365967,0.0,56.3818359375,56.379215240478516,-13.30245590209961,-15.615553855895996
294.0,2025-01-16 12:42:39.738918,0.0,,,,,6.6366496086120605,5.2084856033325195,0.0,56.300785064697266,56.299591064453125,-12.702414512634277,-16.215593338012695
295.0,2025-01-16 12:42:50.263508,0.0,,,,,6.6366496086120605,5.143805980682373,0.0,56.22047424316406,56.220096588134766,-12.702414512634277,-16.215593338012695
296.0,2025-01-16 12:43:00.881897,0.0,,,,,6.6366496086120605,5.143805980682373,0.0,56.22047424316406,56.220096588134766,-12.177978515625,-16.740026473999023
297.0,2025-01-16 12:43:11.703508,0.0,,,,,6.6366496086120605,5.077925682067871,0.0,56.14082717895508,56.14080047607422,-11.717135429382324,-17.604812622070312
298.0,2025-01-16 12:43:21.753639,0.0,,,,,6.6366496086120605,5.011014938354492,0.0,55.98312759399414,55.983497619628906,-10.966963768005371,-17.95103645324707
299.0,2025-01-16 12:43:32.019602,0.0,,,,,6.6366496086120605,4.874673366546631,0.0,55.90491485595703,55.90569305419922,-10.66817569732666,-18.24982452392578
300.0,2025-01-16 12:43:42.329724,0.0,,,,,6.6366496086120605,4.8054656982421875,0.0,55.82708740234375,55.82833480834961,-10.408658027648926,-18.509336471557617
301.0,2025-01-16 12:43:49.950532,0.0,,,,,4.693868160247803,4.869564533233643,1.0,67.24645233154297,62.509666442871094,210.76795959472656,90.18748474121094
302.0,2025-01-16 12:43:57.305759,0.0,,,,,4.693868160247803,4.869564533233643,1.0,67.27930450439453,62.5550651550293,209.17886352539062,90.04520416259766
303.0,2025-01-16 12:44:05.001017,0.0,,,,,4.882338047027588,4.939134120941162,1.0,67.31097412109375,62.60196304321289,207.68240356445312,89.87232208251953
304.0,2025-01-16 12:44:12.981809,0.0,,,,,5.056480884552002,5.021242618560791,1.0,67.34199523925781,62.653499603271484,206.28099060058594,89.63893127441406
305.0,2025-01-16 12:44:20.504702,0.0,,,,,5.2215800285339355,5.110644340515137,1.0,67.37261962890625,62.70772933959961,204.93576049804688,89.36988830566406
306.0,2025-01-16 12:44:28.539776,0.0,,,,,5.38163423538208,5.203361511230469,1.0,67.40291595458984,62.763099670410156,203.62527465820312,89.08345031738281
307.0,2025-01-16 12:44:36.352499,0.0,,,,,5.537653923034668,5.298403263092041,1.0,67.43292999267578,62.81922912597656,202.34286499023438,88.78421020507812
308.0,2025-01-16 12:44:44.343594,0.0,,,,,5.6901984214782715,5.395226001739502,1.0,67.4626693725586,62.87592315673828,201.08460998535156,88.47471618652344
309.0,2025-01-16 12:44:52.369664,0.0,,,,,5.839639663696289,5.592884540557861,1.0,67.49217224121094,62.933048248291016,199.84780883789062,88.15658569335938
310.0,2025-01-16 12:45:00.301599,0.0,,,,,5.986250877380371,5.592884540557861,1.0,67.52144622802734,62.99050521850586,198.63047790527344,87.83104705810547
311.0,2025-01-16 12:45:08.018225,0.0,,,,,6.130245685577393,5.6932597160339355,1.0,67.55049896240234,63.0482292175293,197.4310302734375,87.4990234375
312.0,2025-01-16 12:45:15.682919,0.0,,,,,6.271798133850098,5.794437408447266,1.0,67.57935333251953,63.10615539550781,196.24818420410156,87.16124725341797
313.0,2025-01-16 12:45:22.906565,0.0,,,,,6.41105318069458,5.896284103393555,1.0,67.39873504638672,62.46156311035156,192.9635772705078,81.14553833007812
314.0,2025-01-16 12:45:29.929913,0.0,,,,,6.489815711975098,5.972187519073486,1.0,67.41643524169922,62.504173278808594,192.30764770507812,80.86824798583984
315.0,2025-01-16 12:45:38.006646,0.0,,,,,6.567811965942383,6.047858238220215,1.0,67.43404388427734,62.546634674072266,191.65695190429688,80.59095764160156
316.0,2025-01-16 12:45:45.766671,0.0,,,,,6.645060062408447,6.198448657989502,1.0,67.45155334472656,62.58894348144531,191.0113525390625,80.31363677978516
317.0,2025-01-16 12:45:53.404651,0.0,,,,,6.721579074859619,6.198448657989502,1.0,67.4689712524414,62.63109588623047,190.3707275390625,80.03634643554688
318.0,2025-01-16 12:46:00.707924,0.0,,,,,6.797384738922119,6.273344039916992,1.0,67.48628997802734,62.67308807373047,189.7349395751953,79.75916290283203
319.0,2025-01-16 12:46:08.462870,0.0,,,,,6.872494220733643,6.347958087921143,1.0,67.50352478027344,62.71491622924805,189.10386657714844,79.48214721679688
320.0,2025-01-16 12:46:16.248451,0.0,,,,,6.946922302246094,6.422280788421631,1.0,67.52066040039062,62.75657653808594,188.4774169921875,79.2053451538086
321.0,2025-01-16 12:46:24.075888,0.0,,,,,7.020683288574219,6.496303081512451,1.0,67.53770446777344,62.79806137084961,187.85546875,78.92880249023438
322.0,2025-01-16 12:46:31.699612,0.0,,,,,7.093791961669922,6.570015907287598,0.0,58.041404724121094,57.85276412963867,-31.117752075195312,-3.070034980773926
323.0,2025-01-16 12:46:39.261735,0.0,,,,,6.933589458465576,6.554685592651367,0.0,57.939674377441406,57.8065185546875,-28.12752914428711,-6.06025505065918
324.0,2025-01-16 12:46:46.792961,0.0,,,,,6.780604839324951,6.532138347625732,0.0,57.83439636230469,57.74277877807617,-25.485855102539062,-8.701931953430176
325.0,2025-01-16 12:46:55.415909,0.0,,,,,6.634749412536621,6.502460956573486,0.0,57.826087951660156,57.779541015625,-16.16914939880371,-3.770059585571289
326.0,2025-01-16 12:47:03.792763,0.0,,,,,6.54612922668457,6.488707542419434,0.0,57.76382064819336,57.739234924316406,-13.780607223510742,-6.158592700958252
327.0,2025-01-16 12:47:12.220899,0.0,,,,,6.464421272277832,6.46804141998291,0.0,57.70146942138672,57.68972396850586,-11.872282981872559,-8.066919326782227
328.0,2025-01-16 12:47:19.931870,0.0,,,,,6.394300937652588,6.435787677764893,0.0,57.641944885253906,57.63600540161133,-10.672602653503418,-9.266593933105469
329.0,2025-01-16 12:47:27.983201,0.0,,,,,6.329684734344482,6.3574371337890625,0.0,57.584197998046875,57.5812873840332,-9.8112211227417,-10.127981185913086
330.0,2025-01-16 12:47:35.679174,0.0,,,,,6.2679033279418945,6.3574371337890625,0.0,57.527503967285156,57.52627944946289,-9.12551212310791,-10.813687324523926
331.0,2025-01-16 12:47:42.999181,0.0,,,,,6.208137512207031,6.314828872680664,0.0,57.47165298461914,57.47129821777344,-8.565051078796387,-11.37414264678955
332.0,2025-01-16 12:47:50.858768,0.0,,,,,6.149913311004639,6.270679473876953,0.0,57.41650390625,57.41648483276367,-8.100418090820312,-11.838781356811523
333.0,2025-01-16 12:47:58.604462,0.0,,,,,6.092909336090088,6.225309371948242,0.0,57.3619384765625,57.36201477050781,-7.715760231018066,-12.223443031311035
334.0,2025-01-16 12:48:06.235493,0.0,,,,,6.036886215209961,6.178958415985107,0.0,57.307804107666016,57.30813980102539,-7.40537691116333,-12.533814430236816
335.0,2025-01-16 12:48:14.531103,0.0,,,,,5.98165225982666,6.131818771362305,0.0,57.254066467285156,57.254730224609375,-7.151636600494385,-12.787557601928711
336.0,2025-01-16 12:48:22.113958,0.0,,,,,5.927061557769775,6.084035396575928,0.0,67.49760437011719,63.034751892089844,198.8483428955078,84.29812622070312
337.0,2025-01-16 12:48:30.032985,0.0,,,,,6.090319633483887,6.1430206298828125,1.0,67.46218872070312,62.8638916015625,196.85830688476562,82.43063354492188
338.0,2025-01-16 12:48:37.743843,0.0,,,,,6.225465774536133,6.2027268409729,1.0,67.48661804199219,62.90302276611328,195.739990234375,82.26155090332031
339.0,2025-01-16 12:48:45.185512,0.0,,,,,6.349959373474121,6.271706581115723,1.0,67.5106430053711,62.94578552246094,194.6893310546875,82.04581451416016
340.0,2025-01-16 12:48:53.608828,0.0,,,,,6.470281600952148,6.417238235473633,1.0,67.53436279296875,62.98954772949219,193.6702880859375,81.81460571289062
341.0,2025-01-16 12:49:01.840854,0.0,,,,,6.587323188781738,6.417238235473633,1.0,67.55782318115234,63.033966064453125,192.67637634277344,81.57222747802734
342.0,2025-01-16 12:49:10.269789,0.0,,,,,6.701573848724365,6.492441654205322,1.0,67.58103942871094,63.078861236572266,191.70391845703125,81.32102966308594
343.0,2025-01-16 12:49:19.397449,0.0,,,,,6.813355922698975,6.568802833557129,1.0,67.60403442382812,63.12411880493164,190.75035095214844,81.06253814697266
344.0,2025-01-16 12:49:27.729423,0.0,,,,,6.922906398773193,6.6460981369018555,1.0,67.62682342529297,63.169647216796875,189.81381225585938,80.7978515625
345.0,2025-01-16 12:49:35.659153,0.0,,,,,7.03040885925293,6.724153995513916,1.0,67.64942169189453,63.215389251708984,188.892822265625,80.5278091430664
346.0,2025-01-16 12:49:43.692726,0.0,,,,,7.136012554168701,6.802833557128906,1.0,58.21583938598633,58.09405517578125,-24.037124633789062,-1.6261842250823975
347.0,2025-01-16 12:49:51.592052,0.0,,,,,7.014214515686035,6.792867660522461,0.0,58.139896392822266,58.06210708618164,-21.07720184326172,-4.58610725402832
348.0,2025-01-16 12:49:59.465773,0.0,,,,,6.89946985244751,6.775848388671875,0.0,58.06040573120117,58.012847900390625,-18.554874420166016,-7.108434677124023
349.0,2025-01-16 12:50:07.662119,0.0,,,,,6.79169225692749,6.751862049102783,0.0,57.973506927490234,57.94484329223633,-16.9393310546875,-9.642389297485352
350.0,2025-01-16 12:50:15.906977,0.0,,,,,6.688309192657471,6.718765735626221,0.0,57.89165496826172,57.87570571899414,-15.22872257232666,-11.35299301147461
351.0,2025-01-16 12:50:24.083787,0.0,,,,,6.598156452178955,6.672439098358154,0.0,57.81345748901367,57.803802490234375,-14.1375093460083,-12.44420051574707
352.0,2025-01-16 12:50:32.587463,0.0,,,,,6.51233434677124,6.621781349182129,0.0,57.73664855957031,57.73101043701172,-13.255096435546875,-13.326616287231445
353.0,2025-01-16 12:50:40.442526,0.0,,,,,6.4294281005859375,6.56820821762085,0.0,57.6609001159668,57.65785217285156,-12.513941764831543,-14.067773818969727
354.0,2025-01-16 12:50:48.368829,0.0,,,,,6.348752975463867,6.512403964996338,0.0,57.58604049682617,57.584617614746094,-11.88117504119873,-14.70053482055664
355.0,2025-01-16 12:50:56.478870,0.0,,,,,6.269871711730957,6.454805850982666,0.0,57.511959075927734,57.51146697998047,-11.335695266723633,-15.246016502380371
356.0,2025-01-16 12:51:04.839854,0.0,,,,,6.192470550537109,6.395727157592773,0.0,57.43856430053711,57.43850326538086,-10.86221694946289,-15.719489097595215
357.0,2025-01-16 12:51:12.703660,0.0,,,,,6.116312503814697,6.3354058265686035,0.0,57.36576461791992,57.365806579589844,-10.450393676757812,-16.13131332397461
358.0,2025-01-16 12:51:20.839814,0.0,,,,,6.041207313537598,6.274031162261963,0.0,57.293426513671875,57.29372024536133,-10.100972175598145,-16.480728149414062
359.0,2025-01-16 12:51:29.299915,0.0,,,,,5.966991424560547,6.211767673492432,0.0,57.22150421142578,57.22217559814453,-9.80319881439209,-16.778507232666016
360.0,2025-01-16 12:51:38.066864,0.0,,,,,5.893531799316406,6.14874792098999,1.0,67.42312622070312,62.8155403137207,198.44338989257812,81.9862289428711
361.0,2025-01-16 12:51:46.795909,0.0,,,,,6.041197776794434,6.193424224853516,1.0,67.26754760742188,62.24508285522461,195.3896026611328,76.7755355834961
362.0,2025-01-16 12:51:55.572957,0.0,,,,,6.132264614105225,6.218946933746338,1.0,67.28325653076172,62.2651252746582,194.60935974121094,76.72773742675781
363.0,2025-01-16 12:52:04.088477,0.0,,,,,6.218484401702881,6.248429775238037,1.0,67.29817962646484,62.28647994995117,193.89398193359375,76.65672302246094
364.0,2025-01-16 12:52:12.774755,0.0,,,,,6.294885635375977,6.286888599395752,1.0,67.31261444091797,62.3115234375,193.25042724609375,76.53952026367188
365.0,2025-01-16 12:52:21.239488,0.0,,,,,6.366531848907471,6.373563289642334,1.0,67.3267593383789,62.3381462097168,192.64291381835938,76.40153503417969
366.0,2025-01-16 12:52:30.037924,0.0,,,,,6.4355034828186035,6.373563289642334,1.0,67.34068298339844,62.365478515625,192.0573272705078,76.25310516357422
367.0,2025-01-16 12:52:38.578734,0.0,,,,,6.502412796020508,6.41911506652832,1.0,67.35442352294922,62.393272399902344,191.4888916015625,76.09730529785156
368.0,2025-01-16 12:52:47.285839,0.0,,,,,6.567598342895508,6.4656147956848145,1.0,67.36799621582031,62.4213981628418,190.93487548828125,75.935791015625
369.0,2025-01-16 12:52:55.596240,0.0,,,,,6.631288051605225,6.512843608856201,1.0,67.38142395019531,62.449764251708984,190.393310546875,75.76969909667969
370.0,2025-01-16 12:53:03.297966,0.0,,,,,6.693648815155029,6.560643672943115,1.0,67.39471435546875,62.47831344604492,189.8628387451172,75.59984588623047
371.0,2025-01-16 12:53:11.210528,0.0,,,,,6.7548089027404785,6.6088948249816895,1.0,67.40786743164062,62.50699234008789,189.3423309326172,75.42683410644531
372.0,2025-01-16 12:53:19.500536,0.0,,,,,6.814871788024902,6.657499313354492,1.0,67.42090606689453,62.535762786865234,188.8308868408203,75.25116729736328
373.0,2025-01-16 12:53:28.046948,0.0,,,,,6.873923301696777,6.7063798904418945,1.0,67.29020690917969,62.0852165222168,186.81979370117188,70.70652770996094
374.0,2025-01-16 12:53:36.555889,0.0,,,,,6.8904547691345215,6.736129283905029,1.0,67.2950668334961,62.10159683227539,186.68875122070312,70.5814208984375
375.0,2025-01-16 12:53:44.234836,0.0,,,,,6.9073920249938965,6.765198230743408,1.0,67.29994201660156,62.11767578125,186.55345153808594,70.45970153808594
376.0,2025-01-16 12:53:52.543928,0.0,,,,,6.924703121185303,6.8214216232299805,1.0,67.30484008789062,62.133460998535156,186.4141845703125,70.34117126464844
377.0,2025-01-16 12:54:01.125197,0.0,,,,,6.942355155944824,6.8214216232299805,1.0,67.30973815917969,62.14897155761719,186.2713165283203,70.22566986083984
378.0,2025-01-16 12:54:09.356915,0.0,,,,,6.9603166580200195,6.87529993057251,1.0,67.31465148925781,62.16421890258789,186.12510681152344,70.11302185058594
379.0,2025-01-16 12:54:16.743950,0.0,,,,,6.978556156158447,6.901435852050781,1.0,67.31956481933594,62.17921447753906,185.9759063720703,70.00309753417969
380.0,2025-01-16 12:54:24.789401,0.0,,,,,6.997043609619141,6.9270758628845215,1.0,67.3244857788086,62.193965911865234,185.823974609375,69.89572143554688
381.0,2025-01-16 12:54:32.536488,0.0,,,,,7.015749454498291,6.9270758628845215,1.0,67.32940673828125,62.20849609375,185.6696319580078,69.79074096679688
382.0,2025-01-16 12:54:40.756142,0.0,,,,,7.034646034240723,6.976978302001953,1.0,67.3343276977539,62.22280502319336,185.51315307617188,69.6880111694336
383.0,2025-01-16 12:54:48.536748,0.0,,,,,7.05370569229126,6.976978302001953,1.0,67.33924102783203,62.23691177368164,185.3547821044922,69.58739471435547
384.0,2025-01-16 12:54:56.518627,0.0,,,,,7.072902679443359,7.025219917297363,1.0,67.34414672851562,62.250823974609375,185.1947784423828,69.48873901367188
385.0,2025-01-16 12:55:05.566231,0.0,,,,,7.092212677001953,7.077250957489014,1.0,67.55961608886719,62.960418701171875,187.2539825439453,75.75462341308594
386.0,2025-01-16 12:55:13.759806,0.0,,,,,7.1723103523254395,7.130502223968506,1.0,67.5761489868164,62.99237060546875,186.55995178222656,75.57726287841797
387.0,2025-01-16 12:55:22.746919,0.0,,,,,7.250253677368164,7.088382720947266,0.0,58.32368087768555,58.26114273071289,-24.334049224853516,-12.474445343017578
388.0,2025-01-16 12:55:31.576741,0.0,,,,,7.1033854484558105,7.088382720947266,0.0,58.20949935913086,58.16838073730469,-22.38735008239746,-14.421150207519531
389.0,2025-01-16 12:55:40.811655,0.0,,,,,6.967159271240234,7.035620212554932,0.0,58.09828186035156,58.07114791870117,-20.84699058532715,-15.961507797241211
390.0,2025-01-16 12:55:49.783639,0.0,,,,,6.8434014320373535,6.9703898429870605,0.0,57.99045181274414,57.971683502197266,-19.742345809936523,-17.066152572631836
391.0,2025-01-16 12:55:58.982789,0.0,,,,,6.723971843719482,6.90083122253418,0.0,57.88397979736328,57.871238708496094,-18.795591354370117,-18.012901306152344
392.0,2025-01-16 12:56:07.914784,0.0,,,,,6.607765197753906,6.828050136566162,0.0,57.77862548828125,57.770267486572266,-17.96697235107422,-18.841516494750977
393.0,2025-01-16 12:56:15.852639,0.0,,,,,6.494154930114746,6.752671718597412,0.0,57.67424392700195,57.669044494628906,-17.233768463134766,-19.574724197387695
394.0,2025-01-16 12:56:24.281554,0.0,,,,,6.382715225219727,6.67512321472168,0.0,57.570735931396484,57.5677604675293,-16.580453872680664,-20.22804069519043
395.0,2025-01-16 12:56:33.039956,0.0,,,,,6.273128986358643,6.595721244812012,0.0,57.468021392822266,57.46654510498047,-15.99544620513916,-20.813037872314453
396.0,2025-01-16 12:56:41.040712,0.0,,,,,6.16514778137207,6.514714241027832,0.0,57.36602783203125,57.365482330322266,-15.46963119506836,-21.338855743408203
397.0,2025-01-16 12:56:48.834973,0.0,,,,,6.058570384979248,6.432303428649902,0.0,57.278953552246094,57.27912139892578,-13.641414642333984,-21.44116973876953
398.0,2025-01-16 12:56:56.664567,0.0,,,,,5.9598307609558105,6.350916862487793,0.0,57.18367004394531,57.1842155456543,-13.294520378112793,-21.788063049316406
399.0,2025-01-16 12:57:05.193178,0.0,,,,,5.861973285675049,6.295407772064209,1.0,67.33309173583984,62.556434631347656,197.86341857910156,78.81053161621094
400.0,2025-01-16 12:57:14.080868,0.0,,,,,5.988990306854248,6.295407772064209,1.0,67.3543472290039,62.58006286621094,196.76979064941406,78.78378295898438
