iteration,timestamp,T1_LEVEL,T2_LEVEL,J1_LEVEL,J2_LEVEL,J3_LEVEL,J4_LEVEL,J5_LEVEL,J1S_LEVEL,J2S_LEVEL,P2_FLOW,P2_STATUS,P1_FLOW,P1_STATUS,V13_FLOW,V13_STATUS,V24_FLOW,V24_STATUS,plc3AttackerUnit,plc2AttackerUnit
0,2025-08-02 13:19:42.356646,3.0509999999999993,3.0509999999999993,73.03060823140058,73.02651683262431,54.14618120101543,54.34596896749173,54.14668632587885,54.14618120102486,54.34596896751681,,11.673690390818047,1.0,,11.458045458765454,1.0,0,0
1,2025-08-02 13:19:55.574993,2.9941153809638483,3.01142048427162,69.19306336117064,69.68478596241185,55.41491189559778,54.30687020936323,55.36192270397077,69.19306266233149,69.68478552984472,187.80595367081,1.0,213.72312594657515,1.0,233.7259334058217,1.0,144.6715650445185,1.0,0,0
2,2025-08-02 13:20:08.007734,3.135269958096452,3.179080930193504,69.2116278701766,69.7009116487677,55.54864528566073,54.474523480474126,55.49592827744355,69.21162717449762,69.7009112185073,186.956018788226,1.0,212.74464829086403,1.0,232.6690124448305,1.0,143.9000811774349,1.0,0,0
3,2025-08-02 13:20:21.163068,3.2759158546606404,3.345291749247383,69.23015947604611,69.71698415086802,55.68180148764272,54.6407272323328,55.62935936430327,69.23015878352466,69.71698372290352,186.10888708269815,1.0,211.76790485736254,1.0,231.6129838550296,1.0,143.1322189466755,1.0,0,0
4,2025-08-02 13:20:33.625666,3.416046794155074,3.510064075780017,69.2486573601292,69.73300363273202,55.81437581955497,54.80549259806994,55.76221123117008,69.24865667076234,69.73300320705265,185.26454990927917,1.0,210.79293879456893,1.0,230.55793455569074,1.0,142.367966763004,1.0,0,0
5,2025-08-02 13:20:47.098380,3.555656550711236,3.6734090301967544,69.26712100421756,69.74897008055204,55.9463637021635,54.96883069687431,55.89447924552223,69.26712031800228,69.74896965714701,184.42300799573104,1.0,209.81977741563657,1.0,229.5038877252864,1.0,141.6073130371842,1.0,0,0
6,2025-08-02 13:21:00.581872,3.6947389525958148,3.835337716928522,69.28554986285323,69.76488334623888,56.07776062673699,55.13075263195825,56.02615884475393,69.28554917978643,69.7648829250975,183.58426914737473,1.0,208.84844946995992,1.0,228.45088392614343,1.0,140.85024038536176,1.0,0,0
7,2025-08-02 13:21:14.053736,3.833287883274763,3.9958612220810763,69.30394320378927,69.78074352806885,56.20856213984557,55.2912694882159,56.157245521568896,69.30394252386765,69.78074310918039,182.74832818437133,1.0,207.87899355200338,1.0,227.39898689906113,1.0,140.09674880753664,1.0,0,0
8,2025-08-02 13:21:26.634010,3.9712972813793477,4.154990612888643,69.32230028962616,69.7965503930666,56.33876386221078,55.45039233166283,56.28773484213236,69.32229961284622,69.79654997642044,181.91519738612806,1.0,206.91144852780764,1.0,226.34824879560256,1.0,139.3468151252364,1.0,0,0
9,2025-08-02 13:21:39.728444,4.108761142012452,4.312736934187152,69.34062069009565,69.81230402021188,56.46836152084875,55.608132205929856,56.417622477072236,69.34062001645393,69.81230360579738,181.0848725898658,1.0,205.94583707547562,1.0,225.29867541038584,1.0,138.600439338461,1.0,0,0
10,2025-08-02 13:21:52.199035,4.245673520261724,4.469111209146497,69.35890384135074,69.82800450386618,56.59735090779533,55.76450013298295,56.5469041618479,69.35890317084352,69.82800409167277,180.257348822087,1.0,204.98218891363413,1.0,224.25034786806464,1.0,137.857598268738,1.0,0,0
11,2025-08-02 13:22:04.861376,4.382028531636652,4.624124437391202,69.37714893547195,69.84365165142928,56.72572786966482,55.91950711123505,56.675575686707504,69.37714826809538,69.8436512414464,179.43263623414921,1.0,204.0205466252108,1.0,223.20330673096578,1.0,137.1182919160674,1.0,0,0
12,2025-08-02 13:22:16.502193,4.517820351764768,4.777787591124595,69.48060516033985,69.94068059467558,57.10050682107539,56.07322883852995,57.04895939339095,69.48060450072992,69.94068018559489,174.31854175994394,1.0,198.56769008346683,1.0,220.60575906152735,1.0,136.81655456139197,1.0,0,0
13,2025-08-02 13:22:28.098700,4.670200001097113,4.943734018072115,69.50070736214245,69.95770601388165,57.24106372794502,56.23916871833166,57.189918525546524,69.50070670600574,69.95770560717881,173.42118475110047,1.0,197.50816541259488,1.0,219.44414673498613,1.0,136.02128378693124,1.0,0,0
14,2025-08-02 13:22:40.360933,4.821817853859303,5.108346345722986,69.52076687912708,69.97468427047455,57.38085546935331,56.40377458521216,57.33011286648451,69.52076622645825,69.97468386614078,172.52631353722913,1.0,196.45089052600892,1.0,218.28431915082547,1.0,135.2289566784748,1.0,0,0
15,2025-08-02 13:22:52.314919,4.9726704488629565,5.271633084718664,69.54078392176676,69.9916156331028,57.5198803987334,56.567054948826765,57.469540712954284,69.54078327256046,69.99161523112929,171.63391395870173,1.0,195.3958543303283,1.0,217.12628210366347,1.0,134.4395674414045,1.0,0,0
16,2025-08-02 13:23:04.551179,5.122754380806144,5.433602705130694,69.56075778737699,70.00849988581506,57.65813673464503,56.72901827829372,57.60820023208084,69.56075714162782,70.00849948619303,170.74399739764473,1.0,194.34309386187138,1.0,215.97004718273638,1.0,133.6531160757204,1.0,0,0
17,2025-08-02 13:23:16.074082,5.272066303574879,5.594263644190669,69.58068803097704,70.0253372149733,57.79562278438061,56.88967300990866,57.74608967865875,69.58068738867941,70.02533681769403,169.85655403149232,1.0,193.29263257419274,1.0,214.81568392346162,1.0,132.86958519756809,1.0,0,0
18,2025-08-02 13:23:27.667467,5.4206029329502785,5.753624308195757,69.60057409882914,70.04212723803809,57.93233690590738,57.04902754901953,57.8832073584804,69.6005734599774,70.04212684309284,168.971604022716,1.0,192.24449965309185,1.0,213.66320970969355,1.0,132.0889748069476,1.0,0,0
19,2025-08-02 13:23:40.181185,5.568361046697315,5.911693068020015,69.6204156848753,70.05887014313384,58.0682775459678,57.207090265573456,58.0195516651366,69.62041504946374,70.05886975051388,168.08913745585934,1.0,191.19871122993516,1.0,212.51264192528652,1.0,131.3112849038589,1.0,0,0
20,2025-08-02 13:23:50.994086,5.715337487187784,6.068478262054162,69.64021221967712,70.07556565278301,58.20344318649076,57.36386949702257,58.155121028343906,69.64021158769991,70.07556526247961,167.2091689559018,1.0,190.15529731805154,1.0,211.3640327218036,1.0,130.5365096936839,1.0,0,0
21,2025-08-02 13:24:03.453417,5.861529160351423,6.223988191963419,69.65996339324106,70.09221391208905,58.33783240005621,57.519373544112014,58.28991396747668,69.65996276469222,70.09221352409357,166.33169087489196,1.0,189.11427425624322,1.0,210.21741107233538,1.0,129.76463179256825,1.0,0,0
22,2025-08-02 13:24:15.358336,6.006933038396377,6.378231124843119,69.67966865429403,70.10881477074653,58.47144379745862,57.67361067301031,58.42392904101299,69.6796680291676,70.10881438505027,165.45671113496226,1.0,188.07567110039787,1.0,209.07280015535434,1.0,128.99565699513005,1.0,0,0
23,2025-08-02 13:24:26.823312,6.151546158897571,6.531215289956266,69.69932751067773,70.12536819467708,58.60427605910827,57.82658911206202,58.557164876829475,69.6993268889675,70.12536781127142,164.5842315322785,1.0,187.0395137906581,1.0,207.93025212242355,1.0,128.22956791751494,1.0,0,0
24,2025-08-02 13:24:38.496302,6.295365626058365,6.682948878680529,69.67943046570848,70.10411461011718,58.626570254244314,57.9782880616253,58.5805446064905,69.67942984527592,70.10411422963227,165.70444201503096,1.0,188.0882252815372,1.0,207.50293959849841,1.0,127.25272857892378,1.0,0,0
25,2025-08-02 13:24:49.928990,6.430541795634046,6.82692114705454,69.69805939432787,70.1198354133691,58.75169718753211,58.122255012621025,58.70603035450827,69.6980587771304,70.11983503506235,164.87584726432118,1.0,187.10635226792482,1.0,206.4209685033802,1.0,126.52424657289885,1.0,0,0
26,2025-08-02 13:25:02.828539,6.5650020367863515,6.969670267697099,69.71664090451145,70.13550520466325,58.87610170259697,58.26499889426199,58.83079423835833,69.71664029054294,70.13550482852533,164.04994119559404,1.0,186.12697853290388,1.0,205.3410429084579,1.0,125.79888207142176,1.0,0,0
27,2025-08-02 13:25:14.692463,6.6987426458036925,7.1112054792516375,69.73517482206971,70.15112443568789,58.99978223759684,58.406528944099584,58.95483462510742,69.7351742113239,70.15112406170954,163.22670000176026,1.0,185.15011325746295,1.0,204.26321496529454,1.0,125.07661769063816,1.0,0,0
28,2025-08-02 13:25:26.160096,6.831760019501033,7.2515359507456765,67.85154112434317,63.74811733678282,58.93144678513793,58.54666965928677,58.893779358539575,67.8515405717293,63.74811709587202,0.0,0.0,284.4305997048782,1.0,184.8210543073492,1.0,80.57233384079154,1.0,0,0
29,2025-08-02 13:25:38.699227,6.94952466669788,7.338629876984783,67.87424077880617,63.797132797554674,59.03241380557212,58.63376377530148,58.99536133492265,67.87424022881574,63.79713255759778,0.0,0.0,283.234171365337,1.0,183.94365061567441,1.0,80.25329955103189,1.0,0,0
30,2025-08-02 13:25:50.464102,7.065941151521896,7.42579052789902,67.89688845692307,63.846151565944744,59.1326240974646,58.720924525311034,59.09616620693859,67.89688790954301,63.846151326946575,0.0,0.0,282.04048253769275,1.0,183.07061606606112,1.0,79.93265435743524,1.0,0,0
31,2025-08-02 13:26:01.943126,7.181044320681986,7.512986003202364,58.388807978044255,58.43369364162421,58.3886961179166,58.8079118612159,58.38870669301532,58.388807976797665,58.433693699792464,0.0,0.0,0.0,0.0,0.4169198763293025,1.0,-19.454303280213026,1.0,0,0
32,2025-08-02 13:26:13.676713,7.1446101375086295,7.449641684698676,58.34711494307259,58.38718471436467,58.347118057183486,58.74456999504335,58.34714387351915,58.34711494325376,58.387184771105176,0.0,0.0,0.0,0.0,-0.060591424357880896,1.0,-18.9767948768349,1.0,0,0
33,2025-08-02 13:26:24.663268,7.107035896212806,7.387437423920164,58.30448192244662,58.34030327594262,58.30464103098465,58.682367977710335,58.30468635539266,58.304481923954405,58.3403033313565,0.0,0.0,0.0,0.0,-0.5042766417773237,1.0,-18.53310965941546,1.0,0,0
34,2025-08-02 13:26:37.582916,7.0684028846257885,7.326291933080031,58.2608919383332,58.2929953331084,58.261369502386096,58.62122453122287,58.26143723381747,58.260891941062695,58.292995387300586,0.0,0.0,0.0,0.0,-0.912875446488215,1.0,-18.124510854704567,1.0,0,0
35,2025-08-02 13:26:49.636203,7.0287912752099375,7.266125039972208,58.21648108410589,58.245329443513114,58.2173856831218,58.56105950013648,58.21747770753876,58.2164810879596,58.24532949658106,0.0,0.0,0.0,0.0,-1.2888708323544051,1.0,-17.74850967422026,1.0,0,0
36,2025-08-02 13:27:02.609223,6.988276401055493,7.206861417587207,58.25365775308458,58.28659919452529,58.25213628420514,58.501820740131556,58.25212109931596,58.253657747981805,58.286599237673954,0.0,0.0,0.0,0.0,1.7066193390746776,1.0,-14.43101836855476,1.0,0,0
37,2025-08-02 13:27:14.472115,6.967393689511075,7.1610540542184475,58.22804658081707,58.25610710534654,58.227322673500936,58.456015616223574,58.22732009780722,58.22804657740007,58.2561071468094,0.0,0.0,0.0,0.0,1.1428116880551897,1.0,-13.867204922917153,1.0,0,0
38,2025-08-02 13:27:26.293273,6.94513155011616,7.116626117214899,58.20151145794621,58.2253800535791,58.20127730025121,58.41158968147265,58.20127794205815,58.20151145608842,58.22538009348278,0.0,0.0,0.0,0.0,0.6213366197016512,1.0,-13.345735649181734,1.0,0,0
39,2025-08-02 13:27:38.959544,6.921604442968594,7.073463152372189,58.174155289192804,58.194440291943245,58.174140316910794,58.36842850000841,58.17414809442729,58.17415528877122,58.19444033041072,0.0,0.0,0.0,0.0,0.14100044268161582,1.0,-12.865402369470758,1.0,0,0
40,2025-08-02 13:27:51.752241,6.8969234332144875,7.031454085545398,58.1459980347867,58.163248968329434,58.146057789382134,58.326421012699385,58.14607789530621,58.14599803567539,58.163249005486634,0.0,0.0,0.0,0.0,-0.2972204498519204,1.0,-12.427181476937221,1.0,0,0
41,2025-08-02 13:28:04.137930,6.8711973994952364,6.9904900440760604,67.92618902992378,63.873164706715805,59.07720895049944,58.28568687898548,59.0408228495233,67.92618847969311,63.87316445631001,0.0,0.0,280.49614026763817,1.0,184.02399299588978,1.0,83.74792364065797,1.0,0,0
42,2025-08-02 13:28:16.779446,6.997613096200652,7.097807364625102,67.95202442036761,63.9315400160741,59.18877504290993,58.39300306423004,59.15289373811995,67.9520238730218,63.93153976685497,0.0,0.0,279.1344370161412,1.0,183.0591601060405,1.0,83.3510444510921,1.0,0,0
43,2025-08-02 13:28:30.070760,7.122905013295736,7.204790015397957,67.97778752083,63.98974514196321,59.29952365538197,58.49998454639995,59.26413729955495,67.97778697635678,63.989744893931594,0.0,0.0,277.7765439452184,1.0,182.09842980581925,1.0,82.9538813252384,1.0,0,0
44,2025-08-02 13:28:43.819748,7.247087988669523,7.311427246350255,58.4780755181322,58.485114006493475,58.4803820998146,58.60640050805579,58.480509125241475,58.47807552452043,58.48511403815112,0.0,0.0,0.0,0.0,-2.1365365438441586,1.0,-10.587862485635924,1.0,0,0
45,2025-08-02 13:28:56.721349,7.216919055953457,7.2749061064173235,58.44593194304295,58.45222813314642,58.44859529815915,58.56987993704282,58.4487367561565,58.44593194994703,58.452228164288194,0.0,0.0,0.0,0.0,-2.3090626064004027,1.0,-10.415330628461561,1.0,0,0
46,2025-08-02 13:29:08.554471,7.186328463175431,7.238806627559595,58.41357990831198,58.41925950178345,58.41657380253152,58.53378095106938,58.41672846472267,58.413579915666254,58.419259532475046,0.0,0.0,0.0,0.0,-2.4596270662868847,1.0,-10.264769065884138,1.0,0,0
47,2025-08-02 13:29:20.080053,7.155369137116861,7.203075876952856,58.38105748448945,58.386223961228886,58.38435369615745,58.498050627003316,58.38452032094736,58.381057492235826,58.3862239915284,0.0,0.0,0.0,0.0,-2.590765068930523,1.0,-10.133636857858619,1.0,0,0
48,2025-08-02 13:29:31.910828,7.12408807509581,7.167666859488207,58.174318750054,58.18086543944625,58.191884597036335,58.46259969936351,58.192681082560924,58.17431876917279,58.180865489348164,0.0,0.0,0.0,0.0,-6.394256790827058,1.0,-16.689635926923074,1.0,0,0
49,2025-08-02 13:29:43.065418,7.063150814113231,7.107616577028286,58.113724577053475,58.12033662368918,58.1312124822889,58.402549338017145,58.13200600829218,58.11372459612646,58.120336673636864,0.0,0.0,0.0,0.0,-6.378938717830351,1.0,-16.704945307992602,1.0,0,0
50,2025-08-02 13:29:55.098060,7.002251656719109,7.047528208877155,58.053138194059336,58.05981035032421,58.07055520307899,58.342460897730255,58.07134603410156,58.05313821309051,58.059810400313715,0.0,0.0,0.0,0.0,-6.364956304309999,1.0,-16.718930618822014,1.0,0,0
51,2025-08-02 13:30:06.718638,6.941387288251329,6.987405043050695,57.99255951706282,57.999286827892945,58.00991180533261,58.28233766596864,58.01070017681395,57.99255953605579,57.99928687792066,0.0,0.0,0.0,0.0,-6.35217627404927,1.0,-16.731710649082743,1.0,0,0
52,2025-08-02 13:30:17.833997,6.880554716652411,6.927250085535646,57.93198776581074,57.9387656684151,57.949281035941475,58.22218264816513,57.950067163324164,57.93198778476878,57.93876571847774,0.0,0.0,0.0,0.0,-6.34049432392203,1.0,-16.743389701900924,1.0,0,0
53,2025-08-02 13:30:29.207872,6.819751196219811,6.867066071381078,57.87142257606271,57.87824685051627,57.88866193279018,58.16199857890177,57.88944601114132,57.871422594988836,57.87824690061083,0.0,0.0,0.0,0.0,-6.329817740038379,1.0,-16.754066285784575,1.0,0,0
54,2025-08-02 13:30:40.662910,6.758974234744257,6.806855507345581,57.81086326172656,57.817730082932975,57.828053431715155,58.101787964477126,57.828835639786845,57.81086328062349,57.8177301330567,0.0,0.0,0.0,0.0,-6.320053808508419,1.0,-16.763821525387357,1.0,0,0
55,2025-08-02 13:30:51.895189,6.6982215429722665,6.746620675864661,57.75030935505801,57.75721514419168,57.76745464099323,58.04155308691707,57.768235141643785,57.750309373928275,57.757215194342095,0.0,0.0,0.0,0.0,-6.311138788532844,1.0,-16.77274523729011,1.0,0,0
56,2025-08-02 13:31:03.399188,6.637491030707197,6.686363659869531,57.68976053623272,57.69670205843336,57.706864804412504,57.98129602879952,57.707643745385795,57.68976055507859,57.69670210860816,0.0,0.0,0.0,0.0,-6.302979966221756,1.0,-16.78090116229214,1.0,0,0
57,2025-08-02 13:31:15.950437,6.576780798101324,6.626086370328378,57.629216263437186,57.636190522520806,57.64628309958108,57.92101870073644,57.647060616413626,57.629216282260764,57.6361905727179,0.0,0.0,0.0,0.0,-6.295525190012086,1.0,-16.788358835810868,1.0,0,0
58,2025-08-02 13:31:28.240162,6.516089099054256,6.5657905452000795,57.56867626090348,57.57568049780665,57.58570888950188,57.860722840387766,57.586485105220156,57.56867627970668,57.57568054802411,0.0,0.0,0.0,0.0,-6.2887078217954695,1.0,-16.795170409409366,1.0,0,0
59,2025-08-02 13:31:39.740553,6.4554143460666,6.505477777301445,57.50814013314456,57.51517183897103,57.52514151737005,57.8004100402836,57.52591654451092,57.50814015192913,57.51517188920712,0.0,0.0,0.0,0.0,-6.282478607317898,1.0,-16.801402521195996,1.0,0,0
60,2025-08-02 13:31:51.606584,6.394755084776061,6.445149520438902,57.10859939056837,57.12015879526725,57.15338960765226,57.739999823586984,57.15538722118391,57.10859942226114,57.12015887165442,0.0,0.0,0.0,0.0,-10.599611073871529,1.0,-25.54759919519256,1.0,0,0
61,2025-08-02 13:32:03.828118,6.297869294620548,6.352578585604842,57.01343601985711,57.02528132854021,57.05782573185588,57.64742850518644,57.0598081945041,57.013436051396546,57.02528140508072,0.0,0.0,0.0,0.0,-10.548328703521292,1.0,-25.598881565542797,1.0,0,0
62,2025-08-02 13:32:16.346200,6.201111507502766,6.259879651960755,56.91829392491868,56.93041089396094,56.96230869961453,57.55472921071542,56.964276974019846,56.918293956314,56.93041097064556,0.0,0.0,0.0,0.0,-10.500129070010189,1.0,-25.6470811990539,1.0,0,0
63,2025-08-02 13:32:27.601257,6.104473999205021,6.16706044516098,56.82317219565349,56.83554710681614,56.86683592160825,57.46190966443945,56.86879090582984,56.82317222691335,56.83554718363623,0.0,0.0,0.0,0.0,-10.454820950940302,1.0,-25.692386420814728,1.0,0,0
64,2025-08-02 13:32:39.910351,6.007949518900092,6.074128203073858,56.72807036218881,56.740690053672886,56.77140516583732,57.36897710297602,56.7733476954919,56.7280703933213,56.74069013062033,0.0,0.0,0.0,0.0,-10.412227610459013,1.0,-25.734982658605077,1.0,0,0
65,2025-08-02 13:32:51.193002,5.911531281288843,5.981089725189264,56.632987464791114,56.645839300425415,56.676014065119624,57.275938324587315,56.67794492094433,56.63298749580386,56.6458393774926,0.0,0.0,0.0,0.0,-10.37217521002276,1.0,-25.77502926442321,1.0,0,0
66,2025-08-02 13:33:03.047011,5.815212911262202,5.8879513833505515,67.3392333277669,62.36356042573455,57.49844612852507,57.18303241995362,57.46480955400857,67.33923274505143,62.36356018534739,0.0,0.0,311.4327537416648,1.0,194.8885021397473,1.0,80.3972002000819,1.0,0,0
67,2025-08-02 13:33:16.384878,5.892853837610433,5.954411207305607,67.35500613722341,62.40116534693071,57.569250483924506,57.24949197666337,57.535948663963204,67.35500555626973,62.40116510726744,0.0,0.0,310.6014179053115,1.0,194.29927060173213,1.0,80.15509815777477,1.0,0,0
68,2025-08-02 13:33:29.161972,5.96972280266991,6.020752596941856,67.37071452945963,62.43868965011755,57.639503752251635,57.31583306545639,57.60652707306325,67.37071395025669,62.438689411179084,0.0,0.0,309.7734773007223,1.0,193.7137418246948,1.0,79.91268900070736,1.0,0,0
69,2025-08-02 13:33:41.288721,6.0458385525913965,6.086960447061967,67.3863578147769,62.47612597237304,57.70921221440606,57.38204058355208,57.67655159084805,67.38635723731375,62.47612573416009,0.0,0.0,308.9489682797768,1.0,193.13186945169036,1.0,79.67003936698802,1.0,0,0
70,2025-08-02 13:33:53.202037,6.121218852141635,6.153020649928776,67.40193610451166,62.51346879705837,57.77838221982855,57.44810042548309,57.746029050834345,67.40193552877747,62.513468559571486,0.0,0.0,308.1278849742726,1.0,192.5536187150101,1.0,79.427210100107,1.0,0,0
71,2025-08-02 13:34:06.163563,6.195880567384138,6.218920029390557,67.41744879997808,62.55071141638041,57.847020065039025,57.51399941716945,57.81496619875941,67.41744822596219,62.550711179619924,0.0,0.0,307.31025893908657,1.0,191.97893746309092,1.0,79.18426494086361,1.0,0,0
72,2025-08-02 13:34:18.742019,6.2698397268806065,6.284646252968929,67.40732330138636,62.51727850764416,57.87972852212564,57.57971703374992,57.84843240847168,67.40732272875911,62.51727827341176,0.0,0.0,307.8439425458951,1.0,191.51450461549757,1.0,78.33874613538683,1.0,0,0
73,2025-08-02 13:34:31.169383,6.338656375227991,6.3464234433688915,67.42182200261885,62.552304998030635,57.943436276327866,57.64149383932649,57.91240742113817,67.42182143159046,62.55230476448431,0.0,0.0,307.0797609998991,1.0,190.97977146088851,1.0,78.1092908471237,1.0,0,0
74,2025-08-02 13:34:43.668139,6.406836128859735,6.408019049391518,67.43625659494252,62.587222976888896,58.00665662758577,57.703089039852095,57.97588818556474,67.43625602550303,62.58722274402848,0.0,0.0,306.3189584355283,1.0,190.4483702116977,1.0,77.8798906077327,1.0,0,0
75,2025-08-02 13:34:54.846282,6.474392869601378,6.469422821512464,67.45062667209922,62.62202774646955,58.06939574008184,57.764492387382674,58.03888121013565,67.45062610423875,62.622027514294736,0.0,0.0,305.561556265391,1.0,189.9202661002164,1.0,77.65059177415878,1.0,0,0
76,2025-08-02 13:35:06.364395,6.541339810624412,6.530625178198649,67.4649323785453,62.6567149119779,58.13165967961993,57.825694301863344,58.101392879473735,67.46493181225415,62.65671468048824,0.0,0.0,304.8075468756378,1.0,189.39540697488155,1.0,77.42144360065595,1.0,0,0
77,2025-08-02 13:35:17.851902,6.607689545497483,6.591617161105778,67.47917356106336,62.69128097209369,58.19345437501068,57.8866858263419,58.16342942041667,67.47917299633197,62.69128074128861,0.0,0.0,304.0569383418847,1.0,188.87374647874822,1.0,77.19248664955103,1.0,0,0
78,2025-08-02 13:35:29.776001,6.67345408632387,6.652390397646957,67.49335042487398,62.725722209538596,58.25478565628229,57.9474585895261,58.224996939766505,67.4933498616929,62.72572197941738,0.0,0.0,303.30971984758963,1.0,188.35524404948956,1.0,76.96376727778897,1.0,0,0
79,2025-08-02 13:35:40.944470,6.738644904154718,6.71293705830326,67.50746279225771,62.76003490307213,58.31565920236897,58.008004763103294,58.28610137649129,67.5074622306176,62.76003467363396,0.0,0.0,302.5659007597962,1.0,187.83987071401498,1.0,76.73532604769662,1.0,0,0
80,2025-08-02 13:35:51.983696,6.803272959519867,6.773249818269832,67.52151091354733,62.79421663431704,58.37608059056946,58.068317023422146,58.34674854980284,67.52151035343898,62.794216405560995,0.0,0.0,301.82546788423804,1.0,187.3275743207614,1.0,76.50718903505549,1.0,0,0
81,2025-08-02 13:36:04.273705,6.8673487372496975,6.833321836203143,67.53549447288407,62.828263369610696,58.43605523326792,58.128388530183905,58.406944100791975,67.53549391429837,62.82826314153569,0.0,0.0,301.08843786885143,1.0,186.81832589663827,1.0,76.27941418604678,1.0,0,0
82,2025-08-02 13:36:16.315295,6.930882270153817,6.893146706003918,67.54941379959666,62.86217243823546,58.49558845200101,58.18821287829561,58.46669356348277,67.54941324252466,62.86217221084036,0.0,0.0,300.3547933557412,1.0,186.31207329008248,1.0,76.0520217818339,1.0,0,0
83,2025-08-02 13:36:27.630482,6.993883170838049,6.952718442338602,67.5632688610982,62.8959421109851,58.554685416852664,58.2477840833825,58.526002308918656,67.563268305531,62.89594188426867,0.0,0.0,299.62453606246265,1.0,185.80879332262157,1.0,75.82504079550745,1.0,0,0
84,2025-08-02 13:36:39.950516,7.056360652718945,7.012031461864969,67.36282107871644,62.31192418744876,58.399453796544066,58.30704571984149,58.37592732566709,67.36282052465664,62.311923978253255,0.0,0.0,310.18951659248035,1.0,185.30464416244286,1.0,69.96518976336574,1.0,0,0
85,2025-08-02 13:36:52.446455,7.074729054592176,7.038038767340737,57.04899428175872,57.065256944130724,57.16029966069657,58.33272692554398,57.16516692978618,57.04899433356987,57.06525705652961,0.0,0.0,0.0,0.0,-17.32817676781906,1.0,-37.59167528983198,1.0,0,0
86,2025-08-02 13:37:05.132151,6.924463698469774,6.900453915534033,56.90402224657764,56.92098542906413,57.01405883383461,58.19514094745461,57.01887833525137,56.90402229806904,56.92098554178276,0.0,0.0,0.0,0.0,-17.22123709043899,1.0,-37.69861496721205,1.0,0,0
87,2025-08-02 13:37:16.984365,6.77446642521107,6.762600986568947,56.75907565720323,56.77672154821821,56.86790482315501,58.057286939677184,56.87267883741221,56.75907570838877,56.776721661242675,0.0,0.0,0.0,0.0,-17.118944696790095,1.0,-37.80089866893377,1.0,0,0
88,2025-08-02 13:37:29.016112,6.624725538356016,6.62449168184035,56.6141541043374,56.63246472988703,56.72183395588327,57.91917660160764,56.726564655618596,56.61415415523035,56.63246484320409,0.0,0.0,0.0,0.0,-17.021085186001983,1.0,-37.89875528241282,1.0,0,0
89,2025-08-02 13:37:41.580162,6.475229838617957,6.486137187086447,56.46925838305538,56.488215614284876,56.57584372145285,57.780821117043075,56.58053316084922,56.46925843366835,56.4882157278819,0.0,0.0,0.0,0.0,-16.927447054513323,1.0,-37.99239051659242,1.0,0,0
90,2025-08-02 13:37:53.778827,6.325968660369878,6.347548177777876,56.32438850117948,56.34397415343741,56.429931329073106,57.64223115953464,56.43458145507876,56.32438855152455,56.34397426730234,0.0,0.0,0.0,0.0,-16.837850669162435,1.0,-38.08199269656143,1.0,0,0
91,2025-08-02 13:38:05.522177,6.176931822055674,6.208734829351593,56.179544822218915,56.19974071460556,56.28409428659255,57.50341690274016,56.288706942578344,56.179544872307574,56.19974082872689,0.0,0.0,0.0,0.0,-16.752093218315167,1.0,-38.16774145548152,1.0,0,0
92,2025-08-02 13:38:17.552756,6.028109618150102,6.069706855100929,56.03472711131226,56.055515147777875,56.13832990600912,57.364388058203836,56.142906840992744,56.03472716115551,56.05551526214461,0.0,0.0,0.0,0.0,-16.670015349973255,1.0,-38.24981932382343,1.0,0,0
93,2025-08-02 13:38:29.131975,5.879492778101745,5.930473517480634,55.88993556257142,55.91129775535119,55.992635827642424,57.22515388676624,55.99717869876465,55.889935612179755,55.91129786995283,0.0,0.0,0.0,0.0,-16.591449020211257,1.0,-38.32838275627637,1.0,0,0
94,2025-08-02 13:38:41.469658,5.731072462804878,5.79104366380532,67.07254008515355,61.59403816048692,57.12868045584074,57.086059588941055,57.09941285178075,67.07253949915044,61.594037937488366,0.0,0.0,325.4893268911312,1.0,195.98804831161942,1.0,74.58160266651248,1.0,0,0
95,2025-08-02 13:38:52.807471,5.7642274527942,5.818651143393457,67.07930940610488,61.61033928190351,57.159466719622536,57.11366722601369,57.130414510686,67.0793088208664,61.61033905920713,0.0,0.0,325.13253699202323,1.0,195.73232022480624,1.0,74.4805416292138,1.0,0,0
96,2025-08-02 13:39:05.446068,5.796853216515727,5.846405702794675,67.07872010284568,61.60418548568188,57.18419131233812,57.14142050591164,57.15547233485292,67.07871951841408,61.604185263893775,0.0,0.0,325.1635973379433,1.0,195.46245906440163,1.0,74.17677036357873,1.0,0,0
97,2025-08-02 13:39:17.470435,5.827557826029335,5.872945276650422,67.08512165560377,61.6198205373619,57.213032325697775,57.167960163054985,57.18449168637015,67.08512107188821,61.619820315866605,0.0,0.0,324.82619135895345,1.0,195.2229790867932,1.0,74.07884131737319,1.0,0,0
98,2025-08-02 13:39:29.423849,5.857820544361574,5.899565372333391,67.09149070422534,61.635476171751606,57.24159657188569,57.19458030815746,57.21321982474701,67.09149012121875,61.635475950551026,0.0,0.0,324.4904985721228,1.0,194.9858633133772,1.0,73.98027196586554,1.0,0,0
99,2025-08-02 13:39:41.219279,5.887676044975445,5.926233149075084,67.09782582079151,61.65113675361282,57.26989296127964,57.22124810569935,57.24166783734559,67.09782523848715,61.651136532708435,0.0,0.0,324.1565942386258,1.0,194.75100744102747,1.0,73.8812100718178,1.0,0,0
100,2025-08-02 13:39:53.503181,5.917153847617375,5.9529209726109595,67.104127142436,61.66679071380251,57.297930554176126,57.247935925711815,57.26984652574313,67.1041265608274,61.66679049319539,0.0,0.0,323.8244711305717,1.0,194.5183071666179,1.0,73.78178891144671,1.0,0,0
101,2025-08-02 13:40:06.070615,5.946279337773149,5.97960540125268,67.11039372989767,61.682425958375454,57.3257181516257,57.274620330031254,57.29776611350178,67.11039314897862,61.68242573806637,0.0,0.0,323.49417875349724,1.0,194.28769295473103,1.0,73.6821127878784,1.0,0,0
102,2025-08-02 13:40:18.084820,5.975074513004184,6.006266384771268,67.11662559620869,61.698033480544105,57.353264170240884,57.30128127139389,57.325436190440016,67.11662501597324,61.6980332605335,0.0,0.0,323.1657164205179,1.0,194.05906050224075,1.0,73.582286004239,1.0,0,0
103,2025-08-02 13:40:29.742950,6.003558568860171,6.032886690978118,67.12282261307726,61.71360493666044,57.38057652546965,57.327901520110366,57.35286565355265,67.12282203351977,61.713604716948524,0.0,0.0,322.83909089349675,1.0,193.83231709525717,1.0,73.48238968518217,1.0,0,0
104,2025-08-02 13:40:41.595616,6.031748349996253,6.059451437813367,67.12898499485027,61.7291344612491,57.40766261165208,57.35446619626512,57.3800627251706,67.1289844159652,61.729134241835894,0.0,0.0,322.51429087487463,1.0,193.60742796607155,1.0,73.38249046881629,1.0,0,0
105,2025-08-02 13:40:53.958598,6.059658712716787,6.0859477422002035,67.13511243661311,61.7446152831957,57.43452927543096,57.380962418602145,57.40703495868741,67.13511185839519,61.74461506408097,0.0,0.0,322.19133243575266,1.0,193.38430040079402,1.0,73.28266368517689,1.0,0,0
106,2025-08-02 13:41:05.771399,6.087302811563554,6.112364405414419,67.14120523627179,61.76004266771894,57.46118286218161,57.40737898998195,57.433789304054216,67.14120465871595,61.76004244890233,0.0,0.0,321.8701998744337,1.0,193.16286486400713,1.0,73.18295569120892,1.0,0,0
107,2025-08-02 13:41:18.832243,6.114692341933511,6.13869168677429,67.14726352596335,61.775411843659406,57.48762922223742,57.43370617108963,57.460332133921504,67.14726294906467,61.77541162514041,0.0,0.0,321.55088622637936,1.0,192.9430865880022,1.0,73.08342153578451,1.0,0,0
108,2025-08-02 13:41:31.417519,6.1418377356058524,6.164921097184613,67.33086955120675,62.31238943619002,57.69566823377119,57.459977957462534,57.66483791781393,67.33086897509642,62.31238920414748,0.0,0.0,311.873582447603,1.0,192.67941987436643,1.0,77.60635276213179,1.0,0,0
109,2025-08-02 13:41:43.870101,6.203006159393462,6.219808769975564,67.34376017613,62.34372018768549,57.75257452092583,57.5148653558411,57.72198782972694,67.34375960144224,62.34371995625187,0.0,0.0,311.1941576132849,1.0,192.20364116449673,1.0,77.40270090835111,1.0,0,0
110,2025-08-02 13:41:55.791339,6.263590077543924,6.274553253145019,67.35659072115229,62.37496034761946,57.8090366286754,57.569609543431916,57.77868654373053,67.35659014787763,62.37496011679477,0.0,0.0,310.5178994040941,1.0,191.73103211073794,1.0,77.1990432599523,1.0,0,0
111,2025-08-02 13:42:08.795431,6.323604275200324,6.329143144215246,67.3693615842616,62.40610481824089,57.86506101936374,57.62419911949443,57.83494092632348,67.36936101239075,62.40610458802498,0.0,0.0,309.8447868433145,1.0,191.26152897229076,1.0,76.99544066042563,1.0,0,0
112,2025-08-02 13:42:21.034418,6.383062717222917,6.383567869843526,67.38207220764306,62.43714897347874,57.920653961364806,57.678623512289604,57.89075762107,67.38207163716683,62.437148743871305,0.0,0.0,309.1748493316404,1.0,190.7951027760646,1.0,76.79193656940697,1.0,0,0
113,2025-08-02 13:42:33.841844,6.441978603330005,6.437817618531239,67.39472291968805,62.468087911294184,57.97582162679965,57.73287291179635,57.946143143060354,67.39472235059748,62.468087682294765,0.0,0.0,308.5080695605801,1.0,190.33167239740578,1.0,76.58858603576846,1.0,0,0
114,2025-08-02 13:42:45.112612,6.500364432785357,6.49188327752808,67.40731367926774,62.49891823723653,58.03057001219898,57.78693820665418,58.0011038071807,67.40731311155395,62.49891800884453,0.0,0.0,307.84444969790457,1.0,189.87120886322373,1.0,76.38543541645504,1.0,0,0
115,2025-08-02 13:42:56.004324,6.558232052155132,6.545756390307675,67.4198444048794,62.52963549128972,58.08490495438649,57.84081094160388,58.05564574523408,67.41984383853365,62.52963526350441,0.0,0.0,307.1839940393735,1.0,189.41366581657348,1.0,76.18252527379354,1.0,0,0
116,2025-08-02 13:43:08.076453,6.615592701328646,6.599429095749871,67.43231516340946,62.560237066836514,58.13883213732204,57.89448325673202,58.10977491450408,67.43231459842319,62.560236839657094,0.0,0.0,306.5266990596086,1.0,188.95899110589198,1.0,75.97989037549269,1.0,0,0
117,2025-08-02 13:43:19.339241,6.672457056503201,6.652894100335559,67.44472626837069,62.5907191512368,58.19235710120607,57.94794785961902,58.163497108328336,67.44472570473539,62.59071892466229,0.0,0.0,305.87254823432414,1.0,188.50716155270675,1.0,75.77757707849742,1.0,0,0
118,2025-08-02 13:43:31.810920,6.728835270628164,6.706144625575626,67.45707770910722,62.6210793093153,58.24548520778897,58.001197972819334,58.216817925380596,67.4570771468146,62.62107908334463,0.0,0.0,305.2215421251584,1.0,188.05810762160036,1.0,75.57562015051644,1.0,0,0
119,2025-08-02 13:43:42.485983,6.784737004999291,6.75917438266738,67.46936933957734,62.65131438105462,58.29822165341862,58.054227308487164,58.26974278342536,67.4693687786191,62.65131415568667,0.0,0.0,304.5736884295184,1.0,187.6118235179547,1.0,75.3740456673313,1.0,0,0
120,2025-08-02 13:43:54.991011,6.840171459899931,6.811977530665714,67.59573253422604,62.994765800481076,58.50204991629107,58.10706521395075,58.471577058781364,67.59573197583101,62.994765567528844,0.0,0.0,297.913476601223,1.0,186.7545561242423,1.0,77.9105991864526,1.0,0,0
121,2025-08-02 13:44:07.340326,6.915635942025519,6.881327287630842,67.61198524805751,63.03376854983275,58.57188674522337,58.17641434935285,58.54168390567384,67.6119846914417,63.033768317662606,0.0,0.0,297.0568464946236,1.0,186.15949520039976,1.0,77.6490301245758,1.0,0,0
122,2025-08-02 13:44:18.734664,6.99044882416386,6.9504111632411165,67.62816738487871,63.07262441011321,58.64120500350837,58.24549758895474,58.61126658113917,67.62816683003184,63.072624178724325,0.0,0.0,296.20393628320323,1.0,185.5678762797197,1.0,77.3877392043687,1.0,0,0
123,2025-08-02 13:44:29.836061,7.064621159376544,7.019222076304951,67.64428033188545,63.11133158330128,58.710011749410924,58.314307852758375,58.68033234096655,67.64427977879762,63.111331352692666,0.0,0.0,295.3546728521741,1.0,184.97957188060354,1.0,77.12677857739436,1.0,0,0
124,2025-08-02 13:44:42.513060,7.138163508636092,7.087753384512696,57.89654000041729,57.901124367636555,57.94416988107441,58.3826334711341,57.94623013171381,57.89654003317993,57.9011244342867,0.0,0.0,0.0,0.0,-10.95742584539039,1.0,-22.29106147751736,1.0,0,0
125,2025-08-02 13:44:53.827606,7.046020654166413,7.005632698381555,57.80869209034759,57.813762549287986,57.855276517325905,58.30051189506551,57.85729743714862,57.80869212271968,57.81376261632869,0.0,0.0,0.0,0.0,-10.826806461068372,1.0,-22.421683759148436,1.0,0,0
126,2025-08-02 13:45:06.561015,6.954206313957415,6.923183504405149,57.72086186498615,57.72640419155175,57.76648028096619,58.218061869388016,57.76846487186903,57.72086189699404,57.726404258956634,0.0,0.0,0.0,0.0,-10.705000690904853,1.0,-22.543483734693837,1.0,0,0
127,2025-08-02 13:45:18.554947,6.862698004215672,6.840428291823265,57.63305039774861,57.63905014447855,57.677776444474866,58.13530587937375,57.679727455793945,57.63305042941687,57.63905021222308,0.0,0.0,0.0,0.0,-10.59141168923361,1.0,-22.6570785309832,1.0,0,0
128,2025-08-02 13:45:31.266858,6.771474865155217,6.757387897709817,57.54526027303914,57.55170175772986,57.58916104892651,58.05226475844305,57.59108099149866,57.54526030439053,57.55170182579124,0.0,0.0,0.0,0.0,-10.48543391846124,1.0,-22.76305050713745,1.0,0,0
129,2025-08-02 13:45:44.020548,6.680517591672466,6.674081641618819,57.45749302370295,57.46435973583651,57.500629943242984,57.968957822721016,57.50252111599992,57.45749305475862,57.464359804193585,0.0,0.0,0.0,0.0,-10.386531376411767,1.0,-22.861944357259745,1.0,0,0
130,2025-08-02 13:45:56.302304,6.589808281674852,6.59052743613567,57.36974923707365,57.377024192164185,57.41217880295458,57.88540298156856,57.4140433165481,57.369749267853265,57.377024260797334,0.0,0.0,0.0,0.0,-10.294205725926986,1.0,-22.954275802362645,1.0,0,0
131,2025-08-02 13:46:08.382258,6.499330297462323,6.506741885844925,57.2820302280419,57.28969616537609,57.323803968490104,57.801616836698635,57.325643756641,57.28203025856372,57.289696234267026,0.0,0.0,0.0,0.0,-10.207987602939284,1.0,-23.040491028041288,1.0,0,0
132,2025-08-02 13:46:19.061347,6.4090682237594185,6.422740436571815,57.072557524741065,57.08230307983524,57.12376355083166,57.717585436219025,57.12602154409164,57.072557558809535,57.082303157244105,0.0,0.0,0.0,0.0,-11.394157521067427,1.0,-25.889304928341517,1.0,0,0
133,2025-08-02 13:46:30.414429,6.307983667516576,6.328412830569626,56.97423698443823,56.98439012899062,57.02478938329113,57.62325722980327,57.02702271300068,56.97423701827116,56.98439020663502,0.0,0.0,0.0,0.0,-11.315385482362217,1.0,-25.968076967046727,1.0,0,0
134,2025-08-02 13:46:42.658318,6.20709621798206,6.233888106440641,56.87594174568645,56.88648525806824,56.92588279534135,57.528731940284835,56.92809305038734,56.875941779297854,56.88648533593417,0.0,0.0,0.0,0.0,-11.241295495096892,1.0,-26.04216695431205,1.0,0,0
135,2025-08-02 13:46:53.821008,6.106394082578646,6.139178081248402,56.77767112210056,56.78858795717881,56.827040283586115,57.43402138258085,56.82922894309025,56.777671155503576,56.788588035253106,0.0,0.0,0.0,0.0,-11.17160072567458,1.0,-26.111855929116246,1.0,0,0
136,2025-08-02 13:47:05.071908,6.005866190368204,6.0442938123774095,56.67942494729264,56.690698502266855,56.728258795581844,57.33913661214552,56.7304272336183,56.679424980499604,56.6906985805372,0.0,0.0,0.0,0.0,-11.10603172435276,1.0,-26.177424930438065,1.0,0,0
137,2025-08-02 13:47:16.496270,5.9055021731526525,5.949245675109203,56.581202515821346,56.59281654191339,56.62953517416292,57.244088002393156,56.63168467076055,56.58120254884385,56.592816620368225,0.0,0.0,0.0,0.0,-11.044336425243273,1.0,-26.23912602416567,1.0,0,0
138,2025-08-02 13:47:27.580458,5.805292296471397,5.854043390237092,67.31866958626811,62.302185134305184,57.4612276259598,57.14912091832461,57.42809364648198,67.31866900302037,62.30218489460697,0.0,0.0,312.51660473755754,1.0,195.06651860297097,1.0,80.16678590252013,1.0,0,0
139,2025-08-02 13:47:39.595765,5.8797081179730695,5.918933730479849,67.33392752633944,62.33889682759035,57.52950227337213,57.214010941358595,57.49667747064334,67.33392694478756,62.3388965886008,0.0,0.0,311.7124060686264,1.0,194.49933558689736,1.0,79.92977443223026,1.0,0,0
140,2025-08-02 13:47:51.311506,5.953406110657482,5.983680576401341,67.34912098098756,62.37551601235021,57.59725019978367,57.27875744173098,57.56472607165633,67.34912040112097,62.37551577406978,0.0,0.0,310.91160622622374,1.0,193.93569887711237,1.0,79.69260940456024,1.0,0,0
141,2025-08-02 13:48:02.686694,6.026403025563729,6.048270798891403,67.36424997476927,62.41203786704561,57.6644777733845,57.34334729242646,57.632246267037225,67.36424939657745,62.41203762947461,0.0,0.0,310.11420391604054,1.0,193.3755737059073,1.0,79.45534007376409,1.0,0,0
142,2025-08-02 13:48:14.466190,6.098714770583246,6.112692139741254,67.3793141799719,62.44845676936908,57.73119129212868,57.407768237158066,57.69924477124883,67.37931360344454,62.44845653250767,0.0,0.0,309.3202164107918,1.0,192.81889053786472,1.0,79.21801859140487,1.0,0,0
143,2025-08-02 13:48:26.415294,6.17035646990681,6.176933134309077,67.3943133029727,62.484767434803636,57.79739699301493,57.472008813072904,57.765728207113355,67.39431272809955,62.484767198651774,0.0,0.0,308.52965918642116,1.0,192.26564937298463,1.0,78.98071159559095,1.0,0,0
144,2025-08-02 13:48:38.028873,6.2413425196296695,6.240983052820889,67.47057822570028,62.68880719752978,57.951382209288205,57.53607874299975,57.91887310127048,67.47057765334561,62.688806957840036,0.0,0.0,304.50997179369415,1.0,191.42333788863652,1.0,80.1639523342601,1.0,0,0
145,2025-08-02 13:48:49.951856,6.322228325669417,6.313683420011699,67.48751975267292,62.7295493706658,58.025720818690836,57.60877852349108,57.99351712574618,67.48751918218431,62.72954913177986,0.0,0.0,303.6170364841181,1.0,190.79924013340133,1.0,79.89511971857155,1.0,0,0
146,2025-08-02 13:49:01.853703,6.4023987871615615,6.386142760824316,67.50439197542816,62.770156772329074,58.09950781036024,57.68123725789735,58.06760280984262,67.50439140679504,62.770156534246595,0.0,0.0,302.7277539847592,1.0,190.17867709521852,1.0,79.62640299524537,1.0,0,0
147,2025-08-02 13:49:14.144426,6.48186662626206,6.458352263222638,67.52119484877926,62.81062547925144,58.17274902820386,57.753446135574464,58.14113627288655,67.52119428199121,62.81062524197192,0.0,0.0,301.8421266772723,1.0,189.5615908279069,1.0,79.3578572131537,1.0,0,0
148,2025-08-02 13:49:25.383174,6.560644074030992,6.530303608974029,67.5379284425228,62.8509524001804,58.24545019806192,57.82539683962628,58.21412350135576,67.53792787756952,62.85095216370322,0.0,0.0,300.9601508828933,1.0,188.94795815299403,1.0,79.08951424269617,1.0,0,0
149,2025-08-02 13:49:37.143256,6.6387428960679005,6.601988957799063,67.55459239239435,62.891133034256015,58.31761692930572,57.897081530998186,58.28657035181273,67.55459182926559,62.891132798580415,0.0,0.0,300.0818458008696,1.0,188.3377500973893,1.0,78.82142623543587,1.0,0,0
150,2025-08-02 13:49:49.010111,6.716174414342319,6.673400904546044,67.57118667827535,62.93116495739569,58.38925476536228,57.96849280573855,58.35848259984336,67.57118611696102,62.931164722520855,0.0,0.0,299.2072124915894,1.0,187.73092030414773,1.0,78.55361057522714,1.0,0,0
151,2025-08-02 13:50:00.975080,6.792949533585471,6.744532472407532,67.58771154393665,62.97104496142975,58.46036917963648,58.0396236881559,58.42986593718259,67.58771098442672,62.97104472735471,0.0,0.0,298.33623810664903,1.0,187.12743400556064,1.0,78.28611941363306,1.0,0,0
152,2025-08-02 13:50:12.145764,6.8690787656069645,6.8153770815155665,67.60416676284547,63.010769963228775,58.5309655172545,58.11046759943508,58.50072591717381,67.60416620513006,63.01076972995244,0.0,0.0,297.4689345858866,1.0,186.52725643391932,1.0,78.01899331298046,1.0,0,0
153,2025-08-02 13:50:24.243990,6.944572245382694,6.885928526145384,67.62055223015619,63.05033749677341,58.60104903579355,58.181018334859004,58.57106799415221,67.62055167422548,63.05033726429464,0.0,0.0,296.60530745538733,1.0,185.9303702053694,1.0,77.75224965712368,1.0,0,0
154,2025-08-02 13:50:35.218885,7.019439750965342,6.956180959419437,67.63686816721255,63.08974538731233,58.6706249213931,58.251270048509866,58.64089753955369,67.6368676130568,63.08974515562987,0.0,0.0,295.74534504881416,1.0,185.33674055220217,1.0,77.48592321377146,1.0,0,0
155,2025-08-02 13:50:46.316875,7.0936907240132285,7.0261288768336305,57.85392806153776,57.85761226678511,57.90261892828671,58.321012733409454,57.90471409600471,57.85392809469221,57.857612332069785,0.0,0.0,0.0,0.0,-11.08846823683507,1.0,-21.834381828966798,1.0,0,0
156,2025-08-02 13:50:59.021152,7.0018503973229365,6.945412477796792,57.848412993229125,57.85151319094792,57.88922848091146,58.24031504096264,57.89098490366824,57.84841302337089,57.851513250329404,0.0,0.0,0.0,0.0,-10.080876859888122,1.0,-19.860068516663887,1.0,0,0
157,2025-08-02 13:51:10.745631,6.918336678608217,6.871998563275193,57.769288048782144,57.77283996174797,57.8090260130526,58.166900229643346,57.810741965254714,57.76928807849159,57.772840021561755,0.0,0.0,0.0,0.0,-9.936289548591049,1.0,-20.00465003334284,1.0,0,0
158,2025-08-02 13:51:22.867135,6.835187038336666,6.798220573814272,57.69017271253639,57.69416754177499,57.72892556258768,58.0931214079972,57.73060449615167,57.69017274184587,57.69416760198874,0.0,0.0,0.0,0.0,-9.802523686630593,1.0,-20.138418792612356,1.0,0,0
159,2025-08-02 13:51:33.645050,6.7523738945095895,6.724106103017601,57.61107138447547,57.61549742522066,57.648922621229396,58.01900616468442,57.65056765191309,57.61107141341475,57.61549748580462,0.0,0.0,0.0,0.0,-9.678707183979895,1.0,-20.262232397953994,1.0,0,0
160,2025-08-02 13:51:45.091728,6.669871932345984,6.649680437937898,57.53198806790596,57.53683154311392,57.56901293503188,57.94457978231684,57.57062687645558,57.53198809650236,57.536831604040756,0.0,0.0,0.0,0.0,-9.56403458872046,1.0,-20.37690789052249,1.0,0,0
161,2025-08-02 13:51:55.830467,6.587657930323258,6.574966815590918,57.45292526066185,57.458170932685434,57.48919192858865,57.86986549377668,57.49077732967253,57.45292528894055,57.45817099392996,0.0,0.0,0.0,0.0,-9.457778676278394,1.0,-20.483160905655495,1.0,0,0
162,2025-08-02 13:52:07.872053,6.505710534420337,6.499986592468627,57.373884708658665,57.379516322050485,57.40945504525946,57.79488465175643,57.41101421940838,57.373884736642864,57.37951638358951,0.0,0.0,0.0,0.0,-9.359284654806288,1.0,-20.5816549271276,1.0,0,0
163,2025-08-02 13:52:19.506636,6.4240100878232544,6.424759417077365,57.294867845464246,57.30086858609011,57.329797948630755,57.7196569013059,57.33133299733042,57.29486787317536,57.300868647902206,0.0,0.0,0.0,0.0,-9.2679498840198,1.0,-20.67298390329597,1.0,0,0
164,2025-08-02 13:52:31.602689,6.342538496213108,6.349303399352279,57.21587504396436,57.22222778926598,57.2502161165516,57.64420034911182,57.25172895517077,57.21587507142217,57.222227851331404,0.0,0.0,0.0,0.0,-9.183232567124833,1.0,-20.757707014809057,1.0,0,0
165,2025-08-02 13:52:43.510582,6.261279057656844,6.273635220935997,57.136906964593116,57.14359460873528,57.17070550109615,57.56853167390232,57.17219787406283,57.13690699181585,57.143594671035764,0.0,0.0,0.0,0.0,-9.104611188490708,1.0,-20.836325496134123,1.0,0,0
166,2025-08-02 13:52:54.409608,6.180216381316696,6.197770290947116,57.05796329874016,57.06496888747852,57.09126186950712,57.4926662820324,57.092735371574285,57.057963325744694,57.0649689499972,0.0,0.0,0.0,0.0,-9.031633767904168,1.0,-20.909297122102544,1.0,0,0
167,2025-08-02 13:53:05.930539,6.09933623778469,6.121722825313979,56.97904394688798,56.98635078645382,57.011881378769345,57.41661838692499,57.01333746719762,56.979043973689926,56.98635084917508,0.0,0.0,0.0,0.0,-8.96388019555161,1.0,-20.97705359176416,1.0,0,0
168,2025-08-02 13:53:18.419572,6.018625487864512,6.045505965498169,56.71562483968378,56.72578169190953,56.763240052791716,57.34035657927914,56.76534816014469,56.71562487244068,56.725781767945584,0.0,0.0,0.0,0.0,-10.95550782679311,1.0,-25.43016836170864,1.0,0,0
169,2025-08-02 13:53:29.794539,5.920386024998442,5.953038801636347,56.61972579307022,56.63024351040865,56.666790839558004,57.24788890244693,56.668878171114336,56.619725825622226,56.6302435866496,0.0,0.0,0.0,0.0,-10.886980672921709,1.0,-25.49869551558004,1.0,0,0
170,2025-08-02 13:53:42.284143,5.822317883544361,5.860400326590926,67.33385484671588,62.34127394546808,57.492981622618665,57.1554824945071,57.459783718077354,67.33385426399765,62.34127370494908,0.0,0.0,311.7162367860267,1.0,194.88942348402816,1.0,80.44129434665592,1.0,0,0
171,2025-08-02 13:53:54.409603,5.898513147187814,5.927359531792974,67.34952431589542,62.379048947039024,57.56292832719895,57.22244131801328,57.53003927659174,67.34952373491481,62.37904870725184,0.0,0.0,310.8903476949606,1.0,194.30828123290667,1.0,80.1965412665595,1.0,0,0
172,2025-08-02 13:54:04.892340,5.973991971675932,5.994150605361736,67.36512840483006,62.41672126279809,57.63234207071405,57.28923198381473,57.59975387095287,67.36512782557648,62.41672102374298,0.0,0.0,310.06790459369853,1.0,193.73067949345568,1.0,79.95170126719131,1.0,0,0
173,2025-08-02 13:54:16.675657,6.0487699402160855,6.060761663926945,67.38066688979147,62.454285571577,57.701229077076405,57.35584261041434,57.66893412253151,67.38066631225446,62.45428533325406,0.0,0.0,309.24891927426654,1.0,193.15657190873026,1.0,79.7068265001144,1.0,0,0
174,2025-08-02 13:54:27.903512,6.122861900247461,6.127181571572912,67.39613931017928,62.49173683979183,57.76959548816069,57.42226206364256,57.73758654340057,67.39613873434853,62.49173660220098,0.0,0.0,308.43341601348163,1.0,192.58591212178544,1.0,79.46197780881903,1.0,0,0
175,2025-08-02 13:54:39.035392,6.196282012116345,6.193399885711765,67.41154573877668,62.52907093511982,57.837447409064865,57.48847990255825,57.80571758146839,67.41154516464198,62.529070698260874,0.0,0.0,307.6213909751662,1.0,192.01867115953064,1.0,79.21719575563202,1.0,0,0
176,2025-08-02 13:54:50.100264,6.269043798926576,6.259406815545517,67.4268859436083,62.56628295025199,57.90479084023472,57.5544863378825,57.87333355798778,67.42688537115956,62.566282714124604,0.0,0.0,306.81285638602446,1.0,191.45480845963903,1.0,78.97252669749832,1.0,0,0
177,2025-08-02 13:55:02.609479,6.341160185158842,6.325193168216725,67.44215992361595,62.60336917014973,57.97163170304917,57.62027217820168,57.94044069335721,67.4421593528432,62.60336893475342,0.0,0.0,306.0078123018275,1.0,190.89427187054753,1.0,78.72801988867195,1.0,0,0
178,2025-08-02 13:55:14.138050,6.412643536024588,6.390750318400436,67.45736775262283,62.64032647224689,58.037975824572946,57.68582879955334,58.00704509421381,67.45736718351627,62.640326237581036,0.0,0.0,305.20625483158636,1.0,190.33702082992932,1.0,78.48371589147973,1.0,0,0
179,2025-08-02 13:55:26.617880,6.483505692428642,6.456070175448137,67.47250893288486,62.67714990720574,58.10382888737382,57.75114811252491,58.07315270720286,67.47250836543475,62.67714967326962,0.0,0.0,304.4082102098441,1.0,189.78302057007568,1.0,78.23965816555756,1.0,0,0
180,2025-08-02 13:55:37.929706,6.553757997509037,6.52114513018722,67.55634748996323,62.90031526830682,58.268598097423244,57.816245587919816,58.236910471644116,67.55634692516516,62.90031503034689,0.0,0.0,299.9893400548689,1.0,188.89604416926886,1.0,79.58541766129201,1.0,0,0
181,2025-08-02 13:55:49.608189,6.635283530030355,6.595779404863065,67.57369238104285,62.942028957999355,58.34373005555684,57.8908791539599,58.31233543836217,67.57369181814502,62.94202872087264,0.0,0.0,299.0751446750343,1.0,188.26051363248553,1.0,79.30674868134702,1.0,0,0
182,2025-08-02 13:56:01.288208,6.7161146660056374,6.670128942106914,67.59096609667527,62.983588561848286,58.41831317401515,57.96522796758275,58.387205716367994,67.5909655356673,62.98358832555396,0.0,0.0,298.1647007321316,1.0,187.62845407195528,1.0,79.02835784307172,1.0,0,0
183,2025-08-02 13:56:13.609726,6.796262375450241,6.744186759396914,67.60816942126347,63.02499171922414,58.49235300445405,58.03928504741594,58.461527071118574,67.60816886213516,63.02499148376126,0.0,0.0,297.2579668827165,1.0,186.9998017468788,1.0,78.75027991417483,1.0,0,0
184,2025-08-02 13:56:25.454377,6.875737246703175,6.817946268212319,67.62530195217272,63.06623563306041,58.565854874832155,58.11304380600615,58.53530503723654,67.62530139491396,63.06623539842795,0.0,0.0,296.35496434841383,1.0,186.37453347878363,1.0,78.47254966236505,1.0,0,0
185,2025-08-02 13:56:36.450102,6.95454950271803,6.891401245138651,67.64236363365461,63.107316803513804,58.63882405092206,58.18649802093415,58.60854507529456,67.64236307825539,63.107316569710626,0.0,0.0,295.4556960675492,1.0,185.75261449996106,1.0,78.195196060733,1.0,0,0
186,2025-08-02 13:56:47.587722,7.032709021784937,6.96454580610709,67.65935439637391,63.1482334085944,58.711265707421056,58.25964180911005,58.681252545057745,67.65935384282427,63.14823317561926,0.0,0.0,294.56016569456875,1.0,185.1340216319386,1.0,77.91825967160548,1.0,0,0
187,2025-08-02 13:56:59.018517,7.110225353719939,7.037374403278255,57.90760490608501,57.91055708395724,57.95363674709639,58.33226827210694,57.95561120461644,57.9076049382492,57.91055714600192,0.0,0.0,0.0,0.0,-10.757273940953382,1.0,-20.750770856921008,1.0,0,0
188,2025-08-02 13:57:10.711736,7.0219655004575845,6.960492955583075,57.82433593279747,57.82776762679494,57.869135702400555,58.255385814156085,57.87106391726468,57.824335964493905,57.82776768930737,0.0,0.0,0.0,0.0,-10.600836635603628,1.0,-20.907211059579822,1.0,0,0
189,2025-08-02 13:57:22.477046,6.93409992267258,6.883217229585406,57.741070911453434,57.74497698399354,57.78474132370233,58.17810914784936,57.78662712087487,57.74107094271589,57.74497704693994,0.0,0.0,0.0,0.0,-10.455693040967162,1.0,-21.05234885959817,1.0,0,0
190,2025-08-02 13:57:34.272626,6.846599812536341,6.805576042270667,57.657815297280294,57.6621868903947,57.70044923108885,58.1004670850561,57.702296077138485,57.6578153281399,57.662186953743976,0.0,0.0,0.0,0.0,-10.32095658047183,1.0,-21.18709111471162,1.0,0,0
191,2025-08-02 13:57:45.944728,6.7594386478194535,6.727595903415269,57.57457390265392,57.57939941641303,57.61625538784286,58.02248613086777,57.61806642217101,57.57457393313933,57.5793994801365,0.0,0.0,0.0,0.0,-10.195810212962897,1.0,-21.312237482220553,1.0,0,0
192,2025-08-02 13:57:56.986653,6.672592023746245,6.649301224076057,57.47495773755992,57.480451524322014,57.517113791073825,57.94418673455621,57.518951219589205,57.47495776823227,57.480451589632125,0.0,0.0,0.0,0.0,-10.258331245154295,1.0,-21.842888328365007,1.0,0,0
193,2025-08-02 13:58:09.420156,6.584435405234264,6.5692075278188335,57.39019027687024,57.39611544155764,57.43153062972917,57.86409232214711,57.43333735496071,57.390190307220685,57.39611550718963,0.0,0.0,0.0,0.0,-10.150670137818452,1.0,-21.950540743773672,1.0,0,0
194,2025-08-02 13:58:21.126587,6.4965489256103,6.488843701401693,57.30544505978315,57.311785354191954,57.346032518709016,57.783727827501146,57.347810888974685,57.30544508983389,57.31178542012367,0.0,0.0,0.0,0.0,-10.050431936292625,1.0,-22.050784739917617,1.0,0,0
195,2025-08-02 13:58:32.723433,6.40891380519871,6.408228516945401,57.2207232689964,57.227461816513504,57.2606152230496,57.70311201940611,57.26236738495261,57.22072329876795,57.22746188272439,0.0,0.0,0.0,0.0,-9.957060357237424,1.0,-22.14415342166376,1.0,0,0
196,2025-08-02 13:58:44.756943,6.321512659749642,6.327379348172511,57.1360259495065,57.14314559921143,57.175274759005106,57.62226226854017,57.177002675634895,57.13602597901793,57.143145665682425,0.0,0.0,0.0,0.0,-9.87006285811276,1.0,-22.231145126170304,1.0,0,0
197,2025-08-02 13:58:56.499553,6.234329401687588,6.246312302080422,57.051353103784635,57.058836620670256,57.09000690970894,57.54119467900558,57.09171238268499,57.05135313305363,57.058836687383696,0.0,0.0,0.0,0.0,-9.78898166408726,1.0,-22.312232114813924,1.0,0,0
198,2025-08-02 13:59:08.695332,6.1473490973022455,6.165042294926692,56.96670514471917,56.97453537328079,57.004807944209034,57.459924164451806,57.006492624974115,56.966705173762136,56.97453544022024,0.0,0.0,0.0,0.0,-9.71338507611108,1.0,-22.387820010862924,1.0,0,0
199,2025-08-02 13:59:20.395703,6.060557912182261,6.08358317666545,56.88208171329745,56.89024174100136,56.91967400024474,57.37846457235779,56.921339407439746,56.88208174212968,56.89024180815157,0.0,0.0,0.0,0.0,-9.642902238624629,1.0,-22.458308642967495,1.0,0,0
200,2025-08-02 13:59:33.149322,5.973942994618342,6.001947795155119,56.7974824378243,56.80595570262454,56.8346014489319,57.29682874830294,56.83624897968537,56.79748246645995,56.80595576997131,0.0,0.0,0.0,0.0,-9.57715939875925,1.0,-22.524048585523815,1.0,0,0
201,2025-08-02 13:59:44.665344,5.887492407902963,5.920148081803953,67.40846164877823,62.541687269419334,57.6440010439112,57.215250739321505,57.60997503668531,67.40846106850755,62.541687025399796,0.0,0.0,307.78394378767047,1.0,194.07084675549413,1.0,81.61204768327934,1.0,0,0
202,2025-08-02 13:59:55.682843,5.973379219253336,5.995660416006961,67.42608263508868,62.583917941751174,57.72238264979039,57.29076253435014,57.688696813921844,67.42608205677047,62.58391769855609,0.0,0.0,306.8551962850676,1.0,193.41783965046488,1.0,81.33630788279334,1.0,0,0
203,2025-08-02 14:00:07.469020,6.058485712845103,6.070958342119899,67.44363447359403,62.62602553686077,57.800179826680825,57.36605989584795,57.76682627991047,67.4436338972173,62.62602529449026,0.0,0.0,305.9300933486723,1.0,192.7685179225591,1.0,81.06053041728956,1.0,0,0
204,2025-08-02 14:00:19.772094,6.142826463242479,6.146031184425442,67.35034414005546,62.363079136222474,57.71997781937728,57.44109568648268,57.68897201353639,67.35034356410111,62.36307890238942,0.0,0.0,310.84713730776645,1.0,192.62725092744404,1.0,78.20518887967864,1.0,0,0
205,2025-08-02 14:00:32.788699,6.207273322410625,6.204786252703002,67.36399812436466,62.39643208766577,57.78000720483376,57.49985036923459,57.74924411567147,67.36399754990973,62.396431854485115,0.0,0.0,310.12747816926196,1.0,192.12577308621803,1.0,77.98699543172916,1.0,0,0
206,2025-08-02 14:00:44.645341,6.271139276967307,6.263351438751395,67.37758886085943,62.42967253882693,57.8395816441063,57.55841515261974,57.80905521553862,67.37758828789435,62.42967230629821,0.0,0.0,309.41115262677073,1.0,191.62749387419353,1.0,77.76895554115981,1.0,0,0
207,2025-08-02 14:00:56.726081,6.3344368913307445,6.321717741022647,67.39111750376948,62.46279738994273,57.89870825791402,57.61678103652579,57.868412725083054,67.39111693228507,62.46279715806537,0.0,0.0,308.69809984442537,1.0,191.13228580977193,1.0,77.55110977029744,1.0,0,0
208,2025-08-02 14:01:07.633877,6.39717805291587,6.379876790528528,67.40458378189831,62.49580243252325,57.95739282957934,57.674939653236144,57.927322712203676,67.40458321188544,62.49580220129653,0.0,0.0,307.988334116153,1.0,190.64013150909886,1.0,77.333504476087,1.0,0,0
209,2025-08-02 14:01:18.947008,6.459374083778215,6.437820774393252,67.41798794500413,62.528685549563335,58.015641034784124,57.73288319109913,57.98579111611197,67.41798737645385,62.52868531898643,0.0,0.0,307.2818422779719,1.0,190.15096723137503,1.0,77.1161744262372,1.0,0,0
210,2025-08-02 14:01:30.049036,6.5210357815841595,6.495542416276684,67.43132964002017,62.56144160474283,58.07345837410438,57.79060437485711,58.04382368547611,67.4313290729236,62.561441374814805,0.0,0.0,306.5786429389368,1.0,189.66477559274608,1.0,76.8991572857658,1.0,0,0
211,2025-08-02 14:01:41.414353,6.582173447963457,6.553034909932994,67.44460962885425,62.59406943637776,58.13085027331899,57.8480963993513,58.101426074322,67.4446090632027,62.59406920709755,0.0,0.0,305.8786959412504,1.0,189.1814928524127,1.0,76.68249361699964,1.0,0,0
212,2025-08-02 14:01:52.361741,6.642796928448468,6.6102919256520805,67.45782764154036,62.62656597366592,58.1878219600553,57.90535293584758,58.15860372747712,67.4578270773252,62.62656574503239,0.0,0.0,305.1820155139842,1.0,188.70109583190242,1.0,76.46621529033837,1.0,0,0
213,2025-08-02 14:02:03.693779,6.702915631768079,6.6673075589498385,67.47098361108905,62.65892768068247,58.2443785337624,57.962368080765394,58.215361947412,67.47098304830176,62.65892745269436,0.0,0.0,304.4886051879447,1.0,188.2235439688884,1.0,76.25035417618165,1.0,0,0
214,2025-08-02 14:02:15.648797,6.762538557430151,6.724076298307558,67.48407765574743,62.69115245232553,58.30052496647577,58.01913632345757,58.27170589622292,67.4840770943796,62.6911522249815,0.0,0.0,303.79845873069047,1.0,187.74880829028007,1.0,76.03494214492912,1.0,0,0
215,2025-08-02 14:02:26.205027,6.8216743209768245,6.780593013226342,67.49711021448668,62.72323880058303,58.356266116829936,58.07565253425317,58.32764061000715,67.49710965453001,62.72323857388168,0.0,0.0,303.1115530054175,1.0,187.27684823375057,1.0,75.8199994777442,1.0,0,0
216,2025-08-02 14:02:38.474803,6.88033117895547,6.83685293645411,67.57018331835417,62.92050001401736,58.490495918065584,58.13193030318168,58.460890885989905,67.5701827604235,62.92049978362828,0.0,0.0,299.2600964791596,1.0,186.5992545640438,1.0,77.05335497121268,1.0,0,0
217,2025-08-02 14:02:49.840314,6.94940516893522,6.901670317321866,67.58525531445758,62.95705981001115,58.5549394247762,58.196747077768485,58.52557005828659,67.5852547581671,62.957059580357146,0.0,0.0,298.46569833970955,1.0,186.0506954506036,1.0,76.80751250290996,1.0,0,0
218,2025-08-02 14:03:02.060336,7.017903081960576,6.96621293653353,67.60026035543224,62.99347073875854,58.61891311209303,58.26128908075586,58.58977475478652,67.60025980077262,62.99347050983835,0.0,0.0,297.67482919730384,1.0,185.50525384171124,1.0,76.56208724711178,1.0,0,0
219,2025-08-02 14:03:13.992692,7.085834244160459,7.0304752633638135,57.77237404779779,57.77766884796708,57.826255113615474,58.32533895082296,57.82858685818979,57.77237408281613,57.77766891941544,0.0,0.0,0.0,0.0,-11.711841664805434,1.0,-23.895820121992983,1.0,0,0
220,2025-08-02 14:03:25.986495,6.987211298913696,6.942469517398232,57.67829684146519,57.68410886307191,57.73107166512624,58.23733226201791,57.73336181302115,57.678296876093306,57.684108934910455,0.0,0.0,0.0,0.0,-11.581332378227671,1.0,-24.02631492202545,1.0,0,0
221,2025-08-02 14:03:36.536014,6.888916493823216,6.854135638644349,57.584237159557205,57.59055250390548,57.63598548657038,58.148997498633285,57.63823702760357,57.584237193819995,57.59055257610936,0.0,0.0,0.0,0.0,-11.459149957886439,1.0,-24.1485031369848,1.0,0,0
222,2025-08-02 14:03:47.802005,6.790928644998788,6.76549480351833,57.490196774936905,57.497000814466496,57.54099225149234,58.06035583334348,57.54320793900941,57.49019680885759,57.49700088701246,0.0,0.0,0.0,0.0,-11.344732325824225,1.0,-24.262912077119836,1.0,0,0
223,2025-08-02 14:03:59.298479,6.693228036992532,6.676566732866803,57.396177620004664,57.40345460309414,57.446087958792376,57.971426983485,57.448270323850686,57.396177653604894,57.40345467596057,0.0,0.0,0.0,0.0,-11.23755796641035,1.0,-24.37009223115183,1.0,0,0
224,2025-08-02 14:04:11.494125,6.59579631560836,6.587369775008738,57.30218119413559,57.30991454480474,57.35126868211841,57.88222929412063,57.3534200539448,57.302181227435554,57.30991461797143,0.0,0.0,0.0,0.0,-11.137134337104726,1.0,-24.470512963148394,1.0,0,0
225,2025-08-02 14:04:23.395477,6.49861638629718,6.4979210173661155,57.20820880536054,57.21638147841854,57.25653068148167,57.79277984967468,57.25865320467959,57.208208838379065,57.21638155186667,0.0,0.0,0.0,0.0,-11.043006560385038,1.0,-24.564637842559023,1.0,0,0
226,2025-08-02 14:04:35.645654,6.401672329960795,6.408236396099421,57.114260814052045,57.122855486791416,57.16187000024327,57.70309458344957,57.163965655126944,57.11426084680672,57.1228555605034,0.0,0.0,0.0,0.0,-10.95476321836486,1.0,-24.65288697919732,1.0,0,0
227,2025-08-02 14:04:47.234177,6.304949285184309,6.318330761859297,57.020337798190575,57.02933705443804,57.06728304000757,57.613188343487536,57.06935365420464,57.02033783069782,57.02933712839744,0.0,0.0,0.0,0.0,-10.872010277012123,1.0,-24.735634125931938,1.0,0,0
228,2025-08-02 14:04:58.696147,6.208433394996068,6.228217980822919,56.90111405324444,56.91085468832707,56.94952823791292,57.52306888011902,56.951667234743624,56.901114086297,56.91085476420528,0.0,0.0,0.0,0.0,-11.054390087679167,1.0,-25.377379390647548,1.0,0,0
229,2025-08-02 14:05:10.981251,6.109856884920694,6.135846284544086,56.80506485346603,56.81518642854861,56.85288309475068,57.43069663246733,56.85499959659391,56.80506488629827,56.81518650464714,0.0,0.0,0.0,0.0,-10.98070572368215,1.0,-25.451063754644565,1.0,0,0
230,2025-08-02 14:05:22.756976,6.011464664251851,6.043290301323742,56.70904026598606,56.71952581742962,56.75630174775939,57.33814013058101,56.75839722422956,56.70904029861134,56.719525893735124,0.0,0.0,0.0,0.0,-10.911486112945568,1.0,-25.520286262690206,1.0,0,0
231,2025-08-02 14:05:33.986905,5.9132455095166145,5.950561247721582,56.613040126288254,56.62387308692936,56.659781104653845,57.245410589059375,56.661856918923576,56.613040158719045,56.62387316342934,0.0,0.0,0.0,0.0,-10.846438627254429,1.0,-25.585327953763226,1.0,0,0
232,2025-08-02 14:05:45.643882,5.815188924371566,5.857669634196284,67.33210598977746,62.337678938828624,57.48624596727757,57.152751385271074,57.45299424280911,67.33210540689983,62.33767869833126,0.0,0.0,311.8084136077636,1.0,194.94273397071993,1.0,80.43405976593476,1.0,0,0
233,2025-08-02 14:05:56.979502,5.891424962746353,5.924445208576411,67.34775857896079,62.37536812242604,57.55617997161554,57.21952659416659,57.52323983439072,67.34775799782048,62.37536788265809,0.0,0.0,310.98341420891126,1.0,194.36169022810645,1.0,80.19010924044778,1.0,0,0
234,2025-08-02 14:06:08.829320,5.966938748729093,5.991059421522772,67.3633459240189,62.41295814878081,57.62557941578551,57.28614041465717,57.59294266916513,67.36334534460529,62.412957909742616,0.0,0.0,310.16185362541654,1.0,193.78419858639973,1.0,79.94604282259843,1.0,0,0
235,2025-08-02 14:06:21.105033,6.041746256383152,6.0574999936928275,67.37886775041073,62.450442422544214,57.69445055366424,57.3525805693172,57.6621094142847,67.37886717271333,62.450442184235925,0.0,0.0,309.34374632748904,1.0,193.2102126886548,1.0,79.70192425318601,1.0,0,0
236,2025-08-02 14:06:32.504353,6.115862693859184,6.123755414449987,67.39432357692878,62.48781646381297,57.76279956406672,57.41883554933127,57.730746632973975,67.3943230009372,62.48781622623463,0.0,0.0,308.5291176780809,1.0,192.63970356178106,1.0,79.45779409453735,1.0,0,0
237,2025-08-02 14:06:43.743920,6.189302555084693,6.189814901205727,67.40971359373617,62.525075593643386,57.83063260583662,57.48489457380491,57.79886083913323,67.40971301944015,62.52507535679485,0.0,0.0,307.7179576542847,1.0,192.0726306434517,1.0,79.2137131901427,1.0,0,0
238,2025-08-02 14:06:55.852090,6.26207967352394,6.255668345267082,67.42503747007625,62.56221512677708,57.897955722066406,57.55074753562113,57.86645840850587,67.42503689746563,62.56221489065807,0.0,0.0,306.91028368925686,1.0,191.50894178210365,1.0,78.96972499963795,1.0,0,0
239,2025-08-02 14:07:06.882501,6.3342072611274345,6.321306261968388,67.44029531569558,62.599231192753294,57.96477489487532,57.61638495160334,57.93354563219805,67.4402947447604,62.59923095736339,0.0,0.0,306.10608999859727,1.0,190.94859641541007,1.0,78.72587587996804,1.0,0,0
240,2025-08-02 14:07:19.440524,6.405697951565954,6.3867197549212475,67.55107431475729,62.89478762429813,58.172485953186595,57.681830726053484,58.139800770484904,67.55107374698314,62.89478738309963,0.0,0.0,300.26727275494693,1.0,189.89139731274918,1.0,80.66855347465207,1.0,0,0
241,2025-08-02 14:07:30.483577,6.492837626176809,6.465474885637892,67.56939572737544,62.93864585187451,58.25232815769349,57.76058511699373,58.219964085247994,67.56939516161542,62.938645611549205,0.0,0.0,299.30160795540115,1.0,189.2177729564537,1.0,80.3765163107073,1.0,0,0
242,2025-08-02 14:07:42.343529,6.579226965764743,6.543946092302462,67.58764498968318,62.98235037406135,58.33158638550116,57.839055565995814,58.29953694542189,67.58764442592654,62.98235013460862,0.0,0.0,298.3397459748019,1.0,188.5477412633918,1.0,80.08468195839669,1.0,0,0
243,2025-08-02 14:07:53.759712,6.6648778001416416,6.622125604373895,67.60582258904854,63.02589848446162,58.41026639110057,57.9172343038011,58.3785253410539,67.60582202728466,63.0258982458808,0.0,0.0,297.3816611254925,1.0,187.88126746585476,1.0,79.7930735961927,1.0,0,0
244,2025-08-02 14:08:05.267005,6.749801537539118,6.700006068465984,67.62392823289736,63.06928732244473,58.488373648959694,57.99511397822335,58.45693497240365,67.62392767311567,63.06928708473502,0.0,0.0,296.42736882815126,1.0,187.218322590752,1.0,79.50173178642217,1.0,0,0
245,2025-08-02 14:08:17.618912,6.83400920102633,6.777580524028336,67.64196182631262,63.11251291407352,58.56591357511706,58.07268762982284,58.53477146897672,67.64196126850273,63.112512677234,0.0,0.0,295.4768740855567,1.0,186.55886028113855,1.0,79.21069709141193,1.0,0,0
246,2025-08-02 14:08:30.670166,6.9175114489662715,6.85484237211223,67.65992325036564,63.15557303233469,58.64289150529704,58.14994866074289,58.61204036936037,67.65992269451715,63.15557279636437,0.0,0.0,294.5301831660732,1.0,185.9028689477782,1.0,78.91999848425257,1.0,0,0
247,2025-08-02 14:08:43.316110,7.0003185920354865,6.9317853715195366,67.67781264973492,63.19846556224525,58.719312718782696,58.22689083082463,58.68874714464345,67.67781209583761,63.19846532714301,0.0,0.0,293.5872884441434,1.0,185.25030223372596,1.0,78.6296649380347,1.0,0,0
248,2025-08-02 14:08:55.915555,7.082440611918469,7.008403621719016,57.927344518753905,57.9296475870785,57.9695803225725,58.30330922201066,57.971386816901145,57.92734454945756,57.92964764520003,0.0,0.0,0.0,0.0,-10.268802120094733,1.0,-19.43867809245603,1.0,0,0
249,2025-08-02 14:09:07.725266,6.998905967629494,6.936234293110817,57.84883534204303,57.851591949375816,57.88982507314116,58.231138884311264,57.891584811191954,57.848835372254214,57.85159200798986,0.0,0.0,0.0,0.0,-10.104095894689635,1.0,-19.603398804406424,1.0,0,0
250,2025-08-02 14:09:19.359707,6.915786839091711,6.863649438294031,57.770324390975276,57.773532982592705,57.81017842562244,58.15855309415369,57.81189552344619,57.770324420731534,57.77353304166162,0.0,0.0,0.0,0.0,-9.951946606747697,1.0,-19.755530708494007,1.0,0,0
251,2025-08-02 14:09:30.492043,6.833051078182171,6.790681220052685,57.69181895242036,57.695473197798684,57.730636350544,58.08558400860242,57.732314506635674,57.69181898175619,57.69547325728805,0.0,0.0,0.0,0.0,-9.811334403480032,1.0,-19.89614870637979,1.0,0,0
252,2025-08-02 14:09:42.914112,6.750669277313612,6.71735904891663,57.72606045007752,57.72861906817844,57.754659705327185,58.01228826417203,57.755894681169536,57.72606047495241,57.72861911826513,0.0,0.0,0.0,0.0,-8.319379589920572,1.0,-16.75143263184964,1.0,0,0
253,2025-08-02 14:09:54.369234,6.681046657046417,6.655579989176058,57.65981150829064,57.66274251172269,57.687587374476706,57.95050850792325,57.6887914064704,57.65981153277624,57.66274256219869,0.0,0.0,0.0,0.0,-8.189180315412159,1.0,-16.88163770097617,1.0,0,0
254,2025-08-02 14:10:06.031430,6.611751536020714,6.593473434155816,57.593577377579926,57.59686878429075,57.62061064436399,57.88840131449837,57.621786750526155,57.59357740170986,57.59686883512239,0.0,0.0,0.0,0.0,-8.070228394672085,1.0,-17.000583827098126,1.0,0,0
255,2025-08-02 14:10:17.906698,6.542755308370235,6.531067989333714,57.52736179928834,57.53099947772024,57.5537242820101,57.82599528429698,57.55487514577754,57.52736182309311,57.53099952887707,0.0,0.0,0.0,0.0,-7.961475001820872,1.0,-17.109340117258398,1.0,0,0
256,2025-08-02 14:10:29.491316,6.474032074940885,6.468389548195837,57.46116752457063,57.46513587438468,57.486923129105094,57.76331630622611,57.48805114135242,57.46116754807791,57.46513592583898,0.0,0.0,0.0,0.0,-7.861981408723295,1.0,-17.208830813046916,1.0,0,0
257,2025-08-02 14:10:41.225339,6.405558364075006,6.405461591824011,57.394996128516176,57.399278693892825,57.42020196300482,57.70038785719412,57.42130926058935,57.39499615175117,57.399278745619384,0.0,0.0,0.0,0.0,-7.770918984988384,1.0,-17.29988744216371,1.0,0,0
258,2025-08-02 14:10:53.316416,6.337312859939493,6.34230543326915,57.328848534872215,57.33342849564572,57.35355571644629,57.63723124647474,57.35464421320461,57.32884855785788,57.33342854762163,0.0,0.0,0.0,0.0,-7.687528635642593,1.0,-17.38328068881856,1.0,0,0
259,2025-08-02 14:11:05.166295,6.2692761846411,6.2789404468292425,57.26272514851215,57.267585602880665,57.28697950914887,57.573865844932904,57.2880509225773,57.26272517126939,57.267585655085,0.0,0.0,0.0,0.0,-7.611129493056978,1.0,-17.459676934095114,1.0,0,0
260,2025-08-02 14:11:17.042934,6.201430704831157,6.215384264431388,57.19662596549083,57.2017502290637,57.220468668623106,57.51030928137671,57.22152454291571,57.19662598803869,57.201750281477395,0.0,0.0,0.0,0.0,-7.5411044304019015,1.0,-17.52969909944113,1.0,0,0
261,2025-08-02 14:11:29.328720,6.133760359725604,6.151652951065158,57.13055054343258,57.13592231356623,57.15401867971091,57.44657761793967,57.15506040644241,57.13055056578846,57.13592236617192,0.0,0.0,0.0,0.0,-7.476900061647029,1.0,-17.593909262814122,1.0,0,0
262,2025-08-02 14:11:41.866201,6.066250499603952,6.087761150987541,57.06449835895051,57.07010185402785,57.08762533599475,57.38268549629157,57.08865417040068,57.06449838113032,57.0701019068096,0.0,0.0,0.0,0.0,-7.418012255016038,1.0,-17.652794172136055,1.0,0,0
263,2025-08-02 14:11:54.328003,5.998887760962133,6.023722231971052,56.99846854207068,57.004288572513275,57.02128457514475,57.318646281822744,57.02230165223308,56.998468564088974,57.004288625456546,0.0,0.0,0.0,0.0,-7.363991927604729,1.0,-17.706814499547363,1.0,0,0
264,2025-08-02 14:12:06.382501,5.931659932784796,5.959548396479614,67.43257818342592,62.604251180312765,57.70767943450731,57.25465612348131,57.67356591022158,67.43257760442584,62.60425093572092,0.0,0.0,306.51283609080946,1.0,193.64588684652517,1.0,81.80345261166622,1.0,0,0
265,2025-08-02 14:12:18.436330,6.019632325056769,6.0370518850477275,67.45064706076975,62.64750371260929,57.78789153151396,57.33215902370378,57.75412330697966,67.45064648377043,62.64750346886427,0.0,0.0,305.56048164184267,1.0,192.97674173003543,1.0,81.52023485649806,1.0,0,0
266,2025-08-02 14:12:29.088477,6.10681354781332,6.1143265319115,67.46864604574336,62.690627440678746,57.86750874416134,57.40943305748204,57.83407805478872,67.4686454707337,62.69062719778056,0.0,0.0,304.61181100280146,1.0,192.31129937452351,1.0,81.23701130671179,1.0,0,0
267,2025-08-02 14:12:41.818514,6.193217788085737,6.191362098485514,67.48657489247283,62.73361706309291,57.946536954567755,57.48646798786026,57.91343635684084,67.4865743194419,62.73361682104145,0.0,0.0,303.66683713294066,1.0,191.6495192176626,1.0,80.95382252463423,1.0,0,0
268,2025-08-02 14:12:53.534046,6.278858682047783,6.268148902416646,67.50443340000028,62.776468666687364,58.02498198588006,57.56325413404743,57.99220433825377,67.50443282893724,62.77646842548243,0.0,0.0,302.72557062412324,1.0,190.99136069712586,1.0,80.67070617528316,1.0,0,0
269,2025-08-02 14:13:05.489182,6.36374934803328,6.344677794048482,67.52222144607146,62.81917896412243,58.10284961353409,57.6397823478722,58.07038805850847,67.52222087696552,62.81917872376364,0.0,0.0,301.78801791999285,1.0,190.33680642905892,1.0,80.38771151291257,1.0,0,0
270,2025-08-02 14:13:17.154826,6.44790241611748,6.420940129210723,67.53993884168851,62.86174246476961,58.18014554666578,57.716043986513064,58.14799349476498,67.53993827452906,62.86174222525645,0.0,0.0,300.8541889820376,1.0,189.68580426189874,1.0,80.10489358639461,1.0,0,0
271,2025-08-02 14:13:29.023364,6.531330054253815,6.496927718738308,67.55758549049318,62.90415742895301,58.25687543010347,57.79203086216174,58.22502654470727,67.55758492526972,62.90415719028489,0.0,0.0,299.92408888900485,1.0,189.03831942793659,1.0,79.82227267689268,1.0,0,0
272,2025-08-02 14:13:40.845698,6.614043993314991,6.572632834826991,67.57516121508311,62.946419680212685,58.333044831572934,57.86773524823949,58.301493015240084,67.57516065178514,62.946419442388866,0.0,0.0,298.9977269912223,1.0,188.39434033793623,1.0,79.53989514135174,1.0,0,0
273,2025-08-02 14:13:51.914879,6.696055549454662,6.648048162532312,67.59266586521117,62.9885259669607,58.40865924149383,57.9431498309799,58.37739862310968,67.59266530382835,62.98852572998036,0.0,0.0,298.0751112077483,1.0,187.75382063495272,1.0,79.25779574748049,1.0,0,0
274,2025-08-02 14:14:03.962362,6.777375645275055,6.7231667842881935,67.61009957002027,63.03047420192651,58.4837240912681,58.01826769395831,58.452749013132674,67.61009901054234,63.03047396578871,0.0,0.0,297.15623473186224,1.0,187.11673134589546,1.0,78.97600926298765,1.0,0,0
275,2025-08-02 14:14:15.377336,6.858014831849859,6.797982168829268,67.62746195313996,63.072259690906485,58.55824469148227,58.09308230692736,58.527549700050514,67.6274613955568,63.07225945561018,0.0,0.0,296.2411174008822,1.0,186.48303190843762,1.0,78.69457045558192,1.0,0,0
276,2025-08-02 14:14:27.095227,6.937983302688864,6.872488125359328,67.64085183996806,63.1034855097782,58.62642787555854,58.16758613011887,58.5960783686439,67.6408512842064,63.1034852755884,0.0,0.0,295.53537802099356,1.0,185.8738263217674,1.0,78.32450296405113,1.0,0,0
277,2025-08-02 14:14:37.983253,7.016623490703591,6.946132779386084,67.65794014809293,63.144654804942355,58.69930365114174,58.2412299981552,58.669221058597486,67.65793959419106,63.14465457158579,0.0,0.0,294.63470633241195,1.0,185.25182621829117,1.0,78.04582818948802,1.0,0,0
278,2025-08-02 14:14:50.536871,7.094618515788191,7.019457931176779,57.895641468181914,57.89844138856261,57.94154468892123,58.31435313311836,57.943511840477626,57.89564150029752,57.89844145014509,0.0,0.0,0.0,0.0,-10.74102583174863,1.0,-20.596187829369228,1.0,0,0
279,2025-08-02 14:15:02.582147,7.006731103697389,6.943099438966304,57.81282429955014,57.81610176379045,57.85747394803746,58.23799361733787,57.85939406030265,57.812824331189184,57.81610182584946,0.0,0.0,0.0,0.0,-10.58164196308553,1.0,-20.75556300610515,1.0,0,0
280,2025-08-02 14:15:14.513708,6.919245490568906,6.866339165372005,57.730009077494266,57.73376009329218,57.773510684833965,58.161232391410856,57.77538768246806,57.73000910869141,57.73376015579309,0.0,0.0,0.0,0.0,-10.433850227968833,1.0,-20.903354741221847,1.0,0,0
281,2025-08-02 14:15:26.935325,6.832132109866993,6.78920665972034,57.647202159840056,57.65141872734738,57.689650778272195,58.084098999490045,57.69148821190881,57.64720219062717,57.651418790258305,0.0,0.0,0.0,0.0,-10.296711898263311,1.0,-21.04048727630925,1.0,0,0
282,2025-08-02 14:15:38.542750,6.745363783405148,6.711729113556634,57.564408066912016,57.56907914207905,57.60588991280761,58.00662062823927,57.60769099859086,57.564408097318505,57.56907920537064,0.0,0.0,0.0,0.0,-10.169412830123292,1.0,-21.167797933685506,1.0,0,0
283,2025-08-02 14:15:49.047675,6.6589154870464835,6.633931518795408,57.48163112644765,57.48674346969674,57.52222409821422,57.92882226519935,57.52399174957876,57.48163115650057,57.48674353334188,0.0,0.0,0.0,0.0,-10.051162058175578,1.0,-21.2860429110151,1.0,0,0
284,2025-08-02 14:16:00.709673,6.572764202904179,6.555836916538056,57.39887392941793,57.4044126688553,57.4386488841256,57.85072694735851,57.44038574970505,57.398873959142314,57.40441273282897,0.0,0.0,0.0,0.0,-9.941284509409343,1.0,-21.395917562472277,1.0,0,0
285,2025-08-02 14:16:12.319368,6.486888695969744,6.477466541187351,57.31613852504959,57.32208767401244,57.35515992278894,57.77235590535545,57.356868413490275,57.316138554468566,57.3220877382915,0.0,0.0,0.0,0.0,-9.839142775831533,1.0,-21.498056398741028,1.0,0,0
286,2025-08-02 14:16:24.749437,6.401269367898092,6.398839991779426,57.23342630042419,57.23976922399646,57.27175288996072,57.693728734755126,57.27343520413123,57.23342632955915,57.239769288559536,0.0,0.0,0.0,0.0,-9.744151601012163,1.0,-21.59304467625134,1.0,0,0
287,2025-08-02 14:16:36.911036,6.3158881125999615,6.31997537557518,57.15073810008471,57.157457696306665,57.188423521853075,57.614863539598964,57.19008166733794,57.15073812895548,57.15745776113392,0.0,0.0,0.0,0.0,-9.655795263938671,1.0,-21.68140101332483,1.0,0,0
288,2025-08-02 14:16:48.250913,6.230728186680618,6.240889430825611,57.13192446740841,57.138109066693005,57.16375325553797,57.53579246730623,57.165157766024706,57.13192449376266,57.13810912680314,0.0,0.0,0.0,0.0,-8.814147263365157,1.0,-20.103761181644586,1.0,0,0
289,2025-08-02 14:16:59.308436,6.152383716989416,6.167668291228342,57.05567144557841,57.06216778058536,57.08700632564418,57.46257087245447,57.08839219682845,57.055671471711044,57.06216784091712,0.0,0.0,0.0,0.0,-8.74002830300924,1.0,-20.177885936618623,1.0,0,0
290,2025-08-02 14:17:09.962391,6.074224674323707,6.0942617258617995,56.979442670948984,56.986233969000374,57.010323272206854,57.38916388473837,57.01169198987446,56.979442696876355,56.9862340295374,0.0,0.0,0.0,0.0,-8.671379462157347,1.0,-20.246537674779574,1.0,0,0
291,2025-08-02 14:17:21.629780,5.996237290829448,6.020683491878331,56.90323801175327,56.91030799517193,56.93370034103155,57.31558525891265,56.935053259787345,56.903238037490446,56.91030805589913,0.0,0.0,0.0,0.0,-8.607769041759639,1.0,-20.310142300559164,1.0,0,0
292,2025-08-02 14:17:33.164658,5.918408888371776,5.946946293913884,67.46110474675754,62.681491651288724,57.74519531773857,57.24206570672235,57.710508660946516,67.46110416804655,62.681491404487666,0.0,0.0,305.0092894683129,1.0,193.54920943783327,1.0,82.54232436797793,1.0,0,0
293,2025-08-02 14:17:45.047903,6.011585559393165,6.028881687137571,67.48017982170005,62.72701305050563,57.82985589915618,57.324000429756,57.79553344867212,67.48017924510167,62.72701280459805,0.0,0.0,304.0039014666025,1.0,192.84264847215127,1.0,82.2435017062162,1.0,0,0
294,2025-08-02 14:17:56.832850,6.103934041916681,6.110568458399008,67.49918378490933,62.772396899772836,57.91389403895478,57.40568650584696,57.8799279314366,67.49918321041235,62.77239665475877,0.0,0.0,303.00226154365726,1.0,192.13983662439205,1.0,81.94466455790916,1.0,0,0
295,2025-08-02 14:18:07.430142,6.195468295043406,6.19199665762092,67.51811645917024,62.81763883900148,57.9973155009081,57.487113986533046,57.96369817925636,67.51811588676352,62.81763859488082,0.0,0.0,302.00437903994106,1.0,191.44075071608313,1.0,81.64586797192896,1.0,0,0
296,2025-08-02 14:18:28.970992,6.286201771921447,6.273156856647948,67.53697757270467,62.86273517578071,58.08012600207928,57.56827344519706,58.046850198479255,67.53697700237714,62.86273493255325,0.0,0.0,301.01026828003154,1.0,190.74536756875204,1.0,81.34713802405713,1.0,1,1
297,2025-08-02 14:18:50.983016,6.376147446661502,6.35404012335701,67.55576699920856,62.90768107877757,58.16233122747819,57.649155951141765,58.12938994683756,67.55576643094929,62.90768083644291,0.0,0.0,300.0199359210243,1.0,190.05364082545384,1.0,81.04854135240203,1.0,1,1
298,2025-08-02 14:19:12.149536,6.465317840927928,6.434637982555333,67.57448448178307,62.952473962029025,58.243936797800764,57.729753030573704,58.21132330351769,67.57448391558124,62.952473720586696,0.0,0.0,299.03339550326075,1.0,189.3655357184798,1.0,80.75010113543613,1.0,1,1
299,2025-08-02 14:19:33.450114,6.553725046044924,6.514942409067201,67.59312973425871,62.99710942641793,58.32494827435981,57.81005665959763,58.29265607464717,67.59312917010351,62.997109185867345,0.0,0.0,298.05066210984575,1.0,188.6810406585937,1.0,80.45185793548626,1.0,1,1
300,2025-08-02 14:19:54.279938,6.641380744615254,6.59494578619511,67.81697381278774,63.570258589815076,58.75611268562849,57.89014101677559,58.72080618331256,67.81697325548203,63.57025833717601,0.0,0.0,286.2525354191005,1.0,186.39023689388523,1.0,84.4948383269184,1.0,1,1
301,2025-08-02 14:20:15.956259,6.760580950683975,6.701789915353112,67.84178585290945,63.62810509739696,58.862989071122584,57.996983721427995,58.828116443216196,67.84178529833488,63.62810484593695,0.0,0.0,284.94476978716864,1.0,185.47680806136668,1.0,84.10050297470661,1.0,1,1
302,2025-08-02 14:20:37.386580,6.878802146970818,6.808212389873851,67.86652284277608,63.68574470105126,58.96910844832628,58.10340475377305,58.93466243040753,67.86652229092132,63.68574445076981,0.0,0.0,283.6409598212671,1.0,184.56717470371586,1.0,83.70633566642027,1.0,1,1
303,2025-08-02 14:20:59.444087,6.996055246257506,6.914206524439471,67.8911844415156,63.74317457717871,59.07447585590139,58.20939742963511,59.04044937335926,67.89118389236936,63.74317432807526,0.0,0.0,282.3411234877027,1.0,183.6613136424603,1.0,83.31235378591373,1.0,1,1
304,2025-08-02 14:21:20.576093,7.112350908461718,7.019765904601417,67.91577078643357,63.800391821591184,59.179096355860125,58.314955335662894,59.14548251485156,67.91577023998462,63.80039157366508,0.0,0.0,281.0452535495262,1.0,182.75920749374563,1.0,82.9185921008957,1.0,1,1
305,2025-08-02 14:21:41.381842,7.227699553950599,7.124884376008641,67.94028123796727,63.857394249258185,59.28297490022193,58.42007231857425,59.24976698377129,67.94028069420443,63.85739400250866,0.0,0.0,279.7533837161043,1.0,181.8608388737175,1.0,82.52508537907488,1.0,1,1
306,2025-08-02 14:22:02.632062,7.342111365478393,7.229556038572109,58.45829922584093,58.45638247589956,58.48255588226309,58.5245361443301,58.483557055371676,58.458299248599324,58.45638249909028,0.0,0.0,0.0,0.0,-7.611517732470929,1.0,-7.756110838386121,1.0,1,1
307,2025-08-02 14:22:24.482738,7.292699507274159,7.19842379178086,58.418947201281334,58.417954761564104,58.440683899009755,58.49340232472568,58.4415753262513,58.41894722273097,58.41795478606358,0.0,0.0,0.0,0.0,-7.173803869022777,1.0,-8.193821804525214,1.0,1,1
308,2025-08-02 14:22:45.741432,7.244593358479744,7.16598583838797,58.379152020637065,58.37874202790628,58.39875455117661,58.460963012447166,58.399558631846695,58.379152040922555,58.378742053569894,0.0,0.0,0.0,0.0,-6.784457683011169,1.0,-8.583165093227763,1.0,1,1
309,2025-08-02 14:23:06.713608,7.197580274278365,7.1324548309907865,58.33908004086276,58.33898357948027,58.35687632230707,58.42743082416273,58.357609676256985,58.339080060116565,58.338983606175596,0.0,0.0,0.0,0.0,-6.4394113525167995,1.0,-8.92822011564931,1.0,1,1
310,2025-08-02 14:23:27.905546,7.151492973132037,7.09799803168419,58.29883830108212,58.29883863633153,58.31510243335768,58.392972995076896,58.315777783837994,58.29883831942237,58.29883866394039,0.0,0.0,0.0,0.0,-6.1338756256645866,1.0,-9.233750047883404,1.0,1,1
311,2025-08-02 14:23:48.984234,7.106196040617913,7.062750872761869,58.25844320482091,58.25853213728188,58.27343149610614,58.3577249425343,58.27405913799456,58.25844322236973,58.25853216568218,0.0,0.0,0.0,0.0,-5.8691832646218245,1.0,-9.498445306235226,1.0,1,1
312,2025-08-02 14:24:09.677504,7.06157292146408,7.026829897270619,57.79936958446718,57.80509913344148,57.84761688289088,58.32170200572904,57.849714586212414,57.79936961745818,57.805099202671926,0.0,0.0,0.0,0.0,-11.03380180950353,1.0,-23.1540394673857,1.0,1,1
313,2025-08-02 14:24:31.219114,6.967413004778632,6.941802799394194,57.709073101167995,57.715276149451235,57.756386870220986,58.23667409672106,57.75844945114612,57.709073133812765,57.71527621902792,0.0,0.0,0.0,0.0,-10.918005058329072,1.0,-23.269839115869217,1.0,1,1
314,2025-08-02 14:24:52.148011,6.873543844004898,6.856484943997062,57.618797428944696,57.62545848402668,57.66524647578227,58.15135548177686,57.66727650605923,57.61879746126595,57.6254585539269,0.0,0.0,0.0,0.0,-10.809805051508192,1.0,-23.378044917308216,1.0,1,1
315,2025-08-02 14:25:13.840500,6.779946185193029,6.770895583611815,57.52854432598951,57.53564705507298,57.57419167135897,58.06576541003336,57.576191509717816,57.528544358008325,57.53564712527561,0.0,0.0,0.0,0.0,-10.708657094937735,1.0,-23.479187079260555,1.0,1,1
316,2025-08-02 14:25:35.414693,6.6866021504298425,6.685052607410803,57.438314760145424,57.445842223112315,57.48321834765816,57.97992176746818,57.485190161632374,57.43831479188148,57.44584229359771,0.0,0.0,0.0,0.0,-10.614086029931968,1.0,-23.573755246957262,1.0,1,1
317,2025-08-02 14:25:56.753941,6.593495112672993,6.598972634579919,57.34810959713099,57.3560445417501,57.3923226275324,57.89384117033522,57.39426840974889,57.3481096286026,57.35604461249994,0.0,0.0,0.0,0.0,-10.525639876277637,1.0,-23.662201400611593,1.0,1,1
318,2025-08-02 14:26:17.151414,6.500609612802883,6.512671128074086,57.25792920252843,57.26625430077189,57.301500650081415,57.80753907884751,57.30342223551334,57.25792923375262,57.26625437176915,0.0,0.0,0.0,0.0,-10.442892729543019,1.0,-23.744948547346212,1.0,1,1
319,2025-08-02 14:26:38.574957,6.407931260649638,6.426162479468038,57.167773654739676,57.17647163170425,57.21074865978756,57.72102988202401,57.21264774024997,57.16777368573234,57.17647170293303,0.0,0.0,0.0,0.0,-10.365459247623221,1.0,-23.82237913195695,1.0,1,1
320,2025-08-02 14:26:59.908521,6.315446652434786,6.3394600899039935,57.07764284296468,57.08669663506477,57.120063041265716,57.63432697863246,57.12194117808015,57.077642873740636,57.08669670651023,0.0,0.0,0.0,0.0,-10.292983061503946,1.0,-23.894852420767165,1.0,1,1
321,2025-08-02 14:27:21.341805,6.223143297952741,6.252576447119069,56.98753652927805,56.996929328886466,57.02944033770629,57.54744285419884,57.03129897291003,56.98753655985116,56.9969294005348,0.0,0.0,0.0,0.0,-10.225139672570549,1.0,-23.96270160431868,1.0,1,1
322,2025-08-02 14:27:42.846583,6.131009555193448,6.1655231942748765,67.43196060608409,62.59583023479732,57.82808020720927,57.46061188954359,57.79524170826724,67.43196003098575,62.595829995547724,0.0,0.0,306.5453866758786,1.0,192.340962024673,1.0,80.01674585557339,1.0,1,1
323,2025-08-02 14:28:03.624569,6.210364681329686,6.235303982929006,67.44839114460905,62.63512133951778,57.90076403428855,57.530392237898624,57.86824304750003,67.448390571332,62.6351211010362,0.0,0.0,305.6793839815545,1.0,191.73183176803832,1.0,79.75988202360895,1.0,1,1
324,2025-08-02 14:28:25.356158,6.2889795237936434,6.3048975141252965,67.67538768533016,63.230183143830416,58.31578771339502,57.60006488405045,58.28009679409259,67.67538711817704,63.23018289239458,0.0,0.0,293.71510079216745,1.0,189.68368922628542,1.0,84.09241948243107,1.0,1,1
325,2025-08-02 14:28:45.911499,6.400735265682238,6.403217888480414,67.69832459058097,63.28393364778578,58.41614613130296,57.698384187398055,58.380880417851486,67.69832402596586,63.28393339742664,0.0,0.0,292.506167699896,1.0,188.8348530019357,1.0,83.73231873406439,1.0,1,1
326,2025-08-02 14:29:06.789604,6.511536408966424,6.501198043958702,67.72118743601953,63.33750941957246,58.5157826394831,57.7963632482959,58.48093417188583,67.72118687393086,63.337509170289955,0.0,0.0,291.3011380704871,1.0,187.98989337710736,1.0,83.37224116417019,1.0,1,1
327,2025-08-02 14:29:27.342344,6.621395662914437,6.598829449173386,67.74397595306279,63.39090726959303,58.61470260104354,57.893993536796835,58.580263666616055,67.74397539348895,63.39090702138697,0.0,0.0,290.1000260601218,1.0,187.1488045571823,1.0,83.01222154045718,1.0,1,1
328,2025-08-02 14:29:48.916315,6.730325379472772,6.696103954887121,67.76668962319465,63.44412304177236,58.7129113360251,57.99126690500794,58.678874458985355,67.7666890661242,63.44412279464245,0.0,0.0,288.90285899817115,1.0,186.3115517744518,1.0,82.6523062198703,1.0,1,1
329,2025-08-02 14:30:09.844002,6.838337566844084,6.793013766330389,67.78932839198846,63.49715405979078,58.81041418300961,58.08817555948493,58.776772112180154,67.78932783740999,63.497153813736624,0.0,0.0,287.7096397532979,1.0,185.4781176450615,1.0,82.29252417550015,1.0,1,1
330,2025-08-02 14:30:30.852006,6.945443908015159,6.889551439839742,67.81189191728745,63.54999648454401,58.907216424572496,58.18471205779591,58.873962124491364,67.81189136518958,63.5499962395651,0.0,0.0,286.52038635952044,1.0,184.64848478515705,1.0,81.93291017505544,1.0,1,1
331,2025-08-02 14:30:50.827774,7.0516557721138495,6.985709855602271,67.83437957449406,63.602647642083035,59.00332327977929,58.28086928133346,58.9704499224548,67.83437902486548,63.60264739817875,0.0,0.0,285.33513173744126,1.0,183.82263001626598,1.0,81.57349898624489,1.0,1,1
332,2025-08-02 14:31:12.433230,7.156984224771902,7.081482212076015,67.85679165087134,63.65510438552107,59.098740018104046,58.37664042970049,59.06624097079283,67.85679110370084,63.6551041426907,0.0,0.0,284.153860746315,1.0,183.00052436529768,1.0,81.21433117139532,1.0,1,1
333,2025-08-02 14:31:33.928897,7.261440048246775,7.176862009295388,67.87912768716279,63.70736409823517,59.1934717975007,58.47201900403522,59.161340617280814,67.87912714243917,63.70736385647789,0.0,0.0,282.976597592126,1.0,182.18216783225216,1.0,80.85543570359732,1.0,1,1
334,2025-08-02 14:31:54.847048,7.36503374628478,7.271843038434325,67.9013872860881,63.75942377228579,59.2875237373281,58.56699879655679,59.255754163052174,67.90138674380029,63.75942353160071,0.0,0.0,281.8033632142867,1.0,181.3675198548026,1.0,80.4968415559415,1.0,1,1
335,2025-08-02 14:32:16.816889,7.467775555464497,7.366419365608123,67.92357060238498,63.81128129931014,59.38090096362295,58.66157387440831,59.34948690651962,67.92357006252192,63.81128105969626,0.0,0.0,280.6341494570532,1.0,180.55656884371274,1.0,80.13857770151844,1.0,1,1
336,2025-08-02 14:32:38.065924,7.569675460201344,7.4605853291095405,58.497193521636504,58.497475231051666,58.53554021538187,58.755518012462524,58.537147833708225,58.49719355077978,58.49747527864206,0.0,0.0,0.0,0.0,-9.746933017709125,1.0,-15.916549847929673,1.0,1,1
337,2025-08-02 14:32:58.752606,7.4952931985890014,7.400459518561467,58.429543803046826,58.43011263818374,58.466164348426375,58.69539093557897,58.46770732956859,58.429543831474184,58.430112686490055,0.0,0.0,0.0,0.0,-9.50749649973659,1.0,-16.155989263211268,1.0,1,1
338,2025-08-02 14:33:20.157471,7.421519041192329,7.339725601584708,58.36181663359699,58.36272360587378,58.39690035769301,58.634655860569346,58.39838576556071,58.36181666137384,58.36272365483063,0.0,0.0,0.0,0.0,-9.289934665162036,1.0,-16.373559789713,1.0,1,1
339,2025-08-02 14:33:41.463611,7.348296474546263,7.278440091889157,58.2940386777235,58.295315163146505,58.32775011035296,58.57336929095464,58.329184082246705,58.29403870490831,58.295315212695385,0.0,0.0,0.0,0.0,-9.091926769428937,1.0,-16.57156478813704,1.0,1,1
340,2025-08-02 14:34:02.149713,7.275575077731216,7.216653404699848,58.22623061983232,58.22789376305645,58.25871324422484,58.51158163292393,58.26010113624659,58.22623064647753,58.22789381314491,0.0,0.0,0.0,0.0,-8.911459182741055,1.0,-16.752026580206802,1.0,1,1
341,2025-08-02 14:34:23.593794,7.203309733397945,7.154410680247506,58.15840758030244,58.160464154240636,58.18978736543389,58.449338018596116,58.19113387664469,58.158407606455285,58.160464204821466,0.0,0.0,0.0,0.0,-8.746790622353728,1.0,-16.91669803790319,1.0,1,1
342,2025-08-02 14:34:44.823454,7.131459908313978,7.091752437425902,58.09058124499097,58.09303045338939,58.120969066081855,58.38667895964457,58.12227833399586,58.09058127069412,58.093030504419914,0.0,0.0,0.0,0.0,-8.59638841177457,1.0,-17.067100248482348,1.0,1,1
343,2025-08-02 14:35:05.822005,7.059989108130292,7.028715164336064,58.02276036022515,58.02559595016214,58.05225415510723,58.323640937685646,58.05352983619541,58.022760385517174,58.0255960016038,0.0,0.0,0.0,0.0,-8.45888791843663,1.0,-17.204603639129346,1.0,1,1
344,2025-08-02 14:35:26.297420,6.988864397230187,6.965331798891788,57.954951469416685,57.95816323263382,57.98363798985067,58.260256884793705,57.98488332577479,57.95495149433253,57.95816328445163,0.0,0.0,0.0,0.0,-8.33307806715311,1.0,-17.330404798485688,1.0,1,1
345,2025-08-02 14:35:46.755125,6.91805599497899,6.90163213863978,57.88715896136954,57.89073395870949,57.91511545701789,58.19655659320036,57.916333332699736,57.887158985941014,57.89073401087169,0.0,0.0,0.0,0.0,-8.217898442808291,1.0,-17.445584422830507,1.0,1,1
346,2025-08-02 14:36:07.634191,6.847536900078436,6.8376431723211555,57.81938614524714,57.82330957195463,57.846681464057,58.13256704686341,57.84787445248931,57.81938616950308,57.82330962443237,0.0,0.0,0.0,0.0,-8.112372652249178,1.0,-17.55111600800774,1.0,1,1
347,2025-08-02 14:36:29.213187,6.777282608187312,6.77338939698318,57.75163535060759,57.75589122537523,57.77833095892045,58.06831273850104,57.779501360154924,57.75163537457431,57.755891278142194,0.0,0.0,0.0,0.0,-8.015640194685147,1.0,-17.64784846557177,1.0,1,1
348,2025-08-02 14:36:50.013255,6.707270855105987,6.7088930851068795,57.66244361061559,57.66731652779297,57.690364607420264,58.00381075580649,57.69159224928783,57.662443635170206,57.66731658271776,0.0,0.0,0.0,0.0,-8.212263176687884,1.0,-18.369530487234442,1.0,1,1
349,2025-08-02 14:37:11.406623,6.6349797923113645,6.641862900269229,57.59231716104516,57.59749988497316,57.61972428115206,57.93678010354512,57.620932544246266,57.592317185354716,57.59749994014303,0.0,0.0,0.0,0.0,-8.130301200708345,1.0,-18.4514982578321,1.0,1,1
350,2025-08-02 14:37:32.800241,6.5628939438478255,6.574627495698823,57.52221511301064,57.52769070880854,57.5491531507875,57.86954426798158,57.55034371472711,57.522215137094626,57.527690764203975,0.0,0.0,0.0,0.0,-8.05486106742137,1.0,-18.526938391119074,1.0,1,1
351,2025-08-02 14:37:53.086915,6.490996849409217,6.507203337533673,57.452137260579924,57.45788900119336,57.47864674173186,57.80211971232476,57.47982112625126,57.45213728445627,57.457889056796425,0.0,0.0,0.0,0.0,-7.985415466578161,1.0,-18.596381094653225,1.0,1,1
352,2025-08-02 14:38:14.512115,6.41927343430069,6.439605495958879,67.60391648065598,63.042379993086406,58.266207673957545,57.73473055371905,58.23245493670105,67.60391591421951,63.04237974953199,0.0,0.0,297.48212618335566,1.0,189.44400643704284,1.0,81.45648826257457,1.0,1,1
353,2025-08-02 14:38:35.549449,6.514563387769048,6.5236100695721735,67.62368184051999,63.08901205635318,58.35264507390151,57.81873438384535,58.319259588922016,67.62368127627094,63.08901181372621,0.0,0.0,296.44035540569575,1.0,188.71242431032442,1.0,81.14630235468212,1.0,1,1
354,2025-08-02 14:38:56.563491,6.609007599727293,6.607344608275763,67.64337441632755,63.135497297519,58.438443897561434,57.9024681550408,58.40541795182398,67.6433738542545,63.13549705581949,0.0,0.0,295.4024208497701,1.0,187.98466663156432,1.0,80.83611644678967,1.0,1,1
355,2025-08-02 14:39:18.236408,6.702619676552097,6.690799607066307,67.66299412258638,63.181831504533626,58.52360987547077,57.98592236385278,58.49093604295672,67.662993562678,63.18183126376136,0.0,0.0,294.3683270216107,1.0,187.26069863305383,1.0,80.52600007431465,1.0,1,1
356,2025-08-02 14:39:39.982117,6.795412756248139,6.773966046219235,67.68254064265315,63.22801074091521,58.6081486795637,58.069087992027384,58.575819806569,67.68254008489822,63.228010501069896,0.0,0.0,293.3380906105044,1.0,186.54047975246613,1.0,80.21598221034765,1.0,1,1
357,2025-08-02 14:40:01.171876,6.887399531062945,6.8568353649909435,67.70201360179136,63.2740310866396,58.69206593179843,58.15195648021213,58.66007512271559,67.70201304617873,63.27403084772082,0.0,0.0,292.31173136765113,1.0,185.82398681132872,1.0,79.90610341721549,1.0,1,1
358,2025-08-02 14:40:22.095069,6.978592269479056,6.939399435527752,67.72141309460008,63.319889730984045,58.77536724307999,58.23451970190028,58.74370784529411,67.72141254111868,63.319889492991244,0.0,0.0,291.2892443070261,1.0,185.11120242578727,1.0,79.59641005186313,1.0,1,1
359,2025-08-02 14:40:43.357026,7.06900284114299,7.021650549820174,67.74073873458013,63.36558260643921,58.858058129104506,58.31676995032523,58.826723722303086,67.740738183219,63.36558236937174,0.0,0.0,290.2706497998026,1.0,184.40208023889681,1.0,79.28693688199928,1.0,1,1
360,2025-08-02 14:41:04.934189,7.15864273218506,7.103581384592515,67.53199251364676,62.7952740312458,58.627540559252076,58.39862705819119,58.600842244281466,67.53199196155636,62.79527381123806,0.0,0.0,301.2730152721013,1.0,184.6459815101298,1.0,73.58132989224941,1.0,1,1
361,2025-08-02 14:41:26.259274,7.206939707540585,7.152345607073046,67.54307937193167,62.82307902540918,58.673850903616994,58.44739076893815,58.64728144995659,67.54307882102158,62.823078805968336,0.0,0.0,300.688661379394,1.0,184.25122894541346,1.0,73.3917299874065,1.0,1,1
362,2025-08-02 14:41:47.372440,7.254906593788491,7.200814053542029,67.55411109285532,62.85072748289361,58.71985952151133,58.49585870669774,58.69341751992712,67.55411054311938,62.850727264017145,0.0,0.0,300.1072136058841,1.0,183.85853926474738,1.0,73.20297609680892,1.0,1,1
363,2025-08-02 14:42:09.245981,7.302546275551848,7.248986939775348,67.5650882066843,62.87821996345368,58.76556858990078,58.54403108736751,58.73925266655523,67.56508765811643,62.878219745139056,0.0,0.0,299.52864400286313,1.0,183.46787770042283,1.0,73.01506822045667,1.0,1,1
364,2025-08-02 14:42:30.789713,7.349861565205294,7.296864554796519,67.57601052167269,62.90555592084674,58.81098020606399,58.591908200062896,58.78478902345859,67.57600997426682,62.90555570309139,0.0,0.0,298.9529626766651,1.0,183.07924425243982,1.0,72.82801794758598,1.0,1,1
365,2025-08-02 14:42:52.583270,7.396855199656696,7.344447244895233,67.58687831587036,62.93273584031254,58.856096447968746,58.63949039117629,58.83002870171431,67.58687776962044,62.93273562311393,0.0,0.0,298.38015497214224,1.0,182.69263892079834,1.0,72.64181948357873,1.0,1,1
366,2025-08-02 14:43:14.253048,7.44352984789744,7.391735421219044,57.88539915050624,57.894251537095535,57.95917441311267,58.68653933913937,57.96238292784752,57.88539919200011,57.894251624308545,0.0,0.0,0.0,0.0,-13.877577289349574,1.0,-29.16828809929939,1.0,1,1
367,2025-08-02 14:43:36.076200,7.325010560777691,7.284639923429717,57.77171213079879,57.78115699968233,57.84431982761435,58.57944282674447,57.847484413580794,57.77171217193679,57.78115708725124,0.0,0.0,0.0,0.0,-13.758555833192077,1.0,-29.287318247384064,1.0,1,1
368,2025-08-02 14:43:57.203273,7.206790136710062,7.177245561605494,57.658046179235726,57.6680678209744,57.72955714801406,58.47204750333992,57.732680453438846,57.65804622003702,57.668067908880005,0.0,0.0,0.0,0.0,-13.645946121982888,1.0,-29.399925061284193,1.0,1,1
369,2025-08-02 14:44:18.608761,7.088852303235614,7.06956860752329,57.54440299106858,57.55498487546952,57.61488309863685,58.36436963783961,57.61796758942342,57.54440303155124,57.55498496369373,0.0,0.0,0.0,0.0,-13.539377300162414,1.0,-29.50648229386843,1.0,1,1
370,2025-08-02 14:44:39.761072,6.971181751338228,6.961624385084575,57.43078322648048,57.44190829449824,57.50029408661319,58.25642455138176,57.50334206504313,57.43078326666156,57.44190838302406,0.0,0.0,0.0,0.0,-13.438513279879771,1.0,-29.60735500607825,1.0,1,1
371,2025-08-02 14:45:01.657749,6.853764043288288,6.853427313339768,57.31718802393715,57.328838791485,57.385786959929476,58.1482266604941,57.38880057283641,57.317188063832724,57.328838880296296,0.0,0.0,0.0,0.0,-13.343029562520314,1.0,-29.70283582612865,1.0,1,1
372,2025-08-02 14:45:23.019971,6.736585588569694,6.744990989049247,56.6595985120884,56.67939173506688,56.77220006245789,58.03965824915556,56.77715229859526,56.659598564224474,56.67939185183689,0.0,0.0,0.0,0.0,-17.43684903601661,1.0,-39.05359370037331,1.0,1,1
373,2025-08-02 14:45:45.062728,6.582992383490865,6.6025019436899175,56.510578182614374,56.53102286711182,56.62209352540983,57.89716821721488,56.62700480230378,56.51057823447826,56.53102298415404,0.0,0.0,0.0,0.0,-17.345815585372293,1.0,-39.14463294563575,1.0,1,1
374,2025-08-02 14:46:06.657793,6.429627133129689,6.459784937725801,56.36158455785192,56.38266228628999,56.472063587929625,57.754450265159456,56.47693577850596,56.361584609455,56.38266240359301,0.0,0.0,0.0,0.0,-17.25858919883194,1.0,-39.23185643486704,1.0,1,1
375,2025-08-02 14:46:27.602301,6.276480212820979,6.316849611405219,56.21261715579336,56.2343097143395,56.32210743130636,57.61151403150157,56.326942318744145,56.212617207146565,56.234309831892375,0.0,0.0,0.0,0.0,-17.175019216324472,1.0,-39.31541772544733,1.0,1,1
376,2025-08-02 14:46:48.020104,6.123542414762141,6.173705174176768,56.06367580672517,56.08596513639801,56.172222526061965,57.46836872404661,56.17702180423333,56.06367585783895,56.085965254190306,0.0,0.0,0.0,0.0,-17.09494338854256,1.0,-39.3954964505383,1.0,1,1
377,2025-08-02 14:47:09.317331,5.970804936680446,6.030360423065159,55.9147604002151,55.93762861439297,56.02240647211302,57.32502313826256,56.027171749909066,55.91476045109944,55.9376287324147,0.0,0.0,0.0,0.0,-17.018205260797004,1.0,-39.47222878366574,1.0,1,1
378,2025-08-02 14:47:30.534335,5.81825936689874,5.886823765936333,55.765870663051174,55.78930002212434,55.872656880665986,57.18148568051304,55.87738968742479,55.765870713715636,55.78930014036596,0.0,0.0,0.0,0.0,-16.944668659562012,1.0,-39.54577117951885,1.0,1,1
379,2025-08-02 14:47:51.686456,5.665897662337076,5.743103237078021,55.617006706214866,55.64097977213378,55.722971656493414,57.03776438370727,55.72767344380402,55.61700675666856,55.640979890586145,0.0,0.0,0.0,0.0,-16.874177130148382,1.0,-39.6162540170053,1.0,1,1
380,2025-08-02 14:48:13.365166,5.513712146261293,5.5992065283984545,55.46816784174755,55.492667486380036,55.573348378773474,56.89386693835274,55.5780205293487,55.46816789199923,55.49266760503441,0.0,0.0,0.0,0.0,-16.80661478019374,1.0,-39.683816366959945,1.0,1,1
381,2025-08-02 14:48:34.297487,5.361695465186278,5.455140986859009,55.31935377875983,55.34436309413166,55.42378491461531,56.74980069011111,55.42842874346713,55.31935382881786,55.34436321297969,0.0,0.0,0.0,0.0,-16.741848333481357,1.0,-39.74858281367233,1.0,1,1
382,2025-08-02 14:48:55.572490,5.2098405887511685,5.3109136399663,66.94297158227754,61.25536601911697,56.61962198209645,56.60592623092272,56.58818859292585,66.942970984303,61.255365792366796,0.0,0.0,332.31848056857814,1.0,199.9918744684237,1.0,75.83632871160262,1.0,1,1
383,2025-08-02 14:49:16.184033,5.2453665547530015,5.335232387435382,66.9493875786665,61.26998456632852,56.650181875118406,56.63024565038291,56.61919128183355,66.94938698144755,61.26998433983392,0.0,0.0,331.98031331062896,1.0,199.7391769668866,1.0,75.7508522997341,1.0,1,1
384,2025-08-02 14:49:38.277430,5.279838054203222,5.360243406619815,67.21489428015573,62.044963026431475,56.98193506088739,56.65532789461085,56.94687627419298,67.21489368501405,62.04496278085282,0.0,0.0,317.986279061447,1.0,199.04443702216668,1.0,82.13349088123323,1.0,1,1
385,2025-08-02 14:49:59.364390,5.359518247780522,5.42821693776785,67.23082776382495,62.08330425786373,57.05451046321098,56.72330116202045,57.01979855162014,67.23082717046428,62.08330401301508,0.0,0.0,317.14647458598546,1.0,198.4487734580398,1.0,81.88934333873021,1.0,1,1
386,2025-08-02 14:50:20.798150,5.438413636585092,5.496075814749943,67.24669744970136,62.12156637029862,57.12652845631455,56.791159740573015,57.09215354675683,67.2466968581107,62.1215661261809,0.0,0.0,316.3100326941882,1.0,197.8567952710364,1.0,81.64488288684879,1.0,1,1
387,2025-08-02 14:50:41.509802,5.516543095591604,5.56380475715418,67.2625029742914,62.15974284186717,57.19799521488836,56.85888835233156,57.163947971075544,67.26250238445989,62.15974259848117,0.0,0.0,315.47697254467647,1.0,197.2684503095934,1.0,81.40016167715203,1.0,1,1
388,2025-08-02 14:51:02.721679,5.593924524753782,5.631389489778378,67.27824369618199,62.197827147239884,57.268916935892385,56.92647272437763,57.23518851700149,67.2782431080988,62.19782690458618,0.0,0.0,314.64732794433826,1.0,196.68372698447456,1.0,81.15524634774829,1.0,1,1
389,2025-08-02 14:51:24.489607,5.670574921136277,5.698816658269976,67.29391964362136,62.235813868362875,57.339299871698245,56.993899504497115,57.305881892126365,67.29391905727594,62.235813626441846,0.0,0.0,313.8210974043007,1.0,196.10253258179,1.0,80.91020353674594,1.0,1,1
390,2025-08-02 14:51:45.262051,5.746510451036812,5.766073765648521,67.30953052588995,62.27369677873874,57.409150234966404,57.06115619767467,57.37603473158158,67.30952994127175,62.27369653755064,0.0,0.0,312.9982962474891,1.0,195.5248671015397,1.0,80.66507380647181,1.0,1,1
391,2025-08-02 14:52:06.730272,5.821746507098674,5.833149097262035,67.32507580482212,62.31147149992072,57.47847417720286,57.128231091119495,57.44565357984069,67.32507522192077,62.31147125946562,0.0,0.0,312.17895283894376,1.0,194.9506668029244,1.0,80.41992379503426,1.0,1,1
392,2025-08-02 14:52:28.230619,5.896297759794754,5.90003167670988,67.34055567462546,62.349133197058016,57.547277842311075,57.195113210157324,57.51474494356107,67.34055509343071,62.34913295733583,0.0,0.0,311.36305694258476,1.0,194.37989691823532,1.0,80.17479985937825,1.0,1,1
393,2025-08-02 14:52:48.767752,5.970178212281055,5.966711208684266,67.3559695669016,62.38667606352612,57.61556724777572,57.261792261065864,57.58331518090158,67.35596898740332,62.386675824536596,0.0,0.0,310.55063851692745,1.0,193.81251688514567,1.0,79.92976284299402,1.0,1,1
394,2025-08-02 14:53:10.068675,6.0434012378619855,6.033178019352763,67.37131774551905,62.42409747963322,57.6833483810243,57.32825857156045,57.65137059445944,67.37131716770723,62.42409724137601,0.0,0.0,309.74168365428,1.0,193.2484803467105,1.0,79.68484171897217,1.0,1,1
395,2025-08-02 14:53:31.673588,6.115979626785002,6.0994230425533384,67.38659995630935,62.46139220394236,57.75062710397512,57.394503076870286,57.71891734252449,67.38659938017412,62.46139196641696,0.0,0.0,308.9362057510736,1.0,192.68775253522108,1.0,79.44008863887575,1.0,1,1
396,2025-08-02 14:53:52.497123,6.187925618566379,6.165437753645305,56.904308637822375,56.91104833996831,56.953497327799184,57.460302354299884,56.95564429116303,56.904308671159406,56.91104841152808,0.0,0.0,0.0,0.0,-11.149531922569622,1.0,-23.933079516496036,1.0,1,1
397,2025-08-02 14:54:03.385427,6.0917357241020405,6.077750869673843,56.81168149407361,56.81888310247108,56.86001441835823,57.37261471506046,56.8621291624676,56.811681527096205,56.818883174345245,0.0,0.0,0.0,0.0,-11.044368295642926,1.0,-24.038231554186495,1.0,0,0
398,2025-08-02 14:54:14.590601,5.995809608226853,5.989800217724217,56.71907731780296,56.7267241307761,56.766615328718174,57.28466335463122,56.76870012869213,56.71907735053119,56.72672420294466,0.0,0.0,0.0,0.0,-10.94591483649765,1.0,-24.13669080794989,1.0,0,0
399,2025-08-02 14:54:26.151890,5.900130307224273,5.901602749232266,67.36544512675583,62.41720262964475,57.58548532605497,57.19669249984243,57.55254188847017,67.36544454598797,62.41720238825762,0.0,0.0,310.0512111639214,1.0,194.2371233224094,1.0,80.73163948211004,1.0,0,0
400,2025-08-02 14:54:37.964699,5.978103426861746,5.97183063719986,67.38166932933652,62.456606972095955,57.657344297136994,57.266919849197805,57.62469642857918,67.38166875035489,62.456606731479425,0.0,0.0,309.19608379686724,1.0,193.6397213728469,1.0,80.47391514935498,1.0,0,0
401,2025-08-02 14:54:49.352928,6.05538854573134,6.041830644088308,67.3978261945155,62.49588273849515,57.72867200129899,57.33691929805777,57.69631305717212,67.39782561730988,62.49588249864883,0.0,0.0,308.344505575277,1.0,193.04573824797444,1.0,80.21631829819853,1.0,0,0
402,2025-08-02 14:55:00.341439,6.131998355830098,6.111593886509057,67.41391549304618,62.535025658631376,57.799474235816355,57.4066819644269,57.76739785644079,67.41391491760642,62.53502541955475,0.0,0.0,307.49648858203125,1.0,192.4551449747014,1.0,79.95889528558564,1.0,0,0
403,2025-08-02 14:55:12.027867,6.2079450334706845,6.18111199717909,67.4299371931157,62.57403214209142,57.869756720331964,57.47619948234455,57.83795681302426,67.4299366194318,62.57403190378387,0.0,0.0,306.6520344938844,1.0,191.86790678531906,1.0,79.70167798191596,1.0,0,0
404,2025-08-02 14:55:24.647344,6.28324027098658,6.2503770981135265,67.44589145181759,62.61289904872318,57.939525095746454,57.54546397507844,57.90799581831041,67.44589087987961,62.61289881118396,0.0,0.0,305.81113503092405,1.0,191.2839831175006,1.0,79.44470984682539,1.0,0,0
405,2025-08-02 14:55:36.020318,6.357895305705383,6.319381774351693,67.4617778299908,62.65162259378904,58.008784863962376,57.61446802882928,57.97752061227678,67.46177725978893,62.65162235701729,0.0,0.0,304.9738133399675,1.0,190.70333920353733,1.0,79.18803144264075,1.0,0,0
406,2025-08-02 14:55:47.144821,6.431920940059388,6.388119038456427,67.4775965833529,62.69020044799001,58.077541475325326,57.68320465728633,58.04653686738476,67.47759601487746,62.69020021198478,0.0,0.0,304.14005594293354,1.0,190.1259402757205,1.0,78.93166884514358,1.0,0,0
407,2025-08-02 14:55:59.125379,6.5053275708474265,6.456582319136423,67.49334757108616,62.72862935450311,58.14580025275522,57.75166729019781,58.115050117639214,67.49334700432755,62.72862911926334,0.0,0.0,303.3098702618886,1.0,189.5517515663414,1.0,78.67566551396976,1.0,0,0
408,2025-08-02 14:56:10.166518,6.578125207505104,6.524765427512874,67.46014640562451,62.632450422385006,58.14685909851904,57.81983421331625,58.11730404869907,67.46014583998844,62.63245019137195,0.0,0.0,305.05980065527405,1.0,189.1763124638146,1.0,77.2620423481385,1.0,0,0
409,2025-08-02 14:56:22.595006,6.641600320603126,6.585596261868525,67.47404900778267,62.66679640865416,58.206561075066155,57.88066445759038,58.17721147545028,67.47404844365026,62.666796178328404,0.0,0.0,304.32703764152274,1.0,188.67342073576765,1.0,77.03217564198894,1.0,0,0
410,2025-08-02 14:56:34.973445,6.704572943684499,6.6461447647725524,67.48788794632631,62.7009906036425,58.26584120468678,57.941212364575975,58.23669333699277,67.48788738368918,62.70099037400242,0.0,0.0,303.597630139318,1.0,188.1733220136539,1.0,76.80285362994255,1.0,0,0
411,2025-08-02 14:56:45.748723,6.767050604146627,6.706407002909123,67.50166341438397,62.735030696827,58.324704081491745,58.001474001597195,58.295754363004534,67.50166285323378,62.73503046787087,0.0,0.0,302.87156796945123,1.0,187.67601629747332,1.0,76.57410818239896,1.0,0,0
412,2025-08-02 14:56:57.348266,6.829040555845561,6.76637930119016,67.51537569310074,62.768916140000776,58.38315402923779,58.061445694209446,58.35439900994308,67.51537513342934,62.76891591172683,0.0,0.0,302.1488363136388,1.0,187.18143984642666,1.0,76.34595378590348,1.0,0,0
413,2025-08-02 14:57:08.493774,6.89054979225899,6.826058250396861,67.52902461994955,62.80264418896117,58.441195239608255,58.12112403375564,58.412631596859974,67.5290240617488,62.80264396136755,0.0,0.0,301.4294437381755,1.0,186.68958107127764,1.0,76.11841651623763,1.0,0,0
414,2025-08-02 14:57:19.591855,6.951585055558724,6.885440671204761,67.54261054483028,62.83621401890634,58.49883183083441,58.18050584147872,58.47045636117022,67.54260998809212,62.836213791991156,0.0,0.0,300.713371800928,1.0,186.2004167935538,1.0,75.89151665456484,1.0,0,0
415,2025-08-02 14:57:31.240099,7.0121528530259845,6.944523620377561,67.55613323037628,62.86962405763564,58.55606778482506,58.23958817466011,58.527877400044076,67.55613267509275,62.86962383139692,0.0,0.0,300.0006330127534,1.0,185.71391804016457,1.0,75.66527158473946,1.0,0,0
416,2025-08-02 14:57:43.128465,7.072259463181014,7.0033043699700155,57.65800667101284,57.66394458378865,57.721122072089805,58.29814633043059,57.72385067565252,57.6580067091535,57.663944661126386,0.0,0.0,0.0,0.0,-12.756095590589211,1.0,-25.865515123655314,1.0,0,0
417,2025-08-02 14:57:54.301170,6.96515543719205,6.907982555724969,57.55596315962654,57.56246486996414,57.61784454254673,58.20282346990041,57.62052676474583,57.55596319736271,57.562464947706374,0.0,0.0,0.0,0.0,-12.620814435990724,1.0,-26.00079917556286,1.0,0,0
418,2025-08-02 14:58:05.391054,6.858391639978083,6.812320508915071,57.45393491607597,57.4609881138319,57.51466625005977,58.10716043717609,57.51730522827652,57.45393495343183,57.46098819195444,0.0,0.0,0.0,0.0,-12.4936225682859,1.0,-26.127991043267684,1.0,0,0
419,2025-08-02 14:58:17.026550,6.751947504022257,6.7163388017746675,57.351924772285614,57.359515467642055,57.411583524140916,58.011177800835235,57.41418215301796,57.35192480928377,57.359515546122296,0.0,0.0,0.0,0.0,-12.373989779916883,1.0,-26.2476238316367,1.0,0,0
420,2025-08-02 14:58:29.119688,6.645803812415604,6.620056650595546,57.600059724476964,57.60331104029959,57.62987175805062,57.91497930420739,57.63116510653297,57.60005974991599,57.603311092997814,0.0,0.0,0.0,0.0,-8.508052355864493,1.0,-17.624858318185943,1.0,0,0
421,2025-08-02 14:58:40.368703,6.5736435042978005,6.555248470999241,57.53102408915063,57.53464773008615,57.56007894414352,57.85017047167535,57.56134381547513,57.53102411423872,57.53464778313529,0.0,0.0,0.0,0.0,-8.390682365870816,1.0,-17.7422225135615,1.0,0,0
422,2025-08-02 14:58:51.502827,6.501778040884933,6.490145457511461,57.462007595416544,57.46598904574682,57.49037579879722,57.785066857551676,57.4916148278671,57.462007620182725,57.46598909911787,0.0,0.0,0.0,0.0,-8.283021258534973,1.0,-17.849886518206404,1.0,0,0
423,2025-08-02 14:59:03.011159,6.430182793705062,6.424772226515749,57.393012711816716,57.39733615828213,57.42075732355394,57.71969307386687,57.421972869114825,57.393012736287446,57.39733621194864,0.0,0.0,0.0,0.0,-8.18420563575728,1.0,-17.948702140984096,1.0,0,0
424,2025-08-02 14:59:13.988222,6.35883535625672,6.359151186607088,57.32404087443806,57.32868975754796,57.35121848807521,57.6540715252358,57.352412667459696,57.32404089863748,57.328689811485795,0.0,0.0,0.0,0.0,-8.093464813327955,1.0,-18.03944296341342,1.0,0,0
425,2025-08-02 14:59:25.415652,6.287715305982677,6.293302753735613,57.25509309812011,57.260050507960315,57.281754499744,57.58822262400758,57.282929216206284,57.25509312207025,57.260050562147406,0.0,0.0,0.0,0.0,-8.01009474514558,1.0,-18.122810134286738,1.0,0,0
426,2025-08-02 14:59:36.975645,6.216804022260304,6.227245560805193,57.186169550036546,57.19141854927481,57.21236055298544,57.52216499976578,57.213517522631534,57.18616957375758,57.191418603691,0.0,0.0,0.0,0.0,-7.933472509762396,1.0,-18.19943236966992,1.0,0,0
427,2025-08-02 14:59:48.326630,6.146084488860597,6.160996615944931,57.117270191400635,57.12279407090736,57.14303211871621,57.455915657628445,57.14417289069909,57.117270214911024,57.12279412553421,0.0,0.0,0.0,0.0,-7.863021542675597,1.0,-18.26988623406578,1.0,0,0
428,2025-08-02 14:59:59.834694,6.0755411521047735,6.094571467520141,57.04839493606021,57.05417729663588,57.07376500372423,57.38949014322965,57.074890977288895,57.04839495937686,57.05417735145646,0.0,0.0,0.0,0.0,-7.798223225563561,1.0,-18.334678756559697,1.0,0,0
429,2025-08-02 15:00:11.752561,6.005159799976124,6.027984350994261,56.979542785502076,56.985567771657394,57.00455487313243,57.32290268946648,57.005667318097956,56.97954280864046,56.98556782665625,0.0,0.0,0.0,0.0,-7.738605297049617,1.0,-18.39430247969176,1.0,0,0
430,2025-08-02 15:00:23.663285,5.934927392052384,5.96124828089753,56.910713304792125,56.916965619615006,56.93539797953217,57.256166308592015,56.936498045779835,56.91071332776648,56.916965674777906,0.0,0.0,0.0,0.0,-7.683744750011101,1.0,-18.449165924039335,1.0,0,0
431,2025-08-02 15:00:34.832756,5.864832000400703,5.8943751944507365,67.49091837717637,62.762675806591965,57.7634846850348,57.18951115393687,57.72795307764183,67.49091779809483,62.76267555653273,0.0,0.0,303.4379055339974,1.0,193.67313893553728,1.0,83.63201679173926,1.0,0,0
432,2025-08-02 15:00:46.379653,5.964975612201091,5.982257765293067,67.24387863771852,62.074540930376074,57.46829947837883,57.27730356332567,57.43796844178173,67.24387805709115,62.07454069976191,0.0,0.0,316.4586035257665,1.0,194.1901405587032,1.0,77.12863285519234,1.0,0,0
433,2025-08-02 15:00:57.953374,6.018489226479425,6.031093678343524,67.25523222323848,62.10252678600134,57.51851647126359,57.3261392377471,57.48839372264951,67.25523164385862,62.10252655592892,0.0,0.0,315.8601912682753,1.0,193.77290487568644,1.0,76.9474496331668,1.0,0,0
434,2025-08-02 15:01:10.190821,6.0714994681356345,6.079792030083665,67.26653062920853,62.1304263214247,57.56834314757087,57.37483733348057,57.53842245927396,67.26653005106773,62.13042609189377,0.0,0.0,315.264687353612,1.0,193.35850855554781,1.0,76.76634753579492,1.0,0,0
435,2025-08-02 15:01:21.019299,6.124019855226856,6.128342433839564,67.27777365897107,62.158234027543706,57.61778578578559,57.42338746538373,57.58806131822552,67.27777308206097,62.1582337985539,0.0,0.0,314.67210214699014,1.0,192.94689944672427,1.0,76.5853700227126,1.0,0,0
436,2025-08-02 15:01:32.374098,6.176063085973181,6.176735310378661,67.28896137051285,62.185945782311315,57.6668504848605,57.47178005564943,57.63731675320476,67.28896079482529,62.18594555386211,0.0,0.0,314.08243259210735,1.0,192.53802539765275,1.0,76.40456634817383,1.0,0,0
437,2025-08-02 15:01:44.552828,6.227641107137728,6.224961829879621,67.30009409456532,62.213557901199984,57.71554316543282,57.520006275772374,57.686195009635114,67.30009352009223,62.21355767329073,0.0,0.0,313.4956612571348,1.0,192.1318458460064,1.0,76.22397997181452,1.0,0,0
438,2025-08-02 15:01:55.658895,6.278765175740224,6.273013852465951,67.31117166322271,62.241066488189546,57.76386952851813,57.568057987080486,57.73470208917814,67.31117108995622,62.24106626081944,0.0,0.0,312.91179699186546,1.0,191.72829705098593,1.0,76.04366304519772,1.0,0,0
439,2025-08-02 15:02:06.924363,6.329445907887588,6.320883867565222,67.32219426881696,62.26846876578832,57.81183509986981,57.61592768012895,57.782843793694184,67.3221936967493,62.2684685389565,0.0,0.0,312.33082965907766,1.0,191.32735583411886,1.0,75.86363584948685,1.0,0,0
440,2025-08-02 15:02:18.461083,6.379693329736896,6.368564953687028,67.33316200589968,62.29576116526598,57.85944521130061,57.663608434453764,57.83062571043964,67.33316143502319,62.295760938971426,0.0,0.0,311.7527542752528,1.0,190.92897004384213,1.0,75.68394474162687,1.0,0,0
441,2025-08-02 15:02:31.383517,6.42951691999468,6.416050723910365,67.34407519256412,62.32294123456074,57.9067050195007,57.711093864099475,57.87805323187278,67.3440746228713,62.32294100880235,0.0,0.0,311.1775540746804,1.0,190.53308752859266,1.0,75.50462448932649,1.0,0,0
442,2025-08-02 15:02:43.957889,6.478925650900614,6.463335294961401,67.3549335923636,62.350006104534536,57.95361947126157,57.758378086675535,57.92513152534065,67.35493302384704,62.35000587931111,0.0,0.0,310.6052415197326,1.0,190.1396909045161,1.0,75.32570696298535,1.0,0,0
443,2025-08-02 15:02:55.442197,6.527928018985312,6.51041324361358,67.36573774607545,62.37695409027892,58.00019337601012,57.8054556797933,57.97186560243816,67.36573717872787,62.376953865589186,0.0,0.0,310.0357881077121,1.0,189.74872802004938,1.0,75.14721534107593,1.0,0,0
444,2025-08-02 15:03:07.000847,6.576532084411565,6.5572795847510665,67.65949701392923,63.174903086392284,58.44583180970765,57.85241441266977,58.41244181532688,67.65949645156824,63.174902842470416,0.0,0.0,294.5526487658338,1.0,188.0809673900785,1.0,81.57938052363534,1.0,0,0
445,2025-08-02 15:03:18.096643,6.674056524811646,6.644766454956039,67.67993892326498,63.22323693309574,58.53445944480077,57.939900371300354,58.501429851031226,67.67993836315499,63.223236690144354,0.0,0.0,293.47521916515393,1.0,187.3281248094827,1.0,81.25480657895423,1.0,0,0
446,2025-08-02 15:03:29.843026,6.77074688358058,6.731933442062656,67.7003067932542,63.271402595228984,58.622442909487354,58.027066427752665,58.589766811087905,67.70030623538405,63.271402353247616,0.0,0.0,292.4016919486532,1.0,186.5790139629553,1.0,80.93038329434421,1.0,0,0
447,2025-08-02 15:03:42.158205,6.866615064435734,6.818772815587979,67.72060035562286,63.31939727225291,58.70978765992192,58.11390485283141,58.677458381358505,67.72059979998141,63.31939703124095,0.0,0.0,291.3320812562225,1.0,185.83362326126007,1.0,80.60616282136834,1.0,0,0
448,2025-08-02 15:03:53.590238,6.961672607414781,6.905277225201722,67.74081956495567,63.3672176560193,58.7964991226439,58.20040829741862,58.76451020621499,67.74081901153191,63.36721741597609,0.0,0.0,290.2663894815608,1.0,185.09192373130645,1.0,80.2821683384991,1.0,0,0
449,2025-08-02 15:04:04.940049,7.0559307074399795,6.991439677276864,67.76096419399373,63.41486073396944,58.88258265441931,58.28656976904633,58.85092785065878,67.76096364277672,63.414860494894135,0.0,0.0,289.2046286027788,1.0,184.3538806053857,1.0,79.95845199729956,1.0,0,0
450,2025-08-02 15:04:16.733631,7.149400228162577,7.077253519164826,58.11154193872379,58.11255207178971,58.14410230054842,58.372187151301745,58.14548376911772,58.1115419654034,58.112552119538435,0.0,0.0,0.0,0.0,-8.922964397015676,1.0,-15.969503965607146,1.0,0,0
451,2025-08-02 15:04:28.558156,7.078600088607433,7.017586780302806,58.04578416973547,58.047162211519094,58.077078218060066,58.31251942392197,58.078412212821874,58.04578419584972,58.04716225983316,0.0,0.0,0.0,0.0,-8.73388021318533,1.0,-16.158582354819373,1.0,0,0
452,2025-08-02 15:04:40.590892,7.008278181795285,6.957441810251991,57.98000400669201,57.98176177863014,58.01016632177133,58.252373550302764,58.01145786436219,57.980004032292,57.98176182745845,0.0,0.0,0.0,0.0,-8.561884358186944,1.0,-16.33057241519964,1.0,0,0
453,2025-08-02 15:04:51.043392,6.938390595937847,6.8968625228820315,57.91421519241027,57.916355386704886,57.94336362198796,58.19179343646425,57.944617109922994,57.91421521754195,57.91635543600151,0.0,0.0,0.0,0.0,-8.405261625057392,1.0,-16.48719804563825,1.0,0,0
454,2025-08-02 15:05:02.364934,6.8688979572761095,6.835888287955205,57.84842802574007,57.85094675276022,57.87666614839111,58.13081844515859,57.87788544793203,57.848428050444866,57.85094680248374,0.0,0.0,0.0,0.0,-8.262490926540522,1.0,-16.62997164146418,1.0,0,0
455,2025-08-02 15:05:14.104545,6.79976487067101,6.774554500135396,57.7826500737237,57.785538745590706,57.81006926628669,58.069483964756856,57.81125778935042,57.78265009803902,57.78553879570369,0.0,0.0,0.0,0.0,-8.132230808541863,1.0,-16.76022886215378,1.0,0,0
456,2025-08-02 15:05:25.519519,6.730959441342061,6.712893053877961,57.74862303310175,57.75143082191026,57.77269034171758,58.00782954677519,57.77373623982509,57.74862305576404,57.75143086933666,0.0,0.0,0.0,0.0,-7.579377883075722,1.0,-15.861703787436454,1.0,0,0
457,2025-08-02 15:05:37.492881,6.66636363619456,6.654629100988007,57.68670544473989,57.68984176159199,57.71012565689963,57.9495650315268,57.71114720936134,57.68670546707111,57.68984180934946,0.0,0.0,0.0,0.0,-7.468648525446042,1.0,-15.972427350448015,1.0,0,0
458,2025-08-02 15:05:49.331114,6.602045850815066,6.596087134266697,57.62480838928983,57.6282579795838,57.64764704880253,57.89102255176728,57.64864670570917,57.624808411319925,57.62825802764241,0.0,0.0,0.0,0.0,-7.367938062543544,1.0,-16.07314650527769,1.0,0,0
459,2025-08-02 15:06:00.790153,6.537980718194956,6.537292512828568,57.56293386647243,57.56668049912611,57.58524903917684,57.83222746212359,57.586228973228025,57.562933888228415,57.56668054745885,0.0,0.0,0.0,0.0,-7.276264306597113,1.0,-16.1648289531513,1.0,0,0
460,2025-08-02 15:06:11.667548,6.474145355886351,6.478268119949028,57.50108296134083,57.505109907783805,57.52292624719536,57.77320264181215,57.52388839034928,57.501082982847166,57.50510995636616,0.0,0.0,0.0,0.0,-7.192769654125186,1.0,-16.24831201638699,1.0,0,0
461,2025-08-02 15:06:23.124230,6.410519088628168,6.419034628688028,57.43925621574394,57.443546673955964,57.46067352830269,57.71396876023982,57.461619601978114,57.439256237022796,57.44354672276582,0.0,0.0,0.0,0.0,-7.116689215536098,1.0,-16.324395352285137,1.0,0,0
462,2025-08-02 15:06:35.458973,6.347083218878271,6.359610746162432,57.37745355856805,57.38199091408103,57.39848589586074,57.65454452120326,57.39941743798648,57.37745357963951,57.38199096309825,0.0,0.0,0.0,0.0,-7.04732473934655,1.0,-16.393748239238448,1.0,0,0
463,2025-08-02 15:06:47.257076,6.283820809742635,6.300013413000269,57.3156744291324,57.32044247721412,57.336358537948136,57.594946862309264,57.337276926144845,57.315674450014754,57.32044252642046,0.0,0.0,0.0,0.0,-6.984079379890318,1.0,-16.4569993933128,1.0,0,0
464,2025-08-02 15:06:59.284769,6.220716493354634,6.240257979099059,57.253918361180084,57.25890145723908,57.2742870820905,57.53519113075468,57.275193550652986,57.25391838188991,57.258901506617946,0.0,0.0,0.0,0.0,-6.926376572664594,1.0,-16.514705097847582,1.0,0,0
465,2025-08-02 15:07:10.610045,6.157756337222134,6.180358383927563,57.19218450911449,57.197367664823126,57.212267323240106,57.47529126353595,57.21316298099537,57.192184529666854,57.19736771435946,0.0,0.0,0.0,0.0,-6.873715083202114,1.0,-16.56736658731006,1.0,0,0
466,2025-08-02 15:07:22.741804,6.094927686840556,6.12032728727696,57.13047192672741,57.13584088339497,57.150295331073366,57.41525991820177,57.15118117556816,57.13047194713601,57.13584093307506,0.0,0.0,0.0,0.0,-6.825631342053384,1.0,-16.615447431149732,1.0,0,0
467,2025-08-02 15:07:34.360714,6.03221904148449,6.0601761969674675,57.06877935102658,57.07432059827509,57.088367306280674,57.35510860050636,57.08924423768764,57.06877937130392,57.074320648086434,0.0,0.0,0.0,0.0,-6.7817313151863345,1.0,-16.659347458016782,1.0,0,0
468,2025-08-02 15:07:46.234585,5.969619924189371,5.999915567665554,56.67750425379339,56.68774177873172,56.724010793693196,57.29476817123141,56.72607219816701,56.67750428613624,56.68774185426208,0.0,0.0,0.0,0.0,-10.817028042993115,1.0,-25.261037945369935,1.0,0,0
469,2025-08-02 15:07:58.056850,5.87232566266754,5.908115486057079,67.34884222313995,62.37984692127971,57.54587681762174,57.203198587169645,57.51276626425,67.34884164163483,62.379846680989765,0.0,0.0,310.92629868726135,1.0,194.48370170721319,1.0,80.36468659781804,1.0,0,0
470,2025-08-02 15:08:09.509754,5.948877589030577,5.975484244429137,67.36461237734656,62.41783846592217,57.6161519912356,57.27056695015563,57.583350152075795,67.36461179758946,62.417838226369504,0.0,0.0,310.09510280088864,1.0,193.89907689060237,1.0,80.11810821301424,1.0,0,0
471,2025-08-02 15:08:21.298336,6.024712528471241,6.042679738815775,67.38031679833331,62.45572478474743,57.68589243482363,57.33776202350089,57.653391400307456,67.38031622031366,62.455724545932235,0.0,0.0,309.2673715085353,1.0,193.31799258566207,1.0,79.87146029279302,1.0,0,0
472,2025-08-02 15:08:33.139976,6.099845859377687,6.109690307238278,67.39595514338937,62.49350124191069,57.75510433952126,57.4047721470764,57.72289658838735,67.39595456709667,62.49350100383304,0.0,0.0,308.44312287342547,1.0,192.74041402468356,1.0,79.62478919409932,1.0,0,0
473,2025-08-02 15:08:45.234663,6.174292242568916,6.17650502045347,67.41152727668455,62.53116246440233,57.82379384460408,57.47158639334616,57.79187221600428,67.41152670210847,62.53116222706211,0.0,0.0,307.622364054746,1.0,192.1662948507219,1.0,79.3781557604234,1.0,0,0
474,2025-08-02 15:08:56.873705,6.248065671902959,6.243113621473836,67.42703302599928,62.568704225080566,57.89196701127461,57.5381945069367,57.86032468041183,67.42703245312961,62.56870398847753,0.0,0.0,306.8051041296584,1.0,191.595582912214,1.0,79.13160634871019,1.0,0,0
475,2025-08-02 15:09:08.054971,6.3211795174306395,6.309506487102254,67.44247221722982,62.60612223186837,57.95962981529103,57.60458686615632,57.92826027110479,67.44247164605646,62.60612199600215,0.0,0.0,305.99135227462847,1.0,191.02825503068743,1.0,78.88517862397748,1.0,0,0
476,2025-08-02 15:09:19.653274,6.393646565077382,6.375674582859184,67.4578450410849,62.64341279237435,58.02678816415225,57.67075443794642,57.99568518769552,67.45784447159787,62.64341255724443,0.0,0.0,305.18109843799,1.0,190.4642648491972,1.0,78.63892184047927,1.0,0,0
477,2025-08-02 15:09:31.450659,6.465479055933774,6.441609428783229,67.47315108171651,62.680571708866864,58.09344782355451,57.73668874366203,58.062605471645725,67.47315051390598,62.68057147447263,0.0,0.0,304.3743645378042,1.0,189.90356021618027,1.0,78.39287656054239,1.0,0,0
478,2025-08-02 15:09:43.063993,6.536688714106682,6.507303056391262,67.48839053443554,62.717595711386785,58.15961449476913,57.80238181607459,58.12902708081361,67.48838996829173,62.717595477727436,0.0,0.0,303.57114027983783,1.0,189.34612954240038,1.0,78.14709203842085,1.0,0,0
479,2025-08-02 15:09:54.254936,6.6072867822916415,6.572747984673742,67.5035635317945,62.754481997982026,58.22529376779292,57.867826175360456,58.19495584642799,67.50356296730781,62.7544817650567,0.0,0.0,302.7714186776589,1.0,188.7919032924401,1.0,77.9016001445143,1.0,0,0
480,2025-08-02 15:10:05.922796,6.677284049143125,6.6379371931404805,67.5488069205553,62.87322126707277,58.332931749830415,57.933024661915404,58.30227573537104,67.5488063581215,62.87322103277291,0.0,0.0,300.3867800665945,1.0,188.10531637541317,1.0,78.36131037834093,1.0,0,0
481,2025-08-02 15:10:18.248429,6.751967945816456,6.707195286904755,67.56488763940021,62.91211863735699,58.402219039561096,58.00228210650117,58.371824788975786,67.56488707872207,62.912118403835706,0.0,0.0,299.53921528195826,1.0,187.51814772144826,1.0,78.10091762394222,1.0,0,0
482,2025-08-02 15:10:29.642173,6.826022084260603,6.776175355366818,67.58089957662519,62.950864891804876,58.47100065545901,58.071261513464826,58.440862945532615,67.5808990176929,62.950864659061104,0.0,0.0,298.69527576304876,1.0,186.93424143748416,1.0,77.84087834124875,1.0,0,0
483,2025-08-02 15:10:41.268161,6.899456605183665,6.844871136840955,67.59684290632299,62.98945817269148,58.53928188991379,58.13995662214612,58.50939569654786,67.59684234912687,62.98945794072409,0.0,0.0,297.85495233397586,1.0,186.35358013966652,1.0,77.58122150335112,1.0,0,0
484,2025-08-02 15:10:52.553221,6.972281283107953,6.913276745517675,67.61271741461566,63.02789453818168,58.607067906075365,58.20836154765686,58.577428395002116,67.61271685914616,63.02789430698941,0.0,0.0,297.0182562675847,1.0,185.77611747105038,1.0,77.32198187795802,1.0,0,0
485,2025-08-02 15:11:04.775549,7.044505541751884,6.981386630433059,67.62852333314545,63.066172990382036,58.67436379516635,58.27647073996667,58.644966310486446,67.62852277939307,63.066172759963536,0.0,0.0,296.18517535473,1.0,185.20183025316328,1.0,77.06319423277819,1.0,0,0
486,2025-08-02 15:11:16.210860,7.116138475102091,7.049195584497511,57.84792713888437,57.8520160334089,57.898907025400845,58.344072444188605,57.90110330776637,57.84792717287151,57.85201610084331,0.0,0.0,0.0,0.0,-11.366957583618387,1.0,-22.55335776396805,1.0,0,0
487,2025-08-02 15:11:29.487986,7.0216603305784915,6.96588892080661,57.75829030282378,57.76288685396404,57.80808317103205,58.26076478855924,57.81023487784468,57.75829033638131,57.76288692182807,0.0,0.0,0.0,0.0,-11.223274232747826,1.0,-22.69704401214767,1.0,0,0
488,2025-08-02 15:11:40.990718,6.92754384598013,6.882220607104516,57.66866464188564,57.67375913649505,57.717361938435914,58.17709554704336,57.719472469214885,57.668664675042436,57.67375920475981,0.0,0.0,0.0,0.0,-11.08925051028109,1.0,-22.831067734614408,1.0,0,0
489,2025-08-02 15:11:52.799644,6.833764450973117,6.7982151989274575,57.579053937804765,57.58463426515253,57.62673892051973,58.093089270865526,57.62881138617282,57.57905397058758,57.58463433379124,0.0,0.0,0.0,0.0,-10.964173678189582,1.0,-22.956135874778738,1.0,0,0
490,2025-08-02 15:12:05.232597,6.74029937960704,6.713895467746804,57.489461239513446,57.49551345599964,57.53621000936729,58.00876872744256,57.53824725272773,57.48946127194714,57.4955135249875,0.0,0.0,0.0,0.0,-10.847412123098366,1.0,-23.072906121797132,1.0,0,0
491,2025-08-02 15:12:16.459143,6.647127531528861,6.629282506483252,57.39988920969807,57.40639799450197,57.445771249150454,57.92415500598061,57.447775869957894,57.39988924180568,57.40639806381588,0.0,0.0,0.0,0.0,-10.738354512795922,1.0,-23.181955040172397,1.0,0,0
492,2025-08-02 15:12:28.747213,6.554229351584266,6.544395885892779,57.03282631161932,57.04366726297212,57.10078848405476,57.839200689207665,57.103768252389564,57.03282635131458,57.0436673503779,0.0,0.0,0.0,0.0,-13.276035085141302,1.0,-29.23275902048772,1.0,0,0
493,2025-08-02 15:12:40.741388,6.438263634524033,6.4375617544514405,56.920646408889844,56.93200791899176,56.98770536369531,57.732365746547956,56.99065109617545,56.92064644829932,56.932008006683326,0.0,0.0,0.0,0.0,-13.180452859273828,1.0,-29.328341246355194,1.0,0,0
494,2025-08-02 15:12:52.385967,6.322537415999926,6.33048813400709,56.80849189084849,56.82035592189489,56.87470113880909,57.625291357359245,56.87761483630845,56.808491929987525,56.8203560098569,0.0,0.0,0.0,0.0,-13.090004665059496,1.0,-29.418792337878585,1.0,0,0
495,2025-08-02 15:13:04.761180,6.207037733071253,6.223187966396703,56.696362903284204,56.708711720822876,56.76177242051735,57.51799046123785,56.764655958496405,56.69636294216727,56.708711809040864,0.0,0.0,0.0,0.0,-13.004394976974254,1.0,-29.504402025963827,1.0,0,0
496,2025-08-02 15:13:16.908869,6.09175237293434,6.115673483748995,56.584259262140584,56.597075188474655,56.64891589540783,57.410475288112515,56.651771029150076,56.584259300781355,56.59707527693493,0.0,0.0,0.0,0.0,-12.923360139893703,1.0,-29.58543396573532,1.0,0,0
497,2025-08-02 15:13:28.868045,5.976669807012226,6.007956210245333,56.47218100022422,56.48544654327035,56.536128525539496,57.30275736013369,56.53895689690453,56.47218103863557,56.485446631960016,0.0,0.0,0.0,0.0,-12.846630704075324,1.0,-29.66215470962652,1.0,0,0
498,2025-08-02 15:13:41.548082,5.861779164079626,5.900047019506167,67.25832042026518,62.12712642265206,57.41669248703187,57.195102387136416,57.38513791322188,67.25831983752282,62.12712618856155,0.0,0.0,315.69742198705796,1.0,194.89749538706747,1.0,78.29129690492209,1.0,0,0
499,2025-08-02 15:13:53.068278,5.9229995119495635,5.954151928857258,67.27104327555568,62.158047393912646,57.47347829601767,57.249207086744114,57.442179618629154,67.27104269422357,62.158047160416935,0.0,0.0,315.0268397694191,1.0,194.42583665068014,1.0,78.09236476759907,1.0,0,0
500,2025-08-02 15:14:03.960409,5.983612405979997,6.008146072053731,67.28370745307522,62.18889248668409,57.52981452963731,57.30320099501853,57.49876373748808,67.28370687314371,62.18889225378359,0.0,0.0,314.35935027498317,1.0,193.95741131120303,1.0,77.89329645675025,1.0,0,0
