iteration,timestamp,T1_LEVEL,T2_LEVEL,J1_LEVEL,J2_LEVEL,J3_LEVEL,J4_LEVEL,J5_LEVEL,J1S_LEVEL,J2S_LEVEL,P2_FLOW,P2_STATUS,P1_FLOW,P1_STATUS,V13_FLOW,V13_STATUS,V24_FLOW,V24_STATUS
0,2025-07-10 18:37:13.783730,3.0509999999999993,3.0509999999999993,73.03060823140058,73.02651683262431,54.14618120101543,54.34596896749173,54.14668632587885,54.14618120102486,54.34596896751681,,11.673690390818047,1.0,,11.458045458765454,1.0
1,2025-07-10 18:37:24.487780,2.9941153809638483,3.01142048427162,69.19306336117064,69.68478596241185,55.41491189559778,54.30687020936323,55.36192270397077,69.19306266233149,69.68478552984472,187.80595367081,1.0,213.72312594657515,1.0,233.7259334058217,1.0,144.6715650445185,1.0
2,2025-07-10 18:37:35.995979,3.135269958096452,3.179080930193504,69.2116278701766,69.7009116487677,55.54864528566073,54.474523480474126,55.49592827744355,69.21162717449762,69.7009112185073,186.956018788226,1.0,212.74464829086403,1.0,232.6690124448305,1.0,143.9000811774349,1.0
3,2025-07-10 18:37:47.417420,3.2759158546606404,3.345291749247383,69.23015947604611,69.71698415086802,55.68180148764272,54.6407272323328,55.62935936430327,69.23015878352466,69.71698372290352,186.10888708269815,1.0,211.76790485736254,1.0,231.6129838550296,1.0,143.1322189466755,1.0
4,2025-07-10 18:38:00.455470,3.416046794155074,3.510064075780017,69.2486573601292,69.73300363273202,55.81437581955497,54.80549259806994,55.76221123117008,69.24865667076234,69.73300320705265,185.26454990927917,1.0,210.79293879456893,1.0,230.55793455569074,1.0,142.367966763004,1.0
5,2025-07-10 18:38:12.269312,3.555656550711236,3.6734090301967544,69.26712100421756,69.74897008055204,55.9463637021635,54.96883069687431,55.89447924552223,69.26712031800228,69.74896965714701,184.42300799573104,1.0,209.81977741563657,1.0,229.5038877252864,1.0,141.6073130371842,1.0
6,2025-07-10 18:38:24.117639,3.6947389525958148,3.835337716928522,69.28554986285323,69.76488334623888,56.07776062673699,55.13075263195825,56.02615884475393,69.28554917978643,69.7648829250975,183.58426914737473,1.0,208.84844946995992,1.0,228.45088392614343,1.0,140.85024038536176,1.0
7,2025-07-10 18:38:36.226386,3.833287883274763,3.9958612220810763,69.30394320378927,69.78074352806885,56.20856213984557,55.2912694882159,56.157245521568896,69.30394252386765,69.78074310918039,182.74832818437133,1.0,207.87899355200338,1.0,227.39898689906113,1.0,140.09674880753664,1.0
8,2025-07-10 18:38:47.469105,3.9712972813793477,4.154990612888643,69.32230028962616,69.7965503930666,56.33876386221078,55.45039233166283,56.28773484213236,69.32229961284622,69.79654997642044,181.91519738612806,1.0,206.91144852780764,1.0,226.34824879560256,1.0,139.3468151252364,1.0
9,2025-07-10 18:38:58.368507,4.108761142012452,4.312736934187152,69.34062069009565,69.81230402021188,56.46836152084875,55.608132205929856,56.417622477072236,69.34062001645393,69.81230360579738,181.0848725898658,1.0,205.94583707547562,1.0,225.29867541038584,1.0,138.600439338461,1.0
10,2025-07-10 18:39:10.230180,4.245673520261724,4.469111209146497,69.35890384135074,69.82800450386618,56.59735090779533,55.76450013298295,56.5469041618479,69.35890317084352,69.82800409167277,180.257348822087,1.0,204.98218891363413,1.0,224.25034786806464,1.0,137.857598268738,1.0
11,2025-07-10 18:39:22.267490,4.382028531636652,4.624124437391202,69.37714893547195,69.84365165142928,56.72572786966482,55.91950711123505,56.675575686707504,69.37714826809538,69.8436512414464,179.43263623414921,1.0,204.0205466252108,1.0,223.20330673096578,1.0,137.1182919160674,1.0
12,2025-07-10 18:39:34.697651,4.517820351764768,4.777787591124595,69.48060516033985,69.94068059467558,57.10050682107539,56.07322883852995,57.04895939339095,69.48060450072992,69.94068018559489,174.31854175994394,1.0,198.56769008346683,1.0,220.60575906152735,1.0,136.81655456139197,1.0
13,2025-07-10 18:39:47.447156,4.670200001097113,4.943734018072115,69.50070736214245,69.95770601388165,57.24106372794502,56.23916871833166,57.189918525546524,69.50070670600574,69.95770560717881,173.42118475110047,1.0,197.50816541259488,1.0,219.44414673498613,1.0,136.02128378693124,1.0
14,2025-07-10 18:39:59.591313,4.821817853859303,5.108346345722986,69.52076687912708,69.97468427047455,57.38085546935331,56.40377458521216,57.33011286648451,69.52076622645825,69.97468386614078,172.52631353722913,1.0,196.45089052600892,1.0,218.28431915082547,1.0,135.2289566784748,1.0
15,2025-07-10 18:40:11.320925,4.9726704488629565,5.271633084718664,69.54078392176676,69.9916156331028,57.5198803987334,56.567054948826765,57.469540712954284,69.54078327256046,69.99161523112929,171.63391395870173,1.0,195.3958543303283,1.0,217.12628210366347,1.0,134.4395674414045,1.0
16,2025-07-10 18:40:22.356260,5.122754380806144,5.433602705130694,69.56075778737699,70.00849988581506,57.65813673464503,56.72901827829372,57.60820023208084,69.56075714162782,70.00849948619303,170.74399739764473,1.0,194.34309386187138,1.0,215.97004718273638,1.0,133.6531160757204,1.0
17,2025-07-10 18:40:33.394302,5.272066303574879,5.594263644190669,69.58068803097704,70.0253372149733,57.79562278438061,56.88967300990866,57.74608967865875,69.58068738867941,70.02533681769403,169.85655403149232,1.0,193.29263257419274,1.0,214.81568392346162,1.0,132.86958519756809,1.0
18,2025-07-10 18:40:44.309594,5.4206029329502785,5.753624308195757,69.60057409882914,70.04212723803809,57.93233690590738,57.04902754901953,57.8832073584804,69.6005734599774,70.04212684309284,168.971604022716,1.0,192.24449965309185,1.0,213.66320970969355,1.0,132.0889748069476,1.0
19,2025-07-10 18:40:55.170518,5.568361046697315,5.911693068020015,69.6204156848753,70.05887014313384,58.0682775459678,57.207090265573456,58.0195516651366,69.62041504946374,70.05886975051388,168.08913745585934,1.0,191.19871122993516,1.0,212.51264192528652,1.0,131.3112849038589,1.0
20,2025-07-10 18:41:06.744437,5.715337487187784,6.068478262054162,69.64021221967712,70.07556565278301,58.20344318649076,57.36386949702257,58.155121028343906,69.64021158769991,70.07556526247961,167.2091689559018,1.0,190.15529731805154,1.0,211.3640327218036,1.0,130.5365096936839,1.0
21,2025-07-10 18:41:18.292888,5.861529160351423,6.223988191963419,69.65996339324106,70.09221391208905,58.33783240005621,57.519373544112014,58.28991396747668,69.65996276469222,70.09221352409357,166.33169087489196,1.0,189.11427425624322,1.0,210.21741107233538,1.0,129.76463179256825,1.0
22,2025-07-10 18:41:29.341099,6.006933038396377,6.378231124843119,69.67966865429403,70.10881477074653,58.47144379745862,57.67361067301031,58.42392904101299,69.6796680291676,70.10881438505027,165.45671113496226,1.0,188.07567110039787,1.0,209.07280015535434,1.0,128.99565699513005,1.0
23,2025-07-10 18:41:40.035878,6.151546158897571,6.531215289956266,69.69932751067773,70.12536819467708,58.60427605910827,57.82658911206202,58.557164876829475,69.6993268889675,70.12536781127142,164.5842315322785,1.0,187.0395137906581,1.0,207.93025212242355,1.0,128.22956791751494,1.0
24,2025-07-10 18:41:52.047004,6.295365626058365,6.682948878680529,69.67943046570848,70.10411461011718,58.626570254244314,57.9782880616253,58.5805446064905,69.67942984527592,70.10411422963227,165.70444201503096,1.0,188.0882252815372,1.0,207.50293959849841,1.0,127.25272857892378,1.0
25,2025-07-10 18:42:03.304921,6.430541795634046,6.82692114705454,69.69805939432787,70.1198354133691,58.75169718753211,58.122255012621025,58.70603035450827,69.6980587771304,70.11983503506235,164.87584726432118,1.0,187.10635226792482,1.0,206.4209685033802,1.0,126.52424657289885,1.0
26,2025-07-10 18:42:14.691920,6.5650020367863515,6.969670267697099,69.71664090451145,70.13550520466325,58.87610170259697,58.26499889426199,58.83079423835833,69.71664029054294,70.13550482852533,164.04994119559404,1.0,186.12697853290388,1.0,205.3410429084579,1.0,125.79888207142176,1.0
27,2025-07-10 18:42:25.402713,6.6987426458036925,7.1112054792516375,69.73517482206971,70.15112443568789,58.99978223759684,58.406528944099584,58.95483462510742,69.7351742113239,70.15112406170954,163.22670000176026,1.0,185.15011325746295,1.0,204.26321496529454,1.0,125.07661769063816,1.0
28,2025-07-10 18:42:37.689052,6.831760019501033,7.2515359507456765,67.85154112434317,63.74811733678282,58.93144678513793,58.54666965928677,58.893779358539575,67.8515405717293,63.74811709587202,0.0,0.0,284.4305997048782,1.0,184.8210543073492,1.0,80.57233384079154,1.0
29,2025-07-10 18:42:49.085972,6.94952466669788,7.338629876984783,67.87424077880617,63.797132797554674,59.03241380557212,58.63376377530148,58.99536133492265,67.87424022881574,63.79713255759778,0.0,0.0,283.234171365337,1.0,183.94365061567441,1.0,80.25329955103189,1.0
30,2025-07-10 18:43:01.069566,7.065941151521896,7.42579052789902,67.89688845692307,63.846151565944744,59.1326240974646,58.720924525311034,59.09616620693859,67.89688790954301,63.846151326946575,0.0,0.0,282.04048253769275,1.0,183.07061606606112,1.0,79.93265435743524,1.0
31,2025-07-10 18:43:12.827244,7.181044320681986,7.512986003202364,58.388807978044255,58.43369364162421,58.3886961179166,58.8079118612159,58.38870669301532,58.388807976797665,58.433693699792464,0.0,0.0,0.0,0.0,0.4169198763293025,1.0,-19.454303280213026,1.0
32,2025-07-10 18:43:24.746129,7.1446101375086295,7.449641684698676,58.34711494307259,58.38718471436467,58.347118057183486,58.74456999504335,58.34714387351915,58.34711494325376,58.387184771105176,0.0,0.0,0.0,0.0,-0.060591424357880896,1.0,-18.9767948768349,1.0
33,2025-07-10 18:43:36.914344,7.107035896212806,7.387437423920164,58.30448192244662,58.34030327594262,58.30464103098465,58.682367977710335,58.30468635539266,58.304481923954405,58.3403033313565,0.0,0.0,0.0,0.0,-0.5042766417773237,1.0,-18.53310965941546,1.0
34,2025-07-10 18:43:49.066499,7.0684028846257885,7.326291933080031,58.2608919383332,58.2929953331084,58.261369502386096,58.62122453122287,58.26143723381747,58.260891941062695,58.292995387300586,0.0,0.0,0.0,0.0,-0.912875446488215,1.0,-18.124510854704567,1.0
35,2025-07-10 18:43:59.969229,7.0287912752099375,7.266125039972208,58.21648108410589,58.245329443513114,58.2173856831218,58.56105950013648,58.21747770753876,58.2164810879596,58.24532949658106,0.0,0.0,0.0,0.0,-1.2888708323544051,1.0,-17.74850967422026,1.0
36,2025-07-10 18:44:12.145639,6.988276401055493,7.206861417587207,58.25365775308458,58.28659919452529,58.25213628420514,58.501820740131556,58.25212109931596,58.253657747981805,58.286599237673954,0.0,0.0,0.0,0.0,1.7066193390746776,1.0,-14.43101836855476,1.0
37,2025-07-10 18:44:24.201056,6.967393689511075,7.1610540542184475,58.22804658081707,58.25610710534654,58.227322673500936,58.456015616223574,58.22732009780722,58.22804657740007,58.2561071468094,0.0,0.0,0.0,0.0,1.1428116880551897,1.0,-13.867204922917153,1.0
38,2025-07-10 18:44:36.267452,6.94513155011616,7.116626117214899,58.20151145794621,58.2253800535791,58.20127730025121,58.41158968147265,58.20127794205815,58.20151145608842,58.22538009348278,0.0,0.0,0.0,0.0,0.6213366197016512,1.0,-13.345735649181734,1.0
39,2025-07-10 18:44:48.397227,6.921604442968594,7.073463152372189,58.174155289192804,58.194440291943245,58.174140316910794,58.36842850000841,58.17414809442729,58.17415528877122,58.19444033041072,0.0,0.0,0.0,0.0,0.14100044268161582,1.0,-12.865402369470758,1.0
40,2025-07-10 18:45:01.257784,6.8969234332144875,7.031454085545398,58.1459980347867,58.163248968329434,58.146057789382134,58.326421012699385,58.14607789530621,58.14599803567539,58.163249005486634,0.0,0.0,0.0,0.0,-0.2972204498519204,1.0,-12.427181476937221,1.0
41,2025-07-10 18:45:12.754269,6.8711973994952364,6.9904900440760604,58.11690264691351,58.13164429889852,58.11718494564045,58.285458354756905,58.117220417053986,58.116902648968455,58.13164433488944,0.0,0.0,0.0,0.0,-0.6872735792740059,1.0,-12.037119655587958,1.0
42,2025-07-10 18:45:24.106387,6.844536988245365,6.9504603829796086,58.08703678091894,58.099704954473246,58.08763755488977,58.24542990339906,58.08769001031933,58.087036784008575,58.099704989429476,0.0,0.0,0.0,0.0,-1.0333223787029056,1.0,-11.691070856159058,1.0
43,2025-07-10 18:45:35.219012,6.817044076375869,6.911263230014145,58.05654372050167,58.067498389337864,58.05751526797738,58.20623380660297,58.057585327398805,58.05654372450685,58.067498423378545,0.0,0.0,0.0,0.0,-1.339527383947825,1.0,-11.384865850914139,1.0
44,2025-07-10 18:45:47.002531,6.788811813454534,6.872805418835208,58.025538921960155,58.035077285864254,58.02690427410637,58.16777691607577,58.02699184956836,58.02553892677318,58.035077319097105,0.0,0.0,0.0,0.0,-1.6097101456580276,1.0,-11.114688883822055,1.0
45,2025-07-10 18:45:59.158936,6.759925051036635,6.835002106294769,57.99411642920762,58.00248353085115,57.995878557675056,58.1299744048259,57.995983071476296,57.99411643473147,58.00248356337316,0.0,0.0,0.0,0.0,-1.847443045903674,1.0,-10.87694729164923,1.0
46,2025-07-10 18:46:11.745945,6.730460690985785,6.79777639780781,57.9623530050098,57.96975060550667,57.964501334676065,58.09274939271766,57.96462188504475,57.96235301115749,57.969750637404836,0.0,0.0,0.0,0.0,-2.056086963193593,1.0,-10.668303374359311,1.0
47,2025-07-10 18:46:24.294653,6.700488075756897,6.761058942139043,57.9303113987059,57.93690551392368,57.93282650333032,58.056032541430746,57.93296198917981,57.93031140539975,57.93690554527569,0.0,0.0,0.0,0.0,-2.2387478128393923,1.0,-10.485642524713512,1.0
48,2025-07-10 18:46:35.819960,6.670069447157121,6.724787504037673,57.72457073069636,57.73195952797802,57.74117319343421,58.01971935282009,57.74193303367649,57.72457074924162,57.73195957845342,0.0,0.0,0.0,0.0,-6.202443341862818,1.0,-16.881437786651077,1.0
49,2025-07-10 18:46:47.356249,6.6096090861821715,6.664260339428941,57.6640849888029,57.67146860190646,57.680693135369374,57.95919219415863,57.68145319236131,57.66408500735159,57.67146865237841,0.0,0.0,0.0,0.0,-6.203587778941255,1.0,-16.88028465764546,1.0
50,2025-07-10 18:46:58.265277,6.549145875749427,6.603736027458912,57.603598571409606,57.61097745967591,57.620211914176615,57.89866788762971,57.62097216929487,57.603598589961436,57.61097751014473,0.0,0.0,0.0,0.0,-6.204639502129794,1.0,-16.87923872907504,1.0
51,2025-07-10 18:47:09.860435,6.488680059400376,6.543214324947543,57.543111532601365,57.55048609517309,57.55972962638823,57.83814619009532,57.56049006271515,57.54311155115606,57.55048614563905,0.0,0.0,0.0,0.0,-6.205595614119375,1.0,-16.8782797197764,1.0
52,2025-07-10 18:47:20.668997,6.428211859939486,6.482695009387739,57.482623880213886,57.48999448557834,57.49924633850551,57.77762687908313,57.50000694083918,57.4826238987712,57.48999453604166,0.0,0.0,0.0,0.0,-6.206473498764353,1.0,-16.877396040513304,1.0
53,2025-07-10 18:47:31.348331,6.3677414775351355,6.422177874923981,57.42213567230902,57.429502675862835,57.438762137646016,57.717109748776494,57.43952289202527,57.42213569086874,57.42950272632376,0.0,0.0,0.0,0.0,-6.2072789506828485,1.0,-16.876596383212927,1.0
54,2025-07-10 18:47:41.863189,6.3072690959820505,6.36166273432965,57.36164709373437,57.369010768265674,57.378277175845234,57.65659461199349,57.37903806865573,57.36164711229628,57.36901081872441,0.0,0.0,0.0,0.0,-6.20801196987486,1.0,-16.875863364020915,1.0
55,2025-07-10 18:47:53.677460,6.246794894464898,6.3011494218029505,57.30115804867156,57.30851871585538,57.317791451904625,57.59608130295264,57.31855247151449,57.301158067235484,57.308518766312105,0.0,0.0,0.0,0.0,-6.208684145576626,1.0,-16.87519118831915,1.0
56,2025-07-10 18:48:05.309920,6.186319026058918,6.240637781273741,57.24066852092951,57.24802639734967,57.25730499944427,57.53556966559982,57.25806613553425,57.240668539495296,57.24802644780454,0.0,0.0,0.0,0.0,-6.209304169715324,1.0,-16.87457406148951,1.0
57,2025-07-10 18:48:14.331580,6.1258416265481985,6.180127664340013,57.18017873873942,57.18753409345886,57.196817979999174,57.47505955158562,57.197579221965285,57.18017875730686,57.187534143912046,0.0,0.0,0.0,0.0,-6.209860453054716,1.0,-16.87400908622294,1.0
58,2025-07-10 18:48:22.930915,6.065362835433409,6.119618947825681,57.11968857245277,57.127041611185,57.13633036306772,57.41455083773563,57.13709170217532,57.119688591021756,57.12704166163666,0.0,0.0,0.0,0.0,-6.210373276758219,1.0,-16.873499159828498,1.0
59,2025-07-10 18:48:31.838166,6.004882767614636,6.05911150934583,57.05919813446505,57.06654906388283,57.07584224149291,57.35404340169713,57.076603669249145,57.059198153035425,57.0665491143331,0.0,0.0,0.0,0.0,-6.210839743516772,1.0,-16.873032693069945,1.0
60,2025-07-10 18:48:40.740867,5.944401534795489,5.998605241959023,56.65976682734621,56.67157848314738,56.704203314005746,57.29345520650436,56.70618754755222,56.65976685890361,56.67157855966991,0.0,0.0,0.0,0.0,-10.554334825201295,1.0,-25.592869649244676,1.0
61,2025-07-10 18:48:50.673354,5.847628764281425,5.905921305235267,67.34480203961473,62.37447055460773,57.525916122854014,57.20100289250532,57.49252159859795,67.34480145759989,62.37447031439755,0.0,0.0,311.1392442223749,1.0,194.65417937226448,1.0,80.3380139706178,1.0
62,2025-07-10 18:48:59.841756,5.924711867020217,5.972624601042603,67.360552595412,62.41216918413836,57.596401800946154,57.267705871972915,57.56333117795908,67.36055201515126,62.41216894465626,0.0,0.0,310.30908130733565,1.0,194.067520644694,1.0,80.09450383610783,1.0
63,2025-07-10 18:49:11.369525,6.001045595094432,6.0391881230154825,67.3762382385519,62.449778028388664,57.666343052323946,57.33426904722075,57.633587411260486,67.37623766003435,62.44977778963531,0.0,0.0,309.48233973701446,1.0,193.4845125265383,1.0,79.85077640341842,1.0
64,2025-07-10 18:49:23.542652,6.07664733998683,6.105598157789542,67.39185846136203,62.487289852309964,57.73574617685849,57.40067870704687,57.703297068531754,67.39185788457692,62.48728961428582,0.0,0.0,308.6590462692454,1.0,192.90509707161618,1.0,79.60689541334887,1.0
65,2025-07-10 18:49:36.214662,6.151533621078059,6.171841870865562,67.4074130368043,62.524699883259224,57.804617466081105,57.46692201900391,57.772466875091204,67.407412461741,62.524699645964546,0.0,0.0,307.8392128705045,1.0,192.32923951221892,1.0,79.36292460669847,1.0
66,2025-07-10 18:49:47.393851,6.225720152148991,6.2379072583208375,67.42290167691674,62.5620025850557,57.87296316969488,57.532986981057114,57.8411034826687,67.42290110356475,62.56200234849062,0.0,0.0,307.02285471837143,1.0,191.75689349140157,1.0,79.11891034041219,1.0
67,2025-07-10 18:49:58.817126,6.299221898122724,6.303783075413945,67.43832433010338,62.59919288721613,57.940789495008815,57.59886235022984,57.90921347105039,67.43832375845236,62.599192651380605,0.0,0.0,306.2099745323097,1.0,191.1880126522192,1.0,78.87491345798026,1.0
68,2025-07-10 18:50:10.770251,6.372053128458677,6.369458783744406,67.45368063973399,62.63626611635313,58.008102554074995,57.66453758977072,57.976803299950305,67.45368006977367,62.63626588124694,0.0,0.0,305.40059110919265,1.0,190.62255643234494,1.0,78.63098611096575,1.0
69,2025-07-10 18:50:22.221236,6.444227461009446,6.434924502110536,67.46897065042624,62.673217999496934,58.074908400507695,57.73000282002523,58.0438793456765,67.46897008214651,62.67321776511979,0.0,0.0,304.5947020973615,1.0,190.060484269452,1.0,78.38716016976832,1.0
70,2025-07-10 18:50:34.970708,6.515757907688483,6.500170963789613,67.484194203866,62.71004410770634,58.14121297938276,57.79524877571068,58.11044785537621,67.48419363725688,62.71004387405772,0.0,0.0,303.7923158410627,1.0,189.5017498065954,1.0,78.1435051698054,1.0
71,2025-07-10 18:50:46.894939,6.586656911130483,6.565189471648648,67.49935132993096,62.74674170880366,58.20702214598655,57.86026676107511,58.17651496627984,67.49935076498257,62.746741475882985,0.0,0.0,302.99343076553566,1.0,188.94632407068457,1.0,77.90004428954944,1.0
72,2025-07-10 18:50:57.278824,6.65693638132742,6.629971875061621,67.48905156055017,62.71354254311647,58.23798493792261,57.925040650971496,58.20821133128008,67.48905099695772,62.71354231272914,0.0,0.0,303.5362996447951,1.0,188.49283146209928,1.0,77.0527697147827,1.0
73,2025-07-10 18:51:08.665117,6.72209043383604,6.690797983082823,67.50318107111089,62.74798420394864,58.29888821211682,57.98586625037423,58.26934198790538,67.50318050905886,62.747983974247624,0.0,0.0,302.791576993345,1.0,187.97763775978638,1.0,76.82323330186591,1.0
74,2025-07-10 18:51:19.345910,6.7866901586264525,6.751380788727623,67.51724624728375,62.78228988634585,58.35934281888423,58.04644853598386,58.3300191114227,67.51724568676308,62.782289657330054,0.0,0.0,302.0502452078198,1.0,187.46548043736766,1.0,76.5940619498906,1.0
75,2025-07-10 18:51:31.519451,6.850745515537472,6.811713967357477,67.53124690234685,62.81645769333379,58.419354040820764,58.10678118416812,58.39024819523627,67.5312463433485,62.816457465002074,0.0,0.0,301.31231412975325,1.0,186.95633631637065,1.0,76.36527304271112,1.0
76,2025-07-10 18:51:43.220121,6.914266048071876,6.8717916119117755,67.54518344523322,62.850484434935154,58.478927050127595,58.16685828878844,58.45003460829479,67.54518288774834,62.85048420728627,0.0,0.0,300.5777622055526,1.0,186.4501590398504,1.0,76.13690134803619,1.0
77,2025-07-10 18:51:54.661160,6.977260911895769,6.931608196954247,67.55905561923016,62.8843677901609,58.53806684982655,58.22667432528657,58.50938354128263,67.55905506324999,62.88436756319346,0.0,0.0,299.8466029657475,1.0,185.9469138400982,1.0,75.90899322281075,1.0
78,2025-07-10 18:52:06.398511,7.039738890485911,6.991158561495731,67.57286372782691,62.918105721336325,58.59677835369085,58.28622413350481,58.56830008285384,67.57286317334277,62.91810549504893,0.0,0.0,299.1188204143641,1.0,185.44656594940534,1.0,75.68155446165292,1.0
79,2025-07-10 18:52:18.198849,7.101708420432022,7.050437890569702,57.715457406636965,57.72196846051532,57.77504445797828,58.34528321134965,57.77762974716005,57.71545744361129,57.72196853713345,0.0,0.0,0.0,0.0,-12.36602218000371,1.0,-25.6248443520235,1.0
80,2025-07-10 18:52:30.871188,6.996810607094695,6.956215823666353,57.61510017533051,57.6221497898146,57.67358662068246,58.25106019632273,57.67613050693621,57.61510021193431,57.62214986680327,0.0,0.0,0.0,0.0,-12.242098476917818,1.0,-25.748768055109394,1.0
81,2025-07-10 18:52:43.551219,6.8922241594972755,6.861682382156945,57.51476365660713,57.522336250657084,57.57222359718322,58.156525861960226,57.57472886180695,57.51476369286265,57.52233632799402,0.0,0.0,0.0,0.0,-12.125615063496298,1.0,-25.865245673912796,1.0
82,2025-07-10 18:52:55.275076,6.787930180711466,6.766856480504462,57.41444797822264,57.42252789309687,57.470950676475944,58.06169911931796,57.47341990597822,57.41444801415075,57.42252797076123,0.0,0.0,0.0,0.0,-12.016114164907776,1.0,-25.974755264428495,1.0
83,2025-07-10 18:53:06.810419,6.68391096028076,6.671755808006113,57.3141551678636,57.32272590393696,57.36976437642103,57.96659765460911,57.37219995839257,57.31415520348383,57.3227259819092,0.0,0.0,0.0,0.0,-11.913140903629937,1.0,-26.077722731088215,1.0
84,2025-07-10 18:53:18.507248,6.5801499637233345,6.576396919239313,56.56812389884109,56.58623132855708,56.676150113933986,57.87108215166649,56.680893870233824,56.568123949822485,56.58623144178568,0.0,0.0,0.0,0.0,-17.050669608806857,1.0,-37.86916796229889,1.0
85,2025-07-10 18:53:29.949033,6.430580153808132,6.438116539211703,56.423218694237654,56.44197928171795,56.53013448233627,57.73280076867362,56.53483638146853,56.4232187449353,56.441979395230284,0.0,0.0,0.0,0.0,-16.955765353259267,1.0,-37.96406642322836,1.0
86,2025-07-10 18:53:41.721294,6.281248055736245,6.299598455608652,56.27834096736971,56.29773555423325,56.384198522248624,57.59428172429779,56.388860520533726,56.27834101779578,56.29773566801714,0.0,0.0,0.0,0.0,-16.86494050886722,1.0,-38.054888370311346,1.0
87,2025-07-10 18:53:53.338377,6.1321433775151855,6.160852961265582,56.13348912575391,56.15349952134009,56.238338559438056,57.45553530952653,56.242962532740094,56.133489175920126,56.153499635383874,0.0,0.0,0.0,0.0,-16.778029929014338,1.0,-38.14180764209141,1.0
88,2025-07-10 18:54:05.335424,5.98325626222128,6.021889903027813,55.98866339149705,56.009271473962976,56.09255210552074,57.31657136947873,56.09713983083471,55.98866344141452,56.00927158825548,0.0,0.0,0.0,0.0,-16.6948423913027,1.0,-38.224992282493986,1.0
89,2025-07-10 18:54:17.452788,5.83457731025152,5.8827186810174705,67.09431453328283,61.64779368761193,57.226270940482074,57.177734718695476,57.197545026631445,67.09431394969643,61.647793465628176,0.0,0.0,324.3416633061095,1.0,195.1797802087185,1.0,74.24220319137476,1.0
90,2025-07-10 18:54:29.370398,5.866397915563351,5.910431335078328,67.10097609565666,61.66409115409125,57.256203613966,57.20544743640393,57.227653430491,67.10097551281379,61.664090932413785,0.0,0.0,323.99055302719984,1.0,194.93110996677387,1.0,74.1397659322729,1.0
91,2025-07-10 18:54:40.874142,5.897783149283967,5.938203319962125,67.10760300091901,61.680398139027105,57.28585447757672,57.2332194536311,57.25746700421097,67.10760241881255,61.680397917657594,0.0,0.0,323.6412694170782,1.0,194.684821312876,1.0,74.03677238983164,1.0
92,2025-07-10 18:54:52.447668,5.92876416858345,5.966005413342999,67.11419477001895,61.69670235635485,57.31523243535223,57.2610215526509,57.28699647444714,67.11419418864206,61.69670213529457,0.0,0.0,323.2938377250354,1.0,194.4408157385169,1.0,73.9333500456496,1.0
93,2025-07-10 18:55:03.302824,5.959367831902965,5.993812753159654,67.12075067786472,61.71299119644775,57.344346314791096,57.28882887518573,57.31625215626728,67.12075009721087,61.712990975697615,0.0,0.0,322.94829616840536,1.0,194.19899473518853,1.0,73.82962348401634,1.0
94,2025-07-10 18:55:15.414147,5.989617478302836,6.021604011343531,67.12727078847193,61.72925536719813,57.37320466580798,57.31662009635594,57.345243828126215,67.12727020853487,61.729255146758746,0.0,0.0,322.6046413731261,1.0,193.959265589001,1.0,73.72569121343986,1.0
95,2025-07-10 18:55:27.152956,6.0195335318581105,6.049360799682877,67.13375462699769,61.7454856952884,57.40181559884324,57.344376830636,57.373980630751255,67.13375404777133,61.74548547516011,0.0,0.0,322.2628983666901,1.0,193.72157035377313,1.0,73.62164884511913,1.0
96,2025-07-10 18:55:39.640936,6.049133964743465,6.077067178420243,67.1329192767264,61.73935080753879,57.42464246814992,57.37208181452448,57.39708355169351,67.13291869826091,61.73935058832602,0.0,0.0,322.3069270870233,1.0,193.4670996990917,1.0,73.31545253180138,1.0
97,2025-07-10 18:55:51.990500,6.076941050261189,6.103444652108477,67.13902522538687,61.754766882046944,57.45140666810582,57.39845920832427,57.4239534761811,67.13902464758637,61.75476666313143,0.0,0.0,321.9851014826267,1.0,193.244696461079,1.0,73.21603426873935,1.0
98,2025-07-10 18:56:03.509945,6.104481298407729,6.129744286626556,67.14509646154688,61.77012989912912,57.47795784980233,57.4247587529919,57.450605498954744,67.14509588440625,61.770129680510536,0.0,0.0,321.6651054663988,1.0,193.0240026354113,1.0,73.11672610342157,1.0
99,2025-07-10 18:56:14.424520,6.131766593732483,6.155956140543715,67.15113331418871,61.7854357889523,57.50430193753587,57.45097050849961,57.4770460783181,67.15113273770301,61.78543557063015,0.0,0.0,321.34692169870914,1.0,192.80496027590743,1.0,73.01758598202923,1.0
100,2025-07-10 18:56:25.586406,6.158807527626722,6.182071563739615,67.15713599633268,61.8006810940111,57.53044438275846,57.477085825947775,57.50328112902465,67.15713542049717,61.80068087598476,0.0,0.0,321.03053895191357,1.0,192.58750564176808,1.0,72.9186515695801,1.0
101,2025-07-10 18:56:37.292848,6.185613567066151,6.20808302617761,67.163104648335,61.815861801556586,57.55639020126055,57.50309717635466,57.52931607045682,67.163104073145,61.815861583825324,0.0,0.0,320.7159498282738,1.0,192.37160975990264,1.0,72.81996342840102,1.0
102,2025-07-10 18:56:49.506428,6.212193197433735,6.233983963070614,67.16903932505443,61.830975018105505,57.58214400380322,57.52899799586227,57.55515586671263,67.16903875050548,61.830974800668464,0.0,0.0,320.4031514363543,1.0,192.15722047874806,1.0,72.72156212081882,1.0
103,2025-07-10 18:57:02.112712,6.23855404298067,6.259768659330211,67.17494041749548,61.84601860593804,57.607710043420454,57.55478257020179,57.58080507975388,67.17493984358318,61.84601838879431,0.0,0.0,320.0921231675219,1.0,191.94429144135938,1.0,72.62346503068784,1.0
104,2025-07-10 18:57:13.417810,6.264702973759615,6.2854321499182495,67.18080791876572,61.86098984302166,57.63309222577212,57.5804459350455,57.60626788840132,67.1808073454858,61.860989626170216,0.0,0.0,319.78286538505495,1.0,191.7327878800279,1.0,72.52570982302586,1.0
105,2025-07-10 18:57:25.421784,6.290646191643719,6.310970119962666,67.18664208765793,61.87588754962006,57.658294155896975,57.60598377615945,57.63154813802992,67.18664151500622,61.87588733305986,0.0,0.0,319.4753644487881,1.0,191.52268661628113,1.0,72.42830518976007,1.0
106,2025-07-10 18:57:36.733999,6.316389309727514,6.3363788408314825,67.19244326329655,61.89070936703691,57.68331916396908,57.63139236546026,57.65664937097416,67.192442691269,61.8907091507668,0.0,0.0,319.1696024845251,1.0,191.31394129317414,1.0,72.3312830012901,1.0
107,2025-07-10 18:57:47.565803,6.341937420610631,6.361655088428389,67.19821142682349,61.90545450419856,57.70817031441224,57.65666847934759,57.68157484108543,67.19821085541605,61.90545428821735,0.0,0.0,318.86558048621674,1.0,191.10654032147067,1.0,72.23466064147033,1.0
108,2025-07-10 18:57:58.863063,6.367295151376622,6.386796097620029,67.38052976984646,62.43770294780515,57.9095039955948,57.68185067991039,57.87934047418814,67.38052919905753,62.43770271826736,0.0,0.0,309.2561464410227,1.0,190.89968404387037,1.0,76.76864220456991,1.0
109,2025-07-10 18:58:11.040165,6.426858683229408,6.440485266877104,67.39319208300996,62.468402698169726,57.96501160764716,57.73553957413418,57.935082697168184,67.39319151361671,62.46840246923171,0.0,0.0,308.5887552110088,1.0,190.43289858132084,1.0,76.56804701184683,1.0
110,2025-07-10 18:58:23.372367,6.485853661255432,6.494028190296615,67.40579474704975,62.499010201563635,58.02008442542424,57.78908220245191,57.990383363709945,67.40579417904289,62.49900997322535,0.0,0.0,307.92450790118806,1.0,189.96922482870104,1.0,76.36747210028716,1.0
111,2025-07-10 18:58:35.076170,6.544294506907343,6.547413817240273,67.4183375425959,62.529520590755475,58.07472885063942,57.84246751590033,58.04524926964964,67.41833697596621,62.52952036301666,0.0,0.0,307.26341607386763,1.0,189.50862801830226,1.0,76.16697831338115,1.0
112,2025-07-10 18:58:46.715932,6.602194829825974,6.60063190982719,67.43082054810968,62.55992907675983,58.12895115194316,57.8956852781424,58.0996870451799,67.43081998284816,62.55992884962009,0.0,0.0,306.60547559359884,1.0,189.0510444093252,1.0,75.96661490538281,1.0
113,2025-07-10 18:58:58.676985,6.659567492991028,6.653672975880568,67.44324382030815,62.59023191043194,58.18275743881215,57.9487259984424,58.153703133261445,67.44324325640589,62.59023168389077,0.0,0.0,305.95068347099897,1.0,188.59644502867923,1.0,75.76642533592803,1.0
114,2025-07-10 18:59:10.506478,6.716424668482836,6.706528217435617,67.4556073918142,62.62042517802239,58.23615365749704,58.00158088016339,58.20730378837716,67.45560682926248,62.62042495207912,0.0,0.0,305.2990379866195,1.0,188.14476034094696,1.0,75.56645885927082,1.0
115,2025-07-10 18:59:22.650870,6.772777887801704,6.759189473925848,67.46791144567837,62.65050505377492,58.28914559789898,58.054241763968754,58.260495085338256,67.46791088446855,62.650504828428765,0.0,0.0,304.6505294924342,1.0,187.6959613730378,1.0,75.36675603773801,1.0
116,2025-07-10 18:59:34.141012,6.82863808871984,6.811649173610121,67.48015586375574,62.68046871539334,58.341738866144574,58.10670107927231,58.31328289569982,67.48015530387937,62.68046849064339,0.0,0.0,304.0051642154948,1.0,187.24999017877053,1.0,75.16735453634737,1.0
117,2025-07-10 18:59:46.139955,6.884015653774939,6.863900297572155,67.49234082065736,62.71031231878178,58.39393892013835,58.15895180821177,58.36567292299345,67.49234026210605,62.71031209462703,0.0,0.0,303.3629329525939,1.0,186.8068235796727,1.0,74.96829202011668,1.0
118,2025-07-10 18:59:58.987557,6.9389204505507385,6.915936329533809,67.5044665206467,62.74003369913611,58.44575105511831,58.210987435516,58.417670691087274,67.50446596341224,62.74003347557544,0.0,0.0,302.7238249376374,1.0,186.36640362956314,1.0,74.76960325675464,1.0
119,2025-07-10 19:00:11.667679,6.993361865911183,6.967751234979872,67.51653291341631,62.76963012820471,58.49718039192292,58.26280192759465,58.469281534811,67.51653235749059,62.7696299052369,0.0,0.0,302.08784282217744,1.0,185.92870135535122,1.0,74.57132301396996,1.0
120,2025-07-10 19:00:24.320957,7.047348835145306,7.019339421027275,67.64219325254926,63.11018949869646,58.69711067395635,58.31442428170261,58.667220141499925,67.64219269909987,63.110189268120514,0.0,0.0,295.4646763268432,1.0,185.10049397150397,1.0,77.11584992762255,1.0
121,2025-07-10 19:00:36.813098,7.1214050338140416,7.087474692741518,57.886826744321304,57.89222061534236,57.93274387643228,58.382353315931695,57.93473970224806,57.88682677644218,57.89222068263427,0.0,0.0,0.0,0.0,-10.742787395656705,1.0,-22.505699927251044,1.0
122,2025-07-10 19:00:48.129501,7.029801808786354,7.004814382413032,57.799009099600596,57.8048651488249,57.84401115345141,58.299692211347796,57.84597255246933,57.799009131374234,57.80486521646406,0.0,0.0,0.0,0.0,-10.626654556631365,1.0,-22.621835663585443,1.0
123,2025-07-10 19:01:00.089237,6.938490213379559,6.92186244463416,57.711212048661736,57.71751491823927,57.755368130613924,58.216739531056916,57.75729768675483,57.71121208011144,57.717514986202325,0.0,0.0,0.0,0.0,-10.518315478975637,1.0,-22.730163152004934,1.0
124,2025-07-10 19:01:11.351914,6.847450462819965,6.8386386658900795,57.623437282107595,57.630170698963674,57.66681062895045,58.13351505803102,57.66871070710875,57.623437313255046,57.630170767229004,0.0,0.0,0.0,0.0,-10.417228365895426,1.0,-22.831258957012324,1.0
125,2025-07-10 19:01:23.066341,6.756664213464604,6.755161386374341,57.535686107177106,57.5428332139155,57.578334594496006,58.0500371292245,57.580207361364835,57.53568613804239,57.54283328246298,0.0,0.0,0.0,0.0,-10.322857215214754,1.0,-22.925624313074877,1.0
126,2025-07-10 19:01:34.356597,6.666114452101516,6.671447625593697,57.44795919675748,57.4555027686737,57.489935952008004,57.966322761114455,57.4917833965421,57.44795922735932,57.45550283748462,0.0,0.0,0.0,0.0,-10.234750046720364,1.0,-23.013731481569266,1.0
127,2025-07-10 19:01:46.534995,6.575785377999165,6.58751318052879,57.3602569214222,57.36817968385418,57.40161075223979,57.88238774788194,57.40343470230618,57.36025695177797,57.36817975291116,0.0,0.0,0.0,0.0,-10.152451982889943,1.0,-23.09602664809063,1.0
128,2025-07-10 19:01:57.672185,6.4856623089971555,6.503372727975975,57.27257944978615,57.28086413796033,57.31335520811041,57.79824676372388,57.31515734504742,57.27257947991207,57.28086420724717,0.0,0.0,0.0,0.0,-10.075577681618597,1.0,-23.172903846671034,1.0
129,2025-07-10 19:02:08.870832,6.395731598368376,6.419039913187221,57.18492678958769,57.19355643705945,57.225165701188686,57.71391345149454,57.226947572833495,57.184926819498784,57.19355650656111,0.0,0.0,0.0,0.0,-10.003730211565198,1.0,-23.244748419415373,1.0
130,2025-07-10 19:02:20.647707,6.305980558694702,6.334527436659904,57.0972984481195,57.106256310214256,57.13703858876936,57.629400509413536,57.13880162341578,57.097298477829845,57.106256379916665,0.0,0.0,0.0,0.0,-9.93659086873322,1.0,-23.311887762247352,1.0
131,2025-07-10 19:02:32.302524,6.21639737172952,6.249847109350932,57.00969401046453,57.018963822323826,57.048970483319366,57.54471974635421,57.05071599900879,57.00969403998718,57.018963892213925,0.0,0.0,0.0,0.0,-9.8738148733446,1.0,-23.374660860326912,1.0
132,2025-07-10 19:02:43.233426,6.126971034731226,6.165009932983925,56.80037284645684,56.81162167272001,56.84924348105179,57.45985276729326,56.85141330849577,56.80037287967729,56.81162175097686,0.0,0.0,0.0,0.0,-11.110542834558146,1.0,-26.17291092292362,1.0
133,2025-07-10 19:02:54.791989,6.026595734816663,6.06997307309113,56.70214875001671,56.713739190492085,56.750515856607734,57.3648154329152,56.75266665492084,56.70214878305192,56.713739268934205,0.0,0.0,0.0,0.0,-11.048586777633318,1.0,-26.234872774466567,1.0
134,2025-07-10 19:03:06.051637,5.9263752447571765,5.974781397587368,56.60394826310383,56.61586447633144,56.651843582873575,57.26962331044314,56.65397654774345,56.603948295964656,56.61586455494792,0.0,0.0,0.0,0.0,-10.990263946268897,1.0,-26.29318981121287,1.0
135,2025-07-10 19:03:17.601735,5.8263004100648725,5.879444080680973,67.32370391472931,62.31602173799662,57.48199403300063,57.174521043155586,57.44887220034506,67.32370333198436,62.316021498588995,0.0,0.0,312.25126090814626,1.0,194.89835878516715,1.0,80.06959856743379,1.0
136,2025-07-10 19:03:29.180916,5.900688088090589,5.9440783678010956,67.33894060078782,62.35261337109521,57.550188815091744,57.23915503062143,57.517378814083706,67.3389400197381,62.35261313239354,0.0,0.0,311.44818247226925,1.0,194.33139016996392,1.0,79.83349105757043,1.0
137,2025-07-10 19:03:40.760117,5.974351637113219,6.00857665045379,67.35411328374023,62.38911608726708,57.617855346999086,57.30365298427285,57.58534845314621,67.35411270437511,62.38911584927193,0.0,0.0,310.6484774414842,1.0,193.76797945028557,1.0,79.59719522261821,1.0
138,2025-07-10 19:03:51.995014,6.047308276939476,6.072925326988665,67.36922148322532,62.425524534278125,57.68499999162552,57.36800130462584,57.65278795105764,67.3692209055342,62.425524296989906,0.0,0.0,309.8521711341414,1.0,193.20810924227771,1.0,79.3607632141402,1.0
139,2025-07-10 19:04:03.694769,6.1195743417371755,6.13711170281373,67.38426502149696,62.46183268046511,57.75162909468367,57.43218729907909,57.71970408683796,67.38426444546946,62.46183244388402,0.0,0.0,309.05927291868596,1.0,192.65171580514107,1.0,79.12426456755384,1.0
140,2025-07-10 19:04:15.237434,6.191165349070012,6.201123911164501,67.39924365373025,62.498035332830575,57.81774894268585,57.496199102728085,57.78610354816234,67.39924307935611,62.49803509695669,0.0,0.0,308.2697956990793,1.0,192.09875278193067,1.0,78.88774274249499,1.0
141,2025-07-10 19:04:27.626367,6.262096058110836,6.264950854907452,67.41415717140022,62.53412749396347,57.88336575197887,57.56002562016914,57.851992923251345,67.41415659866924,62.53412725879669,0.0,0.0,307.4837504660264,1.0,191.54920278879217,1.0,78.6512527878358,1.0
142,2025-07-10 19:04:39.148635,6.332380522955879,6.328582149133355,67.42900554280591,62.57010516523738,57.94848566397694,57.623656468121624,57.91737869846918,67.4290049717081,62.57010493077744,0.0,0.0,306.70113889038356,1.0,191.00299049569003,1.0,78.41484975244839,1.0
143,2025-07-10 19:04:50.282948,6.40203214198506,6.392008077352943,67.44378872992358,62.60596318650667,58.013114723409394,57.68708193158951,57.98226723968035,67.44378816044903,62.60596295275319,0.0,0.0,305.92196297626884,1.0,190.46009272415176,1.0,78.17857709596865,1.0
144,2025-07-10 19:05:02.119022,6.4710637013029,6.455219532286332,67.51959191425459,62.808368923610765,58.164107130488894,57.75031304325223,58.132392845737364,67.51959134723613,62.80836868630904,0.0,0.0,301.926612381443,1.0,189.63865345426711,1.0,79.36528011896371,1.0
145,2025-07-10 19:05:14.433638,6.550081333592207,6.5270211814955434,67.53633351047476,62.84863626172727,58.23694638674573,57.822114074080744,58.20552266237434,67.53633294529469,62.84863602522554,0.0,0.0,301.0442148013548,1.0,189.02380970416743,1.0,79.09772521657032,1.0
146,2025-07-10 19:05:26.561206,6.628410655582381,6.598566056214269,67.55300577219519,62.888761116634726,58.309247216879236,57.8936583134053,58.27810787280524,67.5530052088432,62.88876088093236,0.0,0.0,300.1654716275731,1.0,188.41240795723024,1.0,78.83037892042921,1.0
147,2025-07-10 19:05:38.864901,6.706063469200673,6.669846273088288,67.56960840039973,62.92874132438857,58.38101527759158,57.96493787915202,58.350154381637864,67.56960783886556,62.928741089484824,0.0,0.0,299.29039862030953,1.0,187.80444241883743,1.0,78.5632817928672,1.0
148,2025-07-10 19:05:51.331642,6.783051126904282,6.740854407463176,67.58614149473453,62.9685727512316,58.45225613782251,58.035945347833255,58.42166799052763,67.58614093500809,62.968572517125615,0.0,0.0,298.41899052752586,1.0,187.19984934818967,1.0,78.296468601593,1.0
149,2025-07-10 19:06:03.188549,6.859384561424748,6.8115834512278735,67.60260479205257,63.008252930999504,58.522975245495324,58.10667371247132,58.4926543685891,67.60260423412385,63.00825269769035,0.0,0.0,297.55126121888384,1.0,186.5986055668145,1.0,78.02996831969722,1.0
150,2025-07-10 19:06:13.766371,6.935074304556851,6.88202680242406,67.61899869376406,63.04777870647105,58.59317800388056,58.17711637216539,58.563119125814396,67.6189981376231,63.04777847395765,0.0,0.0,296.6871895372977,1.0,186.00068789623947,1.0,77.76383309874291,1.0
151,2025-07-10 19:06:23.650161,7.0101305137244685,6.952178237055316,67.63532277571463,63.0871475243977,58.66286965943354,58.247267103925715,58.633067707331165,67.63532222135164,63.087147292678914,0.0,0.0,295.8267978386272,1.0,185.40604418490148,1.0,77.49807452796631,1.0
152,2025-07-10 19:06:33.493224,7.0845629837003585,7.022031891330503,57.84699328457234,57.85089803303361,57.89514457478656,58.31691530123658,57.89721949140218,57.84699331752796,57.850898098517085,0.0,0.0,0.0,0.0,-11.021969199305204,1.0,-21.900872174569486,1.0
153,2025-07-10 19:06:43.458139,6.992890126587642,6.941148029051615,57.75999231363266,57.76438978012534,57.80699893509094,58.23603048092892,57.80903084709849,57.75999234616282,57.764389846034284,0.0,0.0,0.0,0.0,-10.879673659474065,1.0,-22.043167714400624,1.0
154,2025-07-10 19:06:54.630252,6.901575439784036,6.859905988809167,57.673003112215206,57.67788302357678,57.71895506249907,58.154787546210784,57.720947333551706,57.67300314434924,57.677883089881874,0.0,0.0,0.0,0.0,-10.747188408117836,1.0,-22.175658760374972,1.0
155,2025-07-10 19:07:07.321013,6.810593970446434,6.778330725805158,57.586029403911105,57.59137946924253,57.63100870155302,58.0732114478744,57.63296439786652,57.58602943567608,57.59137953591668,0.0,0.0,0.0,0.0,-10.62375724757203,1.0,-22.29908992092078,1.0
156,2025-07-10 19:07:19.277697,6.719922660296258,6.696445316797898,57.580651212724334,57.585322855542636,57.61801099845697,57.99134495301831,57.61963754273151,57.58065124146014,57.585322916330064,0.0,0.0,0.0,0.0,-9.610655188794226,1.0,-20.330284393139664,1.0
157,2025-07-10 19:07:32.466432,6.637591616808684,6.621848739159757,57.501579562174,57.50665991530397,57.53815363712031,57.916747688418205,57.539750612097194,57.50157959058188,57.50665997641932,0.0,0.0,0.0,0.0,-9.500983348971204,1.0,-20.439956232962686,1.0
158,2025-07-10 19:07:44.513455,6.555535840743479,6.54697689776458,57.422529604441316,57.428002755143886,57.4583823335412,57.84187520890139,57.4599521463909,57.422529632545285,57.42800281656316,0.0,0.0,0.0,0.0,-9.3993399525516,1.0,-20.54160252669135,1.0
159,2025-07-10 19:07:56.900972,6.473734992882722,6.471850131541291,57.343502692279834,57.349351993331574,57.37869255106069,57.766747849783044,57.380237389220945,57.34350272010203,57.34935205503262,0.0,0.0,0.0,0.0,-9.305102078087657,1.0,-20.635840401155292,1.0
160,2025-07-10 19:08:08.897350,6.39217033991746,6.396487166913125,57.264499814118686,57.27070826802254,57.29907993532578,57.691384334179816,57.30060178855617,57.26449984167954,57.27070832998492,0.0,0.0,0.0,0.0,-9.217693161076568,1.0,-20.723243523548263,1.0
161,2025-07-10 19:08:20.630487,6.3108246211566446,6.320905268041823,57.185521496283116,57.192071956239275,57.21954023887826,57.6158019231994,57.22104092004674,57.18552152360147,57.19207201844413,0.0,0.0,0.0,0.0,-9.136591685887652,1.0,-20.80433920411906,1.0
162,2025-07-10 19:08:32.687157,6.229681918747298,6.245120362003058,57.10656762510083,57.113443043714014,57.140069202011894,57.540016541071175,57.141550366978464,57.106567652194144,57.113443106143926,0.0,0.0,0.0,0.0,-9.061328288453296,1.0,-20.879611293480593,1.0
163,2025-07-10 19:08:43.565234,6.1487275251893765,6.169147142198408,57.02763831511703,57.034821893665665,57.06066297622383,57.46404287862295,57.06212613658377,57.02763834200138,57.034821956304505,0.0,0.0,0.0,0.0,-8.991439399324008,1.0,-20.949485696064585,1.0
164,2025-07-10 19:08:55.589059,6.067947870223247,6.0929991939715435,56.948732925871056,56.95620818515178,56.981317601655974,57.387894518758245,56.98276414218902,56.94873295256143,56.95620824798463,0.0,0.0,0.0,0.0,-8.92656285486737,1.0,-21.0143709324484,1.0
165,2025-07-10 19:09:08.282646,5.987330394384808,6.016689062466464,56.86985116462469,56.87760213201864,56.902029551011616,57.311584004427466,56.90346073887535,56.869851191134856,56.87760219503169,0.0,0.0,0.0,0.0,-8.866293031815076,1.0,-21.074640755500695,1.0
166,2025-07-10 19:09:20.783780,5.906863495932539,5.940228362642989,67.44409941440409,62.63730685660598,57.711382972738036,57.235342056158956,57.67687251143609,67.44409883515277,62.63730661072415,0.0,0.0,305.90558776149385,1.0,193.72992039848214,1.0,82.23488800638279,1.0
167,2025-07-10 19:09:32.053804,5.997781002814663,6.020020894703298,67.46270827446402,62.681743052576806,57.7940710428914,57.315133971770585,57.75991886105593,67.46270769727506,62.68174280756522,0.0,0.0,304.9247724993706,1.0,193.04016382534428,1.0,81.94383303020913,1.0
168,2025-07-10 19:09:43.195022,6.087881910034771,6.099579529423616,67.38921424514196,62.47589094633691,57.7380750458193,57.394659986120956,57.705893150289754,67.38921366851723,62.47589070844872,0.0,0.0,308.79841470001685,1.0,192.85146208630977,1.0,79.5614221476626,1.0
169,2025-07-10 19:09:55.198258,6.161708662621299,6.1657821295775745,67.40465131757293,62.51323253449041,57.80620895264508,57.46086213367812,57.77431184060903,67.40465074265043,62.513232297332756,0.0,0.0,307.9847745203377,1.0,192.2821524453866,1.0,79.31709786930696,1.0
170,2025-07-10 19:10:06.786646,6.234865324406984,6.231783381942753,67.42002179546473,62.55045665441445,57.87382907274073,57.52686291268865,57.84220987589447,67.42002122223421,62.55045641798712,0.0,0.0,307.17464433214343,1.0,191.7162732183897,1.0,79.0728402290597,1.0
171,2025-07-10 19:10:18.802449,6.307365440925359,6.297573490691769,67.43532628975106,62.58755893620493,57.94094190629613,57.592652528873366,57.90959406978974,67.43532571820244,62.587558700507564,0.0,0.0,306.36799193501656,1.0,191.15376645913784,1.0,78.82870717310198,1.0
172,2025-07-10 19:10:30.126206,6.379221930774156,6.36314327248804,67.4505644895868,62.62453557649699,58.00755335823936,57.65822180033413,57.97647062723867,67.45056391971013,62.62453534152911,0.0,0.0,305.5648337126407,1.0,190.59457422144988,1.0,78.58473057183346,1.0
173,2025-07-10 19:10:42.834025,6.450447149567125,6.428484110863472,67.46573627995075,62.66138251761513,58.07366924482744,57.72356211194353,58.04284564458541,67.4657357117362,62.66138228337611,0.0,0.0,304.76517572742284,1.0,190.03868491608955,1.0,78.34096257681722,1.0
174,2025-07-10 19:10:53.840638,6.521052926071383,6.493587915816663,67.48084188041366,62.69809700770811,58.13929529859935,57.78866537498304,58.10872511572569,67.48084131385151,62.698096774197225,0.0,0.0,303.96900640647266,1.0,189.4860463914938,1.0,78.09743795576196,1.0
175,2025-07-10 19:11:05.349888,6.591050596553689,6.558447101466809,67.49588118555984,62.734674876756266,58.20443712172271,57.85352400474375,58.17411488923281,67.4958806206405,62.73467464397265,0.0,0.0,303.1763313059235,1.0,188.93660649609956,1.0,77.85420306561264,1.0
176,2025-07-10 19:11:16.842970,6.660451031012397,6.623054539740958,67.51085396182606,62.77111312641687,58.26910019268949,57.918130874274446,58.23902067576328,67.51085339854004,62.771112894359575,0.0,0.0,302.3871627361678,1.0,188.39034784605246,1.0,77.61128687945984,1.0
177,2025-07-10 19:11:28.864230,6.729264658502132,6.687403541465389,67.52576067870403,62.80740932548599,58.333289924071224,57.98247929546899,58.30344810386585,67.52576011704194,62.807409094153954,0.0,0.0,301.6014759517553,1.0,187.84722408440757,1.0,77.36872706232134,1.0
178,2025-07-10 19:11:40.274753,6.79750149794822,6.751487835694555,67.54060099505583,62.84356065024085,58.39701156039734,58.046562998373155,58.36740262442491,67.54060043500836,62.843560419632915,0.0,0.0,300.8192889330065,1.0,187.3072120326924,1.0,77.12655258728773,1.0
179,2025-07-10 19:11:52.462562,6.865171173771977,6.81530153893374,67.55537507130559,62.87956417491667,58.460270264064384,58.110376100423906,58.43088959273681,67.5553745128636,62.87956394503159,0.0,0.0,300.0405932244617,1.0,186.77026533396202,1.0,76.88479532475867,1.0
180,2025-07-10 19:12:04.196276,6.932282941420828,6.8788391317847815,67.638378207575,63.09967761476762,58.6197682277452,58.17393557881223,58.58934031580462,67.63837765167398,63.09967738083815,0.0,0.0,295.66575550764236,1.0,185.920438229914,1.0,78.23743303219999,1.0
181,2025-07-10 19:12:15.277104,7.010801718434334,6.951849415153149,67.65538825524308,63.140546787926915,58.69244044890553,58.24694511724453,58.66228391380134,67.6553877011973,63.14054655482287,0.0,0.0,294.76920868485956,1.0,185.29995631638485,1.0,77.9613716304084,1.0
182,2025-07-10 19:12:26.805466,7.088665292712898,7.02455466534253,57.88988327574449,57.89320068476877,57.934966818841815,58.31944775814138,57.93690569019687,57.88988330754923,57.89320074717291,0.0,0.0,0.0,0.0,-10.637058793463439,1.0,-20.87099179902907,1.0
183,2025-07-10 19:12:38.444601,7.0007084520989515,6.9473701910313155,57.80661646827877,57.8104101429176,57.85054728610706,58.2422623273347,57.85244286563431,57.806616499641756,57.810410205763475,0.0,0.0,0.0,0.0,-10.48931341529169,1.0,-21.01872848527364,1.0
184,2025-07-10 19:12:49.387143,6.913123725003982,6.869813616423192,57.72335814271599,57.7276197398868,57.76623117992066,58.16470486223908,57.768087013173506,57.72335817366892,57.72761980314272,0.0,0.0,0.0,0.0,-10.352172188277109,1.0,-21.155869712288222,1.0
185,2025-07-10 19:13:01.374327,6.825884065541988,6.791911971209657,57.640113079685264,57.64483157938736,57.68201434248205,58.086802387773325,57.683833642844256,57.64011311025737,57.644831643024105,0.0,0.0,0.0,0.0,-10.224803584719666,1.0,-21.283235418536606,1.0
186,2025-07-10 19:13:12.546041,6.738964587102176,6.713690151492567,57.55688489414911,57.56204701041789,57.59789245957183,58.00857979560121,57.59967814353815,57.55688492436739,57.56204707440847,0.0,0.0,0.0,0.0,-10.106468790809231,1.0,-21.4015731097561,1.0
187,2025-07-10 19:13:23.668816,6.652342352323156,6.635171087921752,57.47367645769414,57.47926733532776,57.51386124030802,57.93006001231436,57.515615958774745,57.47367648758351,57.47926739964724,0.0,0.0,0.0,0.0,-9.996463760444385,1.0,-21.511575242811887,1.0
188,2025-07-10 19:13:35.259963,6.565996207591634,6.556375934874362,57.39048976846753,57.39649342696773,57.42991633186178,57.85126418853406,57.431642499143976,57.39048979805105,57.39649349159306,0.0,0.0,0.0,0.0,-9.89417426410455,1.0,-21.613867636460782,1.0
189,2025-07-10 19:13:47.916453,6.479906619708946,6.477324222648717,57.30732628111163,57.3137260592099,57.34605346176883,57.77221185110456,57.34775327985215,57.307326310410616,57.31372612411976,0.0,0.0,0.0,0.0,-9.799012148050679,1.0,-21.709026855205593,1.0
190,2025-07-10 19:13:58.637985,6.394055539743457,6.398034003557303,57.22418689772088,57.230965724352124,57.26226841214611,57.69292104913906,57.26394389269198,57.22418692675509,57.23096578952676,0.0,0.0,0.0,0.0,-9.710458793961152,1.0,-21.79758020929512,1.0
191,2025-07-10 19:14:09.070283,6.308426274163211,6.3185219751104835,57.14107202272676,57.14821266513234,57.17855702365476,57.61340847717919,57.180210007630826,57.14107205151451,57.14821273055343,0.0,0.0,0.0,0.0,-9.62803035122306,1.0,-21.880005754724152,1.0
192,2025-07-10 19:14:20.587927,6.2230033663319295,6.238803589867079,57.041587533959344,57.04930207545987,57.07987247502087,57.53368562760611,57.08156403069792,57.04158756307721,57.04930214232443,0.0,0.0,0.0,0.0,-9.738435210238094,1.0,-22.36277277404497,1.0
193,2025-07-10 19:14:31.314202,6.136149530695916,6.157407124432271,56.95695579089177,56.96500583379642,56.99471688006174,57.452288677214874,56.99638866150639,56.95695581979381,56.965005900876776,0.0,0.0,0.0,0.0,-9.666254549642872,1.0,-22.434944742713014,1.0
194,2025-07-10 19:14:42.543070,6.04947621353098,6.075830143698319,56.872348324728854,56.88071717897904,56.90962387872194,57.370711243564344,56.91127732308997,56.87234835342964,56.880717246260666,0.0,0.0,0.0,0.0,-9.598944265576392,1.0,-22.502260821397613,1.0
195,2025-07-10 19:14:53.296140,5.962971174811743,5.994084880619981,56.78776480609896,56.79643620450202,56.824590016900245,57.28896555745607,56.82622644642677,56.787764834611984,56.79643627197141,0.0,0.0,0.0,0.0,-9.536147989024357,1.0,-22.565057097949648,1.0
196,2025-07-10 19:15:04.423003,5.876623050076465,5.912182705808171,67.40639725662326,62.53711483261677,57.63441091146174,57.20728532339125,57.60032702532537,67.40639667611113,62.53711458851332,0.0,0.0,307.8927514914252,1.0,194.1515947589778,1.0,81.64011101882807,1.0
197,2025-07-10 19:15:16.113953,5.9626422715981935,5.987679177472169,67.42402621418535,62.57934270367216,57.71287963273051,57.28278126413317,57.6791377988119,67.42402563562753,62.579342460392596,0.0,0.0,306.96358384888543,1.0,193.4979792190461,1.0,81.36456244073997,1.0
198,2025-07-10 19:15:26.748723,6.047877467071985,6.06296448867365,67.44158622025569,62.62144857233786,57.79076259813773,57.35806601847999,57.7573548383777,67.44158564364118,62.62144832988236,0.0,0.0,306.0380504254882,1.0,192.84804326161975,1.0,81.0889559164707,1.0
199,2025-07-10 19:15:37.418948,6.13234338730077,6.1380277818929505,67.45907697667997,62.663428631136405,57.86806576578798,57.43312873067553,57.834984447666976,67.45907640199782,62.66342838950498,0.0,0.0,305.11616693602207,1.0,192.20176370822628,1.0,80.81334649489236,1.0
200,2025-07-10 19:15:48.477064,6.21605418157807,6.212858822896707,67.47649824008708,62.70527745798199,57.94479504612968,57.50795916810366,57.91203286087472,67.47649766732651,62.70527721717447,0.0,0.0,304.1979462078238,1.0,191.55909420192074,1.0,80.53779212218615,1.0
201,2025-07-10 19:16:00.172204,6.29902343560685,6.287447944870375,67.49385000538551,62.74699127026802,58.020956313923875,57.58254766550562,57.98850625598558,67.4938494345358,62.746991030284136,0.0,0.0,303.28338850924933,1.0,190.92001156423066,1.0,80.26232466875172,1.0
202,2025-07-10 19:16:11.625006,6.381264206214755,6.361786026564982,67.51113185681469,62.78856624098966,58.0965553510486,57.65688510309158,58.064410701479986,67.51113128786523,62.78856600182905,0.0,0.0,302.37251575374967,1.0,190.2844752328292,1.0,79.9869846969159,1.0
203,2025-07-10 19:16:23.303076,6.462789048085636,6.435864456501704,67.52834364920771,62.82999807709169,58.171597889713496,57.73096287074649,58.139752198519076,67.52834308214801,62.829997838753776,0.0,0.0,301.46533559262025,1.0,189.65245044000767,1.0,79.71183305016893,1.0
204,2025-07-10 19:16:34.860368,6.543610043883719,6.509675097720822,67.43550427868101,62.569974108388266,58.09328018016474,57.80473733901231,58.063800015567665,67.43550371209653,62.569973878606035,0.0,0.0,306.3586106908989,1.0,189.49350985963065,1.0,76.85039557429718,1.0
205,2025-07-10 19:16:46.059858,6.604370557380989,6.5673091047137016,67.44876275108571,62.60265270126125,58.1504271872463,57.86237084772962,58.121150694284935,67.44876218594015,62.602652472129535,0.0,0.0,305.65979775743125,1.0,189.01226103025692,1.0,76.63283084241357,1.0
206,2025-07-10 19:16:56.656296,6.664632209386349,6.624693506266931,67.46195828784717,62.63519369156444,58.20715937218172,57.91975474280041,58.17808246260659,67.46195772413195,62.63519346308191,0.0,0.0,304.9643019663999,1.0,188.53389212608818,1.0,76.41570939881603,1.0
207,2025-07-10 19:17:07.381146,6.724403614558617,6.681823253291849,67.47509196859492,62.66759424125693,58.26348362512661,57.976883975922284,58.23460234481258,67.47509140630173,62.66759401342218,0.0,0.0,304.27206641388426,1.0,188.05829304938015,1.0,76.19906021659517,1.0
208,2025-07-10 19:17:18.827615,6.783692980960817,6.738693622467099,67.48816408172554,62.69985276575242,58.31940464231066,58.033753824540625,58.29071520261188,67.48816352084616,62.69985253856392,0.0,0.0,303.5830758993965,1.0,187.5854464162785,1.0,75.98292675538687,1.0
209,2025-07-10 19:17:29.426681,6.842508183036099,6.795300223808388,67.50117446800215,62.73196758482871,58.374926967422084,58.09035989938615,58.34642573722361,67.50117390852847,62.731967358284855,0.0,0.0,302.8973388158165,1.0,187.11531166445639,1.0,75.76732350173643,1.0
210,2025-07-10 19:17:41.340376,6.900856776067071,6.851638978618023,67.51412346274432,62.76393666368517,58.43005505067074,58.146698122426756,58.40173854570591,67.51412290466831,62.76393643778432,0.0,0.0,302.2148374894925,1.0,186.64786561544133,1.0,75.55227363411632,1.0
211,2025-07-10 19:17:52.458536,6.958746017819812,6.907706098369486,67.52701117757046,62.795758210196716,58.484793209196326,58.20276470576347,58.45665808467937,67.52701062088418,62.79575798493713,0.0,0.0,301.5355660373637,1.0,186.1830677069065,1.0,75.33780033099902,1.0
212,2025-07-10 19:18:03.868087,7.016182882374915,6.963498069218344,67.53983756722064,62.8274310204272,58.539145633243734,58.25855613615047,58.51118867679158,67.53983701191626,62.827430795807096,0.0,0.0,300.859526844939,1.0,185.72089476037945,1.0,75.123926770857,1.0
213,2025-07-10 19:18:14.859858,7.073174073568389,7.019011641009997,57.619155002323005,57.62643746029519,57.68451883823566,58.3138411516929,57.687356119044885,57.619155041191405,57.62643754107104,0.0,0.0,0.0,0.0,-12.9994898327368,1.0,-27.015387553888104,1.0
214,2025-07-10 19:18:25.385898,6.962751337865227,6.919706017708686,57.513457153771704,57.52130258417613,57.577676036597076,58.21453454109562,57.58047025624888,57.513457192270984,57.52130266532105,0.0,0.0,0.0,0.0,-12.876038391027578,1.0,-27.13882450905203,1.0
215,2025-07-10 19:18:36.849031,6.85263871942843,6.820090291530644,57.407778562977086,57.416172181941036,57.470927020028945,58.1149178826176,57.473680961296594,57.407778601128534,57.416172263433836,0.0,0.0,0.0,0.0,-12.759705637677143,1.0,-27.2551688516387,1.0
216,2025-07-10 19:18:48.038056,6.742818173618952,6.720182489494155,57.443263053826044,57.45021643085634,57.49377522979147,58.0150432707832,57.49598025354733,57.44326308764444,57.4502165035046,0.0,0.0,0.0,0.0,-11.310523797760652,1.0,-24.297123502492468,1.0
217,2025-07-10 19:18:59.118876,6.64520340563998,6.631168577596823,57.349250833393036,57.35667207653673,57.39889787697662,57.92602859490997,57.40107032664706,57.349250866897435,57.356672149498976,0.0,0.0,0.0,0.0,-11.205507933595982,1.0,-24.40213646934808,1.0
218,2025-07-10 19:19:10.504418,6.547852057890938,6.54189124554473,57.25526183640352,57.263134162640284,57.30410439299158,57.836750545621875,57.30624653755496,57.25526186961369,57.26313423589679,0.0,0.0,0.0,0.0,-11.107100831395655,1.0,-24.500552263475583,1.0
219,2025-07-10 19:19:22.509549,6.450747413695302,6.452367208975185,57.1612968453846,57.169603105592174,57.20939084777673,57.74722583558624,57.21150477996035,57.16129687831895,57.1696031791245,0.0,0.0,0.0,0.0,-11.014853408255476,1.0,-24.592799686615763,1.0
220,2025-07-10 19:19:33.400209,6.353873884093859,6.362612049369536,57.06735664882093,57.07607947784329,57.11475358097344,57.65747004354696,57.11684123071313,57.06735668149667,57.07607955163421,0.0,0.0,0.0,0.0,-10.928360040907137,1.0,-24.679287259345983,1.0
221,2025-07-10 19:19:44.934125,6.257216939249769,6.272640309147678,56.97344140310519,56.98256340734765,57.02018885698536,57.567497709334894,57.02225200800828,56.973441435538376,56.982563481381106,0.0,0.0,0.0,0.0,-10.847241181863865,1.0,-24.760403221080196,1.0
222,2025-07-10 19:19:55.656962,6.1607630125151776,6.182465557230031,56.8795511814846,56.88905504689531,56.92569312709733,57.47732239946836,56.92773342883465,56.8795512136903,56.88905512115624,0.0,0.0,0.0,0.0,-10.771157845965718,1.0,-24.836480762360225,1.0
223,2025-07-10 19:20:07.512081,6.064499437179202,6.0921004657216535,56.78568557814219,56.79555428505582,56.831262811612405,57.38695678378519,56.833281792526705,56.78568561013445,56.7955543595302,0.0,0.0,0.0,0.0,-10.699773945361812,1.0,-24.90786756027319,1.0
224,2025-07-10 19:20:18.423983,5.968414366506365,6.00155686704007,56.6918445253326,56.70206132647031,56.73689470865146,57.29641269263032,56.73889378353455,56.69184455712457,56.702061401144974,0.0,0.0,0.0,0.0,-10.632785262600919,1.0,-24.974853345725023,1.0
225,2025-07-10 19:20:29.914492,5.872496739879512,5.91084582986404,67.35576677212568,62.39946520914336,57.55615987471916,57.20593097486839,57.52290667757837,67.35576619072812,62.39946496843055,0.0,0.0,310.5613272002042,1.0,194.44772292331436,1.0,80.50611584224043,1.0
226,2025-07-10 19:20:41.672232,5.950233767582724,5.979104268160355,67.3717572524805,62.43793113574103,57.62743744663035,57.274189011580646,57.59449860209772,67.37175667285638,62.43793089577478,0.0,0.0,309.7185186063297,1.0,193.85460319654158,1.0,80.25643154212503,1.0
227,2025-07-10 19:20:53.189162,6.027242133685555,6.047188684224798,67.38768153001165,62.476291364437685,57.69817298485926,57.34227299984012,57.665540469589615,67.38768095215028,62.47629112521826,0.0,0.0,308.87919935783395,1.0,193.2650529545299,1.0,80.00665452811973,1.0
228,2025-07-10 19:21:05.096001,6.10353735273478,6.115087297671613,67.3919916643816,62.48275035620559,57.75190737621342,57.410167349533104,57.71978273324212,67.39199108811366,62.48275011853611,0.0,0.0,308.65202555147255,1.0,192.73213351539198,1.0,79.48827668315062,1.0
229,2025-07-10 19:21:16.397503,6.17714582021798,6.181109822321849,67.40739187067007,62.519998354283025,57.81985041561623,57.47618942349931,57.78800962892023,67.40739129610017,62.51999811734246,0.0,0.0,307.84032847175195,1.0,192.1642203774354,1.0,79.24449130428002,1.0
230,2025-07-10 19:21:28.654013,6.250085877210186,6.2469313841723455,67.42272627085833,62.55712910771778,57.88728128767405,57.54201051398146,57.85571749459691,67.42272569797636,62.557128871505896,0.0,0.0,307.0320998273466,1.0,191.59969709107827,1.0,79.00078415275402,1.0
231,2025-07-10 19:21:40.204532,6.322371035828646,6.312542199226032,67.43799457929205,62.59413845415255,57.9542060015726,57.60762083851366,57.922912660355095,67.43799400808793,62.594138218669,0.0,0.0,306.22735467420983,1.0,191.0385462724662,1.0,78.7571928935904,1.0
232,2025-07-10 19:21:52.472558,6.39401420684671,6.377933090062847,67.45319669890377,62.63102241917843,58.02063047930409,57.67301122111036,57.98960134746133,67.45319612936753,62.63102218442272,0.0,0.0,305.4260981284688,1.0,190.48072156465423,1.0,78.51376967835222,1.0
233,2025-07-10 19:22:02.804259,6.465027738922404,6.443095445843409,67.46833253287407,62.66777727999948,58.086560540494936,57.738173052278434,58.05578965559262,67.46833196499591,62.66777704597101,0.0,0.0,304.628335293172,1.0,189.92617661069744,1.0,78.27054348013007,1.0
234,2025-07-10 19:22:14.370029,6.535423453112435,6.508021186111421,67.48340198899784,62.704398710995534,58.15200189758116,57.803098252809164,58.12148355963968,67.48340142276805,62.70439847769355,0.0,0.0,303.8340710281656,1.0,189.37488243750522,1.0,78.02757224510515,1.0
235,2025-07-10 19:22:26.244968,6.605212674526226,6.572702719901436,67.49840525651192,62.74088417268441,58.216960170264194,57.867779232943086,58.18668892469813,67.4984046919209,62.74088394010807,0.0,0.0,303.0432953593641,1.0,188.82679848275075,1.0,77.78488204905898,1.0
236,2025-07-10 19:22:38.773418,6.6744062636421955,6.63713293067826,67.5133422829656,62.77723052519817,58.281440850444355,57.932208877262745,58.25141147408499,67.51334172000388,62.777230293346506,0.0,0.0,302.25601105127896,1.0,188.28187838948907,1.0,77.54251635162746,1.0
237,2025-07-10 19:22:51.053118,6.743014641058477,6.701305140213604,67.52821299460665,62.81343455058892,58.345449313416246,57.996380508587194,58.315656800960646,67.52821243326486,62.81343431946086,0.0,0.0,301.4722219911625,1.0,187.7400989792477,1.0,77.30050702321023,1.0
238,2025-07-10 19:23:03.275831,6.811047811952266,6.765213080427143,67.5430175577367,62.84949401071116,58.40899083488465,58.060287859840315,58.37943038547001,67.5430169980056,62.84949378030556,0.0,0.0,300.691919413774,1.0,187.2014081004636,1.0,77.0588830368979,1.0
239,2025-07-10 19:23:15.043521,6.878515390944696,6.8288508776394945,67.55775598041971,62.88540594693882,58.472070565857734,58.12392505827141,58.44273757197673,67.55775542229009,62.885405717254386,0.0,0.0,299.91510289408467,1.0,186.6657941639005,1.0,76.81768785232634,1.0
240,2025-07-10 19:23:27.444259,6.9454266219176235,6.8922130219322,67.66711987147444,63.17554405161298,58.67083617702978,58.18731826533043,58.63998371073834,67.66711931631686,63.17554381608589,0.0,0.0,294.15087160176904,1.0,185.67179696105995,1.0,78.77175476892262,1.0
241,2025-07-10 19:23:39.034945,7.028236999723117,6.968746534738926,67.68498382599054,63.218252102299395,58.74717895337849,58.26385097866633,58.71661571540086,67.68498327278452,63.218251867636006,0.0,0.0,293.2093179990837,1.0,185.01910276540912,1.0,78.48289305570688,1.0
242,2025-07-10 19:23:50.662182,7.110353402447543,7.044965576933208,57.95908708670383,57.96173184470372,58.00037249897368,58.33987040929372,58.00214333765694,57.95908711703254,57.96173190320024,0.0,0.0,0.0,0.0,-10.14340078938858,1.0,-19.56409101239842,1.0
243,2025-07-10 19:24:02.447452,7.027135156349411,6.972479838104197,57.88057569466447,57.88367352557537,57.92069945961072,58.26738371754411,57.922426687889654,57.88057572452933,57.88367358453571,0.0,0.0,0.0,0.0,-9.988267273115525,1.0,-19.719215836744297,1.0
244,2025-07-10 19:24:13.435982,6.944307921687592,6.8996031012872505,57.80206824603554,57.80561364949459,57.84113200865172,58.194506097177516,57.842819421986796,57.80206827547177,57.805613708883556,0.0,0.0,0.0,0.0,-9.84491131816867,1.0,-19.862568894382093,1.0
245,2025-07-10 19:24:25.126954,6.861841637536074,6.826365414131574,57.72357077092646,57.72755465211533,57.76166599167566,58.1212675905147,57.76331700498098,57.72357079996632,57.72755471190066,0.0,0.0,0.0,0.0,-9.712347839467839,1.0,-19.995132373082924,1.0
246,2025-07-10 19:24:36.481185,6.7797087893373345,6.752794289094108,57.64508797398344,57.64949839278073,57.68229706253196,58.04769570512611,57.6839147539368,57.645088002656586,57.64949845293279,0.0,0.0,0.0,0.0,-9.589698952368053,1.0,-20.11778415749177,1.0
247,2025-07-10 19:24:47.287881,6.697884158129357,6.678914942752291,57.56662342629139,57.57144638080252,57.60302076405524,57.973815653121,57.60460791387216,57.56662345462508,57.571446441294036,0.0,0.0,0.0,0.0,-9.476167896877996,1.0,-20.231315212981826,1.0
248,2025-07-10 19:24:58.925491,6.616344602496638,6.604750520759995,57.48817962065018,57.49339975156759,57.52383252809257,57.89965057604802,57.52539165344765,57.488179648669444,57.493399812373504,0.0,0.0,0.0,0.0,-9.371010064569418,1.0,-20.336467250672285,1.0
249,2025-07-10 19:25:09.932211,6.53506885611112,6.53032229071226,57.40975831884081,57.4153593051064,57.44472782123572,57.8252217377293,57.4462612051024,57.409758346568786,57.41535936620362,0.0,0.0,0.0,0.0,-9.273588047449266,1.0,-20.433892165101497,1.0
250,2025-07-10 19:25:21.409038,6.454037356974125,6.455649814711655,57.33136083203636,57.33732579909273,57.36570226318372,57.75054869681762,57.36721197880522,57.331360859494325,57.33732586045992,0.0,0.0,0.0,0.0,-9.1832847186879,1.0,-20.524183904626625,1.0
251,2025-07-10 19:25:31.992096,6.373232103171384,6.380751111603348,57.25298741923486,57.25929925591794,57.28675129127735,57.6756494689223,57.28823922783562,57.25298744644251,57.25929931753548,0.0,0.0,0.0,0.0,-9.099564076109345,1.0,-20.60791323913236,1.0
252,2025-07-10 19:25:43.653722,6.292636481947309,6.3056427700531605,57.2874471698988,57.29251252953762,57.31138035085263,57.600567871181546,57.312439641844996,57.28744719249284,57.292512581905115,0.0,0.0,0.0,0.0,-7.556552882306278,1.0,-17.514247750227696,1.0
253,2025-07-10 19:25:54.289142,6.224927502826845,6.2419500924947995,57.22136615141547,57.22668281423792,57.244916724998305,57.5368748366912,57.245961566320496,57.22136617381374,57.22668286680122,0.0,0.0,0.0,0.0,-7.491076594874357,1.0,-17.579732729586794,1.0
254,2025-07-10 19:26:05.907954,6.157382225955541,6.178093710345991,57.15530869176243,57.160860646875896,57.17851079393415,57.473018126679285,57.179542467715855,57.155308713981114,57.16086069961877,0.0,0.0,0.0,0.0,-7.4310124807652755,1.0,-17.639791049077758,1.0
255,2025-07-10 19:26:17.071770,6.0899870128527525,6.114087262524249,57.089273935591926,57.09504584644433,57.11215841768665,57.40901137765108,57.11317808438959,57.089273957645865,57.095045899351945,0.0,0.0,0.0,0.0,-7.3759143543838945,1.0,-17.69488917545914,1.0
256,2025-07-10 19:26:29.088922,6.022729408270368,6.0499432137134885,57.023260840183084,57.02923803726977,57.045855675583425,57.34486705206186,57.04686438618516,57.023260862085856,57.029238090328555,0.0,0.0,0.0,0.0,-7.325356311298492,1.0,-17.74544721854454,1.0
257,2025-07-10 19:26:40.869904,5.955598019270244,5.985672944778376,56.95726858411095,56.96343710627824,56.979599036164934,57.28059652877234,56.98059774200338,56.95726860587496,56.96343715947577,0.0,0.0,0.0,0.0,-7.278947214786058,1.0,-17.791847623129797,1.0
258,2025-07-10 19:26:52.429035,5.888582438386116,5.921286867768599,67.51229491906741,62.819112726359386,57.81307178039233,57.216428456226836,57.777324230927185,67.51229434089329,62.81911247558585,0.0,0.0,302.3112143519128,1.0,193.36965160619002,1.0,83.87091441022676,1.0
259,2025-07-10 19:27:03.914303,5.991139850523036,6.0111157291155655,67.53316243138721,62.86862403674209,57.90566531129972,57.30625649373915,57.870316960185306,67.53316185552566,62.86862378694455,0.0,0.0,301.2113525387794,1.0,192.59621495280044,1.0,83.5444919823658,1.0
260,2025-07-10 19:27:15.509430,6.092801858527809,6.10066199203066,67.55395754136507,62.91798364172969,57.997587230392284,57.39580190725747,57.96262997531438,67.55395696780462,62.917983392908205,0.0,0.0,300.11530682839594,1.0,191.82661433660542,1.0,83.21805217065048,1.0
261,2025-07-10 19:27:27.052689,6.193582114820533,6.189916090260947,67.57467988879411,62.967188476636196,58.088843111365726,57.48505513213189,58.054269137066235,67.57467931752336,62.967188228790725,0.0,0.0,299.02309620614494,1.0,191.06082657913248,1.0,82.8916239481714,1.0
262,2025-07-10 19:27:38.749213,6.293493825279897,6.278868930581059,67.5953292023166,63.016233579694955,58.17943850392765,57.57400707660837,58.145240267056664,67.59532863332424,63.0162333328253,0.0,0.0,297.9347349744499,1.0,190.29882270729104,1.0,82.56526526110974,1.0
263,2025-07-10 19:27:49.352097,6.392549773489646,6.367511850170826,67.61590520255305,63.06511564016227,58.26937892601999,57.662649079303144,58.235549141422034,67.61590463582786,63.065115394268105,0.0,0.0,296.85023785853855,1.0,189.5405737479905,1.0,82.23901087717422,1.0
264,2025-07-10 19:28:00.524236,6.490762341007642,6.455836607295258,67.54857694117209,62.881527761954736,58.21875374429272,57.750940375421216,58.18679403192392,67.54857637499391,62.88152752282165,0.0,0.0,300.3989015661537,1.0,189.3576202701297,1.0,79.97777704872533,1.0
265,2025-07-10 19:28:11.824171,6.5737375833210585,6.531788960763111,67.56618834778975,62.92391098223221,58.29515839744352,57.82689199429263,58.26349663606754,67.56618778354091,62.9239107439452,0.0,0.0,299.47065897942593,1.0,188.712354774907,1.0,79.69480846213628,1.0
266,2025-07-10 19:28:22.930145,6.656009444072277,6.607450513346219,67.58372834227924,62.96613787712751,58.371006751156685,57.902552797357096,58.33963707944573,67.58372777994936,62.96613763968576,0.0,0.0,298.54618030435057,1.0,188.0705660505555,1.0,79.41211222259881,1.0
267,2025-07-10 19:28:34.079782,6.737588836740074,6.682814374177909,67.60119740397776,63.008205735436334,58.446304674226546,57.97791589487504,58.41522143472462,67.60119684355655,63.0082054988389,0.0,0.0,297.62544027655116,1.0,187.43221353474837,1.0,79.12973468705786,1.0
268,2025-07-10 19:28:45.322252,6.8184862870875325,6.757874030904933,67.61859527694882,63.050111188320855,58.521057475647204,58.05297477553889,58.49025521386789,67.61859471842618,63.05011095256666,0.0,0.0,296.7084523856452,1.0,186.79723928130443,1.0,78.84771062322216,1.0
269,2025-07-10 19:28:56.344005,6.898711966565779,6.832623321800703,67.63592197966504,63.091852267343484,58.59527039978371,58.12772327864469,58.56474385301381,67.63592142303085,63.09185203243142,0.0,0.0,295.7952156579993,1.0,186.1656490848418,1.0,78.56606320956416,1.0
270,2025-07-10 19:29:07.948948,6.978275711483992,6.907056430024292,67.65317759884738,63.13342643443222,58.66894861237806,58.20215558830764,58.638692699845585,67.65317704409166,63.13342620036102,0.0,0.0,294.88572552282005,1.0,185.53739079379739,1.0,78.28483300841071,1.0
271,2025-07-10 19:29:19.685181,7.057187039483415,6.981167860516188,67.6703619921621,63.17483073618744,58.74209717548581,58.2762662103635,58.712106990303525,67.670361439275,63.17483050295579,0.0,0.0,293.9799894820765,1.0,184.91244122969874,1.0,78.0040489928524,1.0
272,2025-07-10 19:29:31.015200,7.135455162229567,7.054952418935902,57.94152901793095,57.944027257131,57.98741438676272,58.349849890502846,57.989376921077515,57.94152905003984,57.944027317902304,0.0,0.0,0.0,0.0,-10.738780417227645,1.0,-20.32489250098024,1.0
273,2025-07-10 19:29:42.123181,7.048104050567526,6.979491348652034,57.8594365129639,57.86240840072484,57.904017584911756,58.27438776465238,57.90593119164399,57.85943654457669,57.862408461992246,0.0,0.0,0.0,0.0,-10.572857322017626,1.0,-20.4908126988812,1.0
274,2025-07-10 19:29:53.681039,6.961171425128243,6.903611795912866,57.77734225828691,57.78078634957648,57.820730447983834,58.19850723051277,57.82259926924345,57.777342289440114,57.78078641130348,0.0,0.0,0.0,0.0,-10.419152179110824,1.0,-20.64452073909706,1.0
275,2025-07-10 19:30:05.806399,6.874626147623959,6.827344901523704,57.69525292397863,57.69916322813164,57.73754857219475,58.12223942345608,57.739376353520036,57.69525295470577,57.69916329028466,0.0,0.0,0.0,0.0,-10.276656724954591,1.0,-20.787004604017056,1.0
276,2025-07-10 19:30:16.996168,6.788439590134919,6.750719291282723,57.605740209354806,57.610208913010055,57.64764563910344,58.04561116880228,57.64946265249738,57.60574023992855,57.610208976134366,0.0,0.0,0.0,0.0,-10.22535117613188,1.0,-21.11185089574974,1.0
277,2025-07-10 19:30:28.877960,6.7018506942846745,6.673062301290469,57.522955212758355,57.52787135790931,57.56393773928818,57.96795338557839,57.56572004589974,57.52295524296667,57.52787142139908,0.0,0.0,0.0,0.0,-10.103133988081936,1.0,-21.234076775726862,1.0
278,2025-07-10 19:30:40.181939,6.61556890596335,6.595098202244739,57.44018880934701,57.44553818574673,57.4803223945035,57.88998854778891,57.482072758552654,57.440188839215814,57.44553824957599,0.0,0.0,0.0,0.0,-9.989585548737523,1.0,-21.347622317762216,1.0
279,2025-07-10 19:30:50.714974,6.529572205980337,6.51684901378107,57.357443392572826,57.36321047817747,57.396795262982884,57.81173867116808,57.39851619853774,57.35744342212606,57.363210542322285,0.0,0.0,0.0,0.0,-9.884045271633113,1.0,-21.453156800248507,1.0
280,2025-07-10 19:31:02.472959,6.443840282053428,6.438335051680631,57.27472069072035,57.28088907437018,57.31335203690803,57.73322406790127,57.3150458342404,57.27472071998017,57.2808891388084,0.0,0.0,0.0,0.0,-9.785910516484364,1.0,-21.551285760779137,1.0
281,2025-07-10 19:31:14.310878,6.358354380301473,6.359575078786284,57.192021659379094,57.198574404114936,57.22998836216366,57.65446349748952,57.231657112264045,57.19202168836603,57.19857446882604,0.0,0.0,0.0,0.0,-9.6946452811153,1.0,-21.642550996148202,1.0
282,2025-07-10 19:31:26.071894,6.273097159070906,6.280586430797186,57.10934694038973,57.11626690015935,57.14670004676414,57.57547429256128,57.148345660783846,57.109346969122754,57.11626696512438,0.0,0.0,0.0,0.0,-9.60972515258618,1.0,-21.72747691929544,1.0
283,2025-07-10 19:31:37.447958,6.188052576674807,6.201385144094857,57.02669689568039,57.0339668608888,57.06348306113072,57.496272486661894,57.06510728777995,57.0266969241771,57.033966926090116,0.0,0.0,0.0,0.0,-9.530692356065629,1.0,-21.806503921197873,1.0
284,2025-07-10 19:31:48.603923,6.103205787800275,6.1219860657060226,56.94407152115207,56.951674441086666,56.980333474226974,57.41687292418806,56.981937916084966,56.9440715494288,56.95167450650796,0.0,0.0,0.0,0.0,-9.457118089812866,1.0,-21.880075290141576,1.0
285,2025-07-10 19:31:59.989399,6.018543041210337,6.042402949241907,56.86147049566571,56.8693896227238,56.897247456873956,57.33728935630576,56.89883358492426,56.861470523737594,56.869389688349955,0.0,0.0,0.0,0.0,-9.388605422486762,1.0,-21.94859085477674,1.0
286,2025-07-10 19:32:12.217170,5.934051586286,5.962648540012664,56.77889351608243,56.78711245990125,56.814221437050605,57.257534526076725,56.81579060187284,56.77889354396351,56.787112525718186,0.0,0.0,0.0,0.0,-9.32479508776396,1.0,-22.012395394881423,1.0
287,2025-07-10 19:32:23.723180,5.849719604412489,5.882734662416463,67.41134823805153,62.55103365318021,57.62583485173278,57.17784181641133,57.59150899526984,67.41134765710564,62.55103340800641,0.0,0.0,307.6318006254561,1.0,194.29666881819685,1.0,81.99808803965425,1.0
288,2025-07-10 19:32:34.692408,5.937679603863725,5.960015282796799,67.46465174668748,62.68904450227248,57.76191507411701,57.255134823044976,57.72733741343952,67.46465116840025,62.6890442556066,0.0,0.0,304.8223381099362,1.0,193.4074788732687,1.0,82.497111860107,1.0
289,2025-07-10 19:32:46.710767,6.03060884371398,6.041997881201235,67.48371340479135,62.73457918841213,57.846416958180235,57.33711673461201,57.812199989181515,67.48371282861338,62.73457894264097,0.0,0.0,303.8176572681522,1.0,192.70204206350172,1.0,82.19787198584072,1.0
290,2025-07-10 19:32:57.516343,6.122716712204295,6.1237257978110335,67.50270383931914,62.779973731905066,57.930298847277754,57.41884394030495,57.89643487451418,67.50270326523928,62.77997348702859,0.0,0.0,302.8167304000237,1.0,192.00033119318505,1.0,81.89864659811974,1.0
291,2025-07-10 19:33:08.630431,6.21401686782887,6.205189391105438,67.52162280273764,62.82522406602155,58.0135664944487,57.50030680016582,57.98004811766479,67.52162223074477,62.82522382203961,0.0,0.0,301.8195705522588,1.0,191.30234046770056,1.0,81.59947046465277,1.0
292,2025-07-10 19:33:20.186321,6.30452248247337,6.286379521252606,67.54047004317749,62.87032574756166,58.09622558804782,57.58149617583331,58.0630456867835,67.54046947326061,62.87032550447391,0.0,0.0,300.8261910001104,1.0,190.60802932472143,1.0,81.30041022354817,1.0
293,2025-07-10 19:33:31.358298,6.394246264918412,6.36728751983436,67.55924556932563,62.91527547347422,58.17828178876205,57.66240340030651,58.14543350616909,67.55924500147388,62.91527523128026,0.0,0.0,299.83659128571657,1.0,189.91734561268458,1.0,81.0014832586603,1.0
294,2025-07-10 19:33:42.681922,6.483200487066678,6.4479051729183965,67.57794921664909,62.96007008817979,58.25974068923837,57.743020260995756,58.227217418572266,67.57794865085165,62.960069846879065,0.0,0.0,298.85078008109866,1.0,189.2302835369719,1.0,80.70274172155223,1.0
295,2025-07-10 19:33:54.318908,6.571397004842984,6.52822469621851,67.59658044523682,63.00470496329252,58.34060779043279,57.82333897484846,58.30840316330357,67.596579881483,63.004704722884355,0.0,0.0,297.86878584329367,1.0,188.54680253525657,1.0,80.40422617455079,1.0
296,2025-07-10 19:34:04.849403,6.658847275734976,6.60823869723619,67.61513954869692,63.04917815948801,58.42088859380675,57.90335215060161,58.38899646501525,67.61513898697606,63.04917791997166,0.0,0.0,296.8905930971308,1.0,187.86687363444798,1.0,80.10595979612845,1.0
297,2025-07-10 19:34:15.426955,6.745562385052208,6.687940179193643,67.63362614819869,63.09348609238844,58.50058848022226,57.983052792606166,58.46900291884505,67.6336255885003,63.09348585376302,0.0,0.0,295.9162218095965,1.0,187.19046786145555,1.0,79.80798894323016,1.0
298,2025-07-10 19:34:26.586892,6.831553058225639,6.76732250398695,67.65204023427691,63.137625554327556,58.57971278736272,58.062434263838945,58.548428064862435,67.65203967659048,63.1376253165921,0.0,0.0,294.9456724795769,1.0,186.5175678324249,1.0,79.51034258894651,1.0
299,2025-07-10 19:34:37.323011,6.916829680684735,6.846379377222687,67.67038181482762,63.18159461546202,58.65826678052678,58.14149027096187,58.6272773608656,67.67038125914283,63.18159437861543,0.0,0.0,293.9789446908961,1.0,185.848121395793,1.0,79.21306129560435,1.0
300,2025-07-10 19:34:48.242501,7.00140231359994,6.925104841903202,67.89292877273999,63.74860700328717,59.08044263678364,58.22029524983467,59.04639426634886,67.89292822373582,63.748606754316576,0.0,0.0,282.24918520230784,1.0,183.6137977738872,1.0,83.26792065417976,1.0
301,2025-07-10 19:34:59.035116,7.117748060725309,7.030515667593546,58.24776563677289,58.24706141521869,58.26853900778548,58.32549359121594,58.269390450330604,58.24776565770388,58.247061440236806,0.0,0.0,0.0,0.0,-7.000344872949427,1.0,-8.367280800598564,1.0
302,2025-07-10 19:35:09.590056,7.070135863233351,6.997583766661889,58.20783522788372,58.20758962510205,58.22662257339498,58.29256041184594,58.227394403473056,58.207835247709276,58.2075896512256,0.0,0.0,0.0,0.0,-6.630633750432935,1.0,-8.736989025805997,1.0
303,2025-07-10 19:35:20.409541,7.023540073882062,6.963635472566838,58.167679186806645,58.16764915794498,58.184784712588566,58.25861100492807,58.185491699430564,58.16767920565326,58.16764918504746,0.0,0.0,0.0,0.0,-6.303226237491799,1.0,-9.064393641438073,1.0
304,2025-07-10 19:35:30.503793,6.97780835123185,6.928823109480541,58.1273756406631,58.12739835651123,58.14305878055114,58.22379767168639,58.14371241825232,58.12737565864661,58.127398384476805,0.0,0.0,0.0,0.0,-6.014567335910215,1.0,-9.353055440328717,1.0
305,2025-07-10 19:35:41.672157,6.932815269642385,6.893272097882774,58.08691852565637,58.08707673298337,58.101429291535155,58.18824582099344,58.10203905735402,58.08691854290105,58.08707676168778,0.0,0.0,0.0,0.0,-5.7674616408576185,1.0,-9.600158238072254,1.0
306,2025-07-10 19:35:53.090008,6.888450662213539,6.857092612270263,58.04636658347637,58.04672551385474,58.05990622257848,58.15206560846562,58.06047961348408,58.046366600087964,58.04672554319223,0.0,0.0,0.0,0.0,-5.555729192110448,1.0,-9.811887789510365,1.0
307,2025-07-10 19:36:03.322035,6.8446230892092705,6.820376100306772,58.00576569799063,58.00635562449574,58.018494216554345,58.115348465109605,58.01903720037734,58.00576571405727,58.006355654378204,0.0,0.0,0.0,0.0,-5.373468171114837,1.0,-9.994154605124095,1.0
308,2025-07-10 19:36:14.250910,6.801256592558574,6.783198505323024,57.96514516230799,57.96597622608357,57.977191568922166,58.078170320640744,57.97770896083176,57.965145177903835,57.965976256436804,0.0,0.0,0.0,0.0,-5.216013910285255,1.0,-10.151603071335558,1.0
309,2025-07-10 19:36:25.197404,6.758287447656291,6.745623570739583,57.92452329126286,57.925593504916115,57.935992937901275,58.04059490708152,57.93648866854499,57.92452330645097,57.9255935356771,0.0,0.0,0.0,0.0,-5.079646264789517,1.0,-10.287973614140355,1.0
310,2025-07-10 19:36:35.722543,6.715661748337683,6.707705180563995,57.88391192082323,57.885212057279986,57.89489143172734,58.002676098881736,57.89536873730012,57.88391193565737,57.885212088394915,0.0,0.0,0.0,0.0,-4.961262216625073,1.0,-10.40635186768668,1.0
311,2025-07-10 19:36:47.337049,6.673333656891466,6.6694891926274815,57.84331784316333,57.84483453004927,57.85387918140179,57.9644597457108,57.854340749972685,57.843317857689684,57.84483456147202,0.0,0.0,0.0,0.0,-4.858323723055946,1.0,-10.509301950492045,1.0
312,2025-07-10 19:36:58.928970,6.631263966395658,6.631014795774184,57.38351480127933,57.39111695761698,57.428290111472684,57.9258838403147,57.43025709160597,57.383514832966426,57.391117028151335,0.0,0.0,0.0,0.0,-10.597710439128605,1.0,-23.590130837760626,1.0
313,2025-07-10 19:37:10.157505,6.5381979639824594,6.544893795164646,57.29331408058554,57.30132061074797,57.337407962570786,57.8397622226859,57.339349252859805,57.293314112011316,57.301320681543636,0.0,0.0,0.0,0.0,-10.510313111353753,1.0,-23.677525268226418,1.0
314,2025-07-10 19:37:20.776018,6.445350829495404,6.4585539310577875,57.20313810899281,57.21153165932081,57.246598843573864,57.753421780398284,57.24851625249271,57.20313814017413,57.211531730360925,0.0,0.0,0.0,0.0,-10.428556844317427,1.0,-23.759281535262744,1.0
315,2025-07-10 19:37:31.146967,6.3527083536221225,6.372009408028719,57.11298701283743,57.12175034828238,57.155859066873646,57.666876715517226,57.157754261588344,57.11298704378997,57.12175041955126,0.0,0.0,0.0,0.0,-10.352041809369439,1.0,-23.835790775592613,1.0
316,2025-07-10 19:37:42.434519,6.260257304430679,6.28527345898161,57.02286068080358,57.03197676583874,57.06518505956673,57.58014025860382,57.06705957872208,57.022860711541995,57.03197683732174,0.0,0.0,0.0,0.0,-10.280426124040787,1.0,-23.907406460921266,1.0
317,2025-07-10 19:37:52.878124,6.167985352589027,6.198358416639433,56.93275872250794,56.942210868022094,56.974573325473926,57.49322474018914,56.97642859115959,56.93275875304589,56.94221093970558,0.0,0.0,0.0,0.0,-10.213379495098707,1.0,-23.974458884481464,1.0
318,2025-07-10 19:38:04.296408,6.0758809985429245,6.111275777762666,56.84268077155868,56.85245261999248,56.88402058768654,57.40614165500086,56.88585791456907,56.84268080190891,56.85245269186366,0.0,0.0,0.0,0.0,-10.150597705091968,1.0,-24.037231982561025,1.0
319,2025-07-10 19:38:15.329265,5.983933519936488,6.0240362686058955,56.75262618923429,56.762701892566994,56.79352362295386,57.31890172738766,56.79534422843268,56.75262621940871,56.762701964613974,0.0,0.0,0.0,0.0,-10.091799715041816,1.0,-24.096027075302118,1.0
320,2025-07-10 19:38:27.059327,5.892132906348025,5.9366498977087385,67.38079207880007,62.468565807024895,57.605517975926155,57.23174120448151,57.57190738279106,67.38079149818249,62.46856556523072,0.0,0.0,309.24232095014094,1.0,194.18686659946616,1.0,80.86777534288103,1.0
321,2025-07-10 19:38:37.863506,5.97327456049373,6.007532670911339,67.39742962075502,62.5084238208733,57.67968028460827,57.30262355117842,57.646399251507525,67.39742904198485,62.508423579853655,0.0,0.0,308.36540774744645,1.0,193.56899805870853,1.0,80.60873273450397,1.0
322,2025-07-10 19:38:48.523049,6.053655987989296,6.078236470438316,67.41399983400996,62.548173501879916,57.75328014448421,57.3733268966981,57.720320394366716,67.41399925707628,62.54817326163514,0.0,0.0,307.4920432315784,1.0,192.95478592198378,1.0,80.34958002838266,1.0
323,2025-07-10 19:38:59.419127,6.133292942337026,6.148749330811852,67.43050246857923,62.58781066074599,57.826323692726795,57.44383927749393,57.793677340957565,67.43050189347123,62.58781042127627,0.0,0.0,306.62224057850455,1.0,192.3441954215832,1.0,80.0903664787711,1.0
324,2025-07-10 19:39:10.168492,6.21220047019825,6.219060018432928,67.65781496784619,63.18471442071791,58.24320246338856,57.51422941948054,58.207355267422955,67.65781439889554,63.18471416831028,0.0,0.0,294.6413041947269,1.0,190.2848750614794,1.0,84.4174338180892,1.0
325,2025-07-10 19:39:21.079527,6.324305741495285,6.318022865011627,67.68080709920957,63.23875236984972,58.343938671780776,57.61319116371259,58.30851535785739,67.68080653280064,63.2387521185238,0.0,0.0,293.42946030545403,1.0,189.43479878885228,1.0,84.05565842508622,1.0
326,2025-07-10 19:39:32.387274,6.435461316561008,6.416637466555723,67.7037252805392,63.29261280665456,58.44395377179791,57.711804640320956,58.40894652873404,67.70372471666046,63.292612556410184,0.0,0.0,292.2215140929596,1.0,188.58857593727407,1.0,83.69393518364632,1.0
327,2025-07-10 19:39:43.035132,6.5456795980874185,6.514895603356232,67.7265689778203,63.346292043850156,58.54325306081507,57.81006163096689,58.50865431645936,67.7265684164603,63.34629179468709,0.0,0.0,291.0174937035052,1.0,187.74619491750855,1.0,83.33229306686007,1.0
328,2025-07-10 19:39:53.855497,6.654972644957421,6.612789414914682,67.749338054662,63.39978656842798,58.64184185153534,57.90795427646638,58.60764426061671,67.7493374958093,63.399786320345825,0.0,0.0,289.8174063258317,1.0,186.9076267564651,1.0,82.97078422629056,1.0
329,2025-07-10 19:40:04.694317,6.763352190219271,6.7103113849409946,67.77203208743909,63.45309311334223,58.73972540117711,58.00547506178871,58.70592183639369,67.77203153108239,63.453092866340526,0.0,0.0,288.62127428790734,1.0,186.07284248105316,1.0,82.60942604579213,1.0
330,2025-07-10 19:40:15.909403,6.870829652331126,6.807454326578279,67.79465101095238,63.50620881387091,58.83690896941857,58.10261680129311,58.80349251070185,67.79465045708038,63.5062085679491,0.0,0.0,287.4291010261818,1.0,185.24183629665458,1.0,82.24825908769162,1.0
331,2025-07-10 19:40:25.881337,6.9774161511154755,6.90421137139203,67.8171943632074,63.559130159729456,58.933397742434906,58.19937262768694,58.90036166959646,67.81719381180889,63.55912991488684,0.0,0.0,286.24091089094645,1.0,184.4145850247969,1.0,81.88732391431586,1.0
332,2025-07-10 19:40:36.534513,7.083122516477889,7.000575948381278,67.83966204258229,63.61185517254221,59.029196900746236,58.29573597110491,58.99653468383668,67.83966149364609,63.61185492877802,0.0,0.0,285.0567092383775,1.0,183.59106548700765,1.0,81.52664370413731,1.0
333,2025-07-10 19:40:47.395909,7.187959302865298,7.096541784841902,58.241409051249136,58.24139968947643,58.26837747977041,58.39150165372907,58.269494782432226,58.24140907534782,58.24139972499574,0.0,0.0,0.0,0.0,-8.059774903586003,1.0,-11.87939015039774,1.0
334,2025-07-10 19:40:58.666468,7.1289284034090965,7.051067659231124,58.18907887177282,58.189128980171176,58.21429337162878,58.34602632229979,58.21534508427614,58.18907889501214,58.18912901654987,0.0,0.0,0.0,0.0,-7.772361844899933,1.0,-12.166811901010988,1.0
335,2025-07-10 19:41:09.627072,7.070630233013294,7.00486078424288,58.13659058748771,58.13681356812424,58.16030331919554,58.299818372791954,58.16129883292697,58.136590609969105,58.13681360526085,0.0,0.0,0.0,0.0,-7.51887627529868,1.0,-12.420294573303181,1.0
336,2025-07-10 19:41:20.563126,7.012976782882347,6.9580091913486575,57.96539177169538,57.96720573812548,57.99743667175913,58.252937068504394,57.998808141803,57.96539179814611,57.96720578840844,0.0,0.0,0.0,0.0,-8.846414594358976,1.0,-16.817076963207,1.0
337,2025-07-10 19:41:31.725139,6.9408756468408095,6.895602257573979,57.89756633003892,57.899774196810675,57.92855261361698,58.19052927400827,57.92988435377797,57.897566356014174,57.899774247569106,0.0,0.0,0.0,0.0,-8.687392889328294,1.0,-16.976095770928623,1.0
338,2025-07-10 19:41:42.806822,6.869175563147082,6.83279427731298,57.829741224025824,57.83233986316997,57.85977458325406,58.12772050419245,57.8610705377829,57.82974124956665,57.83233991436281,0.0,0.0,0.0,0.0,-8.542098634620743,1.0,-17.121387128327115,1.0
339,2025-07-10 19:41:53.492930,6.797841454795001,6.769620319321713,57.76192437398133,57.76490586672665,57.79109823003519,58.06454582159916,57.7923618884837,57.76192439912486,57.76490591831678,0.0,0.0,0.0,0.0,-8.409222246541503,1.0,-17.254257721788235,1.0
340,2025-07-10 19:42:04.706836,6.726841646511029,6.706112073270536,57.69412119578577,57.69747418091383,57.72251858473922,58.00103691024177,57.723753046876475,57.694121220565705,57.69747423286755,0.0,0.0,0.0,0.0,-8.287619288012138,1.0,-17.3758606803176,1.0
341,2025-07-10 19:42:13.275284,6.656147451374804,6.64229820950395,57.62633601282548,57.63004672360365,57.65403071947827,57.93722243540252,57.65523874401342,57.62633603727244,57.63004677589035,0.0,0.0,0.0,0.0,-8.176255419698464,1.0,-17.487224548631275,1.0
342,2025-07-10 19:42:24.294971,6.585732874138478,6.578204735588789,57.5585713921435,57.56262448887441,57.58562938092121,57.87312840000829,57.586813432528906,57.558571416285346,57.562624541466235,0.0,0.0,0.0,0.0,-8.074212194628672,1.0,-17.589273568319186,1.0
343,2025-07-10 19:42:35.380923,6.515574290971755,6.513855257289883,57.490829429516985,57.49520863262028,57.51730959110266,57.8087784056667,57.518471874347476,57.490829453379064,57.49520868549187,0.0,0.0,0.0,0.0,-7.980643598557435,1.0,-17.682839267081363,1.0
344,2025-07-10 19:42:46.019840,6.4456502340264406,6.449271254052896,57.42311113599488,57.42779964547877,57.44906630661142,57.744193928004975,57.45020879970229,57.42311115960034,57.42779969860697,0.0,0.0,0.0,0.0,-7.894819509601803,1.0,-17.768663356036996,1.0
345,2025-07-10 19:42:57.137459,6.375941150488339,6.384472278282082,57.355417010269704,57.36039789424547,57.380894664076976,57.67939451596039,57.38201914546622,57.35541703363967,57.36039794760918,0.0,0.0,0.0,0.0,-7.81605616282377,1.0,-17.847429600124087,1.0
346,2025-07-10 19:43:08.682290,6.306429215661013,6.319476151953956,57.28774728150459,57.293003752022734,57.31279007371989,57.6143979883691,57.313898144293574,57.28774730465832,57.293003805602645,0.0,0.0,0.0,0.0,-7.7437364313937,1.0,-17.91973774231792,1.0
347,2025-07-10 19:43:19.468973,6.23709817559067,6.2542991449925776,57.22010145924163,57.225617020954395,57.24474795492015,57.54922061224488,57.245841060499885,57.220101482196796,57.22561707473286,0.0,0.0,0.0,0.0,-7.677327210444673,1.0,-17.986144065957888,1.0
348,2025-07-10 19:43:30.240768,6.1679331705849805,6.188956104441741,57.13102189324781,57.137077497303736,57.15707411317825,57.48387205119479,57.158231226203846,57.1310219169009,57.137077553130055,0.0,0.0,0.0,0.0,-7.910746017500969,1.0,-18.671047646421357,1.0
349,2025-07-10 19:43:40.769602,6.096396377558869,6.121171656325807,57.06099517349686,57.06729210558103,57.086694249761294,57.41608726956448,57.08783801578633,57.06099519697627,57.06729216158101,0.0,0.0,0.0,0.0,-7.852660765479413,1.0,-18.729127103824794,1.0
350,2025-07-10 19:43:51.480870,6.025004680894085,6.053242113003047,56.99099083174691,56.997513976410204,57.01636643160426,57.348157418496875,57.017497966241436,56.99099085506629,56.997514032570216,0.0,0.0,0.0,0.0,-7.799138775226311,1.0,-18.782649094077897,1.0
351,2025-07-10 19:44:01.362925,5.953746637960477,5.985178919249846,56.92100793557489,56.927742870140015,56.946087063715495,57.28009394073489,56.94720738241573,56.921007958746756,56.92774292644755,0.0,0.0,0.0,0.0,-7.749803396563948,1.0,-18.83198737004932,1.0
352,2025-07-10 19:44:11.930295,5.882611738209076,5.916992581486634,67.4885440293963,62.756877684514265,57.76978300466979,57.21212531432188,57.734371935779606,67.48854345059357,62.75687743514417,0.0,0.0,303.56305003681916,1.0,193.5798861461535,1.0,83.40153585606913,1.0
353,2025-07-10 19:44:22.654144,5.981669009445352,6.003742761821515,67.50872218421877,62.8048454314367,57.85940075689022,57.29887474130653,57.824377178394165,67.50872160765272,62.804845183009924,0.0,0.0,302.4995221179861,1.0,192.83183571474183,1.0,83.08604497528904,1.0
354,2025-07-10 19:44:33.556885,6.079853393849379,6.090226737133287,67.52882870779683,62.852668698195316,57.94836470607658,57.385357937466004,57.91372052470557,67.52882813345605,62.85266845071191,0.0,0.0,301.439769659743,1.0,192.08759814205223,1.0,82.77053381334554,1.0
355,2025-07-10 19:44:44.411413,6.177178808698996,6.176434653620215,67.54886280963822,62.90034297752547,58.036680465477076,57.471565050605186,58.00240788879309,67.54886223751132,62.9003427309854,0.0,0.0,300.3838343264827,1.0,191.3471676334666,1.0,82.45503424063827,1.0
356,2025-07-10 19:44:55.066378,6.27365869102432,6.262357147819469,67.56882446232513,62.94786416749128,58.124353680413826,57.55748671879427,58.09044519793605,67.5688238924009,62.94786392189437,0.0,0.0,299.33171756331143,1.0,190.61048624280374,1.0,82.13959840873031,1.0
357,2025-07-10 19:45:05.613885,6.369306029374088,6.347985323194532,67.58871333699695,62.99522882608104,58.2113899379617,57.643114046962076,58.17783830735129,67.5887127692642,62.99522858142699,0.0,0.0,298.2834367034536,1.0,189.87754817544555,1.0,81.82425529071224,1.0
358,2025-07-10 19:45:16.526872,6.464133383994245,6.433310728858398,67.60852923194179,63.042432763406595,58.29779479635343,57.7284385855922,58.26459302905199,67.60852866638945,63.042432519695026,0.0,0.0,297.23900237851615,1.0,189.1483128690652,1.0,81.50904544891091,1.0
359,2025-07-10 19:45:27.402986,6.558152909072812,6.518325328667103,67.62827200934123,63.08947276469543,58.38357377224407,57.81345229986414,58.35071512040161,67.62827144595829,63.089472521925764,0.0,0.0,296.19842185247944,1.0,188.4227571451902,1.0,81.1940268295075,1.0
360,2025-07-10 19:45:38.909725,6.6513763728096045,6.60302148731181,67.41773611857039,62.50990474789382,58.143743153614174,57.8980719203424,58.11555327378556,67.4177355542242,62.50990452213582,0.0,0.0,307.2951152677635,1.0,188.74492052873393,1.0,75.50449700772788,1.0
361,2025-07-10 19:45:49.760797,6.703442114338992,6.654466864436507,67.42938775086988,62.53915834291169,58.193370921303256,57.94951679615029,58.1653335174862,67.42938718777269,62.53915811774089,0.0,0.0,306.68099388949565,1.0,188.32718650855895,1.0,75.30810870775895,1.0
362,2025-07-10 19:46:00.648343,6.755126871442818,6.705635484150612,67.44098255691104,62.568263274283076,58.242663069933094,58.00068491390089,58.21477583285153,67.440981995056,62.56826304969739,0.0,0.0,306.0698676469461,1.0,187.9117529517771,1.0,75.11241576196426,1.0
363,2025-07-10 19:46:12.520906,6.806435481441508,6.756525705658949,67.4525207633816,62.59721898469608,58.29162280007737,58.05157463314273,58.2638835039697,67.45252020276193,62.597218760693366,0.0,0.0,305.4617245921105,1.0,187.49858509067963,1.0,74.91744134881628,1.0
364,2025-07-10 19:46:23.746555,6.857372607272931,6.807136056044929,67.46400280683659,62.62602505366082,58.34025323717867,58.10218448128379,58.31265973469557,67.4640022474456,62.626024830238926,0.0,0.0,304.85654171552596,1.0,187.08765395217597,1.0,74.72318836562408,1.0
365,2025-07-10 19:46:34.213320,6.907942748227897,6.857465222553227,67.4754285130368,62.65468039774572,58.388557389873455,58.152513145858684,58.36110761020739,67.47542795486787,62.65468017490242,0.0,0.0,304.2543282008017,1.0,186.67894215241176,1.0,74.52967999086013,1.0
366,2025-07-10 19:46:45.018139,6.958150242697266,6.907512035973826,67.48679827931367,62.68318560443113,58.4365382149309,58.20255945795836,58.409230157938126,67.48679772236014,62.68318538216419,0.0,0.0,303.6550631058292,1.0,186.27245548600513,1.0,74.33691622452443,1.0
367,2025-07-10 19:46:56.580846,7.007999281146056,6.957275479560081,67.49811193749406,62.71153876649537,58.484198562722064,58.25232240107336,58.457030297251826,67.49811138174938,62.71153854480253,0.0,0.0,303.0587552944939,1.0,185.8681475960111,1.0,74.14490865585321,1.0
368,2025-07-10 19:47:07.649794,7.057493908604894,7.006754655594495,57.499810668222786,57.50871709032867,57.5734776653914,58.301558479806026,57.57668210680335,57.49981070968376,57.50871717757458,0.0,0.0,0.0,0.0,-13.866573309542218,1.0,-29.179292079106744,1.0
369,2025-07-10 19:47:17.869891,6.939002255586016,6.899631525000973,57.38612561116945,57.395623149551,57.45863157317477,58.194434339525294,57.46179233153852,57.386125652276306,57.395623237151014,0.0,0.0,0.0,0.0,-13.748140007123766,1.0,-29.297722484216138,1.0
370,2025-07-10 19:47:27.635232,6.820807963533479,6.792211042623685,57.27246163966839,57.28253447526479,57.34387701575676,58.08701290020156,57.346996723199645,57.272461680440216,57.28253456319984,0.0,0.0,0.0,0.0,-13.63608947656303,1.0,-29.409773014776874,1.0
371,2025-07-10 19:47:38.809423,6.702894842973119,6.684509386417184,57.158820418219456,57.16945199090976,57.229210717935146,57.97931033694743,57.23229182556505,57.158820458674235,57.16945207916185,0.0,0.0,0.0,0.0,-13.530053759609473,1.0,-29.51580873173043,1.0
372,2025-07-10 19:47:49.962602,6.5852476622996985,6.576541793986867,56.501184435996336,56.51999148074239,56.61547142512108,57.87121057428814,56.62048719043593,56.501184488552404,56.519991597092435,0.0,0.0,0.0,0.0,-17.57731347652225,1.0,-38.91313505448579,1.0
373,2025-07-10 19:48:00.752442,6.431302595431124,6.434404613645769,56.35212573213607,56.3716112795975,56.465248343170884,57.729072344933606,56.470220222583265,56.352125784402254,56.37161139623741,0.0,0.0,0.0,0.0,-17.48036372077877,1.0,-39.010079015611154,1.0
374,2025-07-10 19:48:11.476967,6.277600404591362,6.292024559685236,56.20309374645502,56.22323903704853,56.315105843938134,57.58669128505923,56.32003585459452,56.20309379844354,56.22323915396612,0.0,0.0,0.0,0.0,-17.38749917080895,1.0,-39.10294936019909,1.0
375,2025-07-10 19:48:21.827921,6.124130795155037,6.149411923019305,56.05408801273277,56.07487483285611,56.165040899253505,57.44407768378148,56.16993096546999,56.054088064455236,56.07487495003972,0.0,0.0,0.0,0.0,-17.298517014978643,1.0,-39.19191992679316,1.0
376,2025-07-10 19:48:32.452644,5.970883926058431,6.006576556449419,55.90510852911916,55.926518587839446,56.01505091574669,57.30124139213662,56.01990286406867,55.90510858058675,55.92651870527792,0.0,0.0,0.0,0.0,-17.213272387834877,1.0,-39.27715875931881,1.0
377,2025-07-10 19:48:42.775101,5.817850393868591,5.863527866688084,67.07137090843082,61.57848878184999,57.194969843709174,57.15854068834501,57.16661802846416,67.0713703245776,61.57848856121341,0.0,0.0,325.55095056770597,1.0,195.26902312236416,1.0,73.79164265955751,1.0
378,2025-07-10 19:48:53.640381,5.845888630207481,5.888086023243694,67.07726425740277,61.59296744900514,57.221433233433636,57.18309891066079,57.193242162560374,67.07726367420649,61.59296722864038,0.0,0.0,325.2403304330984,1.0,195.04930858715852,1.0,73.70073089589368,1.0
379,2025-07-10 19:49:04.535783,5.87352625529921,5.912712109330287,67.0831267724008,61.60746209765355,57.24764203460079,57.20772503213804,57.21959802909354,67.08312618985491,61.6074618775623,0.0,0.0,324.9313354615632,1.0,194.83179021221986,1.0,73.60925705427235,1.0
380,2025-07-10 19:49:15.775228,5.900796438810989,5.937374687867863,67.08895780970637,61.62195849121412,57.27360556376477,57.23238762066158,57.245697104964535,67.08895722780464,61.62195827139764,0.0,0.0,324.62399958151025,1.0,194.61634631056768,1.0,73.51736310283741,1.0
381,2025-07-10 19:49:26.543720,5.927727174185714,5.962047554928237,67.0947565457614,61.636443302649695,57.29933298664873,57.257060476300275,57.271550275369755,67.09475596449789,61.63644308310883,0.0,0.0,324.31836620012683,1.0,194.40289575754832,1.0,73.42518521511465,1.0
382,2025-07-10 19:49:36.990534,5.954342322584215,5.98670865394176,67.10052308346987,61.65090714559419,57.324833073165536,57.2817215457829,57.29716769934535,67.10052250283896,61.65090692632948,0.0,0.0,324.0144298936648,1.0,194.19132266079941,1.0,73.3328218996121,1.0
383,2025-07-10 19:49:47.813218,5.980662397433582,6.011339304312828,67.10625694926358,61.66534091132973,57.35011402699729,57.30635215124082,57.32255872281706,67.10625636925985,61.66534069234148,0.0,0.0,323.71221562243454,1.0,193.98156327952165,1.0,73.24036007560153,1.0
384,2025-07-10 19:49:58.634846,6.006705151623646,6.035923584172123,67.36730626011817,62.423003200872444,57.65668530324012,57.3310019914098,57.62420255884662,67.36730568157728,62.42300296271213,0.0,0.0,309.9531166003225,1.0,193.49231787714416,1.0,79.6524353171435,1.0
385,2025-07-10 19:50:08.827186,6.080468384657063,6.101210216466652,67.38261156037916,62.459898103463836,57.72458552270456,57.396288238130985,57.69239747751587,67.38261098353235,62.45989786602145,0.0,0.0,309.1464217227741,1.0,192.9257375013549,1.0,79.41232372616014,1.0
386,2025-07-10 19:50:19.264395,6.1535411671045095,6.166323297702019,67.39785158909457,62.49668829751671,57.791967156270644,57.46140090960173,57.76006620720011,67.39785101393142,62.49668806079237,0.0,0.0,308.3431671058256,1.0,192.36263969105494,1.0,79.172174470159,1.0
387,2025-07-10 19:50:29.906767,6.225938510123775,6.231251506487843,67.41302590624643,62.53336776892932,57.85883641566844,57.526328686182666,57.82721533844018,67.41302533275667,62.53336753292299,0.0,0.0,307.54337594145954,1.0,191.80297229468124,1.0,78.93203680339411,1.0
388,2025-07-10 19:50:40.510945,6.2976747128533646,6.295984231253932,67.42813506282359,62.569932735731435,57.92519949312589,57.59106095798243,57.89385141256403,67.42813449099708,62.56993250044293,0.0,0.0,306.74701918876303,1.0,191.24670054452508,1.0,78.69196287742852,1.0
389,2025-07-10 19:50:50.841859,6.36876341782618,6.360511540457253,67.44317815948475,62.6063782027976,57.991062394572076,57.65558779499063,57.959980765661406,67.44317758931146,62.60637796822657,0.0,0.0,305.9541442492268,1.0,190.69377808364152,1.0,78.4520048438253,1.0
390,2025-07-10 19:51:01.327974,6.439217642271436,6.424824119233757,67.45815564640255,62.642700623239094,58.05643111640257,57.719899883807436,58.02560969748582,67.4581550778726,62.64270038938508,0.0,0.0,305.1647273956454,1.0,190.14416434970371,1.0,78.21220036760224,1.0
391,2025-07-10 19:51:11.286319,6.509049829372338,6.488913241483646,67.4730671408056,62.67889562229854,58.12131149480164,57.783988499680206,58.090744330628226,67.47306657390922,62.67889538916092,0.0,0.0,304.378788802712,1.0,189.59782457500296,1.0,77.97260160032238,1.0
392,2025-07-10 19:51:21.177601,6.578271877288094,6.5527707199958325,67.48791286217937,62.714960247338425,58.18570929425412,57.84784545668806,58.15539069560561,67.48791229690688,62.7149600149165,0.0,0.0,303.5963169020285,1.0,189.0547124025943,1.0,77.73323751507633,1.0
393,2025-07-10 21:53:35.865173,6.6468951773985046,6.616388884055964,67.50269280577388,62.75089063521169,58.24963015156433,57.91146308530512,58.21955467935553,67.50269224211577,62.75089040350459,0.0,0.0,302.8173119439528,1.0,188.51478727015092,1.0,77.49416605804527,1.0
394,2025-07-10 21:53:49.401131,6.714930642795549,6.679760536612275,67.5174068654621,62.786684249766886,58.31307957867212,57.97483418961882,58.283242029066976,67.51740630340895,62.78668401877369,0.0,0.0,302.04177952210944,1.0,187.9780144099641,1.0,77.2554017157745,1.0
395,2025-07-23 14:39:18.621847,6.78238873516776,6.742878935492222,67.53205515978767,62.822337559142426,58.37606298507104,58.03795202850575,58.34645837453552,67.53205459933014,62.82233732886207,0.0,0.0,301.26971338843265,1.0,187.4443590543251,1.0,77.01699374251803,1.0
396,2025-07-23 14:39:31.823561,6.849279492631494,6.805737755819167,67.57050737484923,62.92292791003648,58.47125409658763,58.10081787299954,58.44142518629459,67.5705068162697,62.92292767877746,0.0,0.0,299.24301646699826,1.0,186.81626301258802,1.0,77.34430274695114,1.0
397,2025-07-23 14:39:42.651976,6.9198528558269405,6.871789363282964,67.58586471027186,62.960140454323714,58.53700176231486,58.16686885924796,58.50741500796817,67.58586415336475,62.96014022381252,0.0,0.0,298.433578977567,1.0,186.2569259094471,1.0,77.09419543971308,1.0
398,2025-07-23 14:39:55.319481,6.989836314823458,6.9375639349656915,67.60115448036444,62.99720264579023,58.6022701037306,58.23264279927413,58.57292072066475,67.60115392512029,62.99720241602561,0.0,0.0,297.6277026469983,1.0,185.70075266779895,1.0,76.84450534497955,1.0
399,2025-07-23 14:40:09.241891,7.059239365688086,7.0030557914983,67.61637661300321,63.03411150814336,58.667064228212496,58.29813401461309,58.637947617336906,67.6163760594127,63.03411127912403,0.0,0.0,296.82539127671015,1.0,185.14769113608054,1.0,76.59524405198681,1.0
400,2025-07-23 14:40:22.244682,7.128071152922923,7.0682595968255475,57.82855704187028,57.833428165877116,57.88160293464821,58.36312751212976,57.88389494967398,57.828557076594414,57.83342823604981,0.0,0.0,0.0,0.0,-11.613443254532285,1.0,-23.469173979151492,1.0
