iteration,timestamp,T1_LEVEL,T2_LEVEL,J1_LEVEL,J2_LEVEL,J3_LEVEL,J4_LEVEL,J5_LEVEL,J5S_LEVEL,J1S_LEVEL,J4S_LEVEL,P2_FLOW,P2_STATUS,P1_FLOW,P1_STATUS,V5_FLOW,V5_STATUS,V1_FLOW,V1_STATUS,V4_FLOW,V4_STATUS,plc4AttackerUnit
0,2025-07-10 16:47:37.743655,3.0509999999999993,3.0509999999999993,69.19931839717133,69.68925869615624,55.463387786006976,54.346450048598385,55.41070702498121,4.115706632533567,69.19931769948928,54.34644958062686,,187.57020975604098,1.0,,213.39344241116004,1.0,0
1,2025-07-10 16:47:39.535654,3.191578061938476,3.2186313630937082,69.21785400515299,69.7053827446028,55.59668190519423,54.51407420451124,55.54426850300372,4.24926811195471,69.21785331062435,54.51407374060322,186.72036120257368,1.0,212.41648803874583,1.0,130.7858810844209,1.0,232.2842845694595,1.0,155.15348742439983,1.0,0
2,2025-07-10 16:47:41.860236,3.3316551302543784,3.384807142011733,69.23635706533213,69.7214536189317,55.72940474559958,54.68024288465668,55.67726145879922,4.382261069166601,69.23635637395425,54.680242424780886,185.87331529182416,1.0,211.44124915999504,1.0,130.31217105321957,1.0,231.23051008610673,1.0,153.80491464156876,1.0,0
3,2025-07-10 16:47:44.265403,3.471224829765587,3.5495385392600243,69.2548267160025,69.73747119758713,55.861551727771726,54.84496729039304,55.80968126516209,4.514680876963498,69.25482602777264,54.84496683451822,185.0290784306228,1.0,210.46777119276453,1.0,129.83256210077343,1.0,230.17766274165297,1.0,152.46679824713283,1.0,0
4,2025-07-10 16:47:47.195922,3.6102808508230915,3.712836759908192,69.27326250796852,69.75343550174966,55.993118097235346,55.00825862556742,55.94152311301197,4.646522726264865,69.27326182288375,55.008258173662306,184.18764950260817,1.0,209.4960778127615,1.0,129.34711217326367,1.0,229.12579468766126,1.0,151.13913244647392,1.0,0
5,2025-07-10 16:47:49.492350,3.748816931465122,3.8747129945809093,69.29166358550646,69.76934640928326,56.12409928757916,55.17012807954792,56.072782384522164,4.777781999243898,69.29166290356369,55.17012763158135,183.34903494519028,1.0,208.5262141225308,1.0,128.85586183301712,1.0,228.07495228107655,1.0,149.82188826650145,1.0,0
6,2025-07-10 16:47:52.058164,3.886826867627368,4.035178410455544,69.31002962275358,69.78520399071306,56.25449069493179,55.33058681828106,56.2034544192371,4.908454035444824,69.31002894394967,55.33058637422191,182.51323104121005,1.0,207.55819729728142,1.0,128.35887192352402,1.0,227.02516449498944,1.0,148.51505991259728,1.0,0
7,2025-07-10 16:47:54.894676,4.024304505801977,4.194244154467481,69.32835986060236,69.801008163128,56.38428793744945,55.4896459874968,56.33353478262529,5.038534400336024,69.32835918493397,55.48964554731399,181.68024216064967,1.0,206.59206734721738,1.0,127.85619459634745,1.0,225.97649507019923,1.0,147.2186213089799,1.0,0
8,2025-07-10 16:47:57.691020,4.161243755708685,4.351921356607842,69.34665372511955,69.81675891278405,56.513486546812615,55.64731671598689,56.46301894939872,5.168018568629322,69.34665305258324,55.64731627964942,180.85006902791613,1.0,205.62785452257833,1.0,127.34787620843235,1.0,224.92897877441465,1.0,145.93255217448586,1.0,0
9,2025-07-10 16:48:00.386442,4.297638579105917,4.508221129203803,69.3649105091972,69.83245618032308,56.642082189251866,55.8036101148283,56.591902529651996,5.296902150419139,69.36490983978935,55.80360968230523,180.02271477159255,1.0,204.66559609282982,1.0,126.83398050057804,1.0,223.88266775919874,1.0,144.65682933064272,1.0,0
10,2025-07-10 16:48:02.832533,4.433482995852692,4.6631545539216965,69.38312967731427,69.84809997009776,56.77007076608795,55.95853726451355,56.72018136956371,5.4251809918839164,69.38312901103114,55.958536835773984,179.1981791622606,1.0,203.7053202836255,1.0,126.31456252165663,1.0,222.83760258687835,1.0,143.39144118821423,1.0,0
11,2025-07-10 16:48:05.567141,4.568771097066004,4.816732695885316,69.40131063423719,69.86369026748886,56.897448016967466,56.11210922890251,56.847851149261686,5.552850773151284,69.40130997107494,56.11210880391566,178.37646297045742,1.0,202.7470584678768,1.0,125.78968021784931,1.0,221.79383540901654,1.0,142.13635008218262,1.0,0
12,2025-07-10 16:48:07.717515,4.703497027832418,4.9689665819627695,69.50458691541547,69.96059838828957,57.26948569036992,56.26440141284254,57.21850643207735,5.923506009689849,69.50458625998826,56.26440095348682,173.26873667239252,1.0,197.30368619956687,1.0,141.2670009096928,1.0,219.20685712302657,1.0,153.63097758950062,1.0,0
13,2025-07-10 16:48:09.989042,4.854799803380278,5.133511684357111,69.52463237065476,69.9775753384916,57.40904088608018,56.428940039236316,57.35846166607581,6.063461245814255,69.52463171869223,56.42893958358913,172.37393431433057,1.0,196.247152463938,1.0,140.55598098536848,1.0,218.04809574859974,1.0,152.3906627596716,1.0,0
14,2025-07-10 16:48:12.601984,5.005341052458535,5.296728356939916,69.5446349463425,69.99450494126904,57.54783142720664,56.592150321740995,57.49765260285639,6.202652184730423,69.54463429783931,56.59214986977851,171.48162749207708,1.0,195.1928787763957,1.0,139.84173635606112,1.0,216.89112491117157,1.0,151.15831842706484,1.0,0
15,2025-07-10 16:48:15.022375,5.155117305825526,5.458625141758665,69.5645946744581,70.01138745955231,57.68585608392695,56.75404080133969,57.63607796192244,6.341077545941541,69.56459402940885,56.75404035303822,170.59180234738852,1.0,194.14086345140512,1.0,139.1243191733338,1.0,215.73596199459644,1.0,149.93389823473535,1.0,0
16,2025-07-10 16:48:17.274031,5.304125180402441,5.619210523315692,69.5845108409597,70.02822273872235,57.823112832201204,56.914619961589516,57.77373566359598,6.478735249769479,69.58451019935886,56.91461951692544,169.70446702975494,1.0,193.09114412390056,1.0,138.4037844860586,1.0,214.58264176658304,1.0,148.71737320959255,1.0,0
17,2025-07-10 16:48:19.335790,5.4523613345766835,5.778492954534765,69.60438293025096,70.04501069602688,57.95960002415896,57.07389625454064,57.91062400809183,6.615623596428859,69.60438229209295,57.07389581349044,168.8196259007905,1.0,192.04374796935818,1.0,137.68019313772584,1.0,213.43119320022197,1.0,147.50872017316397,1.0,0
18,2025-07-10 16:48:21.821782,5.599822491826193,5.936480870213153,69.624210693584,70.06175134714678,58.09531616117058,57.23187811399307,58.04674144457108,6.751741035080589,69.6242100588631,57.231877676533294,167.93727813400372,1.0,190.99868809851145,1.0,136.95361176644383,1.0,212.28165685784006,1.0,146.30790435774088,1.0,0
19,2025-07-10 16:48:24.377357,5.746505447381938,6.093182659312916,69.64399349645285,70.07844456484261,58.23025959002967,57.38857392800285,58.182086266329094,6.887085859019892,69.64399286516326,57.388573494110176,167.05743043579443,1.0,189.95599795420063,1.0,136.22408093453942,1.0,211.1340617125279,1.0,145.1148909956146,1.0,0
20,2025-07-10 16:48:26.716222,5.892407053541707,6.2486066824370825,69.66373094241104,70.09509030906736,58.36442881840862,57.543992056181544,58.316656927666216,7.021656522546876,69.66373031454684,57.54399162583276,166.18008491691532,1.0,188.91569843188748,1.0,135.49168466397532,1.0,209.9884367373761,1.0,143.9296424217673,1.0,0
21,2025-07-10 16:48:29.467400,6.037524227666208,6.402761251723038,69.6834225972283,70.11168852447774,58.497822464374835,57.69814080980367,58.45045199434857,7.155451591427522,69.68342197278348,57.69814038297566,165.30524449433585,1.0,187.8778124185013,1.0,134.7564693116965,1.0,208.84483408394772,1.0,142.75212386849034,1.0,0
22,2025-07-10 16:48:32.179206,6.181853956361267,6.555654656635882,69.70306795368576,70.12823912878392,58.63043913666866,57.85102847737814,58.58347002187019,7.288469621155649,69.70306733265426,57.85102805404786,164.43291350530308,1.0,186.84236664797635,1.0,134.01850441312035,1.0,207.70325375224274,1.0,141.5823121573112,1.0,0
23,2025-07-10 16:48:35.013313,6.325393290951449,6.707295142033454,69.7226667113403,70.14474211502716,58.76227764763226,58.0026633028443,58.715709770551676,7.420709372051675,69.7226660937159,58.002662882988865,163.56309231658514,1.0,185.80937695573635,1.0,133.2778537090462,1.0,206.56374789382426,1.0,140.42015513666684,1.0,0
24,2025-07-10 16:48:37.913857,6.468139358314762,6.857690914409885,69.70276660008979,70.12347024083532,58.784387441201666,58.15302465802312,58.738895956572314,7.443895582182962,69.70276598374477,58.153024259849936,164.68426678907647,1.0,186.85825006078485,1.0,125.21407762164927,1.0,206.1358674973235,1.0,133.16855272478278,1.0,0
25,2025-07-10 16:48:40.291447,6.602248792463654,7.000319918864246,69.72133036295695,70.13913556395508,58.908523679259126,58.29564841069345,58.863388769022215,7.5683883966297305,69.72132974983704,58.29564801591766,163.85859622395282,1.0,185.87981173173446,1.0,124.54622760230905,1.0,205.05722830762352,1.0,132.03229764712887,1.0,0
26,2025-07-10 16:48:42.669409,6.7356429270986835,7.141731945574028,67.82870126726901,63.68974930504715,58.83924747250467,58.43686869047656,58.801436817725055,7.506436488092451,67.82870071233913,58.436868444612145,0.0,0.0,285.63441768894177,1.0,110.24523466971914,1.0,185.59564408974438,1.0,82.22906441517353,1.0,0
27,2025-07-10 16:48:45.023017,6.853720113437102,7.229802660082892,67.85148986725967,63.739207888390084,58.94073207990983,58.52493952618439,58.90352856370297,7.608528237779427,67.85148931495822,58.524939280202226,0.0,0.0,284.4333013066754,1.0,109.00474310403752,1.0,184.71657154805143,1.0,82.26844463990801,1.0,0
28,2025-07-10 16:48:47.796185,6.97046868416235,7.317915549019383,67.874224233476,63.788658267344246,59.041454389777755,58.61305244998601,59.00483852585631,7.709838203549417,67.87422368378985,58.61305220397,0.0,0.0,283.2350434183428,1.0,107.79516003140088,1.0,183.8418797376562,1.0,82.27976442640283,1.0,0
29,2025-07-10 16:48:50.519070,7.08592174404437,7.406040567029888,67.89690150163686,63.83808657142469,59.14141280991787,58.70117742248155,59.10536629601055,7.810365977233216,67.89690095455285,58.70117717650973,0.0,0.0,282.03979499131225,1.0,106.61470360673775,1.0,182.9716034262674,1.0,82.2649823555821,1.0,0
30,2025-07-10 16:48:52.595429,7.200110482600118,7.4941497507550245,58.40040668099259,58.43855648346087,58.40045198672317,58.78907889096448,58.40048585953845,7.10548596574837,58.400406681764615,58.789079063303255,0.0,0.0,0.0,0.0,-35.52178264897066,1.0,-0.25820528605891013,1.0,-57.63849855384251,1.0,0
31,2025-07-10 16:48:55.309338,7.16206518938518,7.432416548500268,58.357336909894435,58.391478920959884,58.35761845840073,58.72734784614253,58.35767324524759,7.062673354314088,58.357336911946426,58.72734801562471,0.0,0.0,0.0,0.0,-36.47716161935932,1.0,-0.6862855968847725,1.0,-56.683116686144785,1.0,0
32,2025-07-10 16:48:57.198389,7.122996643477389,7.371706594553887,58.31337468880991,58.34400790132758,58.31402716076837,58.666639857873044,58.314105286225434,7.019105397930745,58.313374692040355,58.666640024716436,0.0,0.0,0.0,0.0,-37.359708034614414,1.0,-1.0804181374624022,1.0,-55.80057606550781,1.0,0
33,2025-07-10 16:48:59.140342,7.082982855387945,7.3119418784334265,58.268642132362274,58.29620326025441,58.26975710399654,58.606876931639064,58.269860083999184,6.9748601981385505,58.26864213667659,58.606877096048386,0.0,0.0,0.0,0.0,-38.173776550252114,1.0,-1.4429178577302082,1.0,-54.98650465256105,1.0,0
34,2025-07-10 16:49:01.822680,7.042097167675314,7.253049069737698,58.223242202524894,58.24811346661778,58.22488003394883,58.547985751598596,58.225008666281724,6.930008782662837,58.223242207834836,58.54798591376615,0.0,0.0,0.0,0.0,-38.92352480477257,1.0,-1.7759026906105646,1.0,-54.23674770611342,1.0,0
35,2025-07-10 16:49:04.201551,7.000408469116295,7.194959282340772,58.177263220169806,58.199779085387405,58.1794607302798,58.489897445052584,58.179615247860774,6.8846153663033425,58.177263226393094,58.48989760515868,0.0,0.0,0.0,0.0,-39.612977160459195,1.0,-2.081371779354413,1.0,-53.54729535042679,1.0,0
36,2025-07-10 16:49:06.640969,6.957981339572296,7.137607926841355,58.215935573921065,58.24132487212806,58.21554845531353,58.432570633441074,58.2155484352198,6.92054849959178,58.21593557148411,58.432570755245806,0.0,0.0,0.0,0.0,-21.52913293571146,1.0,0.8150362168635183,1.0,-40.73744888216879,1.0,0
37,2025-07-10 16:49:09.462257,6.9349227528279505,7.093976441852401,58.188879578863265,58.210462921099165,58.18881140101755,58.38894101636404,58.18881570379436,6.893815771504415,58.18887957790879,58.388941134830695,0.0,0.0,0.0,0.0,-22.645547240927044,1.0,0.31922261484851333,1.0,-39.62103167964415,1.0,0
38,2025-07-10 16:49:12.217249,6.910668442445422,7.0515406877780915,58.1610552295947,58.17939539122271,58.1610692563979,58.346506922076834,58.161084212125424,6.866084282870241,58.16105523000164,58.34650703750873,0.0,0.0,0.0,0.0,-23.66052096135718,1.0,-0.13609819575322035,1.0,-38.60606085652307,1.0,0
39,2025-07-10 16:49:14.977148,6.885327049785954,7.0101920079721465,58.13229940168385,58.14794088960551,58.13248257566872,58.30515970060771,58.13251193766628,6.837512011134681,58.13229940331079,58.305159813316045,0.0,0.0,0.0,0.0,-24.571420443066927,1.0,-0.5441262305794226,1.0,-37.6951700667405,1.0,0
40,2025-07-10 16:49:17.331958,6.859010046194971,6.969818926963091,58.10270828750442,58.11612002303793,58.10317961409074,58.264787895455974,58.10322548020697,6.808225556104817,58.10270829021463,58.264788005734815,0.0,0.0,0.0,0.0,-25.383944692976,1.0,-0.9064260365221344,1.0,-36.88262843297707,1.0,0
41,2025-07-10 16:49:19.521996,6.831822797467949,6.930316112416206,58.07243918801058,58.084008349537754,58.073265438219686,58.225286195499365,58.07332876951794,6.778328847576073,58.07243919168031,58.225286303617935,0.0,0.0,0.0,0.0,-26.106449550411526,1.0,-1.2273377825522402,1.0,-36.16012647285061,1.0,0
42,2025-07-10 16:49:22.335972,6.803861713124262,6.891587128723641,58.041617208895424,58.05166354888268,58.04283126957507,58.18655818399011,58.042912218469255,6.747912298442074,58.04161721341272,58.18655829019398,0.0,0.0,0.0,0.0,-26.74681569601489,1.0,-1.5108047062994956,1.0,-35.51976032724724,1.0,0
43,2025-07-10 16:49:24.502825,6.775214772973543,6.85354400330125,58.01034386490432,58.01913115877427,58.01195549099637,58.148515905221586,58.012053644769004,6.717053726433534,58.01034387016819,58.14851600973376,0.0,0.0,0.0,0.0,-27.312605106430965,1.0,-1.760494801033019,1.0,-34.95397381414023,1.0,0
44,2025-07-10 16:49:27.008290,6.745961847082995,6.81610685855164,57.97870220359121,57.98644773966924,57.98070532071245,58.11107949668975,57.980819883947454,6.685819967102193,57.97870220951092,58.111079599711715,0.0,0.0,0.0,0.0,-27.811003108126897,1.0,-1.9798384806790637,1.0,-34.455575812444295,1.0,0
45,2025-07-10 16:49:29.647291,6.716175114490437,6.779203512788534,57.946760002712914,57.95364260520496,57.94913807589236,58.07417679024439,57.94926801069241,6.654268095156174,57.946760009207296,58.07417689195729,0.0,0.0,0.0,0.0,-28.24880678815589,1.0,-2.172037271748195,1.0,-34.017760543179065,1.0,0
46,2025-07-10 16:49:32.069367,6.68591947850577,6.742769091351741,57.91457236572526,57.92073916225841,57.91730234686347,58.037742923221266,57.91744647828734,6.62244656389807,57.91457237272207,58.03774302378723,0.0,0.0,0.0,0.0,-28.632407610302835,1.0,-2.3400725052624693,1.0,-33.6341684129593,1.0,0
47,2025-07-10 16:49:34.894295,6.655252991194289,6.706745513271783,57.882184407808396,57.88775640828875,57.88523950715493,58.001719825363786,57.885396599868635,6.5903966864818635,57.88218441524347,58.00171992492722,0.0,0.0,0.0,0.0,-28.967692906576303,1.0,-2.486653165192365,1.0,-33.29887442475865,1.0,0
48,2025-07-10 16:49:37.552625,6.624227400558513,6.6710810468300865,57.675721088428226,57.68251091566145,57.69300061564556,57.96601342735452,57.693786220723005,6.39878639044746,57.6757211073781,57.96601359538737,0.0,0.0,0.0,0.0,-56.76414283129816,1.0,-6.337765058788136,1.0,-56.19839108589986,1.0,0
49,2025-07-10 16:49:39.819852,6.563430662757876,6.6108902575013575,57.61515748020273,57.62199263965892,57.63238426543689,57.90582258403623,57.6331678655999,6.3381680352518455,57.61515749912137,57.90582275214161,0.0,0.0,0.0,0.0,-56.73989235447152,1.0,-6.327317362320173,1.0,-56.22264446003555,1.0,0
50,2025-07-10 16:49:42.598825,6.502659900508936,6.550673489445825,57.5545996109069,57.56147638611446,57.5717782922528,57.84560576663749,57.57256006363971,6.27756023322538,57.554599629797,57.845605934809115,0.0,0.0,0.0,0.0,-56.71772504285855,1.0,-6.317773626278722,1.0,-56.24480018241229,1.0,0
51,2025-07-10 16:49:45.047597,6.441912881097662,6.490432991557724,57.49404697270874,57.500961903454865,57.511181775754665,57.78536522361678,57.51196187774354,6.216962047268647,57.49404699157276,57.78536539184898,0.0,0.0,0.0,0.0,-56.69747285253379,1.0,-6.309049828701063,1.0,-56.265058167355164,1.0,0
52,2025-07-10 16:49:47.240400,6.381187553147248,6.430170795661383,57.433499342619164,57.440449225535865,57.45059402517427,57.72510298646434,57.45137260184704,6.1563727713167795,57.433499361459326,57.725103154751906,0.0,0.0,0.0,0.0,-56.67895325302652,1.0,-6.301070639551654,1.0,-56.28357486955338,1.0,0
53,2025-07-10 16:49:50.069313,6.320482059568127,6.369888771207898,57.37295620748149,57.37993811508531,57.39001425814887,57.66482092428349,57.39079144179962,6.095791611218743,57.372956226299834,57.664821092621644,0.0,0.0,0.0,0.0,-56.662024276192824,1.0,-6.293775215340247,1.0,-56.300495154459895,1.0,0
54,2025-07-10 16:49:52.600301,6.25979469676269,6.309588618977515,57.312417146877884,57.31942839873022,57.329441784405766,57.604520737550956,57.33021769628621,6.035217865659074,57.312417165676315,57.60452090593539,0.0,0.0,0.0,0.0,-56.64655264581597,1.0,-6.287114301812835,1.0,-56.315975476763924,1.0,0
55,2025-07-10 16:49:55.403158,6.199123906050667,6.24927189270215,57.25188195380954,57.25892007478703,57.26887603203974,57.544203979742626,57.26965078155646,5.974650950887012,57.25188197258976,57.544204148169335,0.0,0.0,0.0,0.0,-56.63240508567924,1.0,-6.281021260861053,1.0,-56.33011434497348,1.0,0
56,2025-07-10 16:49:57.843978,6.138468269919463,6.188940022067268,57.191350196221826,57.19841293095431,57.208316359814006,57.483872080254784,57.20909004726585,5.914090216557738,57.191350214985384,57.48387224872017,0.0,0.0,0.0,0.0,-56.619471498038365,1.0,-6.275449735539951,1.0,-56.343047932614354,1.0,0
57,2025-07-10 16:50:00.515902,6.077826481919778,6.128594297001995,57.130821643224536,57.13790691600052,57.14776231890348,57.42352632882064,57.14853503625547,5.85353520551201,57.13082166197285,57.423526497321376,0.0,0.0,0.0,0.0,-56.60765047707628,1.0,-6.27035336890458,1.0,-56.3548718508855,1.0,0
58,2025-07-10 16:50:03.229094,6.017197358804203,6.068235912657662,57.070295983983925,57.077401898329484,57.087213371054894,57.363167920344274,57.08798520182454,5.792985371048757,57.07029600271831,57.36316808887735,0.0,0.0,0.0,0.0,-56.596840616975896,1.0,-6.265691598628109,1.0,-56.365687505604,1.0,0
59,2025-07-10 16:50:05.813789,5.956579809628834,6.007865944859633,57.00977308136295,57.01689788515583,57.0266691593343,57.30279793047743,57.02744017953728,5.732440348731931,57.00977310008461,57.30279809904006,0.0,0.0,0.0,0.0,-56.586952101156385,1.0,-6.2614354516199455,1.0,-56.37557312411445,1.0,0
60,2025-07-10 16:50:08.065931,5.895972848992189,5.947485385595517,67.35464819262076,62.39797865177271,57.570061448485355,57.24256697860669,57.536872932011796,6.241872718150618,67.35464761170455,57.242566792615314,0.0,0.0,310.6202840544534,1.0,71.52561957923353,1.0,194.28673684274145,1.0,62.20459678786483,1.0,0
61,2025-07-10 16:50:09.898111,5.972579732958901,6.0141090715838885,67.37035827686726,62.43562443772484,57.64020375402853,57.30919032780217,57.60733335173181,6.312333139931093,67.37035769769828,57.30919014222616,0.0,0.0,309.7922542692542,1.0,70.83650041408873,1.0,193.7023843731822,1.0,62.065679510396876,1.0,0
62,2025-07-10 16:50:12.677350,6.0484485416899965,6.080583967478576,67.38600299644833,62.47317581278802,57.7098055267047,57.375664857924015,57.677244631394736,6.382244421607506,67.38600241901574,57.375664672800006,0.0,0.0,308.96766965271456,1.0,70.16309045866365,1.0,193.12164774532903,1.0,61.914506615607934,1.0,0
63,2025-07-10 16:50:15.143425,6.123596097318238,6.146896951601198,67.401582259639,62.51062708900895,57.77887318907918,57.441977449349615,57.74661363499063,6.451613427172262,67.40158168393211,57.44197726471192,0.0,0.0,308.14653503937194,1.0,69.50460743951226,1.0,192.54449219147318,1.0,61.751857479634964,1.0,0
64,2025-07-10 16:50:17.685398,6.198038387834323,6.213035730481521,67.41709569303885,62.547972767852805,57.847413053786816,57.50811581055923,57.81544708939898,6.5204468835069935,67.41709511904713,57.50811562644001,0.0,0.0,307.32887011000435,1.0,68.86033282398785,1.0,191.97084817619725,1.0,61.5784564297428,1.0,0
65,2025-07-10 16:50:20.350601,6.271790639287049,6.278988795980679,67.4325431320549,62.58520780183286,57.915431326424766,57.57406843522747,57.883751582589305,6.588751378583178,67.43254255976794,57.57406825165679,0.0,0.0,306.5146835397961,1.0,68.22960892293395,1.0,191.40069831564688,1.0,61.394995922796625,1.0,0
66,2025-07-10 16:50:22.713588,6.344867361473282,6.344745366198212,67.44792413871728,62.622327295254486,57.982934090905225,57.6398245431564,57.95153355436217,6.656533352203266,67.44792356812478,57.63982436016248,0.0,0.0,305.7039984127791,1.0,67.61180702028469,1.0,190.833990458259,1.0,61.20210177755325,1.0,0
67,2025-07-10 16:50:25.095956,6.417282389715251,6.410295338462517,67.4632390759569,62.65932709498752,58.04992749454189,57.70537403323709,58.018799482244034,6.723799281895438,67.4632385070487,57.705373850846385,0.0,0.0,304.8967955999945,1.0,67.00635055153725,1.0,190.27067824708865,1.0,61.00035635313361,1.0,0
68,2025-07-10 16:50:27.652316,6.489048947552412,6.475629229607636,67.47848769704913,62.69620296319189,58.116417534969536,57.77070742382239,58.08555567405888,6.790555475485321,67.47848712981522,57.770707242059714,0.0,0.0,304.09308810553034,1.0,66.41269192527943,1.0,189.7107153251909,1.0,60.790310138258974,1.0,0
69,2025-07-10 16:50:30.442964,6.56017967839486,6.540738159489214,67.49366978113632,62.7329509318972,58.18241003683673,57.835815836117376,58.15180824288477,6.8568080460524685,67.49366921556674,57.83581565500602,0.0,0.0,303.2928875701079,1.0,65.83032990704396,1.0,189.15407851409327,1.0,60.5724788539419,1.0,0
70,2025-07-10 16:50:32.798403,6.6306866719528985,6.605613778271866,67.50878526238944,62.769567345325044,58.247910846828944,57.900690921603946,58.217563307243,6.922563112119635,67.50878469847443,57.900690741165775,0.0,0.0,302.49619746337004,1.0,65.25877774890887,1.0,188.60070986761457,1.0,60.34733476155907,1.0,0
71,2025-07-10 16:50:35.745878,6.700581514905782,6.6702482554567215,67.52383444107636,62.80604897516857,58.312925576874356,57.965324851053765,58.28282673000395,6.987826536558525,67.52383387880623,57.96532467130926,0.0,0.0,301.70300195912967,1.0,64.69759216258808,1.0,188.0505804126642,1.0,60.115338533250906,1.0,0
72,2025-07-10 16:50:38.534335,6.769875303556661,6.7346342626318005,67.51348216249303,62.77287649785181,58.34341762304116,58.02970237699529,58.31404609997448,7.019045920826021,67.51348160157055,58.02970220829876,0.0,0.0,302.2486384354962,1.0,59.915992080732394,1.0,187.59986342615775,1.0,56.42035393293554,1.0,0
73,2025-07-10 16:50:40.711955,6.8340477983948595,6.795062786330183,67.52749979070364,62.8070931966996,58.403532474452156,58.09013036887872,58.37437937336438,7.0793791957117005,67.52749923130546,58.09013020089548,0.0,0.0,301.509812755499,1.0,59.41572821200225,1.0,187.09006451331334,1.0,56.181795299607984,1.0,0
74,2025-07-10 16:50:43.405252,6.89768449128436,6.855235804260656,67.54145310538031,62.841169022727,58.46320843242514,58.150302845423575,58.434269284375404,7.139269108192895,67.54145254749751,58.15030267816911,0.0,0.0,300.7743768422825,1.0,58.92403168616056,1.0,186.58324403418192,1.0,55.938059174991395,1.0,0
75,2025-07-10 16:50:45.759845,6.960794553534658,6.9151477669955925,67.55534214083016,62.875101546949736,58.522450554981155,58.210214258112714,58.49372107757777,7.198720902840872,67.55534158445398,58.210214091601486,0.0,0.0,300.042328887623,1.0,58.44054903150209,1.0,186.07935563181854,1.0,55.689484544245715,1.0,0
76,2025-07-10 16:50:48.530253,7.0233867882640615,6.974793503677066,67.56916700862801,62.908888545262045,58.581263744063065,58.26985943689433,58.55273983074328,7.2577396574283854,67.5691664537498,58.269859271139815,0.0,0.0,299.3136630107612,1.0,57.9649615440303,1.0,185.5783645385145,1.0,55.43640170060371,1.0,0
77,2025-07-10 16:50:50.973341,7.0854696485699575,7.034168176055246,57.69920503980293,57.705714548821184,57.75879533784498,58.329013236531004,57.76138074829613,6.466381041138792,57.699205076778355,58.32901349956548,0.0,0.0,0.0,0.0,-97.94088171304338,1.0,-12.366384343636128,1.0,-87.97156863579403,1.0,0
78,2025-07-10 16:50:53.163157,6.980570926574653,6.939947007434414,57.59884796732136,57.60589608153967,57.65733735397547,58.23479111878589,57.659881352054015,6.364881644027281,57.59884800392618,58.23479138268974,0.0,0.0,0.0,0.0,-97.6501135704666,1.0,-12.24243746207776,1.0,-88.26233098375269,1.0,0
79,2025-07-10 16:50:55.020213,6.875983636741823,6.845414418354025,57.49851119764716,57.506082363666216,57.55597395959335,58.140257635851405,57.558479329429005,6.263479620585667,57.49851123390361,58.14025790057187,0.0,0.0,0.0,0.0,-97.37700162929741,1.0,-12.125927972874706,1.0,-88.53544582223094,1.0,0
80,2025-07-10 16:50:57.444686,6.77168885636258,6.7505893065706415,57.39819563360019,57.406274163048266,57.4547009037396,58.04543168219269,57.45717023084982,6.162170521239282,57.39819566952918,58.04543194768034,0.0,0.0,0.0,0.0,-97.12041304169361,1.0,-12.016409690431828,1.0,-88.79203151252568,1.0,0
81,2025-07-10 16:51:00.077456,6.667668893175621,6.6554893833752145,57.29790274628504,57.306472140428134,57.353514357341545,57.95033096593181,57.35595003048624,6.060950320154713,57.297902781906096,57.95033123214044,0.0,0.0,0.0,0.0,-96.8792787006123,1.0,-11.913419045299634,1.0,-89.03316295629793,1.0,0
82,2025-07-10 16:51:02.884922,6.563907197467339,6.560131198564898,57.197633573239,57.206676793565315,57.252410638641166,57.85497203390922,57.25481486943646,5.959815158427161,57.19763360857041,57.85497230079562,0.0,0.0,0.0,0.0,-96.65259903442802,1.0,-11.816547516900755,1.0,-89.25984262248221,1.0,0
83,2025-07-10 16:51:05.551657,6.460388288503975,6.46453022779636,57.09738877347913,57.106888466335185,57.15138598741765,57.75937035908111,57.15376082359009,5.858761111943467,57.09738880853804,57.75937062660482,0.0,0.0,0.0,0.0,-96.43944690424178,1.0,-11.72541266043936,1.0,-89.47298895805034,1.0,0
84,2025-07-10 16:51:07.893721,6.357097664086789,6.368700971634896,56.351412943478884,56.370410732145345,56.45792998261266,57.66338445281885,56.46261684748574,5.167617264132878,56.35141299407436,57.6633848397546,0.0,0.0,0.0,0.0,-139.3471425211601,1.0,-16.921597387522525,1.0,-129.4102010780307,1.0,0
85,2025-07-10 16:51:10.412793,6.207851132211371,6.230097316441994,56.20654442092843,56.22616964510279,56.31202229907107,57.5247798514141,56.31666997565502,5.0216703916776675,56.206544471256755,57.52478023897433,0.0,0.0,0.0,0.0,-139.13828420299978,1.0,-16.83224727344168,1.0,-129.619059396191,1.0,0
86,2025-07-10 16:51:13.261617,6.058828299103394,6.091269966075671,56.061702286417834,56.08193659139561,56.16618989991277,57.38595159452456,56.17080022146716,4.875800636892322,56.06170233649048,57.38595198268229,0.0,0.0,0.0,0.0,-138.93845389986836,1.0,-16.746736093864456,1.0,-129.81889259663149,1.0,0
87,2025-07-10 16:51:16.081587,5.910019489529291,5.952228584974042,55.916886531637736,55.93771179331814,56.02043025078315,57.246909344977794,56.0250049585294,4.730005373382849,55.91688658146564,57.24690973370719,0.0,0.0,0.0,0.0,-138.74724598849753,1.0,-16.664884215629172,1.0,-130.0100889187661,1.0,0
88,2025-07-10 16:51:17.825610,5.7614154777640385,5.8129824261590475,67.07836681176302,61.60723450139629,57.15601339689967,57.107998799616304,57.12701986719425,5.832019776517226,67.07836622644456,57.10799872158281,0.0,0.0,325.1822182144897,1.0,30.32682348361959,1.0,195.75906818204203,1.0,26.098209603446776,1.0,0
89,2025-07-10 16:51:19.973954,5.793896754720675,5.840934682759189,67.08511287383574,61.623682276225836,57.1864617624123,57.135951143464595,57.157655221510254,5.862655132121108,67.08511228927266,57.135951065206356,0.0,0.0,324.8266542186928,1.0,29.896095032313497,1.0,195.5064286266861,1.0,26.173374492373114,1.0,0
90,2025-07-10 16:51:21.960613,5.825916701659428,5.868967442393807,67.0918249761708,61.64015036169756,57.21662053070246,57.163983955357914,57.18798658037889,5.892986492181867,67.09182439235579,57.16398387696534,0.0,0.0,324.4728801352731,1.0,29.497390538040236,1.0,195.25624019479437,1.0,26.218303063956228,1.0,0
91,2025-07-10 16:51:24.160895,5.857509623477396,5.897048326866761,67.09850206072761,61.65662340395289,57.24649834943249,57.19206486228686,57.21802466460715,5.923024577520089,67.09850147765363,57.1920647838366,0.0,0.0,324.1209517302708,1.0,29.12616412288571,1.0,195.00840437785882,1.0,26.237596244982342,1.0,0
92,2025-07-10 16:51:26.869242,5.888704948707602,5.925149869445,67.10514343547246,61.67308848460211,57.27610409304976,57.22016640182578,57.247780026175576,5.952779940127327,67.10514285313269,57.22016632338333,0.0,0.0,323.77090547863247,1.0,28.77873620434457,1.0,194.7628458458439,1.0,26.23498287221082,1.0,0
93,2025-07-10 16:51:28.577534,5.919528162410197,5.953248616798505,67.11174883463808,61.68953474412594,57.305446481202246,57.24826512417639,57.27726276044166,5.9822626753701424,67.1117482530261,57.24826504579818,0.0,0.0,323.4227553881275,1.0,28.452067505213563,1.0,194.51944291176915,1.0,26.21350222284491,1.0,0
94,2025-07-10 16:51:30.992572,5.950001499791565,5.981324360287626,67.11831776654527,61.705952677966756,57.33453390173625,57.27634082370699,57.30648240247924,6.011482318329953,67.1183171856548,57.27634074544177,0.0,0.0,323.0765273736403,1.0,28.143628674683896,1.0,194.27813183483522,1.0,26.175709723474938,1.0,0
95,2025-07-10 16:51:33.539558,5.980144486230717,6.009359620906501,67.1248504290695,61.72233439823835,57.3633742835916,57.30437602396792,57.335447843091465,6.040447759816296,67.12484984889457,57.30437594585811,0.0,0.0,322.7322110057682,1.0,27.851281498669778,1.0,194.03881990115224,1.0,26.12373199895046,1.0,0
96,2025-07-10 16:51:36.140725,6.009974353072637,6.0373392148340725,67.1240551257753,61.71631563739473,57.38638786199229,57.33235420449305,57.35873769662551,6.063737618355426,67.12405454636489,57.332354130100754,0.0,0.0,322.77412897422187,1.0,26.177338011166285,1.0,193.78312658204777,1.0,24.880415556935986,1.0,0
97,2025-07-10 16:51:38.325315,6.038011359353993,6.063987166346567,67.1302096376321,61.731879179729134,57.41338147931746,57.35900207067483,57.38583656294984,6.090836485420205,67.13020905889157,57.35900199651202,0.0,0.0,322.44974375445895,1.0,25.92969631393771,1.0,193.5590892617256,1.0,24.803665839954192,1.0,0
98,2025-07-10 16:51:40.831980,6.06578313265257,6.090552912554605,67.1363294341125,61.7473880450026,57.440162104266456,57.38556772200504,57.412717732896645,6.117717656075554,67.13632885603671,57.38556764809812,0.0,0.0,322.1271882744499,1.0,25.69272250866561,1.0,193.33676135374844,1.0,24.718085124959543,1.0,0
99,2025-07-10 16:51:43.486548,6.093301100509028,6.117027001728243,67.14241475131668,61.76283801307915,57.466735444987684,57.41204170806474,57.43938741681108,6.144387340670059,67.14241417390076,57.41204163443674,0.0,0.0,321.80645009008344,1.0,25.465275055580605,1.0,193.11607332269887,1.0,24.624797567867063,1.0,0
100,2025-07-10 16:51:45.980448,6.120575454608422,6.143401170570546,67.14846560919511,61.77822528941314,57.49310684897142,57.43841576674783,57.465851403432545,6.170851327946093,67.14846503243432,57.43841569341884,0.0,0.0,321.4875281498364,1.0,25.246354383057223,1.0,192.8969672223957,1.0,24.524794048375043,1.0,0
101,2025-07-10 16:51:48.646118,6.147615339795027,6.169668235435163,67.1544822608156,61.793546698477805,57.51928117854485,57.464682715412,57.4921149366613,6.197114861806497,67.15448168470529,57.46468264239953,0.0,0.0,321.17040911528727,1.0,25.035099990304843,1.0,192.6794140797483,1.0,24.418935067274106,1.0,0
102,2025-07-10 16:51:51.420693,6.1744289617111585,6.195821918991893,67.16046472082954,61.80879934970663,57.54526295981789,57.490836277615024,57.518182880031524,6.223182805787741,67.16046414536522,57.490836204934354,0.0,0.0,320.8550922142076,1.0,24.8307469877318,1.0,192.46336174319367,1.0,24.3079652329925,1.0,0
103,2025-07-10 16:51:53.670789,6.201023717694523,6.2218567454346125,67.16641344030499,61.82398095445256,57.571056318834145,57.5168709783457,57.54405965318113,6.249059579529712,67.16641286548226,57.51687090601012,0.0,0.0,320.5415536722014,1.0,24.632628994254446,1.0,192.24878123964118,1.0,24.192548029304817,1.0,0
104,2025-07-10 16:51:56.483047,6.227406276727906,6.247767957953796,67.17232836708635,61.83908928061358,57.59666508144324,57.54278206148056,57.5697493435347,6.27474927045883,67.17232779290097,57.54278198950161,0.0,0.0,320.22979623822386,1.0,24.44014047227938,1.0,192.03562041752775,1.0,24.073271609950098,1.0,0
105,2025-07-10 16:51:59.236387,6.2535826732864574,6.273551420120144,67.17820988848143,61.85412261700539,57.62209280748533,57.56856539120758,57.595255741506996,6.300255668991363,67.1782093149292,57.568565319595265,0.0,0.0,319.91979949848724,1.0,24.252768598103103,1.0,191.82386189299905,1.0,23.950651695940905,1.0,0
106,2025-07-10 16:52:01.513358,6.27955838807448,6.299203556108804,67.1840580913157,61.86907934636111,57.647342734029216,57.594217392230135,57.620582287904504,6.325582215935239,67.18405751839255,57.59421732099308,0.0,0.0,319.6115588766875,1.0,24.07003531573082,1.0,191.61347669296447,1.0,23.825148959417675,1.0,0
107,2025-07-10 16:52:04.172642,6.3053383921761545,6.32472127005365,67.18987301298844,61.883958044187686,57.672417878856365,57.61973496915251,57.64573218272494,6.350732111289393,67.18987244069034,57.61973489829817,0.0,0.0,319.3050724016267,1.0,23.891535001894226,1.0,191.40442425509718,1.0,23.697151639794356,1.0,0
108,2025-07-10 16:52:06.728139,6.330927213191475,6.350101895620645,67.37240269762822,62.41701985599487,57.8748139512636,57.645157052640464,57.84455367729386,6.5495535103592,67.37240212597543,57.645156902130125,0.0,0.0,309.6844991956988,1.0,55.83109921644791,1.0,191.18859790864917,1.0,50.338004051582175,1.0,0
109,2025-07-10 16:52:09.578429,6.390724622390549,6.404015975522871,67.38510243994989,62.44783550361203,57.93053665236072,57.699070853599196,57.90051165948156,6.6055114941363,67.38510186969681,57.69907070350084,0.0,0.0,309.0151351909176,1.0,55.29952702602259,1.0,190.72046809469612,1.0,50.20021962195642,1.0,0
110,2025-07-10 16:52:11.744530,6.44995269232027,6.457782475166748,67.3977425026013,62.47855838325889,57.985823707853974,57.75283705428456,57.9560272504953,6.661027086699386,67.39774193373859,57.75283690462884,0.0,0.0,308.3489167163417,1.0,54.78135199268763,1.0,190.25546737452714,1.0,50.05217871826062,1.0,0
111,2025-07-10 16:52:14.099182,6.508625778141185,6.5113904216864915,67.41032256294629,62.50918348946687,58.04068150077698,57.806444683485594,58.01110722476235,6.716107062477928,67.41032199546473,57.80644453430092,0.0,0.0,307.68586077712405,1.0,54.275832405323854,1.0,189.79353780196107,1.0,49.89463753815926,1.0,0
112,2025-07-10 16:52:16.521248,6.566757431464516,6.56482964009335,67.42284271269571,62.539706394012356,58.09511626995694,57.85988356773575,58.06575817963578,6.770758018827099,67.42284214658629,57.85988341904845,0.0,0.0,307.0259625394695,1.0,53.78227290975701,1.0,189.33462722543482,1.0,49.72829143582658,1.0,0
113,2025-07-10 16:52:18.669386,6.624360462588557,6.618090685763516,67.43530338106594,62.570123173411034,58.149134154501176,57.913144263865625,58.11998658461139,6.824986425244579,67.43530281631979,57.91314411570015,0.0,0.0,306.3691993807138,1.0,53.30004189261217,1.0,188.87868349338532,1.0,49.55376912732845,1.0,0
114,2025-07-10 16:52:20.985551,6.681447004573425,6.671164811917952,67.44770401648468,62.60042965694817,58.20274102565643,57.96621802642457,58.17379861869057,6.878798460733566,67.44770345309303,57.966217878803555,0.0,0.0,305.7156003725226,1.0,52.82853381629593,1.0,188.42567183810388,1.0,49.37167325294922,1.0,0
115,2025-07-10 16:52:23.210311,6.738028545924479,6.72404390628957,67.46004505533006,62.63062250151426,58.25594264593538,58.01909674435858,58.22720032595792,6.932200169380266,67.4600444932843,58.019096597303076,0.0,0.0,305.065142514758,1.0,52.367209781323254,1.0,187.97554010802742,1.0,49.18253981486487,1.0,0
116,2025-07-10 16:52:25.702834,6.79411598477712,6.776720433538084,67.47232653140422,62.66069838808245,58.30874469854152,58.0717728834642,58.28019765456282,6.985197499335629,67.47232597069588,58.07177273699373,0.0,0.0,304.4178240258146,1.0,51.91555116937252,1.0,187.52824194621098,1.0,48.98687584216077,1.0,0
117,2025-07-10 16:52:28.302113,6.8497196837071215,6.829187398591124,67.48454851278846,62.6906542505235,58.361152518625325,58.12423944974686,58.33279618237321,7.037796028468983,67.4845479534092,58.12423930387951,0.0,0.0,303.7736413173389,1.0,51.47308571906706,1.0,187.08373679032775,1.0,48.78516228814078,1.0,0
118,2025-07-10 16:52:30.582511,6.904849475331916,6.8814383193705,67.49671100366908,62.72048720899587,58.41317149713019,58.176489962120364,58.385001530736034,7.090001378128646,67.49671044561062,58.176489816872916,0.0,0.0,303.1325941686827,1.0,51.03936145019361,1.0,186.64199566728712,1.0,48.57783664647286,1.0,0
119,2025-07-10 16:52:33.348411,6.959514733949569,6.933467185041287,67.50881439906723,62.75019480610698,58.46480669084896,58.228518410672095,58.436818966217594,7.1418188148821455,67.5088138423215,58.22851826606011,0.0,0.0,302.49466175950795,1.0,50.61396115024763,1.0,186.2029548362898,1.0,48.36531033504343,1.0,0
120,2025-07-10 16:52:35.808391,7.0137243750197555,6.985268422827291,67.63458977135011,63.09123712741076,58.66536407701756,58.28035395824759,58.635383042222145,7.3403828348683255,67.63458921709463,58.280353767451395,0.0,0.0,295.86543222383955,1.0,69.3492392412054,1.0,185.37008857947512,1.0,63.81156028453461,1.0,0
121,2025-07-10 16:52:37.968102,7.088000267336158,7.053613228960141,57.853227693981474,57.858598423607006,57.89919183393386,58.348491661987566,57.90118942783333,6.606189683600995,57.8532277261201,58.34849189270628,0.0,0.0,0.0,0.0,-85.5411928017702,1.0,-10.748726879228343,1.0,-77.16360047822945,1.0,0
122,2025-07-10 16:52:40.717745,6.996382127526878,6.970967833119747,57.76540906682877,57.77124268791199,57.810454571704895,58.265845468428324,57.812417605525276,6.517417860475971,57.765409098618946,58.265845699964004,0.0,0.0,0.0,0.0,-85.26795917362051,1.0,-10.632188416934696,1.0,-77.43683410637914,1.0,0
123,2025-07-10 16:52:43.263256,6.90505663117251,6.888029794743119,57.677611066126005,57.683892279634215,57.72180729815699,58.18290668431704,57.72373836669064,6.428738620879796,57.677611097591154,58.18290691661422,0.0,0.0,0.0,0.0,-85.01326252883246,1.0,-10.523481381028432,1.0,-77.69151916193096,1.0,0
124,2025-07-10 16:52:44.951387,6.814003927672019,6.80481897678711,57.58983504739378,57.59654763965121,57.63324557366561,58.09969516907456,57.63514705238778,6.340147305866831,57.58983507855563,58.09969540208187,0.0,0.0,0.0,0.0,-84.77577010523873,1.0,-10.4220465908611,1.0,-77.92902027745185,1.0,0
125,2025-07-10 16:52:47.109512,6.723205586177144,6.721353787694765,57.50208268578504,57.509209790518035,57.54476562145067,58.016229327864316,57.5466396864955,6.2516399393121045,57.50208271666378,58.0162295615341,0.0,0.0,0.0,0.0,-84.55421288147136,1.0,-10.327356736183901,1.0,-78.15058039852829,1.0,0
126,2025-07-10 16:52:49.736274,6.632644542730157,6.637651300688956,57.414354508258874,57.421878948561286,57.45636324522435,57.93252623088997,57.45821189453908,6.163212146737503,57.41435453887329,57.93252646517793,0.0,0.0,0.0,0.0,-84.34746380430624,1.0,-10.23895404216546,1.0,-78.3573294756934,1.0,0
127,2025-07-10 16:52:52.341173,6.5423049376554685,6.553727370525235,57.32665108346885,57.33455555446129,57.36803456175784,57.848601730147415,57.369859629841464,6.074859881462822,57.32665111383637,57.848601965012406,0.0,0.0,0.0,0.0,-84.15446535593674,1.0,-10.156380733974402,1.0,-78.55031923213573,1.0,0
128,2025-07-10 16:52:54.866004,6.452172041806003,6.469596746511626,57.23897241716072,57.2472396911195,57.279775662296004,57.764470572219516,57.28157883697064,5.986579088053177,57.23897244729759,57.76447080762334,0.0,0.0,0.0,0.0,-83.9742585270642,1.0,-10.079242777578656,1.0,-78.7305318556264,1.0,0
129,2025-07-10 16:52:57.164811,6.362232153005235,6.385273101163522,57.15131858775996,57.15993161810161,57.191583015918496,57.680146427319464,57.19336585177513,5.898366102354382,57.151318617681305,57.680146663226516,0.0,0.0,0.0,0.0,-83.80593645995305,1.0,-10.007157728182392,1.0,-78.89883653888319,1.0,0
130,2025-07-10 16:52:59.937169,6.272472542718148,6.300769197127924,57.063688962110085,57.072631051823414,57.10345285752789,57.5956420557392,57.10521678919512,5.810217039304238,57.063688991830006,57.5956422921164,0.0,0.0,0.0,0.0,-83.64869949730291,1.0,-9.939792395243785,1.0,-79.05607639884238,1.0,0
131,2025-07-10 16:53:02.830363,6.182881342536054,6.216096879926839,56.97608341723145,56.98533823093017,57.015381937180436,57.510969300917026,57.0171282867071,5.722128536376863,56.97608344676304,57.51096953773357,0.0,0.0,0.0,0.0,-83.5017566737406,1.0,-9.876807793602893,1.0,-79.20301632509563,1.0,0
132,2025-07-10 16:53:05.294302,6.093447518502575,6.131267186180412,56.76676060786719,56.77799551158147,56.81565196722058,57.42610977467153,56.817822578124186,5.522822858356713,56.76676064109526,57.42611003996537,0.0,0.0,0.0,0.0,-93.7234369592943,1.0,-11.113089569221302,1.0,-88.72721291425023,1.0,0
133,2025-07-10 16:53:08.088022,5.993065860581854,6.036236685406657,56.668535644156584,56.68011279264792,56.71692212177058,57.33107879787948,56.719073653605555,5.4240739334048325,56.66853567719894,57.331079063606566,0.0,0.0,0.0,0.0,-93.57853673861882,1.0,-11.05097705760727,1.0,-88.87211023761665,1.0,0
134,2025-07-10 16:53:10.727626,5.892839392839564,5.94105100160079,67.33772283260063,62.35061306092886,57.54379047336868,57.23612762124588,57.51090734708736,6.21590714096815,67.3377222513849,57.23612744147086,0.0,0.0,311.51236725413503,1.0,68.93632634330515,1.0,194.38691420077703,1.0,60.125542855757885,1.0,0
135,2025-07-10 16:53:12.549964,5.966673036466854,6.00544793490198,67.35290073972894,62.387074860142356,57.61154998626046,57.300524241938454,57.57897359404218,6.283973389918043,67.35290016020018,57.30052406256028,0.0,0.0,310.71238687325274,1.0,68.26907606694022,1.0,193.8227096184164,1.0,59.99282002505879,1.0,0
136,2025-07-10 16:53:14.872335,6.039792026622882,6.0697027131353805,67.36801414599668,62.423445244075616,57.67878511741436,57.36477867926464,57.64650697082196,6.351506768645992,67.3680135681443,57.3647785003201,0.0,0.0,309.91580613255456,1.0,67.61751471913158,1.0,193.2620455477263,1.0,59.84778942547564,1.0,0
137,2025-07-10 16:53:17.320199,6.112213170883289,6.133802162238097,67.38306331354782,62.45971868038895,57.745502237530665,57.42887776120541,57.71351429831049,6.418514098038145,67.38306273736133,57.42887758272889,0.0,0.0,309.1226112152467,1.0,66.98085133450604,1.0,192.7048930156161,1.0,59.691262303545045,1.0,0
138,2025-07-10 16:53:19.957296,6.183952421307744,6.1977339605983195,67.39804761741243,62.495889495446285,57.81170764441325,57.49280916813477,57.78000229424682,6.485002095835764,67.39804704288146,57.49280899015835,0.0,0.0,308.33283506155425,1.0,66.35834420194442,1.0,192.15120566514088,1.0,59.52400065154961,1.0,0
139,2025-07-10 16:53:22.520091,6.255024935409316,6.261486613737656,67.41296685280679,62.53195260560437,57.87740765999639,57.55656140736261,57.84597766882272,6.550977472232686,67.41296627992112,57.556561229916355,0.0,0.0,307.5464884649937,1.0,65.74930376189059,1.0,191.60093713935566,1.0,59.34669113173641,1.0,0
140,2025-07-10 16:53:24.840495,6.32544514403464,6.325049365869063,67.42782100812546,62.56790335045891,57.94260841504944,57.620123724767424,57.91144691030021,6.6164467154928595,67.42782043687504,57.62012354787942,0.0,0.0,306.7635720372499,1.0,65.15308681173337,1.0,191.05402949207928,1.0,59.159982741334716,1.0,0
141,2025-07-10 16:53:27.529560,6.395226786640525,6.388412145911917,67.44260996563006,62.6037373001445,58.00731605162306,57.683486050819354,57.97641649561416,6.681416302552882,67.4426093960049,57.68348587451593,0.0,0.0,305.98409198394677,1.0,64.56911678696997,1.0,190.51045954483925,1.0,58.964472326010764,1.0,0
142,2025-07-10 16:53:30.396193,6.464382971944967,6.451565517499583,67.45733375179202,62.639450376005406,58.07153651207538,57.74663895066882,58.040892676838126,6.745892485488006,67.4573331837823,57.74663877497461,0.0,0.0,305.20804690985835,1.0,63.99682291771569,1.0,189.97018094069062,1.0,58.760719066413,1.0,0
143,2025-07-10 16:53:32.982199,6.532926205882974,6.5145006667338965,67.47199222054343,62.67503866609911,58.135275771511594,57.80957361175728,58.10488172121946,6.809881531547103,67.47199165413949,57.80957343669537,0.0,0.0,304.43544451377073,1.0,63.43569817488515,1.0,189.4331299388341,1.0,58.54924737548117,1.0,0
144,2025-07-10 16:53:35.849531,6.6008684496213235,6.577209323648425,67.54752838413856,62.87649611952441,58.28456623845501,57.87230174989974,58.25329182313048,6.958291605451397,67.54752782015493,57.87230155094368,0.0,0.0,300.45416775324844,1.0,72.80251293593665,1.0,188.62366234998262,1.0,66.54061970948533,1.0,0
145,2025-07-10 16:53:39.548736,6.678842939028653,6.648477068460195,67.56415490318527,62.91648223055368,58.35655929643675,57.9435688603452,58.32556749603363,7.030567280235525,67.56415434102433,57.94356866212837,0.0,0.0,299.5778355338384,1.0,72.17342021988316,1.0,188.01406272928034,1.0,66.29338363552506,1.0,0
146,2025-07-10 16:53:46.276501,6.756143645262907,6.719480014567598,67.58071173545538,62.95632296071359,58.42802126864034,58.014571156470225,58.39730618559503,7.1023059716463095,67.580711175107,58.01457095901328,0.0,0.0,298.705176288153,1.0,71.55489688727812,1.0,187.4078587547956,1.0,66.0392432740764,1.0,1
147,2025-07-10 16:53:52.523681,6.832781889007584,6.790210769872733,67.59719908368913,62.996015249636514,58.49895768259207,58.085301247333796,58.46851364943726,7.173513437307518,67.59719852514316,58.085301050656184,0.0,0.0,297.8361793303839,1.0,70.94654310947135,1.0,186.80504463191028,1.0,65.77859265917141,1.0,1
148,2025-07-10 16:53:58.929627,6.908768559459845,6.860662354878714,67.61361677801247,63.0355559950218,58.56937413173425,58.15575215460043,58.53919570335764,7.2441954930175445,67.6136162212589,58.15575195872048,0.0,0.0,296.9708536140666,1.0,70.34799672283043,1.0,186.20557400367943,1.0,65.51181713291498,1.0,1
149,2025-07-10 16:54:05.124361,6.984114164655144,6.930828209208998,67.62996488536024,63.07494240523949,58.63927591298152,58.225917318939345,58.60935784990822,7.314357641329523,67.62996433038917,58.22591712387434,0.0,0.0,296.10919561127156,1.0,69.758898461032,1.0,185.60941789701246,1.0,65.23926147508519,1.0,1
150,2025-07-10 16:54:11.572157,7.058828825311324,7.000702146683709,67.64624318600609,63.11417168092053,58.708668248956315,58.295790555139064,58.67900550813194,7.384005301287369,67.64624263280773,58.29579036090528,0.0,0.0,295.2512169030922,1.0,69.17892092815237,1.0,185.01653574958254,1.0,64.96125887622384,1.0,1
151,2025-07-10 16:54:17.721876,7.132922297875471,7.070278326194927,67.66245188711561,63.153241410791296,58.777556402090376,58.365366023096655,58.74814412694469,7.453143921807955,67.66245133568026,58.365365829709425,0.0,0.0,294.39690657047544,1.0,68.60773672826781,1.0,184.42689858829908,1.0,64.67813093763652,1.0,1
152,2025-07-10 16:54:23.960764,7.2064040099763025,7.139551271017252,67.6785909446894,63.19214919231676,58.84594539349174,58.43463824693095,58.81677890290487,7.521778699450582,67.67859039500745,58.43463805440469,0.0,0.0,293.54626693249105,1.0,68.04504743854523,1.0,183.8404832346896,1.0,64.39018187677448,1.0,1
153,2025-07-10 16:54:30.235591,7.279283057847331,7.208515804064954,67.69466040193832,63.23089279774228,58.91384020094137,58.50360205045453,58.884914981057,7.5899147792606145,67.69465985400021,58.50360185880281,0.0,0.0,292.6992957116297,1.0,67.49056332807868,1.0,183.2572549210454,1.0,64.09769273261645,1.0,1
154,2025-07-10 16:54:36.422780,7.351568229536118,7.2771670746755035,67.71066022643583,63.26947009261748,58.98124575112517,58.57225258377768,58.95255744790205,7.657557247739851,67.71065968023214,58.57225239301325,0.0,0.0,291.85599461699434,1.0,66.94401204981659,1.0,182.67717887965773,1.0,63.800938749523084,1.0,1
155,2025-07-10 16:54:42.605323,7.423268025405513,7.345500508440659,67.72659068036599,63.30787922598995,59.04816680895797,58.640585273279754,59.01971121801145,7.724711019460477,67.72659013588735,58.64058508341459,0.0,0.0,291.0163498296754,1.0,66.40513864056174,1.0,182.10023772667228,1.0,63.500177788000656,1.0,1
156,2025-07-10 16:54:48.919700,7.494390662567826,7.413511817147662,67.78449287578289,63.45731443328989,59.175036947674684,58.708609945082706,59.14603896103278,7.851038743608713,67.78449233364492,58.70860973958436,0.0,0.0,287.964504805719,1.0,72.71722195184793,1.0,181.3174022026942,1.0,68.72867910033165,1.0,1
157,2025-07-10 16:54:55.371799,7.572273802127089,7.487123062652232,67.80175056048344,63.498511275214085,59.24730182470052,58.78222035402106,59.21856083930978,7.923560623656664,67.80175002021853,58.78222014947145,0.0,0.0,287.05490580348476,1.0,72.12493085546612,1.0,180.69095762712095,1.0,68.41137450408041,1.0,1
158,2025-07-10 16:55:01.713187,7.6495225731417715,7.560394460963373,67.81893588461317,63.53953034823552,59.31904529623497,58.85549090821413,59.290556833741185,7.995556619835266,67.8189353462115,58.85549070462566,0.0,0.0,286.1491207023708,1.0,71.54058128321594,1.0,180.06779860002098,1.0,68.08992385856527,1.0,1
159,2025-07-10 16:55:08.220324,7.72614548061797,7.63332157909917,67.8360491973236,63.580369930705324,59.390272184829314,58.928417175439264,59.362031909638524,8.067031697456775,67.83604866077546,58.92841697282355,0.0,0.0,285.2471310996855,1.0,70.96393565575454,1.0,179.44789035368558,1.0,67.7645850242925,1.0,1
160,2025-07-10 16:55:14.573411,7.802150773687363,7.705900241000836,67.85308998460606,63.6210279107489,59.460987249367264,59.000994980381584,59.43299096715093,8.137990756670998,67.85308944990179,59.00099477874959,0.0,0.0,284.34896408722926,1.0,70.39476508566622,1.0,178.83120970964228,1.0,67.43558109405967,1.0,1
161,2025-07-10 16:55:20.866293,7.877546462774723,7.778126524763947,67.87005882732704,63.66150291097179,59.531195056940234,59.073220401808044,59.503438701285326,8.208438492485532,67.87005829445707,59.0732202011701,0.0,0.0,283.45458904933145,1.0,69.83284358284436,1.0,178.2177334894186,1.0,67.10312357142811,1.0,1
162,2025-07-10 16:55:27.260300,7.952340315201095,7.849996736195175,67.8869553890297,63.701793120821115,59.60090016580282,59.14508974620519,59.57337979818715,8.27837959104643,67.8869548579845,59.14508954657093,0.0,0.0,282.56402371958995,1.0,69.2779683356548,1.0,177.60743851454208,1.0,66.76744134381352,1.0,1
163,2025-07-10 16:55:33.643906,8.026539875485295,7.92150741559599,67.90377966325912,63.74189701650372,59.67010697265603,59.21659955446812,59.6428187739872,8.347818568485106,67.90377913402928,59.21659935584667,0.0,0.0,281.67726843822203,1.0,68.72993363515434,1.0,177.00029581192211,1.0,66.4287111470685,1.0,1
164,2025-07-10 16:55:40.054097,8.100152464073197,7.9926553053186895,67.92053185141503,63.78181327699544,59.738819894697805,59.28774656957457,59.71176016086731,8.416759956983963,67.9205313239912,59.28774637197439,0.0,0.0,280.79431259007185,1.0,68.18854246432693,1.0,176.39628220308623,1.0,66.08714738206345,1.0,1
165,2025-07-10 16:55:46.535446,8.173185199524774,8.063437366106038,67.93721195543287,63.821540557149234,59.807043193443064,59.35852775280427,59.78020833008443,8.485208127800536,67.93721142980574,59.35852755623331,0.0,0.0,279.91515607313244,1.0,67.65360939539278,1.0,175.79537450956195,1.0,65.74292388734193,1.0,1
166,2025-07-10 16:55:52.829953,8.245644996640532,8.133850743294362,67.9538199747079,63.86107758662362,59.87478115364317,59.428940250070276,59.84816767325418,8.553167472550951,67.95381945086824,59.42894005453597,0.0,0.0,279.0397989192748,1.0,67.12495769249927,1.0,175.19755534749493,1.0,65.39621739875656,1.0,1
167,2025-07-10 16:55:59.227265,8.31753858778997,8.203892786585186,67.9703559060592,63.90042317835722,59.94203788966068,59.49898141156697,59.9156424055977,8.620642206456877,67.97035538399787,59.498981217076214,0.0,0.0,278.16824129615543,1.0,66.60241351710283,1.0,174.60279574379456,1.0,65.04720465215996,1.0,1
168,2025-07-10 16:56:05.629966,8.388872517384268,8.27356101772607,67.8987389147882,63.707620297111,59.89307171381464,59.56862150023548,59.86859668927989,8.573596536862095,67.8987383935226,59.568621342035215,0.0,0.0,281.94295064642154,1.0,50.975950944120996,1.0,174.33666052284025,1.0,52.90989315199113,1.0,1
169,2025-07-10 16:56:11.749531,8.443469860484424,8.330229694593262,67.91182389119044,63.73973845712359,59.94533869734434,59.62528941625587,59.92099567407464,8.625995522639876,67.91182337130405,59.6252892591347,0.0,0.0,281.2532821488078,1.0,50.64717879861291,1.0,173.87538574212158,1.0,52.548986951705956,1.0,1
170,2025-07-10 16:56:18.069654,8.497715068839401,8.386511822777718,67.92484604583343,63.77165925843645,59.997272607825025,59.68157079231765,59.97306082174618,8.678060671290769,67.92484552731972,59.68157063626935,0.0,0.0,280.5669247911578,1.0,50.31963511214599,1.0,173.41630132705177,1.0,52.190169711252565,1.0,1
171,2025-07-10 16:56:24.420033,8.55160947415904,8.442409645979412,67.93780639913089,63.80338416720962,60.04887705459846,59.737467871895134,60.02479566357768,8.729795514097763,67.93780588198351,59.73746771691376,0.0,0.0,279.88382479063597,1.0,49.99338072821047,1.0,172.95933194759527,1.0,51.83333712750482,1.0,1
172,2025-07-10 16:56:30.522003,8.605154446001318,8.497925283742516,67.95070451492595,63.83491376711027,60.10015338466501,59.79298277441244,60.076201549676334,8.781201401168026,67.95070399913851,59.792982620492154,0.0,0.0,279.2040051357128,1.0,49.66842723604259,1.0,172.50449498760645,1.0,51.478457330063065,1.0,1
173,2025-07-10 16:56:36.737888,8.658351371831646,8.553060828534575,67.96354092971033,63.86624917821017,60.151102944696,59.84811759230991,60.127279825476606,8.832279677936022,67.96354041527651,59.84811743944482,0.0,0.0,278.52743754957754,1.0,49.34477463564235,1.0,172.05178465246718,1.0,51.12554770278166,1.0,1
174,2025-07-10 16:56:43.059099,8.711201653657971,8.60781839337502,67.97631557563457,63.89739119003121,60.201727079303275,59.902874438478875,60.17803183685256,8.88303169027576,67.97631506254798,59.90287428666319,0.0,0.0,277.85412560836437,1.0,49.02243741355505,1.0,171.60120094217746,1.0,50.77457637526095,1.0,1
175,2025-07-10 16:56:49.350870,8.76370670596724,8.662200059242254,67.98902843134597,63.92834060501857,60.25202701232919,59.957255393792074,60.22845880694415,8.933458661327192,67.98902791960028,59.957255243020015,0.0,0.0,277.1840704375068,1.0,48.70141846708975,1.0,171.1527438567373,1.0,50.425537552882815,1.0,1
176,2025-07-10 16:56:55.714147,8.815867933507045,8.716207885977203,68.00167956243892,63.95909826600414,60.30200411635464,60.011262518023635,60.2785621099389,8.983561965277815,68.00167905202778,60.01126236828945,0.0,0.0,276.51726857972716,1.0,48.381729385482686,1.0,170.70640180691043,1.0,50.07841964641102,1.0,1
177,2025-07-10 16:57:01.897632,8.867686757827634,8.76984393231203,68.01426909707054,63.98966505117979,60.35165981349459,60.06489786983424,60.328343170065764,9.033343026356535,68.0142685879876,60.06489772113222,0.0,0.0,275.8537132802651,1.0,48.06338175797009,1.0,170.26218638193313,1.0,49.73321686122745,1.0,1
178,2025-07-10 16:57:08.011802,8.919164623172739,8.82311025318254,68.02679722450257,64.0200418720367,60.400995286717844,60.118163504038485,60.37780316798901,9.082803025227632,68.0267967167415,60.11816335636297,0.0,0.0,275.1933945637167,1.0,47.74637268724291,1.0,169.82009178718727,1.0,49.38990312155056,1.0,1
179,2025-07-10 16:57:14.334467,8.97030295199635,8.87600887276899,68.03926381727895,64.05022944935685,60.450011997408225,60.171061444755445,60.42694356938153,9.13194342756398,68.03926331083339,60.17106129810077,0.0,0.0,274.5363191479008,1.0,47.43071086522832,1.0,169.38011802267283,1.0,49.04848422199848,1.0,1
180,2025-07-10 16:57:20.568195,9.021103196460619,8.928541816054489,68.1169659062806,64.25098073755518,60.57942860178914,60.2236127146879,60.55521581568584,9.260215640478808,68.11696540170138,60.22361254229803,0.0,0.0,270.44088318103763,1.0,58.59778599415222,1.0,168.75592755354774,1.0,57.65558977998353,1.0,1
181,2025-07-10 16:57:26.910282,9.08386383566031,8.990293323889313,68.1318844670362,64.28606888717897,60.638547560169116,60.285363480350505,60.614518213187246,9.319518039353358,68.13188396405681,60.28536330893857,0.0,0.0,269.654572142592,1.0,58.138539329775085,1.0,168.2208641057059,1.0,57.328518354893276,1.0,1
182,2025-07-10 16:57:33.073009,9.146132603006471,9.051694532552341,68.14673283117313,64.32097362896116,60.697239296852786,60.34676394678696,60.673390663818196,9.378390491341605,68.14673232978492,60.34676377635771,0.0,0.0,268.8719609500647,1.0,57.68459184366748,1.0,167.6886921723053,1.0,56.99985920443851,1.0,1
183,2025-07-10 16:57:39.445910,9.20791517632049,9.112743731997924,68.16151146803959,64.35569442910027,60.7555085497081,60.40781240426352,60.73183795095889,9.436837779824122,68.16151096823407,60.407812234821456,0.0,0.0,268.09302486556834,1.0,57.2358218488489,1.0,167.15936539640097,1.0,56.669696350581944,1.0,1
184,2025-07-10 16:57:45.689745,9.269217098764317,9.173439309740921,68.17622016820106,64.39023040636764,60.81335897117406,60.46850724070482,60.78986380802722,9.494863638219217,68.1762196699697,60.46850707225398,0.0,0.0,267.3177749277475,1.0,56.79208737717545,1.0,166.63288957261102,1.0,56.33818335070373,1.0,1
185,2025-07-10 16:57:52.091241,9.330043758114222,9.233779824466895,68.19085939833212,64.42458113623451,60.87079416501997,60.52884701512228,60.84747191333586,9.552471744840016,68.19085890166657,60.528846847666316,0.0,0.0,266.5461865396319,1.0,56.35323487126698,1.0,166.10920675475427,1.0,56.005450583711536,1.0,1
186,2025-07-10 16:57:58.340272,9.390400396261207,9.293763968811719,68.20542897159238,64.45874587861826,60.92781755501072,60.58883042048032,60.90466576351872,9.609665596320832,68.20542847648424,60.58883025402249,0.0,0.0,265.77826954900115,1.0,55.919136849524875,1.0,165.58833432668507,1.0,55.67162553120397,1.0,1
187,2025-07-10 16:58:04.664790,9.45029209905728,9.353390573265777,68.21992911712918,64.49272418796147,60.98443260192182,60.64845628758702,60.96144888894258,9.666448723028806,68.21992862357015,60.64845612213019,0.0,0.0,265.014011878208,1.0,55.48966583035053,1.0,165.0702317260766,1.0,55.33683857208871,1.0,1
188,2025-07-10 16:58:10.895706,9.509723819407531,9.4126586036015,68.23435980635074,64.52651552914242,61.04064265494191,60.70772358254246,61.01782470601016,9.722824541367057,68.23435931433258,60.70772341808915,0.0,0.0,264.25341503423783,1.0,55.06469143483628,1.0,164.55489315831073,1.0,55.00121139334624,1.0,1
189,2025-07-10 16:58:17.069068,9.568700375696038,9.471567168490168,68.24872144286996,64.56011967288399,61.09645097245112,60.76663141424682,61.07379653491413,9.77879637152861,68.24872095238452,60.76663125079922,0.0,0.0,263.496457743906,1.0,54.64409487331068,1.0,164.04227806106064,1.0,54.664854092720816,1.0,1
190,2025-07-10 16:58:23.411581,9.627226453149184,9.530115473700334,68.26301385174096,64.59353610189982,61.15186080409182,60.82517898879278,61.12936768847712,9.834367526336436,68.26301336278009,60.82517882635273,0.0,0.0,262.7431492280659,1.0,54.22776025341136,1.0,163.53239222894445,1.0,54.327879665265755,1.0,1
191,2025-07-10 16:58:29.693004,9.685306618566806,9.58830287130207,68.27723712368434,64.62676451181827,61.20687530665288,60.88336565844259,61.184541382069064,9.889541221160794,68.27723663623989,60.883365497011646,0.0,0.0,261.99348470512024,1.0,53.81558037470313,1.0,163.0252182781078,1.0,53.99038951679813,1.0,1
192,2025-07-10 16:58:36.141534,9.742945319640095,9.64612879695794,68.28345510936443,64.63953509239708,61.25170218001602,60.94118855202044,61.22967520682892,9.934675051317603,68.28345462335905,60.941188394851785,0.0,0.0,261.6657539771202,1.0,52.0105771119006,1.0,162.5439230917891,1.0,52.56486999996923,1.0,1
193,2025-07-10 16:58:42.477115,9.798650790124686,9.702427939398838,68.29722036923775,64.67174374301447,61.304631860569266,60.997486982793696,61.28275261099984,9.987752456643156,68.29721988469585,60.99748682663976,0.0,0.0,260.94022984896907,1.0,51.624412171236145,1.0,162.05446328854123,1.0,52.2254994979221,1.0,1
194,2025-07-10 16:58:48.794138,9.853942661163948,9.758363598979967,68.31091814479322,64.7037635371429,61.35718911821992,61.05342193506688,61.335455854772825,10.040455701560687,68.31091766170714,61.053421779927035,0.0,0.0,260.2182626097778,1.0,51.241619698316754,1.0,161.56757050111992,1.0,51.88633760212724,1.0,1
195,2025-07-10 16:58:55.039197,9.908824546430171,9.81393600026077,68.3245482646609,64.73559439177507,61.40937647214261,61.10899363352492,61.38778749666062,10.092787344583224,68.32454778302301,61.108993479398364,0.0,0.0,259.49986129192405,1.0,50.86210697925253,1.0,161.08322734567082,1.0,51.54744225876584,1.0,1
196,2025-07-10 16:59:01.303097,9.963299957307362,9.869145434602638,68.33811087861726,64.7672364341883,61.461196614343194,61.164202369670704,61.439750268652176,10.144750117699889,68.33811039841996,61.16420221655641,0.0,0.0,258.7850180011555,1.0,50.48581317055323,1.0,160.6014222329577,1.0,51.20889459249156,1.0,1
197,2025-07-10 16:59:07.582652,10.017372344265643,9.923992269979996,68.35160629199751,64.7986899123228,61.51265200488682,61.21904851158733,61.49134666540379,10.196346515567225,68.3516058132333,61.219048359484106,0.0,0.0,258.07371664419935,1.0,50.112662942183306,1.0,160.12212618988997,1.0,50.87074385755841,1.0,1
198,2025-07-10 16:59:13.789600,10.07104506628819,9.978476935535323,68.68390429365219,65.01050347091633,63.275750062115534,61.27361752049082,63.269385573889174,10.071045066288217,68.68390387187979,61.27361727091904,0.0,0.0,240.55932024664236,1.0,0.0,0.0,141.06128037724375,1.0,83.46898810827952,1.0,1
199,2025-07-10 16:59:20.134677,10.071045073161383,10.067875655665059,68.70082518773782,65.05883644437947,63.327478195075784,61.363013473597334,63.321113706774554,10.0710450731614,68.70082476743335,61.36301322669218,0.0,0.0,239.66747243250836,1.0,0.0,0.0,140.57033715175749,1.0,82.57713553632584,1.0,1
200,2025-07-10 16:59:26.326548,10.071045079099514,10.1563191642826,70.26754655666423,68.82353358896687,67.82150263834471,67.82314415774574,67.81513814353772,10.071045079099791,70.2675462818639,61.45131916428259,0.0,0.0,157.09045131512852,1.0,0.0,0.0,91.90664164862028,1.0,0.0,0.0,1
201,2025-07-10 16:59:32.700786,10.071045101638518,10.156319133251223,-8.66982406932948e-10,-1.1091591431977576e-09,6.302936412794224e-11,5.235056164565322e-10,6.320695433714718e-11,10.07104510161966,-8.422648818395829e-10,61.451319133251154,0.0,0.0,0.0,0.0,0.0,0.0,-0.008266747073548686,1.0,0.0,0.0,1
202,2025-07-10 16:59:38.805508,10.071044881619313,10.156318885000234,60.91717121559136,60.92960059575234,60.94908396669074,61.45119451213999,60.95053423582879,9.655534471946961,60.917171241983134,61.451194745721494,0.0,0.0,0.0,0.0,-78.96944396065919,1.0,-8.826698406210198,1.0,-78.12105681921366,1.0,1
203,2025-07-10 16:59:45.218487,9.986465353792061,10.072648012301132,60.83294154660483,60.845438730337705,60.86477510999352,61.36752355852312,60.8662223686666,9.57122260470265,60.83294157296123,61.36752379218676,0.0,0.0,0.0,0.0,-78.94197747077669,1.0,-8.814868693320932,1.0,-78.14852910371428,1.0,1
204,2025-07-10 16:59:51.461543,9.901915244889022,9.988947720667621,60.505772375665344,60.52149758128727,60.557432628293704,61.283764397018665,60.55975288388579,9.26475318131408,60.50577240989681,61.28376468508305,0.0,0.0,0.0,0.0,-99.47454039320291,1.0,-11.448673288327882,1.0,-96.34279267402235,1.0,1
205,2025-07-10 16:59:57.774436,9.795373914471579,9.885760624064831,60.400551117831725,60.41650983363959,60.45190760788441,61.18057700188814,60.454216351174935,9.159216648349858,60.400551151954325,61.18057729020587,0.0,0.0,0.0,0.0,-99.38980279514453,1.0,-11.412262805379214,1.0,-96.42752447746261,1.0,1
206,2025-07-10 17:00:04.083969,9.688923343484294,9.782482772113108,60.29534698311271,60.31152784611801,60.3464169680756,61.07729886756497,60.34871485192925,9.053715148864699,60.295347017132386,61.07729915612218,0.0,0.0,0.0,0.0,-99.30970958350827,1.0,-11.37784277375431,1.0,-96.50761768909888,1.0,1
207,2025-07-10 17:00:10.305379,9.582558556855819,9.679119136695455,60.19015922216546,60.20655141077749,60.2409590359274,60.97393496504345,60.24324667649313,8.94824697320218,60.19015925608783,60.97393525382704,0.0,0.0,0.0,0.0,-99.2339913085516,1.0,-11.345297301090795,1.0,-96.58333016943743,1.0,1
208,2025-07-10 17:00:16.483713,9.476274866795372,9.575674411597692,60.08498710105237,60.10158026461821,60.13553206843696,60.87048998727298,60.13781004443248,8.84281034092751,60.08498713488273,60.870490276270594,0.0,0.0,0.0,0.0,-99.16241328824071,1.0,-11.314524981571594,1.0,-96.65490818974831,1.0,1
209,2025-07-10 17:00:22.864043,9.370067839624236,9.472153027561472,59.979830057359216,59.99661428573842,60.030134562030725,60.76696836419127,60.03240341763262,8.737403713925314,59.97983009110256,60.76696865339122,0.0,0.0,0.0,0.0,-99.09474084054182,1.0,-11.28542440937963,1.0,-96.72258063744721,1.0,1
210,2025-07-10 17:00:29.167848,9.263933295797225,9.368559163274377,59.87468733300038,59.8916531674984,59.924764975730845,60.66337427373194,59.92702522408707,8.632025520188437,59.87468736666147,60.66337456312319,0.0,0.0,0.0,0.0,-99.0307537699664,1.0,-11.25791156255218,1.0,-96.78656191340451,1.0,1
211,2025-07-10 17:00:35.447240,9.157867284839384,9.264896761571473,59.769558409046404,59.78669680273819,59.81942188108568,60.55971165811664,59.8216740035185,8.526674299438946,59.76955844262969,60.55971194768878,0.0,0.0,0.0,0.0,-98.97024347026218,1.0,-11.23188793258123,1.0,-96.8470606238725,1.0,1
212,2025-07-10 17:00:41.753863,9.051866075587608,9.161169572963027,59.66444250802055,59.68174484730031,59.714103886031374,60.45598426704208,59.71634833774796,8.421348633497367,59.664442541530235,60.45598455678531,0.0,0.0,0.0,0.0,-98.91303900019466,1.0,-11.207275292122176,1.0,-96.90427958048531,1.0,1
213,2025-07-10 17:00:48.032880,8.945926140918852,9.057381095717599,59.55933925907445,59.576797298715945,59.60880979761391,60.352195598303005,59.61104700580287,8.316047301390485,59.559339292514544,60.35219588820799,0.0,0.0,0.0,0.0,-98.85892885620251,1.0,-11.184001208448535,1.0,-96.95837813524122,1.0,1
214,2025-07-10 17:00:54.400779,8.840044157833553,8.953534679584571,59.454247924343896,59.4718538239924,59.503538307914454,60.24834900097162,59.505768676160876,8.210768971595495,59.45424795771819,60.24834929102958,0.0,0.0,0.0,0.0,-98.80775948090559,1.0,-11.161990351524764,1.0,-97.00954171592002,1.0,1
215,2025-07-10 17:01:00.665654,8.734216979550697,8.84963346476548,59.34916796757049,59.36691425319749,59.39828821234705,60.144447614693945,59.40051212007948,8.105512415369411,59.3491680008825,60.1444479048966,0.0,0.0,0.0,0.0,-98.75936862499657,1.0,-11.141164494006262,1.0,-97.0579354691381,1.0,1
216,2025-07-10 17:01:06.980818,8.62844162938248,8.745680419370261,59.384891673042084,59.40100520572115,59.42235612138934,60.040528506134905,59.42406760439065,8.129067865151058,59.38489170182135,60.04052876638044,0.0,0.0,0.0,0.0,-87.2110105211732,1.0,-9.625190988344912,1.0,-87.03881185454065,1.0,1
217,2025-07-10 17:01:13.162284,8.535035044399761,8.652458268110463,59.29155519615316,59.307683012786384,59.32900396755075,59.947306338463186,59.33071485242307,8.035715113168292,59.29155522492589,59.94730659872389,0.0,0.0,0.0,0.0,-87.20593153839218,1.0,-9.623003520005113,1.0,-87.04388504270355,1.0,1
218,2025-07-10 17:01:19.429248,8.441633902359188,8.559230680475675,59.19822032869842,59.214361467749576,59.235654180962676,59.854078735368596,59.23736449910861,7.942364759839516,59.19822035746496,59.85407899564361,0.0,0.0,0.0,0.0,-87.20114518382616,1.0,-9.620937738645807,1.0,-87.04867139726957,1.0,1
219,2025-07-10 17:01:25.691194,8.348237890242684,8.465997966638666,59.104886490150605,59.12104019077658,59.142306408745085,59.760846006987904,59.14401619520825,7.849016455925707,59.10488651891136,59.76084626727639,0.0,0.0,0.0,0.0,-87.19664566285701,1.0,-9.618999438885112,1.0,-87.05317671285684,1.0,1
220,2025-07-10 17:01:31.965211,8.25484669712143,8.372760430588595,59.011554016192605,59.02771951303598,59.04896070245374,59.66760845725183,59.05066998693962,7.755670247644378,59.01155404494788,59.66760871755298,0.0,0.0,0.0,0.0,-87.19239820777602,1.0,-9.617168339559612,1.0,-87.05741257870159,1.0,1
221,2025-07-10 17:01:38.287180,8.161460048101642,8.27951835689467,58.91822243239291,58.93439905383438,58.95561678370569,59.57436637068922,58.95732559764394,7.662325858336788,58.91822246114304,59.574366631002285,0.0,0.0,0.0,0.0,-87.1884173051285,1.0,-9.615447337978367,1.0,-87.06139927596723,1.0,1
222,2025-07-10 17:01:44.550617,8.068077668078745,8.18627201671498,58.82489197634857,58.84107905449603,58.8622746450582,59.48112001840942,58.863983015115465,7.568983275797085,58.82489200509385,59.481120278733684,0.0,0.0,0.0,0.0,-87.18465949527854,1.0,-9.613827742214198,1.0,-87.0651425992719,1.0,1
223,2025-07-10 17:01:50.837625,7.974699308473998,8.093021665011916,58.73156241539716,58.747759342531346,58.76893412021465,59.387869655301365,58.770642073029826,7.475642333700894,58.73156244413791,59.38786991563618,0.0,0.0,0.0,0.0,-87.18113057284427,1.0,-9.612309552267106,1.0,-87.06867152170616,1.0,1
224,2025-07-10 17:01:56.948144,7.881324728992034,7.999767532369602,58.63823374804604,58.654439944944535,58.67559515461886,59.294615511941444,58.677302715202785,7.382302975863917,58.63823377678251,59.294615772286186,0.0,0.0,0.0,0.0,-87.17780735935321,1.0,-9.610881178900854,1.0,-87.07199183788816,1.0,1
225,2025-07-10 17:02:03.246775,7.787953707913117,7.906509846788034,58.54490595030776,58.561120868749924,58.58225763876209,59.20135781626407,58.58396482982796,7.288965090479749,58.54490597904019,59.20135807661815,0.0,0.0,0.0,0.0,-87.17468116287819,1.0,-9.609528135570145,1.0,-87.07511513705413,1.0,1
226,2025-07-10 17:02:09.595836,7.6945860346011905,7.813248814500028,58.451578882119584,58.46780201666135,58.48892146499941,59.108096774465004,58.49062830896127,7.195628569604263,58.45157891084823,59.10809703482788,0.0,0.0,0.0,0.0,-87.17174039418296,1.0,-9.608262011511215,1.0,-87.07805590574935,1.0,1
227,2025-07-10 17:02:15.844404,7.60122150877659,7.719984629438207,58.358252576484986,58.37448344145377,58.39558658939768,59.014832580479705,58.39729310677639,7.102293367411126,58.35825260521008,59.01483284085084,0.0,0.0,0.0,0.0,-87.16897925864941,1.0,-9.607074114796887,1.0,-87.08081993859196,1.0,1
228,2025-07-10 17:02:22.103413,7.507859945748107,7.626717486461582,58.23967836377735,58.25622512033561,58.279061184752855,58.92155931047754,58.28085804721417,6.985858314289451,58.23967839334314,58.92155957646683,0.0,0.0,0.0,0.0,-89.3230126519029,1.0,-9.88824347246009,1.0,-88.95980309091556,1.0,1
229,2025-07-10 17:02:28.355212,7.41219131680354,7.531437869737724,58.144158467365315,58.16073488899242,58.18350780628844,58.82627965913938,58.18530339490142,6.890303661945209,58.14415849691753,58.826279925160144,0.0,0.0,0.0,0.0,-89.31248093347222,1.0,-9.883703389164111,1.0,-88.97032901472812,1.0,1
230,2025-07-10 17:02:34.608945,7.316533966913554,7.436146985980468,58.04864117249229,58.06524557252206,58.08795900397643,58.73098874273818,58.089753393557075,6.7947536605712155,58.04864120203173,58.73098900878859,0.0,0.0,0.0,0.0,-89.30256344456211,1.0,-9.879432755610651,1.0,-88.98024650363823,1.0,1
231,2025-07-10 17:02:40.988956,7.220887241793572,7.340845478165078,57.95312643218234,57.9697571965672,57.99241456132399,58.63568720419255,57.99420782138915,6.699208088375343,57.95312646170974,58.63568747027089,0.0,0.0,0.0,0.0,-89.2932167255367,1.0,-9.875405496018175,1.0,-88.98958453073647,1.0,1
232,2025-07-10 17:02:47.306801,7.125250529154133,7.24553397003629,57.85761382339076,57.8742694649891,57.896874070944676,58.54037566708274,57.89866626849321,6.603666535453107,57.85761385290683,58.5403759331874,0.0,0.0,0.0,0.0,-89.28442339254161,1.0,-9.871615815768564,1.0,-88.99838945296779,1.0,1
233,2025-07-10 17:02:53.659878,7.0296232365797255,7.15021303163988,57.762103496743684,57.77878257813424,57.80133743992403,58.44505470140318,57.8031286361661,6.50812890310122,57.76210352624907,58.44505496753262,0.0,0.0,0.0,0.0,-89.27613419132285,1.0,-9.868040536389344,1.0,-89.00667575687748,1.0,1
234,2025-07-10 17:02:59.807469,6.934004820383009,7.054883216177422,57.66659530244162,57.683296471206106,57.70580445645793,58.34972486025134,57.7075947095272,6.412594976438967,57.66659533193693,58.34972512640411,0.0,0.0,0.0,0.0,-89.26832594340794,1.0,-9.864673863262396,1.0,-89.01447821017427,1.0,1
235,2025-07-10 17:03:06.250189,6.838394769304997,6.959545042852925,57.571089079525876,57.5878110657087,57.610274874546604,58.25438666272103,57.61206423912731,6.317064506017069,57.571089109011716,58.2543869288958,0.0,0.0,0.0,0.0,-89.26096677839723,1.0,-9.861504207151484,1.0,-89.02183447787593,1.0,1
236,2025-07-10 17:03:12.627496,6.742792597897151,6.864198994906119,57.47558463155383,57.49232624784703,57.51474847949292,58.15904059196705,57.516537008097664,6.22153727496671,57.475584661030744,58.15904085816252,0.0,0.0,0.0,0.0,-89.2540364151273,1.0,-9.858519978820368,1.0,-89.0287619438368,1.0,1
237,2025-07-10 17:03:18.719283,6.647197847204917,6.768845527840394,57.38008195858369,57.396842072755106,57.41922510047607,58.0636871034034,57.42101284113519,6.126013107984715,57.38008198805219,58.06368736961839,0.0,0.0,0.0,0.0,-89.24750877781662,1.0,-9.855703794414694,1.0,-89.03528958114748,1.0,1
238,2025-07-10 17:03:25.006495,6.551610086273071,6.673485068002378,57.28458094067682,57.30135848699056,57.32370459141301,57.96832662333533,57.32549159019418,6.030491857025335,57.28458097013739,57.9683268895687,0.0,0.0,0.0,0.0,-89.24136358530177,1.0,-9.853052756625402,1.0,-89.04143477366233,1.0,1
239,2025-07-10 17:03:31.234228,6.456028912084524,6.578118028199394,57.1890814392535,57.20587541926075,57.22818674392613,57.87295956443185,57.22997304409304,5.934973310906869,57.18908146870661,57.872959830682554,0.0,0.0,0.0,0.0,-89.2355689671831,1.0,-9.850558173525314,1.0,-89.04723228909006,1.0,1
240,2025-07-10 17:03:37.392068,6.360453940551747,6.482744776176705,57.28480968581075,57.29944005077539,57.308409322512546,57.77763270349876,57.309511278736714,6.014511492612052,57.284809708234185,57.7776329242976,0.0,0.0,0.0,0.0,-71.53035378223649,1.0,-7.499490380382667,1.0,-73.84591215554792,1.0,1
241,2025-07-10 17:03:43.712320,6.283841985621246,6.403652759330784,57.20728529271516,57.22170587286451,57.23108381723374,57.69854090778615,57.23219339483935,5.937193608950222,57.207285315240455,57.69854112834945,0.0,0.0,0.0,0.0,-71.60912871825076,1.0,-7.533556940302333,1.0,-73.76713142491553,1.0,1
242,2025-07-10 17:03:50.030038,6.207145656645644,6.324645122021805,57.12973655605493,57.14396277552417,57.15372126426028,57.619533476549094,57.15483797246928,5.859838186799875,57.129736578675185,57.61953369689268,0.0,0.0,0.0,0.0,-71.68261316792268,1.0,-7.565317242210767,1.0,-73.69365276986173,1.0,1
243,2025-07-10 17:03:56.167605,6.130370622831015,6.245716186254879,57.05216628592533,57.06621189297454,57.07632486864392,57.54060473281227,57.077448234424935,5.782448448960359,57.052166308634135,57.54060495295103,0.0,0.0,0.0,0.0,-71.75112004063067,1.0,-7.594930638106234,1.0,-73.62514589715374,1.0,1
244,2025-07-10 17:04:02.491041,6.053522216913457,6.166860620389075,56.9745745920676,56.98845324355861,56.99889613222832,57.46174934590288,57.00002573478421,5.705025949510713,56.974574614858966,57.46174956585053,0.0,0.0,0.0,0.0,-71.81502598655243,1.0,-7.622547788059819,1.0,-73.5612312593048,1.0,1
245,2025-07-10 17:04:08.801563,5.976605371820924,6.088073512490183,56.896963733640256,56.91068758179059,56.921437656551646,57.3829624047364,56.922573088514895,5.627573303419572,56.8969637565086,57.38296262450587,0.0,0.0,0.0,0.0,-71.87461494197578,1.0,-7.648290379052014,1.0,-73.5016394065724,1.0,1
246,2025-07-10 17:04:14.935487,5.899624699041558,6.009350231780508,56.819335310163815,56.83291556949389,56.84395170253511,57.304239279338375,56.84509258234045,5.550092797411238,56.81933533310393,57.30423949894173,0.0,0.0,0.0,0.0,-71.93017084318853,1.0,-7.672294584608608,1.0,-73.44608350535964,1.0,1
247,2025-07-10 17:04:17.819991,5.822584523689022,5.9306864456933415,56.74169072709592,56.75513775749148,56.76644021874903,57.22557563800507,56.76758618751661,5.47258640274224,56.74169075010291,57.22557585745355,0.0,0.0,0.0,0.0,-71.9819573453151,1.0,-7.694661810546677,1.0,-73.39428541399684,1.0,0
248,2025-07-10 17:04:20.688022,5.745488882413808,5.852078144213917,56.664030961249274,56.67735438167494,56.68890484434651,57.14696747131843,56.69005556656911,5.3950557819391145,56.66403098431861,57.14696769062259,0.0,0.0,0.0,0.0,-72.03024389809798,1.0,-7.715510846537654,1.0,-73.34601624506831,1.0,0
249,2025-07-10 17:04:23.875789,5.6683415222675135,5.7735215390848715,56.58635747096766,56.599566138707765,56.61134749953645,57.06841099182006,56.61250266017528,5.317502875679824,56.5863574940951,57.06841121098963,0.0,0.0,0.0,0.0,-72.07523910778946,1.0,-7.734943098398617,1.0,-73.30100365152248,1.0,0
250,2025-07-10 17:04:26.563961,5.591145969342934,5.695013142330881,56.50867104896902,56.52177319764444,56.53376957026718,56.989902712082696,56.53492887505735,5.239929090687308,56.50867107215062,56.989902931126856,0.0,0.0,0.0,0.0,-72.11718345104146,1.0,-7.7530570746375815,1.0,-73.25906220557954,1.0,0
251,2025-07-10 17:04:28.889999,5.51390549244179,5.6165496710520735,56.4309728394041,56.44397606977529,56.4561726378487,56.91143934979723,56.45733581089177,5.1623360266386,56.430972862636146,56.91143956872451,0.0,0.0,0.0,0.0,-72.15627104756095,1.0,-7.769931002599151,1.0,-73.21997171175099,1.0,0
252,2025-07-10 17:04:31.901157,5.436623157444565,5.538128064508578,56.46538161693905,56.47712152647894,56.48165590613841,56.833045103439126,56.48242378607773,5.187423965237278,56.46538163528549,56.83304529110967,0.0,0.0,0.0,0.0,-59.919697739019284,1.0,-6.135944304332952,1.0,-62.766190894762985,1.0,0
253,2025-07-10 17:04:34.263581,5.372446691587603,5.47090288809636,56.4001003531238,56.411572582521444,56.41661222652724,56.765820199017604,56.4173892378371,5.122389417329494,56.40010037161435,56.765820386355315,0.0,0.0,0.0,0.0,-60.03101814769707,1.0,-6.1841439378440555,1.0,-62.65487628070332,1.0,0
254,2025-07-10 17:04:36.921075,5.308150999048017,5.403796932123247,56.33478249072442,56.346010226757414,56.35151491100152,56.69871449375572,56.35230039375001,5.057300573549596,56.33478250934793,56.69871468078622,0.0,0.0,0.0,0.0,-60.1337567269411,1.0,-6.228611837286735,1.0,-62.55212611222305,1.0,0
255,2025-07-10 17:04:39.665293,5.24374526895585,5.3368010291289725,56.26943115574281,56.28043550369273,56.286368270848044,56.631718821790066,56.28716160920336,4.9921617892864525,56.26943117448899,56.63171900853706,0.0,0.0,0.0,0.0,-60.22857696052597,1.0,-6.269637733566924,1.0,-62.4573116732563,1.0,0
256,2025-07-10 17:04:42.446805,5.179237981096953,5.269906675536774,56.20404965549588,56.21484977263688,56.221176577249494,56.56482468111237,56.22197719543985,4.926977375784506,56.204049674355204,56.56482486759778,0.0,0.0,0.0,0.0,-60.31605831026354,1.0,-6.3074794871909035,1.0,-62.36982452890061,1.0,0
257,2025-07-10 17:04:45.546578,5.114637004725957,5.20310602551958,56.13864056772043,56.14925390967518,56.155943398174784,56.498024227264,56.15675075878286,4.861750939368808,56.138640586684105,56.49802441350811,0.0,0.0,0.0,0.0,-60.39675705949321,1.0,-6.342377574810598,1.0,-62.28912577967094,1.0,0
258,2025-07-10 17:04:51.954602,5.049949591137353,5.1363918084231175,56.073206482351914,56.0836489289596,56.09067224928883,56.43131019090186,56.09148585163725,4.796486032445757,56.07320650141182,56.43131037692342,0.0,0.0,0.0,0.0,-60.4711918265366,1.0,-6.374560883841696,1.0,-62.214691012627554,1.0,0
259,2025-07-10 17:04:54.867656,4.98518245651007,5.0697573081502085,56.00774959887935,56.018035623945316,56.02536623765939,56.3646758571512,56.0261856159994,4.731185797013141,56.00774961802796,56.364676042967524,0.0,0.0,0.0,0.0,-60.53983197546131,1.0,-6.40422932860929,1.0,-62.14605086370284,1.0,0
260,2025-07-10 17:04:57.471269,4.920341803225625,5.0031963280641625,55.942272056757076,55.952414842319065,55.960028271147166,56.29811503045453,55.960852991312464,4.665853172515428,55.94227207598746,56.298115216081634,0.0,0.0,0.0,0.0,-60.603117897244374,1.0,-6.431579926129416,1.0,-62.08276494191978,1.0,0
261,2025-07-10 17:05:00.215064,4.85543336632526,4.936703131146069,67.2972997968828,62.28501677015767,56.86536306382878,56.23185904585891,56.826226212507486,5.531225905474272,67.29729919552017,56.23185878193122,0.0,0.0,313.64294001602144,1.0,102.68689704503231,1.0,201.1250178361479,1.0,88.27030437828398,1.0,0
262,2025-07-10 17:05:02.746374,4.965415261636103,5.031244262167548,67.31888746402475,62.33681200127876,56.96403504876433,56.32639938325412,56.92534358859888,5.63034328424092,67.31888686506564,56.326399120053246,0.0,0.0,312.50512107717725,1.0,101.79215875325553,1.0,200.32117102687153,1.0,88.02722014820574,1.0,0
263,2025-07-10 17:05:05.565979,5.074438859223022,5.125525042635197,67.34040459772018,62.3884665805662,57.06200469189748,56.42067933905381,57.02374945676594,5.728749155041908,67.34040400115293,56.42067907660998,0.0,0.0,311.3710197374034,1.0,100.91124642030991,1.0,199.5212124063528,1.0,87.77403010412854,1.0,0
264,2025-07-10 17:05:08.479747,5.182518958409257,5.219534640597803,67.27241528548568,62.19879911729596,57.00902395884566,56.514653206096014,56.97268704161566,5.677686782043347,67.27241468938894,56.514652978473514,0.0,0.0,314.9545253839708,1.0,86.81365327561252,1.0,199.36384796210405,1.0,76.12807614464145,1.0,0
265,2025-07-10 17:05:10.990861,5.275499959867554,5.301070950842624,67.29108398439912,62.24402782089711,57.09357220454567,56.59618888981316,57.0576040416072,5.762603784326136,67.2910833903715,56.59618866284148,0.0,0.0,313.9705562015842,1.0,86.04734689981797,1.0,198.67183728251803,1.0,75.91041290424982,1.0,0
266,2025-07-10 17:05:13.542913,5.367660216361516,5.382374127602682,67.30968313372433,62.28912603377453,57.17750630561484,56.67749141406152,57.14189883886282,5.846898583833364,67.30968254175478,56.677491187769355,0.0,0.0,312.99025276214996,1.0,85.29430150758799,1.0,197.9835177746736,1.0,75.68314798163556,1.0,0
267,2025-07-10 17:05:16.329008,5.459013929051204,5.463433895762094,67.32821280567087,62.33408946944336,57.26083218773344,56.75855050537857,57.22557767729863,5.930577424482649,67.32821221574844,56.7585502797931,0.0,0.0,312.01361125972596,1.0,84.55400717252815,1.0,197.29886046548017,1.0,75.44679420050215,1.0,0
268,2025-07-10 17:05:19.718751,5.549574749413043,5.544240520101579,67.34667263389699,62.378913806461064,57.343555725159774,56.83935643013929,57.308646737667786,6.013646487028546,67.34667204601085,56.839356205286236,0.0,0.0,311.04065100305036,1.0,83.82599742787988,1.0,196.61782479261092,1.0,75.20183830877158,1.0,0
269,2025-07-10 17:05:22.444878,5.639355848394754,5.624784785736589,67.3650626114151,62.423595145877215,57.425682439739724,56.91989997495775,57.39111182407548,6.096111575577561,67.36506202555454,56.91989975086149,0.0,0.0,310.0713723604145,1.0,83.10983477997524,1.0,195.94037598835712,1.0,74.94872938934805,1.0,0
270,2025-07-10 17:05:25.583806,5.728369908634711,5.705057965007467,67.38338217355451,62.46812946829879,57.50721794128645,57.000172413544085,57.4729788178516,6.177978571460819,67.38338158970885,57.00017219022774,0.0,0.0,309.1058050938593,1.0,82.40510491361874,1.0,195.2664908742463,1.0,74.6878904493542,1.0,0
271,2025-07-10 17:05:28.800205,5.816629165860983,5.785051771823804,67.40163142108176,62.512513320566875,57.58816779986929,57.08016546117481,57.55425354307314,6.259253298756547,67.40163083924048,57.080165238660264,0.0,0.0,308.1439438922935,1.0,81.71139641092395,1.0,194.59612888795164,1.0,74.41972711205835,1.0,0
272,2025-07-10 17:05:31.784946,5.904145433536006,5.864758363500386,67.41981033080467,62.55674336117415,57.66853760815334,57.15987127643863,57.63494183474939,6.339941592475103,67.41980975095727,57.15987105474664,0.0,0.0,307.18578997810494,1.0,81.02835000556752,1.0,193.92927844023689,1.0,74.1446247195654,1.0,0
273,2025-07-10 17:05:34.786324,5.9909301335334995,5.944170308733647,67.43791843575438,62.600816162682,57.74833272293861,57.23928242921537,57.71504927887549,6.420049038612708,67.43791785789051,57.239282208365616,0.0,0.0,306.2313679637731,1.0,80.35560353391702,1.0,193.26588737953898,1.0,73.86293964088964,1.0,0
274,2025-07-10 17:05:38.172331,6.0769942968662765,6.02328055635586,67.45595598010854,62.64472886455678,57.82755851189289,57.31839186950299,57.7945814585044,6.499581220223333,67.4559554042179,57.31839164951411,0.0,0.0,305.2806649794512,1.0,79.69282380543063,1.0,192.60594411662169,1.0,73.57501955311818,1.0,0
275,2025-07-10 17:05:41.352134,6.162348591583238,6.102082431772531,67.47392278605456,62.68847851853962,57.90622027877864,57.39719292379607,57.87354388407127,6.5785436477430945,67.47392221212696,57.397192704685736,0.0,0.0,304.33369039709027,1.0,79.03967762956654,1.0,191.94940229454005,1.0,73.28119185217474,1.0,0
276,2025-07-10 17:05:44.572048,6.247003341308771,6.180569610997783,67.48787217714008,62.72142953055094,57.978259530407264,57.47567785608033,57.9459499201864,6.650949687639526,67.48787160509666,57.47567763938949,0.0,0.0,303.59846128418474,1.0,77.77502830094818,1.0,191.31924916337084,1.0,72.47199661037484,1.0,0
277,2025-07-10 17:05:47.903132,6.330303599004248,6.2581901046897235,67.50556825062665,62.76456222733787,58.05524061037427,57.553297512714195,58.02321798309455,6.728217752429243,67.50556768051162,57.55329729693059,0.0,0.0,302.66575616955663,1.0,77.14573856787865,1.0,190.67430237214467,1.0,72.16857302182689,1.0,0
278,2025-07-10 17:05:50.566139,6.412929861129289,6.33548561766639,67.523193745098,62.807524721851216,58.13167717887682,57.63059217797689,58.099936408291356,6.804936179481595,67.52319317690143,57.630591963115386,0.0,0.0,301.7367710557832,1.0,76.52515524853243,1.0,190.03267010248237,1.0,71.86017475362405,1.0,0
279,2025-07-10 17:05:53.156651,6.494891451037915,6.4124508233844635,67.54074824305943,62.850314482514946,58.20757428804374,57.70755652620916,58.17611041920977,6.881110192230314,67.54074767677153,57.70755631228384,0.0,0.0,300.81152794771253,1.0,75.91301179047605,1.0,189.39431758667524,1.0,71.5470683581998,1.0,0
280,2025-07-10 17:05:55.929143,6.57619741496043,6.489080682355089,67.55823195469857,62.89292945751896,58.28293668502306,57.784185518748856,58.25174491983276,6.956744694659132,67.55823139030957,57.78418530577303,0.0,0.0,299.89001576700815,1.0,75.30905323051229,1.0,188.75923323548705,1.0,71.22951459336946,1.0,0
281,2025-07-10 17:05:58.741702,6.656856507283956,6.565370422903003,67.5756449198963,62.93536760763772,58.35776939045383,57.86047438474809,58.326845086924344,7.031844863532815,67.57564435739658,57.86047417273432,0.0,0.0,298.9722324116716,1.0,74.71303329737111,1.0,188.12737069197283,1.0,70.90775393578497,1.0,0
282,2025-07-10 17:06:02.038821,6.736877245473743,6.64131554466331,67.59298708361257,62.97762695128925,58.432076981857655,57.93641862460377,58.40141564182452,7.106415420192045,67.59298652299252,57.93641841356394,0.0,0.0,298.05818078269596,1.0,74.12472020632777,1.0,187.49871257227824,1.0,70.58202106748013,1.0,0
283,2025-07-10 17:06:05.193173,6.816267876242765,6.71691179600399,67.6102580994307,63.019705442294196,58.50586412639494,58.01201398742504,58.47546139321909,7.180461173323298,67.61025754068079,58.012013777370356,0.0,0.0,297.1478791386273,1.0,73.54388796727562,1.0,186.8732414925489,1.0,70.25254197856157,1.0,0
284,2025-07-10 17:06:08.210295,6.895036408107277,6.7921551690233715,67.62745848667068,63.06160163277787,58.57913543016135,58.08725646597294,58.5489870786144,7.253986860433577,67.6274579297815,58.08725625691395,0.0,0.0,296.2413001077192,1.0,72.97031928203523,1.0,186.25092847969427,1.0,69.91953106989968,1.0,0
285,2025-07-10 17:06:10.832234,6.973190622777922,6.86704187144343,67.64458801897068,63.10331373532839,58.65189539161796,58.162142268661164,58.6219973254954,7.3269971090084365,67.64458746393284,58.16214206060783,0.0,0.0,295.3384556208044,1.0,72.40380844166339,1.0,185.63175035524182,1.0,69.58319405043767,1.0,0
286,2025-07-10 17:06:13.505958,7.050738081165154,6.94156834121041,67.66164664952902,63.14484016107879,58.72414844813926,58.23666783407409,58.69449669409214,7.399496479278528,67.66164609633323,58.23666762703574,0.0,0.0,294.4393481446509,1.0,71.84415842914404,1.0,185.01567814610098,1.0,69.24373083450064,1.0,0
287,2025-07-10 17:06:16.007154,7.127686134130643,7.015731228165946,57.91216990370337,57.913673117702864,57.96220985252911,58.3106294874741,57.96433214890331,6.6693323978702965,57.91216993735068,58.31062969702756,0.0,0.0,0.0,0.0,-83.26671537361108,1.0,-11.253301943838778,1.0,-70.08490657369748,1.0,0
288,2025-07-10 17:06:19.366617,7.038504052797151,6.940667403188897,57.89294898024681,57.89420328540135,57.93622769623259,58.23557983724456,57.93806245334144,6.6430626832316335,57.892949011357544,58.23558003047565,0.0,0.0,0.0,0.0,-76.88650473710368,1.0,-10.404949570101962,1.0,-64.62591273646012,1.0,0
289,2025-07-10 17:06:21.644618,6.956155438477502,6.871450388686356,57.81656892034426,57.81824343791724,57.858345983287435,58.1663616553977,57.86012445006002,6.565124678562154,57.8165689508674,58.16636185001687,0.0,0.0,0.0,0.0,-76.42226890652637,1.0,-10.208427993916303,1.0,-65.09015146434649,1.0,0
290,2025-07-10 17:06:24.799155,6.874304047765599,6.801736151961645,57.74016143757382,57.74227132745466,57.780578290550565,58.09664633979712,57.7823057454443,6.4873059726709545,57.740161467556284,58.09664653569174,0.0,0.0,0.0,0.0,-75.99568650448418,1.0,-10.027601140905062,1.0,-65.5167251744615,1.0,0
291,2025-07-10 17:06:27.843449,6.792909537581703,6.73156504289237,57.663739908238256,57.66629133995394,57.70292238962832,58.026474233071916,57.70460352759014,6.409603753643625,57.66373993772274,58.0264744301397,0.0,0.0,0.0,0.0,-75.60332132243275,1.0,-9.861052226938227,1.0,-65.90908745920387,1.0,0
292,2025-07-10 17:06:30.638197,6.711935267768272,6.660973697056837,57.58731475888194,57.59030711329944,57.625375115406094,57.95588196425508,57.62701412467568,6.332014349649099,57.58731478790744,57.955882162402965,0.0,0.0,0.0,0.0,-75.24209352084199,1.0,-9.70754410104746,1.0,-66.27032685003087,1.0,0
293,2025-07-10 17:06:33.518408,6.631347887699036,6.589995456330667,57.510894272675614,57.514321819048405,57.547932816141724,57.884902869291174,57.54953344297477,6.254533666952982,57.51089430127772,57.88490306843424,0.0,0.0,0.0,0.0,-74.90924775879648,1.0,-9.565941018081503,1.0,-66.6031639201492,1.0,0
294,2025-07-10 17:06:35.341345,6.551117000768016,6.518660728990241,57.434484425906916,57.438337662407214,57.47059115776758,57.8135673510215,57.47215676329914,6.177156986359686,57.43448445411821,57.81356755108223,0.0,0.0,0.0,0.0,-74.60233581014108,1.0,-9.435234714487706,1.0,-66.9100758688046,1.0,0
295,2025-07-10 17:06:38.402707,6.471214827314388,6.446997281078181,57.358089807374725,57.36235646928227,57.39334571136838,57.74190317059783,57.39487931987144,6.0998795420852705,57.358089835225115,57.74190337150528,0.0,0.0,0.0,0.0,-74.31915282268164,1.0,-9.314529921766734,1.0,-67.19325885626404,1.0,0
296,2025-07-10 17:06:41.045787,6.391615959113243,6.375030532176504,57.281713890360294,57.28637973887907,57.31619186553483,57.66993574305614,57.31769620213097,6.0226964235630485,57.28171391787715,57.66993594474533,0.0,0.0,0.0,0.0,-74.05769675585816,1.0,-9.202980625673263,1.0,-67.45471202577846,1.0,0
297,2025-07-10 17:06:44.160609,6.312297119962483,6.3027837557109425,57.20535907194677,57.21040852593897,57.23912496464266,57.597688337695786,57.24060249158494,5.9456027122948525,57.2053590991553,57.59768854010712,0.0,0.0,0.0,0.0,-73.81617127805384,1.0,-9.099859601633398,1.0,-67.69623170896466,1.0,0
298,2025-07-10 17:06:47.116013,6.233236960644928,6.230278300181037,57.12902703258543,57.13444365249048,57.16214041773644,57.52518229922385,57.16359336401617,5.868593584058666,57.12902705950877,57.52518250230262,0.0,0.0,0.0,0.0,-73.59295099888641,1.0,-9.004480187400077,1.0,-67.91945488544116,1.0,0
299,2025-07-10 17:06:50.329442,6.154415882059833,6.157533766492161,57.05271879585224,57.05848567000348,57.085233663957084,57.45243722509451,57.08666405085035,5.791664270275707,57.05271882251172,57.4524374287904,0.0,0.0,0.0,0.0,-73.38654959880841,1.0,-8.91623105076178,1.0,-68.12584759359197,1.0,0
300,2025-07-10 17:06:53.250641,6.075815868210691,6.084568181335894,57.250968087134815,57.25323555443138,57.26030485999385,57.37953750557458,57.26072023775266,5.965720353011894,57.250968100725984,57.379537615167855,0.0,0.0,0.0,0.0,-38.54831458966146,1.0,-4.545550518173513,1.0,-36.65334118863939,1.0,0
301,2025-07-10 17:06:55.812996,6.0345290380052,6.045310942376373,57.210494123610836,57.212894460757056,57.219641429471906,57.34028008585201,57.22004964277495,5.925049757685384,57.21049413705238,57.3402801957941,0.0,0.0,0.0,0.0,-38.43165733769638,1.0,-4.495508196100673,1.0,-36.77000133791353,1.0,0
302,2025-07-10 17:06:58.675000,5.993367149533421,6.005928758026584,57.170040603106656,57.17256009110185,57.17902354108431,57.30089774298398,57.17942553438658,5.884425648991896,57.17004061641724,57.30089785323116,0.0,0.0,0.0,0.0,-38.32961121531753,1.0,-4.4517095750507,1.0,-36.87204166567426,1.0,0
303,2025-07-10 17:07:02.016412,5.952314560631482,5.966437280898827,67.67404223318398,63.23193945927001,58.136755262608744,57.26164189375209,58.09900466714977,6.804004319266332,67.67404166024225,57.2616415880691,0.0,0.0,293.78601539925097,1.0,116.34920427127327,1.0,191.61968272896956,1.0,102.23531666042618,1.0,0
304,2025-07-10 17:07:04.754240,6.07692935288385,6.07593551705499,67.6992740695041,63.291060202019686,58.24787034080917,57.371138778100686,58.21059178285515,6.915591437855221,67.699273499354,57.371138473510555,0.0,0.0,292.45612361251585,1.0,115.38481756701913,1.0,190.68602488459874,1.0,101.86980953335478,1.0,0
305,2025-07-10 17:07:07.634056,6.200511243713899,6.185042274379674,67.72443263533911,63.349987294171314,58.35820372762647,57.48024416044246,58.32138900991404,7.026388667763895,67.72443206796915,57.48024385696739,0.0,0.0,291.130093685661,1.0,114.43171298424204,1.0,189.7562146666587,1.0,101.49687950047337,1.0,0
306,2025-07-10 17:07:10.908933,6.323072318229187,6.293749610887336,67.74951775573253,63.408717445694194,58.46776053310735,57.58895010016527,58.43140168112009,7.136401341786869,67.74951719113129,57.588949797826515,0.0,0.0,289.80793484009746,1.0,113.48959499741795,1.0,188.83021730744076,1.0,101.11683947116035,1.0,0
307,2025-07-10 17:07:13.765066,6.4446243470419855,6.402049909971367,67.77452913534943,63.467247422255475,58.57654576211588,57.697248981895484,58.5406350157832,7.245634679234847,67.77452857350548,57.6972486807135,0.0,0.0,288.4896626420137,1.0,112.55819995142247,1.0,187.90804439618114,1.0,100.72995889515823,1.0,0
308,2025-07-10 17:07:16.169334,6.5651788109407025,6.509935842024218,67.79946624238131,63.52557396121062,58.68456459575648,57.80513347738108,58.6490944050006,7.3540940712058065,67.79946568328332,57.80513317737544,0.0,0.0,287.1753051213841,1.0,111.63727288305836,1.0,186.98966695978925,1.0,100.33653040068202,1.0,0
309,2025-07-10 17:07:18.447591,6.684746928104562,6.617400402824635,67.82432862170543,63.58369397414512,58.79182200364247,57.912596583477914,58.75678501676034,7.461784685688535,67.82432806534207,57.91259628466747,0.0,0.0,285.8648862663191,1.0,110.7265733156737,1.0,186.07506761441073,1.0,99.93680025900176,1.0,0
310,2025-07-10 17:07:21.267235,6.803339647686895,6.72443683450612,67.84911641533749,63.64160482609937,58.89832297811174,58.01963154352685,58.86371203190815,7.568711703529482,67.84911586169751,58.01963124592966,0.0,0.0,284.55839859160903,1.0,109.82585787530752,1.0,185.16423477080934,1.0,99.53102922793278,1.0,0
311,2025-07-10 17:07:24.534141,6.920967663466368,6.831038666262102,67.87382890861217,63.699303483539175,59.004072651503016,58.12623188784352,58.96988077073525,7.674880445020535,67.87382835768435,58.12623159147691,0.0,0.0,283.2558797650444,1.0,108.93490346916224,1.0,184.25715683974886,1.0,99.11946068143607,1.0,0
312,2025-07-10 17:07:27.635801,7.0376414375925105,6.937199691943273,67.61943886922276,63.03405332957085,58.6557392342487,58.232285289204626,58.62673507693221,7.331734881009973,67.61943831515188,58.232285098333904,0.0,0.0,296.663989254931,1.0,65.52596179574266,1.0,185.3083527180388,1.0,63.83648873168113,1.0,0
313,2025-07-10 17:07:30.396357,7.1078224444197895,7.0055711963677965,57.81621718819434,57.81897066286777,57.87169208020066,58.30044906788743,57.87406122657936,6.579061495516464,57.81621722376807,58.30044929918144,0.0,0.0,0.0,0.0,-89.94569652031714,1.0,-11.897593943217544,1.0,-77.35600787555086,1.0,0
314,2025-07-10 17:07:33.507963,7.011486897877817,6.922719720133109,57.72587555970583,57.72914728070377,57.77986004948895,58.217596393245564,57.78217327976974,6.487173547483022,57.72587559476028,58.2175966257634,0.0,0.0,0.0,0.0,-89.53639077219577,1.0,-11.723920546273803,1.0,-77.76531652098129,1.0,0
315,2025-07-10 17:07:36.084493,6.915589735335386,6.839429865945932,57.635527128817316,57.63931857728202,57.68813944196675,58.13430541855598,57.69040116910644,6.395401435680385,57.63552716338781,58.134305652213136,0.0,0.0,0.0,0.0,-89.1553424793301,1.0,-11.562062375674032,1.0,-78.14635901922884,1.0,0
316,2025-07-10 17:07:39.171251,6.820100696108842,6.755731900527059,57.5451796434454,57.5494872963471,57.5965271080579,58.050606405107736,57.5987413379496,6.303741603462176,57.54517967756463,58.05060663982624,0.0,0.0,0.0,0.0,-88.80036707068939,1.0,-11.411135752155133,1.0,-78.50132573594237,1.0,0
317,2025-07-10 17:07:42.571729,6.724991844694049,6.671653747166733,57.454839202728735,57.45965565137733,57.505019451933165,57.966527271267715,57.50718982844571,6.212190092969031,57.45483923642695,57.9665275069755,0.0,0.0,0.0,0.0,-88.46951175996765,1.0,-11.270329429180492,1.0,-78.8321897385913,1.0,0
318,2025-07-10 17:07:45.634709,6.630237352389287,6.587221230588065,57.36451092413867,57.369825742670415,57.41361286693789,57.882093837143636,57.415742710701366,6.12074297430211,57.364510957443926,57.88209407377398,0.0,0.0,0.0,0.0,-88.1609570370756,1.0,-11.13890459293998,1.0,-79.14073866686522,1.0,0
319,2025-07-10 17:07:48.329663,6.535813334950817,6.502458239176534,57.27419865798998,57.27999913780099,57.32230339089941,57.797329986908146,57.324395732791224,6.029395995531175,57.27419869092832,57.79733022439927,0.0,0.0,0.0,0.0,-87.87306592239474,1.0,-11.01618906773183,1.0,-79.42862398692796,1.0,0
320,2025-07-10 17:07:51.132223,6.441697664512112,6.417386913383371,57.183905217621515,57.19017696519409,57.23108692175302,57.7122578570284,57.233144534104134,5.938144796040563,57.18390525021707,57.712258095323016,0.0,0.0,0.0,0.0,-87.60432891790515,1.0,-10.901545445562988,1.0,-79.69735519679944,1.0,0
321,2025-07-10 17:07:54.282062,6.347869815457379,6.3320277646893794,57.09363272190255,57.10036012762461,57.139959410069366,57.626897955345434,57.141984833896544,5.8469850950826645,57.0936327541778,57.626898194390414,0.0,0.0,0.0,0.0,-87.35339008296705,1.0,-10.794417443094062,1.0,-79.94831141559189,1.0,0
322,2025-07-10 17:07:57.171557,6.25431073962653,6.2463998304773245,57.0033830996286,57.01054968212691,57.04891693804202,57.54126931591994,57.05091250165556,5.755912762140705,57.003383131604416,57.541269555665856,0.0,0.0,0.0,0.0,-87.11894852581281,1.0,-10.694274852767194,1.0,-80.18273848620083,1.0,0
323,2025-07-10 17:08:00.182946,6.16100275697702,6.160520814222354,56.91315720155897,56.92074597448521,56.95795538812162,57.45538963905038,56.95992323191697,5.664923491747055,56.91315723325481,57.45538987945133,0.0,0.0,0.0,0.0,-86.89986560398211,1.0,-10.600636721278534,1.0,-80.40181271610436,1.0,0
324,2025-07-10 17:08:02.806761,6.067929420764591,6.0744071602480245,57.16567960746777,57.16886922182828,57.18153535377875,57.36935819157552,57.182235848779726,5.887235999391765,57.16567962555791,57.369358332707044,0.0,0.0,0.0,0.0,-50.37201845993877,1.0,-6.050224518503455,1.0,-47.20127006351049,1.0,0
325,2025-07-10 17:08:04.806072,6.0139789160959065,6.0238526570348645,57.11311048561419,57.11650971684565,57.12864078863823,57.318803386121346,57.12932899815813,5.834329148299811,57.113110503502895,57.318803527723176,0.0,0.0,0.0,0.0,-50.21470906456216,1.0,-5.982856288255789,1.0,-47.35856497234181,1.0,0
326,2025-07-10 17:08:07.498438,5.960196890818184,5.973129686717542,57.06056464136718,57.06415756158577,57.07580501222531,57.26808014350724,57.07648226904841,5.781482418767534,57.06056465907477,57.26808028553165,0.0,0.0,0.0,0.0,-50.073384123265896,1.0,-5.922282247752264,1.0,-47.49989570825619,1.0,0
327,2025-07-10 17:08:10.357057,5.9065662354545605,5.922255346566462,67.5927679041209,63.025009089388774,57.96331516394449,57.21742996187229,57.92651065672559,6.631510337829497,67.59276732819619,57.21742968128473,0.0,0.0,298.06973305348924,1.0,106.65442281663218,1.0,192.6173421304611,1.0,93.84217737647305,1.0,0
328,2025-07-10 17:08:13.352427,6.020797515970758,6.02276418369872,67.61596519898953,63.07977501207431,58.065830862089975,57.31793768726898,58.029461521867766,6.734461205660697,67.6159646256312,57.317937407648145,0.0,0.0,296.8470756325692,1.0,105.75508070076012,1.0,191.759014321633,1.0,93.51885796661463,1.0,0
329,2025-07-10 17:08:15.958139,6.134065565730539,6.122926729921073,67.63908908565337,63.13436444709649,58.1676177904834,57.4180990982542,58.13167562241719,6.836675308864176,67.63908851484993,57.41809881962349,0.0,0.0,295.62828733030403,1.0,104.8674350215606,1.0,190.9045341392357,1.0,93.18771292498695,1.0,0
330,2025-07-10 17:08:19.028923,6.246382908926637,6.222734609952384,67.6621390947232,63.188773703539916,58.26868130763283,57.517905820954084,58.233158561182464,6.938158250249505,67.66213852646322,57.51790554333586,0.0,0.0,294.41339288674413,1.0,103.99116128041896,1.0,190.0538784047967,1.0,92.84908992867713,1.0,0
331,2025-07-10 17:08:21.745604,6.357761726896536,6.322179813393057,67.68511504772492,63.24299940803177,58.369026649292486,57.61734984628151,58.333915804673964,7.038915496327981,67.68511448199702,57.61734956969716,0.0,0.0,293.2024017087053,1.0,103.12594946526588,1.0,189.20702973446168,1.0,92.50331057899075,1.0,0
332,2025-07-10 17:08:24.605310,6.468213868699307,6.421254667648187,67.7080165036461,63.29703816667558,58.46865909713313,57.716423502953525,58.43395285763749,7.138952551846267,67.70801594043894,57.71642322742355,0.0,0.0,291.99533704058376,1.0,102.27151563981352,1.0,188.36397074437627,1.0,92.15067619606998,1.0,0
333,2025-07-10 17:08:27.426409,6.577750871458095,6.519951840447006,67.73084327608704,63.35088687198251,58.56758386606611,57.81511945992827,58.53327514651728,7.238274843249463,67.73084271538934,57.81511918547221,0.0,0.0,290.79220870692944,1.0,101.42756427853783,1.0,187.52468405068612,1.0,91.79150258660229,1.0,0
334,2025-07-10 17:08:30.153712,6.686383969530567,6.618264316417102,67.75359498603602,63.404542429016786,58.66580611981137,57.913430703046004,58.631888038312326,7.336887737537368,67.7535944278366,57.91343042968263,0.0,0.0,289.5930366842739,1.0,100.59382882900536,1.0,186.6891348856825,1.0,91.4260592003302,1.0,0
335,2025-07-10 17:08:32.865396,6.794124105110487,6.7161853947908945,67.77627151855737,63.45800202446188,58.763330987451226,58.011350532620455,58.729796855479734,7.434796557167853,67.77627096284508,58.01135026036766,0.0,0.0,288.3978270305195,1.0,99.77005722532795,1.0,185.85731745474732,1.0,91.05462707623246,1.0,0
336,2025-07-10 17:08:35.501191,6.900981939819021,6.813708650438393,67.71276998007322,63.2896807911261,58.71560147945802,58.10883872386852,58.68387381646552,7.38887355895971,67.71276942488622,58.10883848456084,0.0,0.0,291.74479605027875,1.0,86.12251468605336,1.0,185.68163622262546,1.0,80.03617231281623,1.0,0
337,2025-07-10 17:08:38.941896,6.9932226993946385,6.899430683554661,67.73260309825159,63.337021725288636,58.800223959935316,58.194559715812964,58.76881208997469,7.473811834557345,67.73260254522688,58.1945594775424,0.0,0.0,290.699453942153,1.0,85.42402852071973,1.0,184.9584562921791,1.0,79.68930936954166,1.0,0
338,2025-07-10 17:08:42.050073,7.084715353919993,6.984781218855466,67.75236152872812,63.384172858473484,58.884244137944506,58.27990919949052,58.85314270555509,7.5581424522001255,67.75236097785526,58.27990896227137,0.0,0.0,289.658048391002,1.0,84.73426905027281,1.0,184.23877631107644,1.0,79.33766586631918,1.0,0
339,2025-07-10 17:08:45.004763,7.1754692458578715,7.069755126009218,58.10459421374439,58.10493514813795,58.14252738286395,58.36468734104967,58.14411952170058,6.849119728947743,58.104594242717624,58.36468750930472,0.0,0.0,0.0,0.0,-69.31356757206686,1.0,-9.69006463549249,1.0,-56.27270416596275,1.0,0
340,2025-07-10 17:08:48.014522,7.101231565536169,7.00948474669861,58.03692290405844,58.0375654215729,58.07317606088678,58.30441571964789,58.074705280886946,6.779705486474479,58.03692293233146,58.304415889562605,0.0,0.0,0.0,0.0,-68.7585068970975,1.0,-9.455875144226411,1.0,-56.82777643016834,1.0,0
341,2025-07-10 17:08:51.354776,7.027588376485649,6.948619860576439,57.96918202001324,57.97017137180448,58.003938014692594,58.24354969730511,58.00541114131756,6.710411345398836,57.96918204764968,58.243549868726056,0.0,0.0,0.0,0.0,-68.25474307902368,1.0,-9.242975079928328,1.0,-57.331531556314985,1.0,0
342,2025-07-10 17:08:54.861049,6.954484732455645,6.887215430060635,57.90139572039418,57.90275960598217,57.93481392646965,58.18214422665391,57.93623690634408,6.641237109056289,57.901395747451076,58.18214439944389,0.0,0.0,0.0,0.0,-67.79685814990444,1.0,-9.04914800116785,1.0,-57.78940489619799,1.0,0
343,2025-07-10 17:08:57.874113,6.881871506812256,6.8253205948354285,57.83358286658261,57.835335757045755,57.86580260940443,58.12024843852754,57.86718063958216,6.572180841048208,57.833582893111156,58.12024861256371,0.0,0.0,0.0,0.0,-67.3800831390281,1.0,-8.872441121638985,1.0,-58.206191496310566,1.0,0
344,2025-07-10 17:09:01.042988,6.809704661262894,6.7629793684639825,57.76575822209128,57.76790493387459,57.79690172740622,58.05790633864802,57.7982393698285,6.503239570158796,57.76575824813761,58.057906513819916,0.0,0.0,0.0,0.0,-67.00023143480394,1.0,-8.711162412851081,1.0,-58.586034508607554,1.0,0
345,2025-07-10 17:09:03.892453,6.7379446525360045,6.700231319152369,57.697932589920285,57.700470922530876,57.72810754310409,57.995157488119766,57.72940881782641,6.434409017120445,57.69793261552608,57.9951576643279,0.0,0.0,0.0,0.0,-66.65365532512624,1.0,-8.563828452565758,1.0,-58.932601926358075,1.0,0
346,2025-07-10 17:09:06.418735,6.666555841902757,6.63711207906857,57.630113947539954,57.633036625008216,57.659415673353045,57.932037512751904,57.66068413778225,6.365684336129893,57.630113972742926,57.93203768990645,0.0,0.0,0.0,0.0,-66.33713589963008,1.0,-8.429103581306663,1.0,-59.249130043781406,1.0,0
347,2025-07-10 17:09:09.652507,6.595506042828497,6.573653820741937,57.5623083417452,57.56560445037614,57.59082131735629,57.8685785793925,57.59206012708137,6.2970603245639,57.56230836657956,57.86857875741215,0.0,0.0,0.0,0.0,-66.04779902772862,1.0,-8.305820183522883,1.0,-59.538464018373816,1.0,0
348,2025-07-10 17:09:13.176419,6.524766129369774,6.509885675590576,57.473059470842166,57.47701455915273,57.502627477371725,57.80480462693338,57.503917156253664,6.208917359873056,57.473059496168545,57.80480481225302,0.0,0.0,0.0,0.0,-68.10026435459804,1.0,-8.470378646165955,1.0,-61.979933648785845,1.0,0
349,2025-07-10 17:09:16.044659,6.45182794703787,6.443502616109101,57.40286999043394,57.407179779090804,57.43177743225785,57.73842098446242,57.43304224139676,6.138042444296835,57.40287001545322,57.7384211705014,0.0,0.0,0.0,0.0,-67.85968919416518,1.0,-8.367669040012515,1.0,-62.22051460383682,1.0,0
350,2025-07-10 17:09:18.834571,6.379147423682117,6.376861882590855,57.332703274564665,57.33735142976017,57.36100947827418,57.67177971376812,57.362251638791825,6.067251841031138,57.33270329930161,57.671779900467826,0.0,0.0,0.0,0.0,-67.63869984297344,1.0,-8.273242840459716,1.0,-62.44149816041045,1.0,0
351,2025-07-10 17:09:22.063084,6.3067035961850735,6.309984471673415,57.262560141557714,57.2675298611281,57.29031852202463,57.60490180771258,57.29154003322932,5.9965402348613575,57.26256016603501,57.60490199501954,0.0,0.0,0.0,0.0,-67.43559847791403,1.0,-8.186401796024256,1.0,-62.64459083354268,1.0,0
352,2025-07-10 17:09:24.220253,6.234477294363351,6.242889534620807,57.19244114328106,57.19771546024228,57.21969987008566,57.53780641414991,57.22090253555014,5.925902736623815,57.19244116751945,57.537806602015266,0.0,0.0,0.0,0.0,-67.24885242249456,1.0,-8.106499806785905,1.0,-62.83134558088932,1.0,0
353,2025-07-10 17:09:27.124750,6.162451000285021,6.175594572043045,57.12234658902967,57.12790860988933,57.14914908607013,57.47051103064768,57.15033453454127,5.85533473510131,57.12234661304815,57.47051121902667,0.0,0.0,0.0,0.0,-67.07706807105751,1.0,-8.032954513623736,1.0,-63.003129932326374,1.0,0
354,2025-07-10 17:09:30.590988,6.0906087018613615,6.1081156234953955,57.05227614041348,57.05810927422289,57.07866169851787,57.40303169386968,57.079831403931365,5.7848316040187076,57.05227616422949,57.40303188272134,0.0,0.0,0.0,0.0,-66.91897640223488,1.0,-7.96523570897989,1.0,-63.16121580653089,1.0,0
355,2025-07-10 17:09:33.623235,6.018935723169691,6.04046735720041,56.982229405248574,56.98831748477041,57.00823357307819,57.33538306946131,57.00938887082366,5.7143890704758515,56.9822294288781,57.33538325874812,0.0,0.0,0.0,0.0,-66.77343877356634,1.0,-7.902865336859577,1.0,-63.30674764058131,1.0,0
356,2025-07-10 17:09:36.578053,5.947418618723237,5.972663227114579,56.912205647328534,56.918533050490545,56.937860734292784,57.267578608959056,56.93900283743426,5.644003036685737,56.91220567078624,57.26757879864656,0.0,0.0,0.0,0.0,-66.63942084571772,1.0,-7.845403006285778,1.0,-63.440762671120865,1.0,0
357,2025-07-10 17:09:39.339796,5.876045055410263,5.904715557885362,67.48654651947534,62.75059029874351,57.76251721492088,57.1998490359783,57.72713482214545,6.4321345457901105,67.48654594050322,57.19984879330567,0.0,0.0,303.66833258558484,1.0,92.42671731669816,1.0,193.63654012749976,1.0,81.16157696804294,1.0,0
358,2025-07-10 17:09:42.513909,5.975037875256368,5.991642946014254,67.50673151982015,62.798634673468285,57.85213095974482,57.28677565309227,57.81713364413154,6.522133370198694,67.5067309430838,57.28677541117817,0.0,0.0,302.6044438605137,1.0,91.61651670865467,1.0,192.88879101623024,1.0,80.90788568949847,1.0,0
359,2025-07-10 17:09:45.833729,6.073162940708433,6.078298621349685,67.52684461704946,62.84653216895967,57.94109238355287,57.37343053234903,57.90647218732364,6.611471915775142,67.5268440425375,57.37343029122025,0.0,0.0,301.5443449255125,1.0,90.81907295239944,1.0,192.1448489690647,1.0,80.64523593134254,1.0,0
360,2025-07-10 17:09:48.233518,6.170433909989872,6.164672988220322,67.31471065828926,62.25877205620453,57.69285836262408,57.45972594170313,57.662829454735785,6.367829296759777,67.31471008261005,57.45972579447405,0.0,0.0,312.7252675449943,1.0,52.83489051237211,1.0,192.53523239171955,1.0,49.24059029917771,1.0,0
361,2025-07-10 17:09:51.151217,6.227022251813429,6.2174116918464675,67.3268721104931,62.28883562743473,57.74606943787612,57.512464286769436,57.716243660908944,6.421243504309678,67.32687153614134,57.51246414008016,0.0,0.0,312.0842751417686,1.0,52.374438567426296,1.0,192.09126613532135,1.0,49.060053177072405,1.0,0
362,2025-07-10 17:09:54.018353,6.283117430812948,6.269957025316572,67.3389752006795,62.318786729169894,57.79888351719854,57.56500924931302,57.769255886725524,6.474255731473406,67.33897462764679,57.565009103183996,0.0,0.0,311.4463588193584,1.0,51.92388672753623,1.0,191.6501102687107,1.0,48.87267840558707,1.0,0
363,2025-07-10 17:09:57.438533,6.338730051623263,6.322301680206933,67.35102013351124,62.348622229959986,57.85130615668055,57.61735352198519,57.82187194756075,6.526871793627645,67.3510195617894,57.61735337643537,0.0,0.0,310.8115077906222,1.0,51.48274534747088,1.0,191.2116952564702,1.0,48.67896721918896,1.0,0
364,2025-07-10 17:10:00.698739,6.393870193141785,6.374438860475448,67.36300691115606,62.37833910735177,57.90334265575719,57.669490309801816,57.87409738338412,6.57909723074329,67.36300634073697,57.669490164848725,0.0,0.0,310.1797219413089,1.0,51.050545063162645,1.0,190.77599212550922,1.0,48.479388981945704,1.0,0
365,2025-07-10 17:10:04.098587,6.448547428616614,6.426362277703695,67.37493574699037,62.40793467712782,57.9549982075183,57.72141332528553,57.925937611207594,6.630937459833624,67.374935177866,57.72141318094551,0.0,0.0,309.5509900250078,1.0,50.6268454836345,1.0,190.3429719027372,1.0,48.2743493171256,1.0,0
366,2025-07-10 17:10:07.258463,6.502770868425238,6.478066092086124,67.38680670417078,62.43740636574353,58.00627780287381,57.77311672954332,57.977397830822774,6.682397680691452,67.38680613633325,57.77311658583144,0.0,0.0,308.92530871292894,1.0,50.21124388292719,1.0,189.91259402582727,1.0,48.06426833454225,1.0,0
367,2025-07-10 17:10:09.883223,6.556549182888003,6.529544901345844,67.39861995979014,62.46675185317121,58.05718626392754,57.82459512113187,58.02848305850507,6.733482909593329,67.3986193932317,57.824594978062095,0.0,0.0,308.30266867106144,1.0,49.80335491893584,1.0,189.4848005485983,1.0,47.84951688975525,1.0,0
368,2025-07-10 17:10:12.693526,6.609890628245999,6.580793702129702,67.41037569765503,62.495968996231305,58.107728355121836,57.87584349747099,58.07919824209929,6.784198094385144,67.410375132368,57.875843355056254,0.0,0.0,307.6830602115275,1.0,49.40282222264614,1.0,189.059579881814,1.0,47.630439762542665,1.0,0
369,2025-07-10 17:10:15.056377,6.662803088685573,6.631807861123537,67.42207401455586,62.52505576381089,58.157908627387876,57.92685722598581,58.12954810350055,6.834547956962974,67.42207345053266,57.92685708423805,0.0,0.0,307.06647823280474,1.0,49.00931839813438,1.0,188.63689146314755,1.0,47.407370143446315,1.0,0
370,2025-07-10 17:10:18.475122,6.715294087359869,6.682583100940754,67.43371494464338,62.55401024450043,58.20773145867974,57.97763202997481,58.17953718056803,6.884537035186996,67.43371438187657,57.97763188890506,0.0,0.0,306.45292093491594,1.0,48.62251604947687,1.0,188.21670052489026,1.0,47.18060935260837,1.0,0
371,2025-07-10 17:10:22.076257,6.767370803340654,6.7331154745178585,67.4452987753126,62.582830811605476,58.25720112753884,58.02816396301344,58.22916990144619,6.934169757202538,67.44529821379477,58.02816382263187,0.0,0.0,305.84237317016084,1.0,48.24211965114955,1.0,187.7989722993334,1.0,46.95045291555289,1.0,0
372,2025-07-10 17:10:25.034017,6.819040099129918,6.783401343753323,67.29051685743597,62.12104235105045,58.157554854374446,58.078413624401016,58.13373684892116,6.838736803409243,67.29051629774006,58.07841355761712,0.0,0.0,314.0004477037617,1.0,15.221407177250512,1.0,187.18963923106458,1.0,22.3357959293935,1.0,0
373,2025-07-10 17:10:28.035578,6.835342854166936,6.807323902139246,67.29501207981,62.13453693600942,58.174599519948174,58.102335678991714,58.15067661468978,6.855676568388936,67.2950115205295,58.10233561370513,0.0,0.0,313.7635184831173,1.0,15.485262215975126,1.0,187.0507016724332,1.0,21.83501923695985,1.0,0
374,2025-07-10 17:10:31.188407,6.851928206024763,6.830710104890109,67.29950355068289,62.14778285651982,58.191848599047155,58.12572141779172,58.167832793111714,6.8728327461135095,67.29950299182494,58.12572135391032,0.0,0.0,313.52678699245587,1.0,15.718492697942565,1.0,186.90937673113694,1.0,21.365058323681296,1.0,0
375,2025-07-10 17:10:33.405315,6.868763359117819,6.85359296568761,67.30398840095884,62.1607937291453,58.20926937290775,58.14860385195914,58.185172310937645,6.890172263330536,67.30398784252965,58.14860378939343,0.0,0.0,313.29040445291014,1.0,15.92214165441419,1.0,186.76598311117232,1.0,20.925026612985675,1.0,0
376,2025-07-10 17:10:35.854549,6.885816629607903,6.876004527976836,67.30846384599612,62.17358278212775,58.226831108988854,58.1710150224635,58.20266402408319,6.907663975952089,67.30846328800092,58.171014961127106,0.0,0.0,313.0545176343069,1.0,16.09739118748621,1.0,186.62083372191773,1.0,20.513883970920688,1.0,0
377,2025-07-10 17:10:39.189133,6.9030575955130145,6.897975746301117,67.31292776366631,62.18616310922405,58.24450516241301,58.192985881376686,58.22027881166826,6.925278763094206,67.3129272061095,58.1929858211867,0.0,0.0,312.8192383874499,1.0,16.245533496999087,1.0,186.474212499661,1.0,20.13046857655354,1.0,0
378,2025-07-10 17:10:42.462359,6.920457228533386,6.91953630991592,67.31737776890225,62.19854709025325,58.26226503893189,58.214546115518935,58.23798964886404,6.94298959992386,67.31737721178747,58.2145460563964,0.0,0.0,312.5846924218241,1.0,16.367985367082838,1.0,186.32638020221748,1.0,19.773462154262234,1.0,0
379,2025-07-10 17:10:45.336617,6.937988016569327,6.940714502069525,67.32181238213677,62.21074695134186,58.2800864440645,58.23572400576403,58.25577165884627,6.960771609612192,67.32181182546685,58.23572394763423,0.0,0.0,312.3509577208257,1.0,16.46627947422985,1.0,186.1775975874025,1.0,19.441445022607695,1.0,0
380,2025-07-10 17:10:48.128491,6.955624073730902,6.96153709123555,67.32622952666078,62.22277390744983,58.29794728664814,58.256546318269365,58.273602132165394,6.978602082704918,67.32622897043795,58.25654626106208,0.0,0.0,312.1181437413446,1.0,16.54199774918652,1.0,186.0280674668502,1.0,19.13290768357001,1.0,0
381,2025-07-10 17:10:51.401175,6.973341230732539,6.98202922627754,67.33062794927602,62.234638874411026,58.315827652843815,58.2770381996507,58.29146050568648,6.9964604560621275,67.33062739350183,58.277038143300466,0.0,0.0,311.8863165355715,1.0,16.59680614466197,1.0,185.87802162528533,1.0,18.846268206402783,1.0,0
382,2025-07-10 17:10:54.333108,6.991117097816712,7.002214352280495,67.33500653851236,62.24635206313811,58.333709680299144,58.297223092852335,58.30932824961232,7.014328199881577,67.33500598318783,58.29722303729855,0.0,0.0,311.655534685649,1.0,16.632387997219666,1.0,185.72763390125147,1.0,18.579898303414666,1.0,0
383,2025-07-10 17:10:57.192355,7.008931073693089,7.022114184438009,67.339364412267,62.25792301341099,58.35157755344485,58.31712271103617,58.32718887686123,7.032188827076536,67.33936385739268,58.317122656223084,0.0,0.0,311.42584468447836,1.0,16.650432438041207,1.0,185.5770607494378,1.0,18.332172584223372,1.0,0
384,2025-07-10 17:11:00.274585,7.02676437310927,7.04174869813136,57.70574009987916,57.71535484266896,57.75558631502367,58.33659692948851,57.757785352241335,6.462785630706793,57.70574013345607,58.33659718960015,0.0,0.0,0.0,0.0,-93.13244385737107,1.0,-11.229758410422619,1.0,-86.99403104571957,1.0,0
385,2025-07-10 17:11:03.398789,6.927015689918972,6.948574511346171,57.60867812078974,57.61869116096583,57.657889416427345,58.24342215796066,57.66006449481323,6.36506477273761,57.60867815413504,58.24342241861336,0.0,0.0,0.0,0.0,-92.95148083083404,1.0,-11.152295955412228,1.0,-87.17498827763848,1.0,0
386,2025-07-10 17:11:06.762749,6.827460824521073,6.855206505876741,57.51164107440067,57.52203523814903,57.5602590078452,58.15005360219324,57.562411686739004,6.267411964155054,57.51164110752827,58.15005386335427,0.0,0.0,0.0,0.0,-92.7814696325413,1.0,-11.07948657875113,1.0,-87.34499947593122,1.0,0
387,2025-07-10 17:11:09.738659,6.728088048730771,6.76165641104428,57.41462873113357,57.42538713056534,57.46269186458123,58.05650298943695,57.46482359191636,6.169823868854724,57.41462876405651,58.05650325107565,0.0,0.0,0.0,0.0,-92.62170911370049,1.0,-11.011037652224331,1.0,-87.50475420015391,1.0,0
388,2025-07-10 17:11:12.849536,6.628886384642815,6.66793521437699,57.31764061030698,57.32874672841338,57.36518477248655,57.96278130524526,57.367296893821035,6.072297170310445,57.31764064303751,57.962781567332904,0.0,0.0,0.0,0.0,-92.47155607170043,1.0,-10.946685520707433,1.0,-87.65490434484491,1.0,0
389,2025-07-10 17:11:16.199665,6.529845542068994,6.5740532012479544,57.220676082811,57.23211383364141,57.26773465987576,57.86889883316558,57.26982842783472,5.9748287039020935,57.2206761153606,57.86889909567527,0.0,0.0,0.0,0.0,-92.33040786625679,1.0,-10.886172323694154,1.0,-87.79605544759761,1.0,0
390,2025-07-10 17:11:19.437030,6.430955873639134,6.480020011079068,57.1237346939465,57.135488437673885,57.17033864768739,57.77486521092788,57.1724152266666,5.877415502337178,57.123734726325914,57.77486547383436,0.0,0.0,0.0,0.0,-92.197699522103,1.0,-10.82925758453257,1.0,-87.92876379175141,1.0,0
391,2025-07-10 17:11:22.791115,6.3322083377422365,6.385844687489026,57.026815861863824,57.0388704433551,57.07299401428573,57.68068948053027,57.075054488956276,5.780054764253733,57.02681589408316,57.68068974380987,0.0,0.0,0.0,0.0,-92.07290952360836,1.0,-10.775718210425111,1.0,-88.05355089293698,1.0,0
392,2025-07-10 17:11:25.952064,6.233594461286326,6.2915357071128835,56.92991884237256,56.94225962525094,56.97569805625037,57.586380117134176,56.97774343766936,5.682743712615893,56.9299188744413,57.58638038076467,0.0,0.0,0.0,0.0,-91.95554243092374,1.0,-10.725351389737625,1.0,-88.17090929369442,1.0,0
393,2025-07-10 17:11:28.483620,6.135106291726217,6.197101032590816,56.83304279358798,56.84565568304374,56.878448138569425,57.49194508190733,56.88047936986144,5.585479644477881,56.83304282551504,57.49194534586793,0.0,0.0,0.0,0.0,-91.84514336652683,1.0,-10.677965900072195,1.0,-88.2813112554004,1.0,0
394,2025-07-10 17:11:31.677531,6.036736357890687,6.102548117077789,56.73618713086768,56.74905854821161,56.781241925015834,57.39739182671441,56.783259885506276,5.488260159812192,56.73618716266141,57.39739209098553,0.0,0.0,0.0,0.0,-91.74128932329495,1.0,-10.633376313649023,1.0,-88.38516240132321,1.0,0
395,2025-07-10 17:11:34.758948,5.938477656200593,6.007883967594495,56.63935107670012,56.65246798310234,56.68407710834581,57.302727357369754,56.68608261951647,5.391082893530211,56.639351108368395,57.30272762193301,0.0,0.0,0.0,0.0,-91.64357178065075,1.0,-10.591414586542669,1.0,-88.48286835473118,1.0,0
396,2025-07-10 17:11:38.139667,5.840323611912866,5.913115175680286,67.35972774681638,62.41887848679118,57.54397790737829,57.20820111974874,57.51015542815328,6.2151552048121745,67.35972716490191,57.20820092846043,0.0,0.0,310.35255651693706,1.0,74.69617095864578,1.0,194.6206053548849,1.0,63.97615061757733,1.0,0
397,2025-07-10 17:11:40.920358,5.920326287336248,5.981636270711354,67.37597838343262,62.45756770992062,57.61684007727985,57.27672191198992,57.5833596365685,6.288359415423859,67.37597780333272,57.27672172106615,0.0,0.0,309.4960358939038,1.0,73.96156404126941,1.0,194.0137292046984,1.0,63.85422605774238,1.0,0
398,2025-07-10 17:11:43.974750,5.999542164400664,6.0500267767829525,67.39216377661849,62.496170648037676,57.68913876743103,57.34511208191915,57.655990852171925,6.360990633172555,67.39216319832201,57.345111891400784,0.0,0.0,308.6429540496076,1.0,73.24408022043372,1.0,193.4105789939622,1.0,63.71864068569266,1.0,0
399,2025-07-10 17:11:46.930047,6.077989589083386,6.118272060591216,67.40828310646997,62.53468057822745,57.760880028054885,57.41335699858604,57.728055626713974,6.433055409811287,67.40828252996583,57.41335680851133,0.0,0.0,307.79335419864236,1.0,72.54284740611183,1.0,192.81113154420382,1.0,63.57026079683692,1.0,0
400,2025-07-10 17:11:49.863805,6.155685965334073,6.186358428705798,67.42433635080283,62.573091629075925,57.83207020905562,57.48144297076038,57.799560774599094,6.504560559746836,67.4243357760801,57.48144278116511,0.0,0.0,306.9472375102714,1.0,71.85708332485774,1.0,192.21534049847833,1.0,63.40991212425706,1.0,0
