iteration,timestamp,error_flag,P2,T1,V5F,J5,V5,T2,V4F,J4,V4,J1,P1F,V1F,P1
0.0,2025-07-10 14:35:29.453358,False,1.0,0.0,0.0,0.0,1.0,0.0,0.0,0.0,1.0,0.0,0.0,0.0,1.0
1.0,2025-07-10 14:35:32.950377,False,1.0,3.1915781497955322,130.785888671875,55.54426956176758,1.0,3.2186312675476074,155.1534881591797,54.51407241821289,1.0,69.21785736083984,212.41648864746094,232.28428649902344,1.0
2.0,2025-07-10 14:35:36.705624,False,1.0,3.3316550254821777,130.31216430664062,55.67726135253906,1.0,3.3848071098327637,153.80491638183594,54.68024444580078,1.0,69.23635864257812,211.44125366210938,231.2305145263672,1.0
3.0,2025-07-10 14:35:40.370962,False,1.0,3.471224784851074,129.8325653076172,55.8096809387207,1.0,3.5495386123657227,152.466796875,54.844966888427734,1.0,69.25482940673828,210.4677734375,230.1776580810547,1.0
4.0,2025-07-10 14:35:43.309017,False,1.0,3.610280752182007,129.34710693359375,55.941524505615234,1.0,3.712836742401123,151.13912963867188,55.00825881958008,1.0,69.27326202392578,209.49607849121094,229.12579345703125,1.0
5.0,2025-07-10 14:35:46.828669,False,1.0,3.748816967010498,128.85586547851562,56.07278060913086,1.0,3.8747129440307617,149.82188415527344,55.170127868652344,1.0,69.29166412353516,208.52621459960938,228.074951171875,1.0
6.0,2025-07-10 14:35:50.601858,False,1.0,3.886826753616333,128.35887145996094,56.203453063964844,1.0,4.035178184509277,148.5150604248047,55.33058547973633,1.0,69.31002807617188,207.55819702148438,227.02516174316406,1.0
7.0,2025-07-10 14:35:53.925189,False,1.0,4.024304389953613,127.85619354248047,56.333534240722656,1.0,4.194244384765625,147.2186279296875,55.489646911621094,1.0,69.32836151123047,206.59207153320312,225.97650146484375,1.0
8.0,2025-07-10 14:35:57.064557,False,1.0,4.161243915557861,127.3478775024414,56.46302032470703,1.0,4.351921558380127,145.93255615234375,55.647315979003906,1.0,69.3466567993164,205.6278533935547,224.92898559570312,1.0
9.0,2025-07-10 14:36:00.002368,False,1.0,4.297638416290283,126.83397674560547,56.59190368652344,1.0,4.50822114944458,144.65682983398438,55.803611755371094,1.0,69.36491394042969,204.6656036376953,223.88267517089844,1.0
10.0,2025-07-10 14:36:03.683604,False,1.0,4.433483123779297,126.31455993652344,56.72018051147461,1.0,4.663154602050781,143.3914337158203,55.95853805541992,1.0,69.38313293457031,203.705322265625,222.8376007080078,1.0
11.0,2025-07-10 14:36:07.137964,False,1.0,4.568770885467529,125.78968048095703,56.84785079956055,1.0,4.816732883453369,142.1363525390625,56.11211013793945,1.0,69.40131378173828,202.74705505371094,221.79383850097656,1.0
12.0,2025-07-10 14:36:10.798311,False,1.0,4.703496932983398,141.26699829101562,57.218505859375,1.0,4.968966484069824,153.6309814453125,56.264400482177734,1.0,69.50458526611328,197.30368041992188,219.2068634033203,1.0
13.0,2025-07-10 14:36:14.064321,False,1.0,4.854799747467041,140.5559844970703,57.358463287353516,1.0,5.133511543273926,152.39065551757812,56.42893981933594,1.0,69.5246353149414,196.2471466064453,218.048095703125,1.0
14.0,2025-07-10 14:36:17.205103,False,1.0,5.005341053009033,139.84173583984375,57.49765396118164,1.0,5.296728134155273,151.1583251953125,56.5921516418457,1.0,69.54463195800781,195.19288635253906,216.89112854003906,1.0
15.0,2025-07-10 14:36:21.067597,False,1.0,5.155117511749268,139.1243133544922,57.636077880859375,1.0,5.458625316619873,149.93389892578125,56.7540397644043,1.0,69.5645980834961,194.140869140625,215.7359619140625,1.0
16.0,2025-07-10 14:36:24.704422,False,1.0,5.3041253089904785,138.40377807617188,57.77373504638672,1.0,5.619210720062256,148.71737670898438,56.91461944580078,1.0,69.58451080322266,193.0911407470703,214.5826416015625,1.0
17.0,2025-07-10 14:36:27.662876,False,1.0,5.452361106872559,137.68019104003906,57.91062545776367,1.0,5.7784929275512695,147.5087127685547,57.07389450073242,1.0,69.60438537597656,192.0437469482422,213.4311981201172,1.0
18.0,2025-07-10 14:36:31.400192,False,1.0,5.599822521209717,136.95361328125,58.0467414855957,1.0,5.93648099899292,146.3079071044922,57.231876373291016,1.0,69.62421417236328,190.99868774414062,212.2816619873047,1.0
19.0,2025-07-10 14:36:34.878919,False,1.0,5.746505260467529,136.2240753173828,58.18208694458008,1.0,6.093182563781738,145.11488342285156,57.388572692871094,1.0,69.64399719238281,189.95599365234375,211.13406372070312,1.0
20.0,2025-07-10 14:36:38.173098,False,1.0,5.892406940460205,135.49168395996094,58.31665802001953,1.0,6.2486066818237305,143.9296417236328,57.54399108886719,1.0,69.66373443603516,188.9156951904297,209.98843383789062,1.0
21.0,2025-07-10 14:36:41.841933,False,1.0,6.037524223327637,134.7564697265625,58.4504508972168,1.0,6.402761459350586,142.7521209716797,57.69813919067383,1.0,69.68342590332031,187.8778076171875,208.84483337402344,1.0
22.0,2025-07-10 14:36:45.270894,False,1.0,6.181853771209717,134.0185089111328,58.58346939086914,1.0,6.555654525756836,141.58230590820312,57.85102844238281,1.0,69.70307159423828,186.8423614501953,207.7032470703125,1.0
23.0,2025-07-10 14:36:48.353843,False,1.0,6.325393199920654,133.27784729003906,58.7157096862793,1.0,6.707294940948486,140.42015075683594,58.002662658691406,1.0,69.72266387939453,185.8093719482422,206.56375122070312,1.0
24.0,2025-07-10 14:36:51.961683,False,1.0,6.468139171600342,125.21408081054688,58.738895416259766,1.0,6.857690811157227,133.16854858398438,58.15302276611328,1.0,69.70276641845703,186.85824584960938,206.1358642578125,1.0
25.0,2025-07-10 14:36:54.203540,False,1.0,6.602248668670654,124.54622650146484,58.86338806152344,1.0,7.000319957733154,132.0323028564453,58.29564666748047,1.0,69.72132873535156,185.8798065185547,205.05723571777344,1.0
26.0,2025-07-10 14:36:57.609493,False,0.0,6.735642910003662,110.24523162841797,58.80143737792969,1.0,7.1417317390441895,82.22906494140625,58.43687057495117,1.0,67.82870483398438,285.6344299316406,185.59564208984375,1.0
27.0,2025-07-10 14:37:01.510833,False,0.0,6.853720188140869,109.00474548339844,58.90353012084961,1.0,7.22980260848999,82.26844787597656,58.524940490722656,1.0,67.85148620605469,284.43328857421875,184.71656799316406,1.0
28.0,2025-07-10 14:37:05.092393,False,0.0,6.970468521118164,107.79515838623047,59.00483703613281,1.0,7.317915439605713,82.2797622680664,58.61305236816406,1.0,67.87422180175781,283.23504638671875,183.8418731689453,1.0
29.0,2025-07-10 14:37:09.159783,False,0.0,7.085921764373779,106.61470031738281,59.10536575317383,1.0,7.406040668487549,82.26498413085938,58.701175689697266,1.0,67.89690399169922,282.039794921875,182.9716033935547,1.0
30.0,2025-07-10 14:37:12.215705,False,0.0,7.20011043548584,-35.52178192138672,58.40048599243164,1.0,7.494149684906006,-57.63850021362305,58.78907775878906,1.0,58.40040588378906,0.0,-0.2582052946090698,0.0
31.0,2025-07-10 14:37:15.696743,False,0.0,7.162065029144287,-36.4771614074707,58.35767364501953,1.0,7.4324164390563965,-56.6831169128418,58.72734832763672,1.0,58.357337951660156,0.0,-0.6862856149673462,0.0
32.0,2025-07-10 14:37:18.558625,False,0.0,7.122996807098389,-37.35970687866211,58.31410598754883,1.0,7.371706485748291,-55.800575256347656,58.66664123535156,1.0,58.31337356567383,0.0,-1.0804181098937988,0.0
33.0,2025-07-10 14:37:22.581980,False,0.0,7.082983016967773,-38.17377471923828,58.269859313964844,1.0,7.311942100524902,-54.98650360107422,58.606876373291016,1.0,58.26864242553711,0.0,-1.442917823791504,0.0
34.0,2025-07-10 14:37:25.098752,False,0.0,7.042097091674805,-38.92352294921875,58.22500991821289,1.0,7.253048896789551,-54.23674774169922,58.5479850769043,1.0,58.223243713378906,0.0,-1.7759027481079102,0.0
35.0,2025-07-10 14:37:28.372133,False,0.0,7.00040864944458,-39.61297607421875,58.17961502075195,1.0,7.1949591636657715,-53.54729461669922,58.489898681640625,1.0,58.17726135253906,0.0,-2.081371784210205,0.0
36.0,2025-07-10 14:37:31.746731,False,0.0,6.957981109619141,-21.529132843017578,58.21554946899414,1.0,7.137608051300049,-40.737449645996094,58.43257141113281,1.0,58.21593475341797,0.0,0.8150362372398376,0.0
37.0,2025-07-10 14:37:34.879336,False,0.0,6.934922695159912,-22.64554786682129,58.18881607055664,1.0,7.0939764976501465,-39.62103271484375,58.38894271850586,1.0,58.188880920410156,0.0,0.319222629070282,0.0
38.0,2025-07-10 14:37:38.705558,False,0.0,6.91066837310791,-23.660520553588867,58.16108322143555,1.0,7.051540851593018,-38.60606002807617,58.34650802612305,1.0,58.16105651855469,0.0,-0.13609819114208221,0.0
39.0,2025-07-10 14:37:41.670480,False,0.0,6.885326862335205,-24.571420669555664,58.132511138916016,1.0,7.010191917419434,-37.69517135620117,58.30516052246094,1.0,58.13229751586914,0.0,-0.5441262125968933,0.0
40.0,2025-07-10 14:37:45.352064,False,0.0,6.859010219573975,-25.38394546508789,58.10322570800781,1.0,6.969819068908691,-36.88262939453125,58.26478958129883,1.0,58.10270690917969,0.0,-0.9064260125160217,0.0
41.0,2025-07-10 14:37:48.459619,False,0.0,6.831822872161865,-26.106449127197266,58.07332992553711,1.0,6.930315971374512,-36.160125732421875,58.225284576416016,1.0,58.07243728637695,0.0,-1.2273378372192383,0.0
42.0,2025-07-10 14:37:51.602616,False,0.0,6.803861618041992,-26.746816635131836,58.042911529541016,1.0,6.891587257385254,-35.51976013183594,58.18655776977539,1.0,58.04161834716797,0.0,-1.5108046531677246,0.0
43.0,2025-07-10 14:37:54.447788,False,0.0,6.775214672088623,-27.312604904174805,58.012054443359375,1.0,6.853544235229492,-34.953975677490234,58.14851760864258,1.0,58.010345458984375,0.0,-1.7604948282241821,0.0
44.0,2025-07-10 14:37:57.380838,False,0.0,6.745961666107178,-27.811002731323242,57.98081970214844,1.0,6.816106796264648,-34.45557403564453,58.111080169677734,1.0,57.978702545166016,0.0,-1.979838490486145,0.0
45.0,2025-07-10 14:38:01.001975,False,0.0,6.716175079345703,-28.24880599975586,57.94926834106445,1.0,6.779203414916992,-34.01776123046875,58.07417678833008,1.0,57.94675827026367,0.0,-2.172037363052368,0.0
46.0,2025-07-10 14:38:04.528411,False,0.0,6.685919284820557,-28.632408142089844,57.91744613647461,1.0,6.742769241333008,-33.6341667175293,58.037742614746094,1.0,57.914573669433594,0.0,-2.3400723934173584,0.0
47.0,2025-07-10 14:38:07.807690,False,0.0,6.655252933502197,-28.967693328857422,57.88539505004883,1.0,6.706745624542236,-33.29887390136719,58.0017204284668,1.0,57.88218307495117,0.0,-2.4866530895233154,0.0
48.0,2025-07-10 14:38:10.995902,False,0.0,6.624227523803711,-56.76414108276367,57.69378662109375,1.0,6.671081066131592,-56.19839096069336,57.96601486206055,1.0,57.67572021484375,0.0,-6.337765216827393,0.0
49.0,2025-07-10 14:38:14.124748,False,0.0,6.5634307861328125,-56.739891052246094,57.6331672668457,1.0,6.6108903884887695,-56.2226448059082,57.90582275390625,1.0,57.61515808105469,0.0,-6.327317237854004,0.0
50.0,2025-07-10 14:38:17.961474,False,0.0,6.502659797668457,-56.71772384643555,57.57255935668945,1.0,6.550673484802246,-56.24480056762695,57.845603942871094,1.0,57.55459976196289,0.0,-6.317773818969727,0.0
51.0,2025-07-10 14:38:20.656332,False,0.0,6.441912651062012,-56.697471618652344,57.511962890625,1.0,6.490433216094971,-56.26505661010742,57.78536605834961,1.0,57.49404525756836,0.0,-6.309049606323242,0.0
52.0,2025-07-10 14:38:24.635155,False,0.0,6.381187438964844,-56.678955078125,57.45137405395508,1.0,6.430171012878418,-56.283573150634766,57.725101470947266,1.0,57.43349838256836,0.0,-6.301070690155029,0.0
53.0,2025-07-10 14:38:27.980146,False,0.0,6.32048225402832,-56.662025451660156,57.39079284667969,1.0,6.369888782501221,-56.30049514770508,57.66482162475586,1.0,57.372955322265625,0.0,-6.2937750816345215,0.0
54.0,2025-07-10 14:38:31.363942,False,0.0,6.25979471206665,-56.64655303955078,57.33021926879883,1.0,6.309588432312012,-56.315975189208984,57.60451889038086,1.0,57.312416076660156,0.0,-6.287114143371582,0.0
55.0,2025-07-10 14:38:35.079408,False,0.0,6.199123859405518,-56.63240432739258,57.269649505615234,1.0,6.249271869659424,-56.33011245727539,57.54420471191406,1.0,57.25188064575195,0.0,-6.2810211181640625,0.0
56.0,2025-07-10 14:38:39.095835,False,0.0,6.138468265533447,-56.61947250366211,57.20909118652344,1.0,6.188940048217773,-56.343048095703125,57.48387145996094,1.0,57.191349029541016,0.0,-6.275449752807617,0.0
57.0,2025-07-10 14:38:42.465697,False,0.0,6.077826499938965,-56.60765075683594,57.148536682128906,1.0,6.128594398498535,-56.35487365722656,57.423526763916016,1.0,57.130821228027344,0.0,-6.270353317260742,0.0
58.0,2025-07-10 14:38:45.881357,False,0.0,6.017197132110596,-56.596839904785156,57.08798599243164,1.0,6.068235874176025,-56.36568832397461,57.36316680908203,1.0,57.07029724121094,0.0,-6.265691757202148,0.0
59.0,2025-07-10 14:38:49.351212,False,0.0,5.956579685211182,-56.586952209472656,57.02743911743164,1.0,6.007865905761719,-56.375572204589844,57.302799224853516,1.0,57.00977325439453,0.0,-6.261435508728027,0.0
60.0,2025-07-10 14:38:52.860147,False,0.0,5.895972728729248,71.52561950683594,57.53687286376953,1.0,5.947485446929932,62.20459747314453,57.2425651550293,1.0,67.35464477539062,310.6202697753906,194.2867431640625,1.0
61.0,2025-07-10 14:38:56.396281,False,0.0,5.9725799560546875,70.83650207519531,57.60733413696289,1.0,6.014109134674072,62.065677642822266,57.30918884277344,1.0,67.370361328125,309.7922668457031,193.70237731933594,1.0
62.0,2025-07-10 14:38:59.771516,False,0.0,6.04844856262207,70.16309356689453,57.67724609375,1.0,6.0805840492248535,61.91450500488281,57.37566375732422,1.0,67.38600158691406,308.9676818847656,193.12164306640625,1.0
63.0,2025-07-10 14:39:03.123003,False,0.0,6.12359619140625,69.50460815429688,57.746612548828125,1.0,6.146896839141846,61.75185775756836,57.441978454589844,1.0,67.40158081054688,308.14654541015625,192.54449462890625,1.0
64.0,2025-07-10 14:39:05.861614,False,0.0,6.198038578033447,68.86033630371094,57.81544876098633,1.0,6.213035583496094,61.57845687866211,57.50811767578125,1.0,67.41709899902344,307.328857421875,191.97085571289062,1.0
65.0,2025-07-10 14:39:09.138193,False,0.0,6.271790504455566,68.22960662841797,57.883750915527344,1.0,6.278988838195801,61.394996643066406,57.57406997680664,1.0,67.43254089355469,306.5146789550781,191.40069580078125,1.0
66.0,2025-07-10 14:39:12.267312,False,0.0,6.34486722946167,67.61180877685547,57.951534271240234,1.0,6.34474515914917,61.20210266113281,57.63982391357422,1.0,67.44792175292969,305.7040100097656,190.833984375,1.0
67.0,2025-07-10 14:39:15.744142,False,0.0,6.417282581329346,67.00634765625,58.018798828125,1.0,6.410295486450195,61.0003547668457,57.70537567138672,1.0,67.46324157714844,304.89678955078125,190.2706756591797,1.0
68.0,2025-07-10 14:39:19.519894,False,0.0,6.489048957824707,66.41268920898438,58.08555603027344,1.0,6.4756293296813965,60.79030990600586,57.77070617675781,1.0,67.47848510742188,304.09307861328125,189.71070861816406,1.0
69.0,2025-07-10 14:39:22.269395,False,0.0,6.560179710388184,65.83032989501953,58.15180969238281,1.0,6.540738105773926,60.572479248046875,57.8358154296875,1.0,67.49366760253906,303.2928771972656,189.15408325195312,1.0
70.0,2025-07-10 14:39:25.354702,False,0.0,6.6306867599487305,65.25878143310547,58.21756362915039,1.0,6.605613708496094,60.34733581542969,57.900691986083984,1.0,67.5087890625,302.4961853027344,188.6007080078125,1.0
71.0,2025-07-10 14:39:27.634349,False,0.0,6.7005815505981445,64.69759368896484,58.2828254699707,1.0,6.670248031616211,60.11533737182617,57.96532440185547,1.0,67.52383422851562,301.7030029296875,188.0505828857422,1.0
72.0,2025-07-10 14:39:31.357437,False,0.0,6.769875526428223,59.915992736816406,58.31404495239258,1.0,6.7346343994140625,56.420352935791016,58.029701232910156,1.0,67.51348114013672,302.2486267089844,187.59986877441406,1.0
73.0,2025-07-10 14:39:34.652735,False,0.0,6.834047794342041,59.41572952270508,58.3743782043457,1.0,6.795063018798828,56.18179702758789,58.09012985229492,1.0,67.52749633789062,301.50982666015625,187.09005737304688,1.0
74.0,2025-07-10 14:39:37.462262,False,0.0,6.897684574127197,58.92403030395508,58.434268951416016,1.0,6.855235576629639,55.93806076049805,58.15030288696289,1.0,67.54145050048828,300.7743835449219,186.58323669433594,1.0
75.0,2025-07-10 14:39:41.015810,False,0.0,6.960794448852539,58.440547943115234,58.49372100830078,1.0,6.91514778137207,55.689483642578125,58.21021270751953,1.0,67.55534362792969,300.0423278808594,186.07936096191406,1.0
76.0,2025-07-10 14:39:44.171749,False,0.0,7.0233869552612305,57.964962005615234,58.552738189697266,1.0,6.974793434143066,55.4364013671875,58.269859313964844,1.0,67.56916809082031,299.31365966796875,185.578369140625,1.0
77.0,2025-07-10 14:39:47.980303,False,0.0,7.085469722747803,-97.94087982177734,57.76137924194336,1.0,7.034168243408203,-87.97156524658203,58.32901382446289,1.0,57.69920349121094,0.0,-12.366384506225586,0.0
78.0,2025-07-10 14:39:51.202705,False,0.0,6.9805707931518555,-97.65011596679688,57.659881591796875,1.0,6.939947128295898,-88.2623291015625,58.23479080200195,1.0,57.598846435546875,0.0,-12.242437362670898,0.0
79.0,2025-07-10 14:39:54.488861,False,0.0,6.875983715057373,-97.37699890136719,57.55847930908203,1.0,6.845414638519287,-88.53544616699219,58.1402587890625,1.0,57.498512268066406,0.0,-12.125927925109863,0.0
80.0,2025-07-10 14:39:58.025942,False,0.0,6.771688938140869,-97.12041473388672,57.45716857910156,1.0,6.750589370727539,-88.79203033447266,58.045433044433594,1.0,57.398197174072266,0.0,-12.016409873962402,0.0
81.0,2025-07-10 14:40:01.636362,False,0.0,6.66766881942749,-96.87928009033203,57.35594940185547,1.0,6.655489444732666,-89.03316497802734,57.95033264160156,1.0,57.29790115356445,0.0,-11.913418769836426,0.0
82.0,2025-07-10 14:40:05.031641,False,0.0,6.563907146453857,-96.65259552001953,57.25481414794922,1.0,6.560131072998047,-89.25984191894531,57.85497283935547,1.0,57.1976318359375,0.0,-11.816547393798828,0.0
83.0,2025-07-10 14:40:08.306208,False,0.0,6.46038818359375,-96.43944549560547,57.15375900268555,1.0,6.464529991149902,-89.47299194335938,57.759368896484375,1.0,57.097389221191406,0.0,-11.725412368774414,0.0
84.0,2025-07-10 14:40:12.105452,False,0.0,6.357097625732422,-139.34713745117188,56.462615966796875,1.0,6.368700981140137,-129.4102020263672,57.66338348388672,1.0,56.35141372680664,0.0,-16.92159652709961,0.0
85.0,2025-07-10 14:40:15.331402,False,0.0,6.207850933074951,-139.13829040527344,56.31666946411133,1.0,6.23009729385376,-129.6190643310547,57.5247802734375,1.0,56.20654296875,0.0,-16.832246780395508,0.0
86.0,2025-07-10 14:40:18.321071,False,0.0,6.058828353881836,-138.93846130371094,56.170799255371094,1.0,6.0912699699401855,-129.8188934326172,57.38595199584961,1.0,56.061702728271484,0.0,-16.746736526489258,0.0
87.0,2025-07-10 14:40:22.058889,False,0.0,5.910019397735596,-138.74725341796875,56.02500534057617,1.0,5.952228546142578,-130.0100860595703,57.246910095214844,1.0,55.91688537597656,0.0,-16.664884567260742,0.0
88.0,2025-07-10 14:40:25.777478,False,0.0,5.761415481567383,30.326824188232422,57.127017974853516,1.0,5.812982559204102,26.098209381103516,57.10799789428711,1.0,67.078369140625,325.1822204589844,195.75906372070312,1.0
89.0,2025-07-10 14:40:29.092154,False,0.0,5.793896675109863,29.896095275878906,57.15765380859375,1.0,5.840934753417969,26.17337417602539,57.13595199584961,1.0,67.08511352539062,324.82666015625,195.5064239501953,1.0
90.0,2025-07-10 14:40:31.915464,False,0.0,5.825916767120361,29.497390747070312,57.18798828125,1.0,5.868967533111572,26.218303680419922,57.16398239135742,1.0,67.09182739257812,324.4728698730469,195.25624084472656,1.0
91.0,2025-07-10 14:40:34.957862,False,0.0,5.857509613037109,29.126163482666016,57.21802520751953,1.0,5.897048473358154,26.23759651184082,57.19206619262695,1.0,67.09850311279297,324.1209411621094,195.00840759277344,1.0
92.0,2025-07-10 14:40:38.615530,False,0.0,5.888704776763916,28.778736114501953,57.247779846191406,1.0,5.925149917602539,26.234983444213867,57.22016525268555,1.0,67.10514068603516,323.7709045410156,194.76284790039062,1.0
93.0,2025-07-10 14:40:42.325396,False,0.0,5.919528007507324,28.452068328857422,57.27726364135742,1.0,5.953248500823975,26.213502883911133,57.24826431274414,1.0,67.11174774169922,323.4227600097656,194.51943969726562,1.0
94.0,2025-07-10 14:40:45.404423,False,0.0,5.9500017166137695,28.14362907409668,57.30648422241211,1.0,5.981324195861816,26.175708770751953,57.27634048461914,1.0,67.11831665039062,323.0765380859375,194.27813720703125,1.0
95.0,2025-07-10 14:40:48.762765,False,0.0,5.980144500732422,27.851282119750977,57.33544921875,1.0,6.009359836578369,26.12373161315918,57.30437469482422,1.0,67.12484741210938,322.7322082519531,194.038818359375,1.0
96.0,2025-07-10 14:40:52.041907,False,0.0,6.009974479675293,26.177337646484375,57.35873794555664,1.0,6.037339210510254,24.880414962768555,57.33235549926758,1.0,67.12405395507812,322.7741394042969,193.7831268310547,1.0
97.0,2025-07-10 14:40:54.991822,False,0.0,6.03801155090332,25.929697036743164,57.38583755493164,1.0,6.0639872550964355,24.803665161132812,57.35900115966797,1.0,67.13021087646484,322.4497375488281,193.55908203125,1.0
98.0,2025-07-10 14:40:58.445073,False,0.0,6.0657830238342285,25.69272232055664,57.412715911865234,1.0,6.090552806854248,24.71808433532715,57.38556671142578,1.0,67.1363296508789,322.127197265625,193.33676147460938,1.0
99.0,2025-07-10 14:41:01.757445,False,0.0,6.093301296234131,25.465274810791016,57.439388275146484,1.0,6.1170268058776855,24.624797821044922,57.41204071044922,1.0,67.14241790771484,321.80645751953125,193.11607360839844,1.0
100.0,2025-07-10 14:41:05.451045,False,0.0,6.120575428009033,25.246355056762695,57.465850830078125,1.0,6.143401145935059,24.52479362487793,57.43841552734375,1.0,67.14846801757812,321.4875183105469,192.89697265625,1.0
101.0,2025-07-10 14:41:09.220443,False,0.0,6.147615432739258,25.03510093688965,57.49211502075195,1.0,6.169668197631836,24.418935775756836,57.464683532714844,1.0,67.15447998046875,321.17041015625,192.67941284179688,1.0
102.0,2025-07-10 14:41:12.440312,False,0.0,6.174428939819336,24.830747604370117,57.518184661865234,1.0,6.195821762084961,24.307964324951172,57.49083709716797,1.0,67.16046142578125,320.8551025390625,192.46336364746094,1.0
103.0,2025-07-10 14:41:15.533864,False,0.0,6.201023578643799,24.63262939453125,57.54405975341797,1.0,6.221856594085693,24.192548751831055,57.51687240600586,1.0,67.16641235351562,320.54156494140625,192.248779296875,1.0
104.0,2025-07-10 14:41:18.624116,False,0.0,6.2274065017700195,24.440139770507812,57.56974792480469,1.0,6.247767925262451,24.073270797729492,57.542781829833984,1.0,67.17232513427734,320.22979736328125,192.03561401367188,1.0
105.0,2025-07-10 14:41:21.692824,False,0.0,6.25358247756958,24.252769470214844,57.59525680541992,1.0,6.2735514640808105,23.950651168823242,57.568565368652344,1.0,67.17820739746094,319.9197998046875,191.82386779785156,1.0
106.0,2025-07-10 14:41:24.509007,False,0.0,6.279558181762695,24.070035934448242,57.620582580566406,1.0,6.299203395843506,23.825149536132812,57.59421920776367,1.0,67.1840591430664,319.611572265625,191.6134796142578,1.0
107.0,2025-07-10 14:41:27.715065,False,0.0,6.305338382720947,23.89153480529785,57.64573287963867,1.0,6.324721336364746,23.69715118408203,57.61973571777344,1.0,67.18987274169922,319.3050842285156,191.4044189453125,1.0
108.0,2025-07-10 14:41:30.946706,False,0.0,6.33092737197876,55.83110046386719,57.84455490112305,1.0,6.350101947784424,50.33800506591797,57.64515686035156,1.0,67.37240600585938,309.68450927734375,191.1885986328125,1.0
109.0,2025-07-10 14:41:34.836739,False,0.0,6.3907246589660645,55.29952621459961,57.9005126953125,1.0,6.404016017913818,50.200218200683594,57.69906997680664,1.0,67.38510131835938,309.01513671875,190.72047424316406,1.0
110.0,2025-07-10 14:41:38.315031,False,0.0,6.449952602386475,54.78135299682617,57.95602798461914,1.0,6.45778226852417,50.05217742919922,57.752838134765625,1.0,67.39774322509766,308.3489074707031,190.25546264648438,1.0
111.0,2025-07-10 14:41:42.045856,False,0.0,6.5086259841918945,54.27583312988281,58.0111083984375,1.0,6.511390209197998,49.89463806152344,57.80644607543945,1.0,67.41032409667969,307.68585205078125,189.7935333251953,1.0
112.0,2025-07-10 14:41:45.436448,False,0.0,6.5667572021484375,53.78227233886719,58.065757751464844,1.0,6.5648298263549805,49.72829055786133,57.85988235473633,1.0,67.42284393310547,307.0259704589844,189.33462524414062,1.0
113.0,2025-07-10 14:41:48.937267,False,0.0,6.62436056137085,53.30004119873047,58.11998748779297,1.0,6.618090629577637,49.553768157958984,57.913143157958984,1.0,67.435302734375,306.36920166015625,188.87867736816406,1.0
114.0,2025-07-10 14:41:51.520074,False,0.0,6.6814470291137695,52.82853317260742,58.173797607421875,1.0,6.6711649894714355,49.371673583984375,57.966217041015625,1.0,67.44770050048828,305.7156066894531,188.42567443847656,1.0
115.0,2025-07-10 14:41:54.931776,False,0.0,6.738028526306152,52.367210388183594,58.22719955444336,1.0,6.724043846130371,49.18254089355469,58.01909637451172,1.0,67.46004486083984,305.0651550292969,187.9755401611328,1.0
116.0,2025-07-10 14:41:58.387104,False,0.0,6.794116020202637,51.915550231933594,58.28019714355469,1.0,6.7767205238342285,48.98687744140625,58.071773529052734,1.0,67.47232818603516,304.4178161621094,187.5282440185547,1.0
117.0,2025-07-10 14:42:02.300473,False,0.0,6.849719524383545,51.473087310791016,58.33279800415039,1.0,6.829187393188477,48.78516387939453,58.12424087524414,1.0,67.48455047607422,303.7736511230469,187.083740234375,1.0
118.0,2025-07-10 14:42:05.610576,False,0.0,6.904849529266357,51.03936004638672,58.38500213623047,1.0,6.881438255310059,48.57783508300781,58.176490783691406,1.0,67.49671173095703,303.1325988769531,186.64199829101562,1.0
119.0,2025-07-10 14:42:08.635943,False,0.0,6.959514617919922,50.61396026611328,58.43681716918945,1.0,6.933467388153076,48.36531066894531,58.228519439697266,1.0,67.5088119506836,302.4946594238281,186.2029571533203,1.0
120.0,2025-07-10 14:42:11.414687,False,0.0,7.013724327087402,69.34923553466797,58.63538360595703,1.0,6.985268592834473,63.811561584472656,58.28035354614258,1.0,67.63459014892578,295.86541748046875,185.37008666992188,1.0
121.0,2025-07-10 14:42:15.197689,False,0.0,7.088000297546387,-85.54119110107422,57.901187896728516,1.0,7.053613185882568,-77.1635971069336,58.34849166870117,1.0,57.85322952270508,0.0,-10.748726844787598,0.0
122.0,2025-07-10 14:42:18.166347,False,0.0,6.996382236480713,-85.26795959472656,57.812416076660156,1.0,6.970967769622803,-77.43683624267578,58.265846252441406,1.0,57.76540756225586,0.0,-10.63218879699707,0.0
123.0,2025-07-10 14:42:21.529022,False,0.0,6.905056476593018,-85.01325988769531,57.72373962402344,1.0,6.8880295753479,-77.69152069091797,58.18290710449219,1.0,57.6776123046875,0.0,-10.523481369018555,0.0
124.0,2025-07-10 14:42:25.151046,False,0.0,6.814003944396973,-84.77577209472656,57.63514709472656,1.0,6.804819107055664,-77.92902374267578,58.099693298339844,1.0,57.58983612060547,0.0,-10.422046661376953,0.0
125.0,2025-07-10 14:42:28.232604,False,0.0,6.72320556640625,-84.55421447753906,57.54663848876953,1.0,6.721354007720947,-78.15058135986328,58.01622772216797,1.0,57.50208282470703,0.0,-10.327356338500977,0.0
126.0,2025-07-10 14:42:31.493888,False,0.0,6.6326446533203125,-84.34746551513672,57.45820999145508,1.0,6.637651443481445,-78.35733032226562,57.932525634765625,1.0,57.41435623168945,0.0,-10.238953590393066,0.0
127.0,2025-07-10 14:42:35.036068,False,0.0,6.542304992675781,-84.15446472167969,57.36985778808594,1.0,6.553727149963379,-78.5503158569336,57.848602294921875,1.0,57.32665252685547,0.0,-10.156380653381348,0.0
128.0,2025-07-10 14:42:38.734226,False,0.0,6.45217227935791,-83.97425842285156,57.281578063964844,1.0,6.469596862792969,-78.73052978515625,57.764469146728516,1.0,57.23897171020508,0.0,-10.079242706298828,0.0
129.0,2025-07-10 14:42:41.835180,False,0.0,6.362232208251953,-83.80593872070312,57.19336700439453,1.0,6.385272979736328,-78.89883422851562,57.680145263671875,1.0,57.15131759643555,0.0,-10.007157325744629,0.0
130.0,2025-07-10 14:42:45.500887,False,0.0,6.272472381591797,-83.64869689941406,57.10521697998047,1.0,6.300769329071045,-79.05607604980469,57.59564208984375,1.0,57.063690185546875,0.0,-9.93979263305664,0.0
131.0,2025-07-10 14:42:49.174693,False,0.0,6.1828813552856445,-83.50175476074219,57.017127990722656,1.0,6.216096878051758,-79.20301818847656,57.51097106933594,1.0,56.97608184814453,0.0,-9.876808166503906,0.0
132.0,2025-07-10 14:42:51.578593,False,0.0,6.093447685241699,-93.72343444824219,56.81782150268555,1.0,6.131267070770264,-88.72721099853516,57.426109313964844,1.0,56.766761779785156,0.0,-11.113089561462402,0.0
133.0,2025-07-10 14:42:55.201294,False,0.0,5.99306583404541,-93.57853698730469,56.71907424926758,1.0,6.036236763000488,-88.87210845947266,57.331077575683594,1.0,56.66853713989258,0.0,-11.050976753234863,0.0
134.0,2025-07-10 14:42:58.511829,False,0.0,5.892839431762695,68.93632507324219,57.51090621948242,1.0,5.941051006317139,60.12554168701172,57.23612594604492,1.0,67.33772277832031,311.5123596191406,194.3869171142578,1.0
135.0,2025-07-10 14:43:01.821682,False,0.0,5.966672897338867,68.26907348632812,57.57897186279297,1.0,6.005447864532471,59.992820739746094,57.3005256652832,1.0,67.35289764404297,310.7123718261719,193.8227081298828,1.0
136.0,2025-07-10 14:43:05.155565,False,0.0,6.039792060852051,67.61751556396484,57.646507263183594,1.0,6.069702625274658,59.8477897644043,57.36478042602539,1.0,67.36801147460938,309.9158020019531,193.2620391845703,1.0
137.0,2025-07-10 14:43:08.929833,False,0.0,6.112213134765625,66.98085021972656,57.7135124206543,1.0,6.1338019371032715,59.691261291503906,57.42887878417969,1.0,67.38306427001953,309.12261962890625,192.70489501953125,1.0
138.0,2025-07-10 14:43:12.302969,False,0.0,6.183952331542969,66.35834503173828,57.78000259399414,1.0,6.1977338790893555,59.52400207519531,57.4928092956543,1.0,67.3980484008789,308.33282470703125,192.1511993408203,1.0
139.0,2025-07-10 14:43:14.392624,False,0.0,6.2550249099731445,65.74930572509766,57.845977783203125,1.0,6.261486530303955,59.3466911315918,57.55656051635742,1.0,67.4129638671875,307.5464782714844,191.60093688964844,1.0
140.0,2025-07-10 14:43:17.498467,False,0.0,6.325445175170898,65.15308380126953,57.91144561767578,1.0,6.32504940032959,59.15998458862305,57.62012481689453,1.0,67.42781829833984,306.7635803222656,191.0540313720703,1.0
141.0,2025-07-10 14:43:20.257836,False,0.0,6.395226955413818,64.5691146850586,57.976417541503906,1.0,6.388411998748779,58.964473724365234,57.68348693847656,1.0,67.44261169433594,305.9841003417969,190.5104522705078,1.0
142.0,2025-07-10 14:43:24.228055,False,0.0,6.464383125305176,63.996822357177734,58.0408935546875,1.0,6.451565742492676,58.760719299316406,57.746639251708984,1.0,67.45733642578125,305.2080383300781,189.97018432617188,1.0
143.0,2025-07-10 14:43:27.626560,False,0.0,6.532926082611084,63.435699462890625,58.104881286621094,1.0,6.514500617980957,58.54924774169922,57.809574127197266,1.0,67.47199249267578,304.4354553222656,189.43313598632812,1.0
144.0,2025-07-10 14:43:31.072134,False,0.0,6.600868225097656,72.8025131225586,58.253292083740234,1.0,6.57720947265625,66.54061889648438,57.8723030090332,1.0,67.54753112792969,300.45416259765625,188.6236572265625,1.0
145.0,2025-07-10 14:43:34.374842,False,0.0,6.678843021392822,72.17342376708984,58.32556915283203,1.0,6.648477077484131,66.29338073730469,57.94356918334961,1.0,67.56415557861328,299.5778503417969,188.01406860351562,1.0
146.0,2025-07-10 14:43:40.388561,False,0.0,6.756143569946289,71.55489349365234,58.39730453491211,1.0,6.719480037689209,66.03924560546875,58.01457214355469,1.0,67.5807113647461,298.7051696777344,187.40785217285156,1.0
147.0,2025-07-10 14:43:47.346478,False,0.0,6.832781791687012,70.94654083251953,58.46851348876953,1.0,6.790210723876953,65.77859497070312,58.08530044555664,1.0,67.59719848632812,297.836181640625,186.80503845214844,1.0
148.0,2025-07-10 14:43:54.052632,False,0.0,6.908768653869629,70.3479995727539,58.5391960144043,1.0,6.860662460327148,65.5118179321289,58.1557502746582,1.0,67.61361694335938,296.9708557128906,186.20556640625,1.0
149.0,2025-07-10 14:44:00.601394,False,0.0,6.984114170074463,69.75889587402344,58.60935974121094,1.0,6.930828094482422,65.2392578125,58.22591781616211,1.0,67.62996673583984,296.10919189453125,185.6094207763672,1.0
150.0,2025-07-10 14:44:07.210133,False,0.0,7.058828830718994,69.17892456054688,58.67900466918945,1.0,7.000702381134033,64.96125793457031,58.29579162597656,1.0,67.646240234375,295.251220703125,185.01654052734375,1.0
151.0,2025-07-10 14:44:13.483878,False,0.0,7.132922172546387,68.60773468017578,58.74814224243164,1.0,7.070278167724609,64.67813110351562,58.3653678894043,1.0,67.6624526977539,294.39691162109375,184.42689514160156,1.0
152.0,2025-07-10 14:44:19.813857,False,0.0,7.206404209136963,68.0450439453125,58.81678009033203,1.0,7.139551162719727,64.39018249511719,58.43463897705078,1.0,67.6785888671875,293.5462646484375,183.84048461914062,1.0
153.0,2025-07-10 14:44:26.498093,False,0.0,7.279283046722412,67.49056243896484,58.88491439819336,1.0,7.208515644073486,64.09769439697266,58.50360107421875,1.0,67.69466400146484,292.6993103027344,183.2572479248047,1.0
154.0,2025-07-10 14:44:33.049227,False,0.0,7.351568222045898,66.94401550292969,58.95255661010742,1.0,7.277166843414307,63.80093765258789,58.5722541809082,1.0,67.71066284179688,291.8559875488281,182.67718505859375,1.0
155.0,2025-07-10 14:44:40.131178,False,0.0,7.423267841339111,66.40513610839844,59.019710540771484,1.0,7.345500469207764,63.500179290771484,58.640586853027344,1.0,67.72659301757812,291.016357421875,182.10023498535156,1.0
156.0,2025-07-10 14:44:46.724057,False,0.0,7.494390487670898,72.71722412109375,59.14603805541992,1.0,7.413511753082275,68.72867584228516,58.70861053466797,1.0,67.78449249267578,287.9645080566406,181.31739807128906,1.0
157.0,2025-07-10 14:44:53.258504,False,0.0,7.5722737312316895,72.12493133544922,59.21855926513672,1.0,7.487123012542725,68.411376953125,58.78221893310547,1.0,67.80175018310547,287.0549011230469,180.6909637451172,1.0
158.0,2025-07-10 14:44:58.929986,False,0.0,7.64952278137207,71.54058074951172,59.290557861328125,1.0,7.560394287109375,68.08992004394531,58.855491638183594,1.0,67.81893920898438,286.14910888671875,180.0677947998047,1.0
159.0,2025-07-10 14:45:06.184384,False,0.0,7.726145267486572,70.96393585205078,59.362030029296875,1.0,7.633321762084961,67.76458740234375,58.92841720581055,1.0,67.83605194091797,285.24713134765625,179.44789123535156,1.0
160.0,2025-07-10 14:45:12.243203,False,0.0,7.802150726318359,70.39476776123047,59.43299102783203,1.0,7.705900192260742,67.43557739257812,59.00099563598633,1.0,67.85308837890625,284.3489685058594,178.83120727539062,1.0
161.0,2025-07-10 14:45:18.648837,False,0.0,7.877546310424805,69.83283996582031,59.50343704223633,1.0,7.7781267166137695,67.1031265258789,59.073219299316406,1.0,67.87005615234375,283.45458984375,178.2177276611328,1.0
162.0,2025-07-10 14:45:25.451024,False,0.0,7.952340126037598,69.27796936035156,59.57337951660156,1.0,7.849996566772461,66.76744079589844,59.14508819580078,1.0,67.88695526123047,282.56402587890625,177.60743713378906,1.0
163.0,2025-07-10 14:45:31.133713,False,0.0,8.02653980255127,68.72993469238281,59.642818450927734,1.0,7.921507358551025,66.4287109375,59.21659851074219,1.0,67.90377807617188,281.6772766113281,177.0002899169922,1.0
164.0,2025-07-10 14:45:38.097062,False,0.0,8.100152015686035,68.18854522705078,59.711761474609375,1.0,7.992655277252197,66.08715057373047,59.28774642944336,1.0,67.9205322265625,280.7943115234375,176.3962860107422,1.0
165.0,2025-07-10 14:45:44.066276,False,0.0,8.173185348510742,67.65361022949219,59.780208587646484,1.0,8.063437461853027,65.74292755126953,59.35852813720703,1.0,67.93721008300781,279.9151611328125,175.79537963867188,1.0
166.0,2025-07-10 14:45:51.395288,False,0.0,8.245644569396973,67.12495422363281,59.848167419433594,1.0,8.133851051330566,65.3962173461914,59.42893981933594,1.0,67.95381927490234,279.039794921875,175.1975555419922,1.0
167.0,2025-07-10 14:45:57.926709,False,0.0,8.317538261413574,66.6024169921875,59.91564178466797,1.0,8.203892707824707,65.04720306396484,59.49898147583008,1.0,67.97035217285156,278.1682434082031,174.60279846191406,1.0
168.0,2025-07-10 14:46:04.274297,False,0.0,8.388872146606445,50.9759521484375,59.868595123291016,1.0,8.273561477661133,52.90989303588867,59.56862258911133,1.0,67.89874267578125,281.9429626464844,174.33665466308594,1.0
169.0,2025-07-10 14:46:10.824296,False,0.0,8.443470001220703,50.647178649902344,59.92099380493164,1.0,8.330229759216309,52.548988342285156,59.62528991699219,1.0,67.91182708740234,281.2532958984375,173.87538146972656,1.0
170.0,2025-07-10 14:46:17.775430,False,0.0,8.49771499633789,50.31963348388672,59.973060607910156,1.0,8.38651180267334,52.19017028808594,59.68157196044922,1.0,67.92484283447266,280.5669250488281,173.4163055419922,1.0
171.0,2025-07-10 14:46:23.312278,False,0.0,8.55160903930664,49.99338150024414,60.02479553222656,1.0,8.44240951538086,51.833335876464844,59.73746871948242,1.0,67.93780517578125,279.8838195800781,172.95933532714844,1.0
172.0,2025-07-10 14:46:30.082316,False,0.0,8.605154037475586,49.668426513671875,60.076202392578125,1.0,8.497925758361816,51.478458404541016,59.79298400878906,1.0,67.9507064819336,279.2040100097656,172.50450134277344,1.0
173.0,2025-07-10 14:46:36.153202,False,0.0,8.658350944519043,49.34477615356445,60.127281188964844,1.0,8.553060531616211,51.12554931640625,59.84811782836914,1.0,67.96353912353516,278.5274353027344,172.05178833007812,1.0
174.0,2025-07-10 14:46:43.362146,False,0.0,8.711201667785645,49.022438049316406,60.17803192138672,1.0,8.607818603515625,50.77457809448242,59.90287399291992,1.0,67.976318359375,277.8541259765625,171.6011962890625,1.0
175.0,2025-07-10 14:46:49.323968,False,0.0,8.763707160949707,48.701419830322266,60.228458404541016,1.0,8.662199974060059,50.425537109375,59.95725631713867,1.0,67.98902893066406,277.18408203125,171.15274047851562,1.0
176.0,2025-07-10 14:46:55.739816,False,0.0,8.815868377685547,48.38172912597656,60.278560638427734,1.0,8.716207504272461,50.07841873168945,60.011260986328125,1.0,68.00167846679688,276.51727294921875,170.70640563964844,1.0
177.0,2025-07-10 14:47:03.142538,False,0.0,8.867687225341797,48.06338119506836,60.32834243774414,1.0,8.769844055175781,49.73321533203125,60.06489944458008,1.0,68.01426696777344,275.85369873046875,170.26219177246094,1.0
178.0,2025-07-10 14:47:08.584815,False,0.0,8.919164657592773,47.74637222290039,60.377803802490234,1.0,8.823110580444336,49.3899040222168,60.1181640625,1.0,68.02679443359375,275.1933898925781,169.82009887695312,1.0
179.0,2025-07-10 14:47:15.979166,False,0.0,8.97030258178711,47.43070983886719,60.426944732666016,1.0,8.876008987426758,49.048484802246094,60.17106246948242,1.0,68.03926086425781,274.53631591796875,169.38011169433594,1.0
180.0,2025-07-10 14:47:22.551038,False,0.0,9.021102905273438,58.59778594970703,60.555213928222656,1.0,8.928542137145996,57.65559005737305,60.22361373901367,1.0,68.1169662475586,270.4408874511719,168.75592041015625,1.0
181.0,2025-07-10 14:47:28.813718,False,0.0,9.083864212036133,58.1385383605957,60.61451721191406,1.0,8.990293502807617,57.32851791381836,60.285362243652344,1.0,68.13188171386719,269.6545715332031,168.2208709716797,1.0
182.0,2025-07-10 14:47:34.992873,False,0.0,9.146132469177246,57.684593200683594,60.67338943481445,1.0,9.051694869995117,56.99985885620117,60.346763610839844,1.0,68.14673614501953,268.8719482421875,167.68869018554688,1.0
183.0,2025-07-10 14:47:41.819606,False,0.0,9.207915306091309,57.23582077026367,60.73183822631836,1.0,9.112743377685547,56.66969680786133,60.407814025878906,1.0,68.16151428222656,268.093017578125,167.15936279296875,1.0
184.0,2025-07-10 14:47:48.352967,False,0.0,9.269217491149902,56.79208755493164,60.78986358642578,1.0,9.173439025878906,56.33818435668945,60.468505859375,1.0,68.17622375488281,267.3177795410156,166.6328887939453,1.0
185.0,2025-07-10 14:47:54.431771,False,0.0,9.33004379272461,56.353233337402344,60.84747314453125,1.0,9.233779907226562,56.00545120239258,60.528846740722656,1.0,68.19085693359375,266.5461730957031,166.1092071533203,1.0
186.0,2025-07-10 14:48:01.161726,False,0.0,9.390399932861328,55.91913604736328,60.904666900634766,1.0,9.293764114379883,55.671627044677734,60.588829040527344,1.0,68.20542907714844,265.77825927734375,165.5883331298828,1.0
187.0,2025-07-10 14:48:07.668208,False,0.0,9.450291633605957,55.48966598510742,60.961448669433594,1.0,9.35339069366455,55.33683776855469,60.64845657348633,1.0,68.21993255615234,265.0140075683594,165.0702362060547,1.0
188.0,2025-07-10 14:48:13.733457,False,0.0,9.509723663330078,55.06468963623047,61.017826080322266,1.0,9.41265869140625,55.00121307373047,60.70772171020508,1.0,68.23435974121094,264.25341796875,164.5548858642578,1.0
189.0,2025-07-10 14:48:20.107320,False,0.0,9.568700790405273,54.64409637451172,61.073795318603516,1.0,9.471567153930664,54.66485595703125,60.766632080078125,1.0,68.24871826171875,263.4964599609375,164.0422821044922,1.0
190.0,2025-07-10 14:48:27.094517,False,0.0,9.627226829528809,54.227760314941406,61.12936782836914,1.0,9.530115127563477,54.327880859375,60.82518005371094,1.0,68.26301574707031,262.7431640625,163.5323944091797,1.0
191.0,2025-07-10 14:48:33.370909,False,0.0,9.685306549072266,53.815582275390625,61.184539794921875,1.0,9.588302612304688,53.99039077758789,60.883365631103516,1.0,68.27723693847656,261.9934997558594,163.0252227783203,1.0
192.0,2025-07-10 14:48:39.442719,False,0.0,9.742945671081543,52.01057815551758,61.22967529296875,1.0,9.64612865447998,52.56486892700195,60.94118881225586,1.0,68.28345489501953,261.6657409667969,162.54393005371094,1.0
193.0,2025-07-10 14:48:45.943187,False,0.0,9.798650741577148,51.624412536621094,61.282752990722656,1.0,9.702427864074707,52.22549819946289,60.99748611450195,1.0,68.2972183227539,260.9402160644531,162.05445861816406,1.0
194.0,2025-07-10 14:48:53.560547,False,0.0,9.85394287109375,51.24161911010742,61.33545684814453,1.0,9.758363723754883,51.88633728027344,61.05342102050781,1.0,68.31092071533203,260.21826171875,161.56756591796875,1.0
195.0,2025-07-10 14:48:58.961367,False,0.0,9.908824920654297,50.86210632324219,61.387786865234375,1.0,9.813936233520508,51.54744338989258,61.10899353027344,1.0,68.32454681396484,259.4998474121094,161.08322143554688,1.0
196.0,2025-07-10 14:49:05.721692,False,0.0,9.963299751281738,50.48581314086914,61.43975067138672,1.0,9.869145393371582,51.208892822265625,61.16420364379883,1.0,68.3381118774414,258.7850036621094,160.60142517089844,1.0
197.0,2025-07-10 14:49:11.942409,False,0.0,10.017372131347656,50.11266326904297,61.49134826660156,1.0,9.923992156982422,50.87074279785156,61.21904754638672,1.0,68.35160827636719,258.07373046875,160.12213134765625,1.0
198.0,2025-07-10 14:49:18.335430,False,0.0,10.071044921875,0.0,63.269386291503906,0.0,9.978476524353027,83.46898651123047,61.273616790771484,1.0,68.68390655517578,240.559326171875,141.061279296875,1.0
199.0,2025-07-10 14:49:25.263886,False,0.0,10.071044921875,0.0,63.32111358642578,0.0,10.067875862121582,82.57713317871094,61.363014221191406,1.0,68.7008285522461,239.66746520996094,140.57034301757812,1.0
200.0,2025-07-10 14:49:31.779260,False,0.0,10.071044921875,0.0,67.81513977050781,0.0,10.156319618225098,0.0,67.8231430053711,0.0,70.26754760742188,157.0904541015625,91.9066390991211,1.0
201.0,2025-07-10 14:49:38.092115,False,0.0,10.071044921875,0.0,6.320695355999106e-11,0.0,10.156318664550781,0.0,5.235056277363981e-10,0.0,-8.669824302920404e-10,0.0,-0.008266746997833252,0.0
202.0,2025-07-10 14:49:44.417109,False,0.0,10.071044921875,-78.96944427490234,60.95053482055664,1.0,10.156318664550781,-78.12105560302734,61.451194763183594,1.0,60.917171478271484,0.0,-8.826698303222656,0.0
203.0,2025-07-10 14:49:50.321918,False,0.0,9.986465454101562,0.0,6.343219005611189e-11,0.0,10.072648048400879,0.0,5.188298124458868e-10,0.0,-1.1378529229943979e-09,0.0,0.012080330401659012,0.0
204.0,2025-07-10 14:49:56.398178,False,0.0,9.986465454101562,-99.49604797363281,60.644046783447266,1.0,10.072648048400879,-96.32127380371094,61.36746597290039,1.0,60.58998489379883,0.0,-11.45791244506836,0.0
205.0,2025-07-10 14:50:02.676432,False,0.0,9.879900932312012,-195.8172607421875,58.941349029541016,1.0,9.969483375549316,0.0,57.77574920654297,0.0,58.270660400390625,0.0,-44.54973602294922,0.0
206.0,2025-07-10 14:50:09.330962,False,0.0,9.670172691345215,-94.22354888916016,60.38889694213867,1.0,9.969483375549316,-101.5937728881836,61.2642822265625,1.0,60.3529167175293,0.0,-9.18033218383789,0.0
207.0,2025-07-10 14:50:16.164690,False,0.0,9.569254875183105,-94.41497039794922,60.28580856323242,1.0,9.860672950744629,-101.40235900878906,61.15547180175781,1.0,60.249229431152344,0.0,-9.263436317443848,0.0
208.0,2025-07-10 14:50:22.501006,False,0.0,9.468132972717285,-94.59669494628906,60.182621002197266,1.0,9.752066612243652,-101.22062683105469,61.04686737060547,1.0,60.145469665527344,0.0,-9.342306137084961,0.0
209.0,2025-07-10 14:50:28.851425,False,0.0,9.366815567016602,-94.76921081542969,60.079341888427734,1.0,9.643654823303223,-101.04811096191406,60.938453674316406,1.0,60.04164505004883,0.0,-9.417155265808105,0.0
210.0,2025-07-10 14:50:35.172891,False,0.0,9.265314102172852,-94.93295288085938,59.975975036621094,1.0,9.535428047180176,-100.88436889648438,60.83022689819336,1.0,59.93775177001953,0.0,-9.488168716430664,0.0
211.0,2025-07-10 14:50:40.417313,False,0.0,9.163637161254883,-95.08834075927734,59.872528076171875,1.0,9.427376747131348,-100.72897338867188,60.7221794128418,1.0,59.833805084228516,0.0,-9.555545806884766,0.0
212.0,2025-07-10 14:50:48.048055,False,0.0,9.061793327331543,-95.23578643798828,59.76899719238281,1.0,9.31949234008789,-100.5815200805664,60.61429214477539,1.0,59.72979736328125,0.0,-9.619457244873047,0.0
213.0,2025-07-10 14:50:55.173611,False,0.0,8.959792137145996,-95.37568664550781,59.66539764404297,1.0,9.21176528930664,-100.44161987304688,60.506568908691406,1.0,59.6257438659668,0.0,-9.68008041381836,0.0
214.0,2025-07-10 14:51:01.579740,False,0.0,8.857641220092773,-95.50840759277344,59.56172561645508,1.0,9.104187965393066,-100.30889892578125,60.398990631103516,1.0,59.521636962890625,0.0,-9.737577438354492,0.0
215.0,2025-07-10 14:51:07.503386,False,0.0,8.75534725189209,-95.6343002319336,59.45798873901367,1.0,8.996752738952637,-100.1830062866211,60.29155731201172,1.0,59.41748809814453,0.0,-9.792101860046387,0.0
216.0,2025-07-10 14:51:14.531787,False,0.0,8.652918815612793,-83.96896362304688,59.48237991333008,1.0,8.889452934265137,-90.28085327148438,60.18429183959961,1.0,59.45304489135742,0.0,-8.222765922546387,0.0
217.0,2025-07-10 14:51:20.028769,False,0.0,8.562984466552734,-84.15023803710938,59.39058303833008,1.0,8.79275894165039,-90.09957885742188,60.08759689331055,1.0,59.3607292175293,0.0,-8.301447868347168,0.0
218.0,2025-07-10 14:51:26.832803,False,0.0,8.472856521606445,-84.32135009765625,59.2986946105957,1.0,8.696258544921875,-89.928466796875,59.99109649658203,1.0,59.268348693847656,0.0,-8.375691413879395,0.0
219.0,2025-07-10 14:51:33.210808,False,0.0,8.38254451751709,-84.48285675048828,59.20671463012695,1.0,8.59994125366211,-89.76695251464844,59.894779205322266,1.0,59.1759033203125,0.0,-8.44573974609375,0.0
220.0,2025-07-10 14:51:39.440168,False,0.0,8.292059898376465,-84.63526153564453,59.11465835571289,1.0,8.503796577453613,-89.61454772949219,59.79863739013672,1.0,59.08340072631836,0.0,-8.511818885803223,0.0
221.0,2025-07-10 14:51:46.421811,False,0.0,8.201412200927734,-84.77906799316406,59.02252197265625,1.0,8.407815933227539,-89.47074890136719,59.70265579223633,1.0,58.9908447265625,0.0,-8.574145317077637,0.0
222.0,2025-07-10 14:51:52.419520,False,0.0,8.110610008239746,-84.91473388671875,58.93031311035156,1.0,8.311988830566406,-89.3350830078125,59.60683059692383,1.0,58.89823532104492,0.0,-8.632928848266602,0.0
223.0,2025-07-10 14:51:58.597101,False,0.0,8.019662857055664,-85.04269409179688,58.83803939819336,1.0,8.216307640075684,-89.20711517333984,59.51115036010742,1.0,58.80558395385742,0.0,-8.68835735321045,0.0
224.0,2025-07-10 14:52:05.219510,False,0.0,7.928578853607178,-85.16337585449219,58.74570083618164,1.0,8.120762825012207,-89.08641815185547,59.41560363769531,1.0,58.712886810302734,0.0,-8.740622520446777,0.0
225.0,2025-07-10 14:52:11.483756,False,0.0,7.837365627288818,-85.27718353271484,58.65330505371094,1.0,8.025347709655762,-88.97261047363281,59.3201904296875,1.0,58.620147705078125,0.0,-8.789891242980957,0.0
226.0,2025-07-10 14:52:17.777328,False,0.0,7.746030330657959,-85.38450622558594,58.56085205078125,1.0,7.930054664611816,-88.86529541015625,59.22489547729492,1.0,58.527374267578125,0.0,-8.836343765258789,0.0
227.0,2025-07-10 14:52:24.077448,False,0.0,7.654580116271973,-85.48567199707031,58.46834945678711,1.0,7.83487606048584,-88.76412200927734,59.12971878051758,1.0,58.43456268310547,0.0,-8.880127906799316,0.0
228.0,2025-07-10 14:52:30.474158,False,0.0,7.563021183013916,-87.76593017578125,58.352745056152344,1.0,7.739806175231934,-90.51687622070312,59.03464126586914,1.0,58.31656265258789,0.0,-9.216131210327148,0.0
229.0,2025-07-10 14:52:37.178564,False,0.0,7.469020366668701,-87.84458923339844,58.25790786743164,1.0,7.642858982086182,-90.43822479248047,58.93769454956055,1.0,58.22147750854492,0.0,-9.25014591217041,0.0
230.0,2025-07-10 14:52:43.682852,False,0.0,7.374935150146484,-87.91883087158203,58.163028717041016,1.0,7.545995712280273,-90.3639907836914,58.8408317565918,1.0,58.12636947631836,0.0,-9.282238960266113,0.0
231.0,2025-07-10 14:52:49.643117,False,0.0,7.280770301818848,-87.98885345458984,58.068115234375,1.0,7.449212074279785,-90.29395294189453,58.744049072265625,1.0,58.03123474121094,0.0,-9.312507629394531,0.0
232.0,2025-07-10 14:52:56.074301,False,0.0,7.186530590057373,-88.05492401123047,57.97317123413086,1.0,7.352503776550293,-90.22789764404297,58.647342681884766,1.0,57.93608093261719,0.0,-9.341052055358887,0.0
233.0,2025-07-10 14:53:02.270098,False,0.0,7.092220306396484,-88.11722564697266,57.87819290161133,1.0,7.255866050720215,-90.16558837890625,58.55070495605469,1.0,57.84090805053711,0.0,-9.367976188659668,0.0
234.0,2025-07-10 14:53:08.638440,False,0.0,6.997843265533447,-88.17599487304688,57.78318786621094,1.0,7.159294605255127,-90.10681915283203,58.454132080078125,1.0,57.7457160949707,0.0,-9.393365859985352,0.0
235.0,2025-07-10 14:53:15.163546,False,0.0,6.903402805328369,-88.23140716552734,57.68815231323242,1.0,7.06278657913208,-90.05139923095703,58.35762405395508,1.0,57.650508880615234,0.0,-9.4173002243042,0.0
236.0,2025-07-10 14:53:22.306081,False,0.0,6.808903694152832,-88.28367614746094,57.59309387207031,1.0,6.966338157653809,-89.99913024902344,58.26117706298828,1.0,57.55528259277344,0.0,-9.439876556396484,0.0
237.0,2025-07-10 14:53:28.190632,False,0.0,6.714347839355469,-88.33295440673828,57.49801254272461,1.0,6.869945049285889,-89.94984436035156,58.1647834777832,1.0,57.46004104614258,0.0,-9.461156845092773,0.0
238.0,2025-07-10 14:53:34.822224,False,0.0,6.619740009307861,-88.37942504882812,57.40290451049805,1.0,6.7736053466796875,-89.90336608886719,58.068443298339844,1.0,57.36478805541992,0.0,-9.481226921081543,0.0
239.0,2025-07-10 14:53:39.861017,False,0.0,6.525081634521484,-88.42324829101562,57.307777404785156,1.0,6.677314758300781,-89.85955047607422,57.97215270996094,1.0,57.2695198059082,0.0,-9.50014591217041,0.0
240.0,2025-07-10 14:53:47.346599,False,0.0,6.430377006530762,-70.63273620605469,57.38743209838867,1.0,6.581071853637695,-74.7435302734375,57.87595748901367,1.0,57.365028381347656,0.0,-7.110865592956543,0.0
241.0,2025-07-10 14:53:53.823616,False,0.0,6.354726314544678,-70.77131652832031,57.310550689697266,1.0,6.501018524169922,-74.60494232177734,57.795902252197266,1.0,57.28779983520508,0.0,-7.170917987823486,0.0
242.0,2025-07-10 14:53:59.904993,False,0.0,6.278927326202393,-70.9007339477539,57.233604431152344,1.0,6.42111349105835,-74.47552490234375,57.715999603271484,1.0,57.21052551269531,0.0,-7.226992607116699,0.0
243.0,2025-07-10 14:54:06.651230,False,0.0,6.20298957824707,-71.02157592773438,57.15658950805664,1.0,6.341346740722656,-74.35469055175781,57.636234283447266,1.0,57.13320541381836,0.0,-7.279326915740967,0.0
244.0,2025-07-10 14:54:12.330494,False,0.0,6.126922607421875,-71.13438415527344,57.07951736450195,1.0,6.261710166931152,-74.24187469482422,57.55659866333008,1.0,57.055843353271484,0.0,-7.328166484832764,0.0
245.0,2025-07-10 14:54:19.228488,False,0.0,6.050734996795654,-71.23968505859375,57.00239181518555,1.0,6.182193756103516,-74.13658142089844,57.477081298828125,1.0,56.97844696044922,0.0,-7.373744487762451,0.0
246.0,2025-07-10 14:54:25.265242,False,0.0,5.9744343757629395,-71.33794403076172,56.92521286010742,1.0,6.102790832519531,-74.0383071899414,57.39767837524414,1.0,56.9010124206543,0.0,-7.416259288787842,0.0
247.0,2025-07-10 14:54:28.754193,False,0.0,5.898028373718262,-71.42963409423828,56.84798812866211,1.0,6.023492336273193,-73.94661712646484,57.31837844848633,1.0,56.82354736328125,0.0,-7.455929279327393,0.0
248.0,2025-07-10 14:54:31.886153,False,0.0,5.821524143218994,-71.51518249511719,56.77071762084961,1.0,5.9442925453186035,-73.86106872558594,57.23918151855469,1.0,56.746055603027344,0.0,-7.49292516708374,0.0
249.0,2025-07-10 14:54:35.024567,False,0.0,5.744928359985352,-71.59498596191406,56.69340515136719,1.0,5.865184307098389,-73.7812728881836,57.160072326660156,1.0,56.66853713989258,0.0,-7.527434825897217,0.0
250.0,2025-07-10 14:54:37.737472,False,0.0,5.668247222900391,-71.66941833496094,56.616058349609375,1.0,5.786161422729492,-73.70683288574219,57.081050872802734,1.0,56.59099197387695,0.0,-7.559609413146973,0.0
251.0,2025-07-10 14:54:40.932521,False,0.0,5.59148645401001,-71.73880767822266,56.538673400878906,1.0,5.707218647003174,-73.63743591308594,57.002105712890625,1.0,56.513423919677734,0.0,-7.589608192443848,0.0
252.0,2025-07-10 14:54:43.871136,False,0.0,5.514651298522949,-59.47602081298828,56.56385803222656,1.0,5.628349781036377,-63.20986557006836,56.92326736450195,1.0,56.54778289794922,0.0,-5.943675994873047,0.0
253.0,2025-07-10 14:54:47.336252,False,0.0,5.4509501457214355,-59.62126159667969,56.49904251098633,1.0,5.560649394989014,-63.06462860107422,56.85556411743164,1.0,56.4826545715332,0.0,-6.006649017333984,0.0
254.0,2025-07-10 14:54:49.967421,False,0.0,5.3870930671691895,-59.75543975830078,56.43415832519531,1.0,5.493104457855225,-62.93045425415039,56.788021087646484,1.0,56.417476654052734,0.0,-6.064789295196533,0.0
255.0,2025-07-10 14:54:53.171175,False,0.0,5.323092460632324,-59.87935256958008,56.369205474853516,1.0,5.425703525543213,-62.80653762817383,56.720619201660156,1.0,56.35224914550781,0.0,-6.118470668792725,0.0
256.0,2025-07-10 14:54:56.387296,False,0.0,5.2589592933654785,-59.99375915527344,56.3041877746582,1.0,5.358435153961182,-62.69211959838867,56.653350830078125,1.0,56.286983489990234,0.0,-6.1680145263671875,0.0
257.0,2025-07-10 14:54:58.680565,False,0.0,5.194703578948975,-60.09938430786133,56.23911666870117,1.0,5.291289329528809,-62.58650207519531,56.58620834350586,1.0,56.221675872802734,0.0,-6.2137370109558105,0.0
258.0,2025-07-10 14:55:01.964567,False,0.0,5.130334854125977,-60.19684982299805,56.17399597167969,1.0,5.22425651550293,-62.48903274536133,56.51917266845703,1.0,56.15633773803711,0.0,-6.255913257598877,0.0
259.0,2025-07-10 14:55:04.741530,False,0.0,5.065861225128174,-60.28678894042969,56.10882568359375,1.0,5.157328128814697,-62.399085998535156,56.452247619628906,1.0,56.090965270996094,0.0,-6.29481840133667,0.0
260.0,2025-07-10 14:55:07.094555,False,0.0,5.001291751861572,-60.3697624206543,56.04361343383789,1.0,5.090496063232422,-62.31612014770508,56.385414123535156,1.0,56.02556610107422,0.0,-6.33070707321167,0.0
261.0,2025-07-10 14:55:10.438341,False,0.0,4.936633110046387,-60.44629669189453,55.978363037109375,1.0,5.0237531661987305,-62.239585876464844,56.31867218017578,1.0,55.960140228271484,0.0,-6.363794326782227,0.0
262.0,2025-07-10 14:55:13.808127,False,0.0,4.871892929077148,102.6552963256836,56.84230041503906,1.0,4.957091808319092,88.09911346435547,56.25224685668945,1.0,67.3011474609375,313.4401550292969,200.99786376953125,1.0
263.0,2025-07-10 14:55:16.706092,False,0.0,4.98184061050415,101.75779724121094,56.94135284423828,1.0,5.051449775695801,87.85946655273438,56.34660339355469,1.0,67.32272338867188,312.3030090332031,200.19415283203125,1.0
264.0,2025-07-10 14:55:20.025412,False,0.0,5.090827465057373,87.68608856201172,56.89025115966797,1.0,5.145550727844238,76.18962860107422,56.440670013427734,1.0,67.25469207763672,315.8885192871094,200.03721618652344,1.0
265.0,2025-07-10 14:55:23.098773,False,0.0,5.1847429275512695,86.90057373046875,56.975830078125,1.0,5.227153301239014,75.98773956298828,56.52227020263672,1.0,67.27342987060547,314.901123046875,199.341064453125,1.0
266.0,2025-07-10 14:55:26.494039,False,0.0,5.277817249298096,86.12911987304688,57.0607795715332,1.0,5.308538913726807,75.7754135131836,56.60365676879883,1.0,67.2920913696289,313.9173278808594,198.64865112304688,1.0
267.0,2025-07-10 14:55:29.957216,False,0.0,5.370064735412598,85.37117767333984,57.145103454589844,1.0,5.389697551727295,75.55323028564453,56.684814453125,1.0,67.3106918334961,312.93719482421875,197.95993041992188,1.0
268.0,2025-07-10 14:55:32.954842,False,0.0,5.461501121520996,84.62622833251953,57.22880935668945,1.0,5.47061824798584,75.32170104980469,56.7657356262207,1.0,67.32921600341797,311.96075439453125,197.27488708496094,1.0
269.0,2025-07-10 14:55:36.133325,False,0.0,5.5521392822265625,83.89380645751953,57.31190490722656,1.0,5.551290988922119,75.08133697509766,56.846405029296875,1.0,67.34767150878906,310.9879455566406,196.593505859375,1.0
270.0,2025-07-10 14:55:39.285830,False,0.0,5.641993045806885,83.1734390258789,57.3943977355957,1.0,5.631706237792969,74.83259582519531,56.926822662353516,1.0,67.36605834960938,310.01885986328125,195.9156951904297,1.0
271.0,2025-07-10 14:55:42.695303,False,0.0,5.731074810028076,82.46471405029297,57.476287841796875,1.0,5.711854934692383,74.57591247558594,57.0069694519043,1.0,67.3843765258789,309.0534362792969,195.24148559570312,1.0
272.0,2025-07-10 14:55:45.712360,False,0.0,5.819397926330566,81.76720428466797,57.55758285522461,1.0,5.791728973388672,74.31171417236328,57.08684158325195,1.0,67.40261840820312,308.09173583984375,194.57081604003906,1.0
273.0,2025-07-10 14:55:48.716789,False,0.0,5.9069743156433105,81.08055114746094,57.63829040527344,1.0,5.871319770812988,74.0403823852539,57.16643142700195,1.0,67.4207992553711,307.13372802734375,193.90365600585938,1.0
274.0,2025-07-10 14:55:51.916729,False,0.0,5.993814945220947,80.40436553955078,57.71841812133789,1.0,5.950620174407959,73.76229858398438,57.245731353759766,1.0,67.43890380859375,306.1794738769531,193.239990234375,1.0
275.0,2025-07-10 14:55:54.763266,False,0.0,6.079931259155273,79.73829650878906,57.79796600341797,1.0,6.029622554779053,73.47782135009766,57.32473373413086,1.0,67.45693969726562,305.22894287109375,192.57977294921875,1.0
276.0,2025-07-10 14:55:57.863435,False,0.0,6.165334224700928,78.4625244140625,57.87091827392578,1.0,6.108320236206055,72.67642974853516,57.4034309387207,1.0,67.470947265625,304.4903869628906,191.94619750976562,1.0
277.0,2025-07-10 14:56:00.956784,False,0.0,6.249370574951172,77.82109832763672,57.948760986328125,1.0,6.186159610748291,72.38153839111328,57.481266021728516,1.0,67.48871612548828,303.5540771484375,191.29763793945312,1.0
278.0,2025-07-10 14:56:04.232992,False,0.0,6.3327202796936035,77.18880462646484,58.02604675292969,1.0,6.263683319091797,72.08124542236328,57.55879211425781,1.0,67.50640869140625,302.6214904785156,190.65243530273438,1.0
279.0,2025-07-10 14:56:07.037365,False,0.0,6.415392875671387,76.56536102294922,58.102779388427734,1.0,6.340885162353516,71.77584075927734,57.635990142822266,1.0,67.52403259277344,301.692626953125,190.0105438232422,1.0
280.0,2025-07-10 14:56:09.363742,False,0.0,6.497397422790527,75.95048522949219,58.17897033691406,1.0,6.417760372161865,71.46559143066406,57.71286392211914,1.0,67.54158020019531,300.76751708984375,189.37196350097656,1.0
281.0,2025-07-10 14:56:12.460224,False,0.0,6.5787434577941895,75.34392547607422,58.254615783691406,1.0,6.494302749633789,71.15077209472656,57.789405822753906,1.0,67.55906677246094,299.84613037109375,188.73663330078125,1.0
282.0,2025-07-10 14:56:16.387388,False,0.0,6.659440040588379,74.74542236328125,58.32973098754883,1.0,6.570508003234863,70.83161926269531,57.8656120300293,1.0,67.57647705078125,298.9284973144531,188.1045684814453,1.0
283.0,2025-07-10 14:56:19.452704,False,0.0,6.739495277404785,74.15473937988281,58.40431213378906,1.0,6.646371841430664,70.50838470458984,57.94147491455078,1.0,67.59381103515625,298.0145568847656,187.4757080078125,1.0
284.0,2025-07-10 14:56:22.019141,False,0.0,6.818918228149414,73.57164764404297,58.47836685180664,1.0,6.721889019012451,70.18128967285156,58.016990661621094,1.0,67.611083984375,297.1043701171875,186.8500518798828,1.0
285.0,2025-07-10 14:56:24.891632,False,0.0,6.897716522216797,72.99591827392578,58.55189895629883,1.0,6.797056198120117,69.8505630493164,58.09215545654297,1.0,67.62828063964844,296.19793701171875,186.22756958007812,1.0
286.0,2025-07-10 14:56:27.923678,False,0.0,6.975898265838623,72.42735290527344,58.624916076660156,1.0,6.871869087219238,69.51641845703125,58.166969299316406,1.0,67.6454086303711,295.29522705078125,185.6082305908203,1.0
287.0,2025-07-10 14:56:30.773217,False,0.0,7.053470611572266,71.86573791503906,58.69742202758789,1.0,6.946323871612549,69.17904663085938,58.241424560546875,1.0,67.66246795654297,294.396240234375,184.99200439453125,1.0
288.0,2025-07-10 14:56:33.833578,False,0.0,7.130441665649414,-77.31997680664062,58.02585983276367,1.0,7.0204176902771,-64.19244384765625,58.315330505371094,1.0,57.979270935058594,0.0,-10.588190078735352,0.0
289.0,2025-07-10 14:56:36.861314,False,0.0,7.047628879547119,-76.82013702392578,57.947818756103516,1.0,6.951664924621582,-64.6922836303711,58.246578216552734,1.0,57.902931213378906,0.0,-10.376872062683105,0.0
290.0,2025-07-10 14:56:39.722459,False,0.0,6.965351581573486,-76.36131286621094,57.86989974975586,1.0,6.882376670837402,-65.15111541748047,58.17728805541992,1.0,57.82654571533203,0.0,-10.18260383605957,0.0
291.0,2025-07-10 14:56:42.954139,False,0.0,6.883565425872803,-75.93964385986328,57.79209518432617,1.0,6.812597274780273,-65.5727767944336,58.107505798339844,1.0,57.7501335144043,0.0,-10.003820419311523,0.0
292.0,2025-07-10 14:56:45.693375,False,0.0,6.8022308349609375,-75.55174255371094,57.71440887451172,1.0,6.742365837097168,-65.9606704711914,58.03727340698242,1.0,57.67371368408203,0.0,-9.83914566040039,0.0
293.0,2025-07-10 14:56:48.114939,False,0.0,6.721312046051025,-75.194580078125,57.63683319091797,1.0,6.671719551086426,-66.31784057617188,57.96662902832031,1.0,57.597286224365234,0.0,-9.687337875366211,0.0
294.0,2025-07-10 14:56:51.659359,False,0.0,6.640775203704834,-74.8654556274414,57.55936813354492,1.0,6.6006903648376465,-66.64695739746094,57.895599365234375,1.0,57.52086639404297,0.0,-9.547296524047852,0.0
295.0,2025-07-10 14:56:55.118501,False,0.0,6.560591220855713,-74.56193542480469,57.48200607299805,1.0,6.529308795928955,-66.95046997070312,57.824214935302734,1.0,57.444461822509766,0.0,-9.418025016784668,0.0
296.0,2025-07-10 14:56:57.320368,False,0.0,6.480732440948486,-74.2818603515625,57.40474319458008,1.0,6.457602024078369,-67.23054504394531,57.752506256103516,1.0,57.36806869506836,0.0,-9.298624038696289,0.0
297.0,2025-07-10 14:57:00.165531,False,0.0,6.4011735916137695,-74.02325439453125,57.327571868896484,1.0,6.385595321655273,-67.48915100097656,57.68050003051758,1.0,57.29169464111328,0.0,-9.18828010559082,0.0
298.0,2025-07-10 14:57:03.048987,False,0.0,6.321891784667969,-73.78434753417969,57.25048828125,1.0,6.313311576843262,-67.72805786132812,57.60821533203125,1.0,57.2153434753418,0.0,-9.086265563964844,0.0
299.0,2025-07-10 14:57:05.482063,False,0.0,6.242865562438965,-73.56352233886719,57.173492431640625,1.0,6.240772247314453,-67.94886779785156,57.535675048828125,1.0,57.139015197753906,0.0,-8.991903305053711,0.0
300.0,2025-07-10 14:57:08.097793,False,0.0,6.16407585144043,-38.82728576660156,57.34749984741211,1.0,6.167995929718018,-36.3743782043457,57.46296691894531,1.0,57.33727264404297,0.0,-4.665081977844238,0.0
301.0,2025-07-10 14:57:10.630621,False,0.0,6.122490406036377,-38.675392150878906,57.30672073364258,1.0,6.129037380218506,-36.5262565612793,57.424007415771484,1.0,57.2967529296875,0.0,-4.600022792816162,0.0
302.0,2025-07-10 14:57:12.797189,False,0.0,6.0810675621032715,-38.54274368286133,57.2660026550293,1.0,6.089916229248047,-36.65890884399414,57.384883880615234,1.0,57.25625991821289,0.0,-4.543160438537598,0.0
303.0,2025-07-10 14:57:15.607286,False,0.0,6.039786338806152,-38.426788330078125,57.22533416748047,1.0,6.050652980804443,-36.774864196777344,57.34562301635742,1.0,57.21578598022461,0.0,-4.493422031402588,0.0
304.0,2025-07-10 14:57:18.033698,False,0.0,5.998630046844482,-38.32534408569336,57.18471145629883,1.0,6.011265754699707,-36.87629699707031,57.306236267089844,1.0,57.175331115722656,0.0,-4.449878692626953,0.0
305.0,2025-07-10 14:57:20.964998,False,0.0,5.957581996917725,116.31848907470703,58.10385513305664,1.0,5.9717698097229,102.20618438720703,57.26697540283203,1.0,67.67517852783203,293.7261657714844,191.5795440673828,1.0
306.0,2025-07-10 14:57:23.522934,False,0.0,6.0821638107299805,115.35417175292969,58.21541213989258,1.0,6.081236839294434,101.84078216552734,57.37643814086914,1.0,67.70040893554688,292.3964538574219,190.64599609375,1.0
307.0,2025-07-10 14:57:25.871919,False,0.0,6.205712795257568,114.401123046875,58.3261833190918,1.0,6.190312385559082,101.46795654296875,57.48551559448242,1.0,67.7255630493164,291.0705871582031,189.71629333496094,1.0
308.0,2025-07-10 14:57:28.388099,False,0.0,6.328240871429443,113.4590835571289,58.43616485595703,1.0,6.2989888191223145,101.08802032470703,57.59418869018555,1.0,67.75064086914062,289.74859619140625,188.79042053222656,1.0
309.0,2025-07-10 14:57:31.031029,False,0.0,6.449760437011719,112.52775573730469,58.54536819458008,1.0,6.4072585105896,100.70124053955078,57.702457427978516,1.0,67.77565002441406,288.4305114746094,187.8683624267578,1.0
310.0,2025-07-10 14:57:33.238040,False,0.0,6.570282459259033,111.6069107055664,58.65380096435547,1.0,6.515113353729248,100.30790710449219,57.81031036376953,1.0,67.80058288574219,287.1163330078125,186.95008850097656,1.0
311.0,2025-07-10 14:57:35.658097,False,0.0,6.689817905426025,110.69628143310547,58.7614631652832,1.0,6.622547149658203,99.90827941894531,57.91774368286133,1.0,67.82544708251953,285.8060607910156,186.03561401367188,1.0
312.0,2025-07-10 14:57:38.544419,False,0.0,6.808378219604492,67.45767211914062,58.41373062133789,1.0,6.72955322265625,64.49716186523438,58.02463912963867,1.0,67.57025146484375,299.2563781738281,187.1200408935547,1.0
313.0,2025-07-10 14:57:41.029032,False,0.0,6.8806281089782715,66.92674255371094,58.48147201538086,1.0,6.7986321449279785,64.19361877441406,58.093719482421875,1.0,67.58609008789062,298.4219055175781,186.54722595214844,1.0
314.0,2025-07-10 14:57:43.704918,False,0.0,6.952309608459473,66.40290069580078,58.54873275756836,1.0,6.867386341094971,63.88657760620117,58.162471771240234,1.0,67.60185241699219,297.5910339355469,185.9774169921875,1.0
315.0,2025-07-10 14:57:45.955543,False,0.0,7.023429870605469,65.88594055175781,58.61552429199219,1.0,6.935811519622803,63.576271057128906,58.23089599609375,1.0,67.61754608154297,296.7637634277344,185.41061401367188,1.0
316.0,2025-07-10 14:57:48.895649,False,0.0,7.093996047973633,-89.57652282714844,57.8642463684082,1.0,7.003904342651367,-77.72518920898438,58.29878234863281,1.0,57.80780029296875,0.0,-11.74095630645752,0.0
317.0,2025-07-10 14:57:51.285895,False,0.0,6.998055934906006,-89.19271087646484,57.772464752197266,1.0,6.920657634735107,-78.10899353027344,58.21553421020508,1.0,57.71744918823242,0.0,-11.577942848205566,0.0
318.0,2025-07-10 14:57:54.173894,False,0.0,6.90252685546875,-88.83519744873047,57.68079376220703,1.0,6.836999416351318,-78.46650695800781,58.131874084472656,1.0,57.62710189819336,0.0,-11.425947189331055,0.0
319.0,2025-07-10 14:57:56.677655,False,0.0,6.807380676269531,-88.5019760131836,57.589229583740234,1.0,6.75295877456665,-78.79972076416016,58.04783248901367,1.0,57.53676223754883,0.0,-11.284152030944824,0.0
320.0,2025-07-10 14:57:59.110220,False,0.0,6.712591648101807,-88.19124603271484,57.497772216796875,1.0,6.668560981750488,-79.11045837402344,57.96343231201172,1.0,57.44643020629883,0.0,-11.151805877685547,0.0
321.0,2025-07-10 14:58:01.908056,False,0.0,6.61813497543335,-87.90132904052734,57.40641403198242,1.0,6.5838303565979,-79.40037536621094,57.878700256347656,1.0,57.356117248535156,0.0,-11.028236389160156,0.0
322.0,2025-07-10 14:58:04.749753,False,0.0,6.523989200592041,-87.63072204589844,57.315155029296875,1.0,6.498789310455322,-79.67097473144531,57.79365921020508,1.0,57.26582336425781,0.0,-10.91280460357666,0.0
323.0,2025-07-10 14:58:07.287983,False,0.0,6.430132865905762,-87.3780288696289,57.2239875793457,1.0,6.413458347320557,-79.92366790771484,57.70832824707031,1.0,57.1755485534668,0.0,-10.804940223693848,0.0
324.0,2025-07-10 14:58:09.497381,False,0.0,6.336547374725342,-51.07992172241211,57.44612121582031,1.0,6.32785701751709,-46.493370056152344,57.62281036376953,1.0,57.428009033203125,0.0,-6.352822303771973,0.0
325.0,2025-07-10 14:58:11.745575,False,0.0,6.281838893890381,-50.84970474243164,57.39295959472656,1.0,6.278060436248779,-46.723594665527344,57.57301330566406,1.0,57.37535858154297,0.0,-6.254519462585449,0.0
326.0,2025-07-10 14:58:14.634695,False,0.0,6.227376937866211,-50.64339065551758,57.33987808227539,1.0,6.228017807006836,-46.929908752441406,57.52296829223633,1.0,57.322731018066406,0.0,-6.16633415222168,0.0
327.0,2025-07-10 14:58:17.239188,False,0.0,6.173135757446289,-50.45833206176758,57.286869049072266,1.0,6.177753925323486,-47.114959716796875,57.47270584106445,1.0,57.27012634277344,0.0,-6.087173938751221,0.0
328.0,2025-07-10 14:58:20.117721,False,0.0,6.1190924644470215,-50.292232513427734,57.23392868041992,1.0,6.127291679382324,-47.28105163574219,57.4222412109375,1.0,57.21754455566406,0.0,-6.016059398651123,0.0
329.0,2025-07-10 14:58:22.881532,False,0.0,6.065227508544922,-50.14303970336914,57.181053161621094,1.0,6.076651573181152,-47.430240631103516,57.37160110473633,1.0,57.16498565673828,0.0,-5.952141761779785,0.0
330.0,2025-07-10 14:58:25.001297,False,0.0,6.01152229309082,-50.00896453857422,57.12823486328125,1.0,6.025852203369141,-47.5643196105957,57.32080078125,1.0,57.11245346069336,0.0,-5.894662380218506,0.0
331.0,2025-07-10 14:58:27.800567,False,0.0,5.957960605621338,-49.888397216796875,57.07546615600586,1.0,5.974908828735352,-47.684879302978516,57.269859313964844,1.0,57.059940338134766,0.0,-5.842950820922852,0.0
332.0,2025-07-10 14:58:29.625343,False,0.0,5.9045281410217285,106.72203063964844,57.925323486328125,1.0,5.9238362312316895,93.77845764160156,57.21900939941406,1.0,67.59269714355469,298.0736083984375,192.62901306152344,1.0
333.0,2025-07-10 14:58:31.892227,False,0.0,6.018831729888916,105.8202133178711,58.0283088684082,1.0,6.0242767333984375,93.45759582519531,57.31945037841797,1.0,67.61589050292969,296.8509521484375,191.77037048339844,1.0
334.0,2025-07-10 14:58:34.046282,False,0.0,6.132169723510742,104.93018341064453,58.130558013916016,1.0,6.124373912811279,93.1288070678711,57.4195442199707,1.0,67.6390151977539,295.63214111328125,190.9155731201172,1.0
335.0,2025-07-10 14:58:36.720334,False,0.0,6.244554042816162,104.05162811279297,58.23207473754883,1.0,6.224118709564209,92.79244232177734,57.519290924072266,1.0,67.66206359863281,294.4172058105469,190.06460571289062,1.0
336.0,2025-07-10 14:58:39.444002,False,0.0,6.355997562408447,90.47540283203125,58.18553924560547,1.0,6.323503017425537,81.7159423828125,57.61863708496094,1.0,67.59831237792969,297.7774658203125,189.89637756347656,1.0
337.0,2025-07-10 14:58:42.057554,False,0.0,6.452900409698486,89.71430206298828,58.274147033691406,1.0,6.41102409362793,81.40937042236328,57.70615768432617,1.0,67.61856842041016,296.70977783203125,189.1517791748047,1.0
338.0,2025-07-10 14:58:45.087099,False,0.0,6.548988342285156,88.96379852294922,58.36211013793945,1.0,6.4982171058654785,81.0960922241211,57.79335021972656,1.0,67.63875579833984,295.64599609375,188.41085815429688,1.0
339.0,2025-07-10 14:58:47.744457,False,0.0,6.644272327423096,88.22356414794922,58.44943618774414,1.0,6.585074424743652,80.77642822265625,57.88020706176758,1.0,67.65885925292969,294.5860900878906,187.673583984375,1.0
340.0,2025-07-10 14:58:49.372741,False,0.0,6.738763332366943,87.49330139160156,58.536136627197266,1.0,6.671588897705078,80.45069885253906,57.96672058105469,1.0,67.67889404296875,293.53009033203125,186.93992614746094,1.0
341.0,2025-07-10 14:58:50.927548,False,0.0,6.832472324371338,86.77272033691406,58.62220764160156,1.0,6.757755279541016,80.11919403076172,58.052886962890625,1.0,67.69886016845703,292.47802734375,186.20985412597656,1.0
342.0,2025-07-10 14:58:53.361932,False,0.0,6.925409317016602,86.0615463256836,58.70766067504883,1.0,6.843565940856934,79.7822036743164,58.138694763183594,1.0,67.71874237060547,291.42987060546875,185.4833526611328,1.0
343.0,2025-07-10 14:58:55.635070,False,0.0,7.017584800720215,85.35951232910156,58.792503356933594,1.0,6.92901611328125,79.43997955322266,58.224143981933594,1.0,67.73855590820312,290.3855895996094,184.76039123535156,1.0
344.0,2025-07-10 14:58:58.421231,False,0.0,7.109008312225342,-68.88372039794922,58.081398010253906,1.0,7.014099597930908,-56.70256042480469,58.30903244018555,1.0,58.0432243347168,0.0,-9.508748054504395,0.0
345.0,2025-07-10 14:59:01.302842,False,0.0,7.035231113433838,-68.36848449707031,58.0120735168457,1.0,6.953368663787842,-57.2177848815918,58.24829864501953,1.0,57.97549819946289,0.0,-9.29107666015625,0.0
346.0,2025-07-10 14:59:04.082207,False,0.0,6.962005615234375,-67.90030670166016,57.94287109375,1.0,6.892086029052734,-57.68596649169922,58.187015533447266,1.0,57.907718658447266,0.0,-9.092964172363281,0.0
347.0,2025-07-10 14:59:06.352182,False,0.0,6.889281749725342,-67.47428894042969,57.87378692626953,1.0,6.8303022384643555,-58.11197280883789,58.12522888183594,1.0,57.83991241455078,0.0,-8.912409782409668,0.0
348.0,2025-07-10 14:59:08.072647,False,0.0,6.817013740539551,-69.36344146728516,57.78522872924805,1.0,6.768061637878418,-60.71675491333008,58.062984466552734,1.0,57.750667572021484,0.0,-9.008296012878418,0.0
349.0,2025-07-10 14:59:10.888191,False,0.0,6.742722988128662,-69.0179443359375,57.71394729614258,1.0,6.703031539916992,-61.062259674072266,57.99795150756836,1.0,57.68041229248047,0.0,-8.861393928527832,0.0
350.0,2025-07-10 14:59:13.518313,False,0.0,6.668801784515381,-68.70149230957031,57.64276885986328,1.0,6.637631416320801,-61.37871170043945,57.932552337646484,1.0,57.61016845703125,0.0,-8.72669792175293,0.0
351.0,2025-07-10 14:59:15.852865,False,0.0,6.595219612121582,-68.41140747070312,57.571693420410156,1.0,6.571892261505127,-61.668792724609375,57.86681365966797,1.0,57.539939880371094,0.0,-8.603096008300781,0.0
352.0,2025-07-10 14:59:18.088127,False,0.0,6.521948337554932,-68.14530944824219,57.50071334838867,1.0,6.505842685699463,-61.93488311767578,57.80076217651367,1.0,57.4697265625,0.0,-8.489599227905273,0.0
353.0,2025-07-10 14:59:20.371333,False,0.0,6.4489617347717285,-67.90105438232422,57.4298210144043,1.0,6.439507961273193,-62.17914581298828,57.73442459106445,1.0,57.399532318115234,0.0,-8.385334014892578,0.0
354.0,2025-07-10 14:59:22.947998,False,0.0,6.376236915588379,-67.67670440673828,57.35901641845703,1.0,6.37291145324707,-62.40348815917969,57.66782760620117,1.0,57.32936096191406,0.0,-8.289487838745117,0.0
355.0,2025-07-10 14:59:25.753935,False,0.0,6.303752422332764,-67.47054290771484,57.288291931152344,1.0,6.306074619293213,-62.60966110229492,57.600990295410156,1.0,57.259212493896484,0.0,-8.201346397399902,0.0
356.0,2025-07-10 14:59:28.489056,False,0.0,6.2314887046813965,-67.2809829711914,57.2176399230957,1.0,6.239017009735107,-62.79921340942383,57.533935546875,1.0,57.189090728759766,0.0,-8.120253562927246,0.0
357.0,2025-07-10 14:59:31.238653,False,0.0,6.159428119659424,-67.10662078857422,57.14706039428711,1.0,6.171756744384766,-62.97356414794922,57.4666748046875,1.0,57.11899185180664,0.0,-8.045613288879395,0.0
358.0,2025-07-10 14:59:33.561278,False,0.0,6.087553977966309,-66.94618225097656,57.07654571533203,1.0,6.10430908203125,-63.134002685546875,57.399227142333984,1.0,57.04891586303711,0.0,-7.97689151763916,0.0
359.0,2025-07-10 14:59:36.134021,False,0.0,6.015851974487305,-66.79849243164062,57.0060920715332,1.0,6.0366902351379395,-63.28169631958008,57.33160400390625,1.0,56.97886657714844,0.0,-7.913605690002441,0.0
360.0,2025-07-10 14:59:38.708653,False,0.0,5.944307804107666,-108.8038330078125,56.48707580566406,1.0,5.968912601470947,-101.84610748291016,57.263710021972656,1.0,56.41798782348633,0.0,-13.085366249084473,0.0
361.0,2025-07-10 14:59:41.519399,False,0.0,5.827774524688721,55.9871711730957,57.342533111572266,1.0,5.8598313331604,49.868045806884766,57.154884338378906,1.0,67.24299621582031,316.5050048828125,195.19027709960938,1.0
362.0,2025-07-10 14:59:44.567607,False,0.0,5.887739181518555,55.44051742553711,57.39854049682617,1.0,5.913242340087891,49.755775451660156,57.20829772949219,1.0,67.25550079345703,315.8460693359375,194.72784423828125,1.0
363.0,2025-07-10 14:59:46.915377,False,0.0,5.947118282318115,54.90874481201172,57.4541015625,1.0,5.9665327072143555,49.6317024230957,57.2615852355957,1.0,67.2679443359375,315.1902160644531,194.26852416992188,1.0
364.0,2025-07-10 14:59:48.836752,False,0.0,6.005927562713623,54.390953063964844,57.50922393798828,1.0,6.019690036773682,49.49671173095703,57.31474304199219,1.0,67.28032684326172,314.5374450683594,193.81231689453125,1.0
365.0,2025-07-10 14:59:51.685506,False,0.0,6.064182758331299,53.8863410949707,57.56391525268555,1.0,6.0727033615112305,49.35160827636719,57.36775588989258,1.0,67.29265594482422,313.8877258300781,193.359130859375,1.0
366.0,2025-07-10 14:59:54.461157,False,0.0,6.121897220611572,53.39415740966797,57.61817932128906,1.0,6.125560760498047,49.197166442871094,57.42061233520508,1.0,67.30492401123047,313.2411193847656,192.90892028808594,1.0
367.0,2025-07-10 14:59:57.175548,False,0.0,6.179084300994873,52.91372299194336,57.672027587890625,1.0,6.178253173828125,49.03404235839844,57.473304748535156,1.0,67.31713104248047,312.5975646972656,192.46165466308594,1.0
368.0,2025-07-10 14:59:59.959579,False,0.0,6.235757350921631,52.44439697265625,57.725460052490234,1.0,6.230770587921143,48.862892150878906,57.525821685791016,1.0,67.32928466796875,311.95709228515625,192.01727294921875,1.0
369.0,2025-07-10 15:00:02.272979,False,0.0,6.291927337646484,51.9855842590332,57.77848815917969,1.0,6.28310489654541,48.684288024902344,57.578155517578125,1.0,67.34137725830078,311.3196716308594,191.57574462890625,1.0
370.0,2025-07-10 15:00:05.117810,False,0.0,6.347606182098389,51.536746978759766,57.831111907958984,1.0,6.33524751663208,48.498783111572266,57.63029861450195,1.0,67.3534164428711,310.6853332519531,191.1370086669922,1.0
371.0,2025-07-10 15:00:07.921248,False,0.0,6.402803897857666,51.09737014770508,57.88334655761719,1.0,6.3871917724609375,48.3068733215332,57.68224334716797,1.0,67.36539459228516,310.0540466308594,190.70101928710938,1.0
372.0,2025-07-10 15:00:10.442695,False,0.0,6.457531452178955,18.590940475463867,57.78105545043945,1.0,6.438930511474609,23.252254486083984,57.733943939208984,1.0,67.20919799804688,318.2864074707031,190.1577606201172,1.0
373.0,2025-07-10 15:00:12.782824,False,0.0,6.477443218231201,18.704936981201172,57.801292419433594,1.0,6.463834762573242,22.872817993164062,57.758846282958984,1.0,67.2142333984375,318.02099609375,189.9912109375,1.0
374.0,2025-07-10 15:00:15.364826,False,0.0,6.497477054595947,18.79770278930664,57.82159423828125,1.0,6.488332271575928,22.51555061340332,57.78334426879883,1.0,67.21925354003906,317.7565002441406,189.82374572753906,1.0
375.0,2025-07-10 15:00:17.870450,False,0.0,6.5176100730896,18.870439529418945,57.84193420410156,1.0,6.512447357177734,22.1793155670166,57.80746078491211,1.0,67.22425079345703,317.49298095703125,189.6555633544922,1.0
376.0,2025-07-10 15:00:20.498277,False,0.0,6.537820816040039,18.924388885498047,57.862300872802734,1.0,6.536202430725098,21.862932205200195,57.831214904785156,1.0,67.22923278808594,317.2305603027344,189.4868621826172,1.0
377.0,2025-07-10 15:00:23.339231,False,0.0,6.558089733123779,18.960819244384766,57.88267517089844,1.0,6.5596184730529785,21.56519889831543,57.85462951660156,1.0,67.23419189453125,316.9692687988281,189.31777954101562,1.0
378.0,2025-07-10 15:00:25.992919,False,0.0,6.578397750854492,18.980995178222656,57.90304183959961,1.0,6.5827155113220215,21.2849063873291,57.87772750854492,1.0,67.23912811279297,316.7091369628906,189.1484832763672,1.0
379.0,2025-07-10 15:00:28.318721,False,0.0,6.598727226257324,18.986188888549805,57.92338562011719,1.0,6.605512619018555,21.02082061767578,57.9005241394043,1.0,67.24403381347656,316.45025634765625,188.97911071777344,1.0
380.0,2025-07-10 15:00:31.351581,False,0.0,6.6190619468688965,18.97764015197754,57.943695068359375,1.0,6.628026962280273,20.77173614501953,57.923038482666016,1.0,67.2489242553711,316.1925964355469,188.80979919433594,1.0
381.0,2025-07-10 15:00:33.766463,False,0.0,6.639388084411621,18.956565856933594,57.96396255493164,1.0,6.650274276733398,20.53647232055664,57.94528579711914,1.0,67.25379180908203,315.936279296875,188.640625,1.0
382.0,2025-07-10 15:00:36.132541,False,0.0,6.659691333770752,18.92413330078125,57.984169006347656,1.0,6.672269821166992,20.31387710571289,57.967281341552734,1.0,67.25862884521484,315.6812438964844,188.47171020507812,1.0
383.0,2025-07-10 15:00:38.915494,False,0.0,6.679959774017334,18.88146209716797,58.00431442260742,1.0,6.694026470184326,20.10285758972168,57.989036560058594,1.0,67.26344299316406,315.42755126953125,188.3031463623047,1.0
384.0,2025-07-10 15:00:41.627278,False,0.0,6.7001824378967285,64.24976348876953,58.27875518798828,1.0,6.71555757522583,57.563812255859375,58.01062774658203,1.0,67.51934051513672,301.93988037109375,188.04261779785156,1.0
385.0,2025-07-10 15:00:44.342158,False,0.0,6.768996715545654,63.64720153808594,58.34266662597656,1.0,6.777210712432861,57.39408874511719,58.07228088378906,1.0,67.53398895263672,301.1676025390625,187.50189208984375,1.0
386.0,2025-07-10 15:00:47.084140,False,0.0,6.837165355682373,63.057861328125,58.40607452392578,1.0,6.838682174682617,57.214595794677734,58.133750915527344,1.0,67.54857635498047,300.3987731933594,186.96456909179688,1.0
387.0,2025-07-10 15:00:49.750914,False,0.0,6.904703140258789,62.48109436035156,58.468990325927734,1.0,6.899961471557617,57.02596664428711,58.195030212402344,1.0,67.56310272216797,299.63336181640625,186.43060302734375,1.0
388.0,2025-07-10 15:00:52.217049,False,0.0,6.971622943878174,61.91632080078125,58.53141784667969,1.0,6.961038589477539,56.82879638671875,58.256107330322266,1.0,67.57756042480469,298.8714294433594,185.8999481201172,1.0
389.0,2025-07-10 15:00:55.140933,False,0.0,7.037937641143799,61.36297607421875,58.59336853027344,1.0,7.021904468536377,56.6236457824707,58.31697463989258,1.0,67.59194946289062,298.1129455566406,185.37257385253906,1.0
390.0,2025-07-10 15:00:57.954094,False,0.0,7.1036601066589355,-94.13146209716797,57.82342529296875,1.0,7.082551002502441,-85.99501037597656,58.377403259277344,1.0,57.767677307128906,0.0,-11.656806945800781,0.0
391.0,2025-07-10 15:01:00.960773,False,0.0,7.002841472625732,-93.8893814086914,57.725345611572266,1.0,6.9904465675354,-86.2370834350586,58.28529739379883,1.0,57.67050552368164,0.0,-11.553422927856445,0.0
392.0,2025-07-10 15:01:03.467066,False,0.0,6.902281761169434,-93.66222381591797,57.62734603881836,1.0,6.898083209991455,-86.46424102783203,58.19293212890625,1.0,57.5733528137207,0.0,-11.456354141235352,0.0
393.0,2025-07-10 15:01:06.166492,False,0.0,6.801965713500977,-93.4489974975586,57.5294303894043,1.0,6.805476188659668,-86.67747497558594,58.10032653808594,1.0,57.476226806640625,0.0,-11.365184783935547,0.0
394.0,2025-07-10 15:01:08.749906,False,0.0,6.701878070831299,-93.24878692626953,57.43159484863281,1.0,6.71264123916626,-86.87767791748047,58.00748825073242,1.0,57.37912368774414,0.0,-11.279548645019531,0.0
395.0,2025-07-10 15:01:11.111569,False,0.0,6.6020050048828125,-93.0607681274414,57.33382797241211,1.0,6.61959171295166,-87.0656967163086,57.9144401550293,1.0,57.282047271728516,0.0,-11.199078559875488,0.0
396.0,2025-07-10 15:01:13.850351,False,0.0,6.50233268737793,-88.4703598022461,57.284523010253906,1.0,6.526340961456299,-83.21004486083984,57.82120132446289,1.0,57.23793411254883,0.0,-10.576861381530762,0.0
397.0,2025-07-10 15:01:16.384543,False,0.0,6.4075775146484375,-88.30926513671875,57.19149398803711,1.0,6.437219619750977,-83.37112426757812,57.732078552246094,1.0,57.14546585083008,0.0,-10.507842063903809,0.0
398.0,2025-07-10 15:01:19.165851,False,0.0,6.312994480133057,-88.15827941894531,57.09852981567383,1.0,6.347925662994385,-83.52212524414062,57.642784118652344,1.0,57.05302047729492,0.0,-10.44313907623291,0.0
399.0,2025-07-10 15:01:21.634077,False,0.0,6.218573570251465,-88.01671600341797,57.00562286376953,1.0,6.258470058441162,-83.66368865966797,57.55332946777344,1.0,56.96059799194336,0.0,-10.382452011108398,0.0
400.0,2025-07-10 15:01:23.244430,False,0.0,6.124303817749023,-87.88397216796875,56.91276931762695,1.0,6.168862819671631,-83.79642486572266,57.463722229003906,1.0,56.86819839477539,0.0,-10.325519561767578,0.0
401.0,2025-07-10 15:01:26.549096,False,0.0,6.030176639556885,-87.75948333740234,56.819969177246094,1.0,6.079113006591797,-83.92090606689453,57.37397003173828,1.0,56.77582550048828,0.0,-10.272116661071777,0.0
402.0,2025-07-10 15:01:29.501976,False,0.0,5.936182498931885,-87.64271545410156,56.72722244262695,1.0,5.989230632781982,-84.03767395019531,57.284088134765625,1.0,56.683467864990234,0.0,-10.222010612487793,0.0
403.0,2025-07-10 15:01:32.122745,False,0.0,5.842313766479492,74.3370361328125,57.50881576538086,1.0,5.8992228507995605,64.39897155761719,57.19430923461914,1.0,67.3585205078125,310.416259765625,194.6238250732422,1.0
404.0,2025-07-10 15:01:34.441598,False,0.0,5.921931743621826,73.62366485595703,57.58185577392578,1.0,5.968196392059326,64.25552368164062,57.263282775878906,1.0,67.3747787475586,309.5594177246094,194.0186309814453,1.0
405.0,2025-07-10 15:01:37.595642,False,0.0,6.000785827636719,72.92608642578125,57.654335021972656,1.0,6.037016868591309,64.0997543334961,57.33210372924805,1.0,67.3909683227539,308.7060852050781,193.41709899902344,1.0
406.0,2025-07-10 15:01:40.937476,False,0.0,6.078892707824707,72.24356079101562,57.72624969482422,1.0,6.10567045211792,63.932437896728516,57.4007568359375,1.0,67.40708923339844,307.8562316894531,192.8192138671875,1.0
407.0,2025-07-10 15:01:44.125449,False,0.0,6.156268119812012,71.57537841796875,57.79761505126953,1.0,6.174144744873047,63.75429153442383,57.46923065185547,1.0,67.42314910888672,307.0099182128906,192.2249298095703,1.0
408.0,2025-07-10 15:01:47.559527,False,0.0,6.232928276062012,62.9279670715332,57.8007926940918,1.0,6.242428302764893,56.83312225341797,57.537498474121094,1.0,67.38994598388672,308.7600402832031,191.84393310546875,1.0
409.0,2025-07-10 15:01:50.544791,False,0.0,6.300326824188232,62.35189437866211,57.863582611083984,1.0,6.3032989501953125,56.65901184082031,57.598365783691406,1.0,67.4041748046875,308.0098571777344,191.3198699951172,1.0
410.0,2025-07-10 15:01:53.608103,False,0.0,6.367108345031738,61.78824996948242,57.9258918762207,1.0,6.363982677459717,56.475826263427734,57.65904998779297,1.0,67.41834259033203,307.2630310058594,190.799072265625,1.0
411.0,2025-07-10 15:01:56.563568,False,0.0,6.433286190032959,61.2364387512207,57.98772048950195,1.0,6.424470901489258,56.28416442871094,57.719539642333984,1.0,67.43244934082031,306.5195617675781,190.281494140625,1.0
412.0,2025-07-10 15:02:00.009695,False,0.0,6.498872756958008,60.6959114074707,58.0490837097168,1.0,6.484753608703613,56.0845947265625,57.77981948852539,1.0,67.44649505615234,305.7794494628906,189.76708984375,1.0
413.0,2025-07-10 15:02:03.069136,False,0.0,6.563880920410156,60.166141510009766,58.109981536865234,1.0,6.5448222160339355,55.877620697021484,57.83988952636719,1.0,67.4604721069336,305.042724609375,189.2558135986328,1.0
414.0,2025-07-10 15:02:06.688475,False,0.0,6.628321170806885,59.64664840698242,58.1704216003418,1.0,6.604669570922852,55.663734436035156,57.89973449707031,1.0,67.4743881225586,304.309326171875,188.7476348876953,1.0
415.0,2025-07-10 15:02:10.469598,False,0.0,6.69220495223999,59.13697814941406,58.23040771484375,1.0,6.664287567138672,55.44338607788086,57.959354400634766,1.0,67.48823547363281,303.5793151855469,188.2425079345703,1.0
416.0,2025-07-10 15:02:13.635328,False,0.0,6.755543231964111,58.636695861816406,58.28995132446289,1.0,6.72367000579834,55.217002868652344,58.018733978271484,1.0,67.50202178955078,302.8526611328125,187.7404022216797,1.0
417.0,2025-07-10 15:02:16.829271,False,0.0,6.818345546722412,58.145408630371094,58.34905242919922,1.0,6.782809734344482,54.98497772216797,58.07787322998047,1.0,67.5157470703125,302.12933349609375,187.24127197265625,1.0
418.0,2025-07-10 15:02:19.638744,False,0.0,6.880621910095215,57.6627311706543,58.407718658447266,1.0,6.841700553894043,54.7476921081543,58.13676452636719,1.0,67.52940368652344,301.4093933105469,186.7450714111328,1.0
419.0,2025-07-10 15:02:22.796789,False,0.0,6.942380905151367,57.18830871582031,58.46595001220703,1.0,6.9003376960754395,54.5054931640625,58.19540023803711,1.0,67.54299926757812,300.6927490234375,186.25177001953125,1.0
420.0,2025-07-10 15:02:25.313035,False,0.0,7.003632068634033,85.1600570678711,58.77647399902344,1.0,6.958715438842773,77.63506317138672,58.25383758544922,1.0,67.73300170898438,290.678466796875,184.87452697753906,1.0
421.0,2025-07-10 15:02:27.196435,False,0.0,7.094841957092285,-68.40274810791016,58.071388244628906,1.0,7.041865825653076,-59.48076248168945,58.3367919921875,1.0,58.03727340698242,0.0,-8.94564437866211,0.0
422.0,2025-07-10 15:02:29.619432,False,0.0,7.021579742431641,-68.04002380371094,58.00124740600586,1.0,6.978159427642822,-59.84347152709961,58.2730827331543,1.0,57.96820831298828,0.0,-8.79155158996582,0.0
423.0,2025-07-10 15:02:32.673473,False,0.0,6.948706150054932,-67.70841217041016,57.93121337890625,1.0,6.914064407348633,-60.17509078979492,58.208988189697266,1.0,57.89914321899414,0.0,-8.650484085083008,0.0
424.0,2025-07-10 15:02:34.886307,False,0.0,6.876187324523926,-67.40496826171875,57.86128616333008,1.0,6.84961462020874,-60.47853088378906,58.14453887939453,1.0,57.8300895690918,0.0,-8.521255493164062,0.0
425.0,2025-07-10 15:02:38.145672,False,0.0,6.803994178771973,-67.12708282470703,57.79145431518555,1.0,6.784839630126953,-60.75641632080078,58.07976150512695,1.0,57.761051177978516,0.0,-8.402795791625977,0.0
426.0,2025-07-10 15:02:41.039681,False,0.0,6.73209810256958,-66.87242889404297,57.72171401977539,1.0,6.719767093658447,-61.011070251464844,58.014686584472656,1.0,57.69203567504883,0.0,-8.294135093688965,0.0
427.0,2025-07-10 15:02:44.188671,False,0.0,6.66047477722168,-66.63890075683594,57.65206527709961,1.0,6.654421806335449,-61.24458694458008,57.9493408203125,1.0,57.6230354309082,0.0,-8.19440746307373,0.0
428.0,2025-07-10 15:02:47.454466,False,0.0,6.589101791381836,-66.42463684082031,57.582496643066406,1.0,6.5888261795043945,-61.4588623046875,57.88374710083008,1.0,57.55406188964844,0.0,-8.102834701538086,0.0
429.0,2025-07-10 15:02:50.584095,False,0.0,6.517958641052246,-66.22792053222656,57.513004302978516,1.0,6.523001194000244,-61.65556335449219,57.81792068481445,1.0,57.485111236572266,0.0,-8.018702507019043,0.0
430.0,2025-07-10 15:02:54.013795,False,0.0,6.447025775909424,-66.04724884033203,57.44358444213867,1.0,6.456965446472168,-61.83622741699219,57.75188446044922,1.0,57.41618728637695,0.0,-7.941381931304932,0.0
431.0,2025-07-10 15:02:56.680425,False,0.0,6.376286506652832,-65.88124084472656,57.37423324584961,1.0,6.3907365798950195,-62.00224304199219,57.68565368652344,1.0,57.34728240966797,0.0,-7.870296478271484,0.0
432.0,2025-07-10 15:03:00.040768,False,0.0,6.305724620819092,-114.28839874267578,56.77676010131836,1.0,6.324329376220703,-106.60958099365234,57.619110107421875,1.0,56.70048904418945,0.0,-13.803820610046387,0.0
433.0,2025-07-10 15:03:02.644146,False,0.0,6.183317184448242,-114.09803771972656,56.65689468383789,1.0,6.210145950317383,-106.79994201660156,57.50492477416992,1.0,56.58144760131836,0.0,-13.722342491149902,0.0
434.0,2025-07-10 15:03:05.238349,False,0.0,6.061113357543945,-113.91735076904297,56.5370979309082,1.0,6.09575891494751,-106.98062896728516,57.39053726196289,1.0,56.462432861328125,0.0,-13.644981384277344,0.0
435.0,2025-07-10 15:03:08.075007,False,0.0,5.939103126525879,-113.74584197998047,56.4173698425293,1.0,5.981178283691406,-107.15213775634766,57.27595520019531,1.0,56.34344482421875,0.0,-13.57151985168457,0.0
436.0,2025-07-10 15:03:11.466827,False,0.0,5.817276954650879,51.81781768798828,57.30269241333008,1.0,5.8664140701293945,45.28561782836914,57.161460876464844,1.0,67.21460723876953,318.00128173828125,195.31552124023438,1.0
437.0,2025-07-10 15:03:14.251275,False,0.0,5.872776031494141,51.268985748291016,57.35447311401367,1.0,5.9149169921875,45.228546142578125,57.2099609375,1.0,67.22610473632812,317.3953552246094,194.8877716064453,1.0
438.0,2025-07-10 15:03:17.281234,False,0.0,5.927687168121338,50.73850631713867,57.40582275390625,1.0,5.963358402252197,45.15597152709961,57.25840377807617,1.0,67.237548828125,316.7923278808594,194.46316528320312,1.0
439.0,2025-07-10 15:03:20.196910,False,0.0,5.982029914855957,50.2250862121582,57.456748962402344,1.0,6.011722087860107,45.06923294067383,57.306766510009766,1.0,67.24893188476562,316.1921691894531,194.0416259765625,1.0
440.0,2025-07-10 15:03:22.910129,False,0.0,6.035823345184326,49.72753143310547,57.507259368896484,1.0,6.059993267059326,44.969512939453125,57.355037689208984,1.0,67.26026916503906,315.5948791503906,193.6231231689453,1.0
441.0,2025-07-10 15:03:25.431913,False,0.0,6.089083671569824,49.244789123535156,57.5573616027832,1.0,6.108157634735107,44.857879638671875,57.403202056884766,1.0,67.27154541015625,315.00048828125,193.2075653076172,1.0
442.0,2025-07-10 15:03:28.724568,False,0.0,6.141826629638672,48.77588653564453,57.607059478759766,1.0,6.15620231628418,44.73530197143555,57.45124816894531,1.0,67.28276824951172,314.4090270996094,192.79490661621094,1.0
443.0,2025-07-10 15:03:31.177303,False,0.0,6.194067478179932,48.319942474365234,57.65636444091797,1.0,6.204115390777588,44.602664947509766,57.49916076660156,1.0,67.29393005371094,313.8204345703125,192.38510131835938,1.0
444.0,2025-07-10 15:03:34.191084,False,0.0,6.24582052230835,93.5259780883789,58.109222412109375,1.0,6.25188684463501,82.89186096191406,57.54702377319336,1.0,67.58971405029297,298.2308044433594,190.62657165527344,1.0
445.0,2025-07-10 15:03:36.847988,False,0.0,6.3459906578063965,92.717529296875,58.20032501220703,1.0,6.340667247772217,82.60981750488281,57.635807037353516,1.0,67.61040496826172,297.14031982421875,189.8621063232422,1.0
446.0,2025-07-10 15:03:40.030245,False,0.0,6.4452948570251465,91.92098999023438,58.29076385498047,1.0,6.429145812988281,82.31973266601562,57.724281311035156,1.0,67.63101959228516,296.0536804199219,189.10145568847656,1.0
447.0,2025-07-10 15:03:43.468346,False,0.0,6.543745994567871,91.13600158691406,58.38053894042969,1.0,6.5173139572143555,82.02197265625,57.81245040893555,1.0,67.65155792236328,294.970947265625,188.3445587158203,1.0
448.0,2025-07-10 15:03:46.702885,False,0.0,6.641356468200684,90.3622055053711,58.469661712646484,1.0,6.605162620544434,81.71691131591797,57.900299072265625,1.0,67.67202758789062,293.89208984375,187.59141540527344,1.0
449.0,2025-07-10 15:03:49.518445,False,0.0,6.738138198852539,89.59925842285156,58.55813217163086,1.0,6.692684650421143,81.40491485595703,57.98781967163086,1.0,67.69242858886719,292.8171081542969,186.84197998046875,1.0
450.0,2025-07-10 15:03:52.463328,False,0.0,6.834102630615234,88.8468246459961,58.64596176147461,1.0,6.779872894287109,81.08629608154297,58.07500457763672,1.0,67.7127456665039,291.74609375,186.0962371826172,1.0
451.0,2025-07-10 15:03:54.782702,False,0.0,6.929261207580566,88.10462188720703,58.733154296875,1.0,6.866719722747803,80.76139068603516,58.16184997558594,1.0,67.73299407958984,290.678955078125,185.3541717529297,1.0
452.0,2025-07-10 15:03:57.533953,False,0.0,7.023624897003174,87.372314453125,58.81970977783203,1.0,6.953218460083008,80.43049621582031,58.248348236083984,1.0,67.75316619873047,289.61578369140625,184.61573791503906,1.0
453.0,2025-07-10 15:04:00.722007,False,0.0,7.117204189300537,-66.33361053466797,58.11136245727539,1.0,7.039362907409668,-55.479515075683594,58.33429718017578,1.0,58.07673645019531,0.0,-9.020068168640137,0.0
454.0,2025-07-10 15:04:03.140373,False,0.0,7.046158313751221,-65.86579895019531,58.04423522949219,1.0,6.9799418449401855,-55.94732666015625,58.27487564086914,1.0,58.01099395751953,0.0,-8.822114944458008,0.0
455.0,2025-07-10 15:04:05.849538,False,0.0,6.975613117218018,-65.44123077392578,57.97722244262695,1.0,6.92002010345459,-56.37189483642578,58.21495056152344,1.0,57.94522476196289,0.0,-8.642171859741211,0.0
456.0,2025-07-10 15:04:08.666936,False,0.0,6.90552282333374,-61.46391677856445,57.939300537109375,1.0,6.859643459320068,-53.246665954589844,58.15458297729492,1.0,57.91111373901367,0.0,-8.06971549987793,0.0
457.0,2025-07-10 15:04:11.113641,False,0.0,6.83969259262085,-61.096920013427734,57.87635040283203,1.0,6.802614212036133,-53.61367416381836,58.09755325317383,1.0,57.849159240722656,0.0,-7.913843154907227,0.0
458.0,2025-07-10 15:04:13.806739,False,0.0,6.774255275726318,-60.7645263671875,57.81351089477539,1.0,6.74519157409668,-53.94606018066406,58.040130615234375,1.0,57.78720474243164,0.0,-7.772471904754639,0.0
459.0,2025-07-10 15:04:16.803587,False,0.0,6.709173679351807,-60.463157653808594,57.750770568847656,1.0,6.687413215637207,-54.247432708740234,57.98234939575195,1.0,57.72526168823242,0.0,-7.644132614135742,0.0
460.0,2025-07-10 15:04:19.298945,False,0.0,6.644415378570557,-60.189632415771484,57.688133239746094,1.0,6.629312038421631,-54.52095413208008,57.92424774169922,1.0,57.663333892822266,0.0,-7.527524948120117,0.0
461.0,2025-07-10 15:04:21.804288,False,0.0,6.579949855804443,-59.941162109375,57.62558364868164,1.0,6.57091760635376,-54.769412994384766,57.86585235595703,1.0,57.60142517089844,0.0,-7.421497821807861,0.0
462.0,2025-07-10 15:04:24.846968,False,0.0,6.515750408172607,-59.71529769897461,57.5631217956543,1.0,6.5122575759887695,-54.99528503417969,57.807193756103516,1.0,57.5395393371582,0.0,-7.3250203132629395,0.0
463.0,2025-07-10 15:04:27.394680,False,0.0,6.4517927169799805,-59.50981903076172,57.50074005126953,1.0,6.453355312347412,-55.20075607299805,57.748291015625,1.0,57.47767639160156,0.0,-7.237179756164551,0.0
464.0,2025-07-10 15:04:30.506270,False,0.0,6.388055324554443,-59.32278060913086,57.43843460083008,1.0,6.394232749938965,-55.38779830932617,57.68916702270508,1.0,57.415836334228516,0.0,-7.157158851623535,0.0
465.0,2025-07-10 15:04:32.386515,False,0.0,6.324518203735352,-59.15242385864258,57.376197814941406,1.0,6.3349103927612305,-55.55814743041992,57.629844665527344,1.0,57.35401916503906,0.0,-7.08423376083374,0.0
466.0,2025-07-10 15:04:35.026976,False,0.0,6.261163234710693,-58.9971923828125,57.314022064208984,1.0,6.275405406951904,-55.71337890625,57.57033920288086,1.0,57.29222869873047,0.0,-7.01773738861084,0.0
467.0,2025-07-10 15:04:37.846860,False,0.0,6.197975158691406,-58.85567855834961,57.25190734863281,1.0,6.215734004974365,-55.85489273071289,57.51066589355469,1.0,57.23046112060547,0.0,-6.957082271575928,0.0
468.0,2025-07-10 15:04:40.382566,False,0.0,6.1349382400512695,-91.10126495361328,56.888526916503906,1.0,6.155910968780518,-85.45062255859375,57.45076370239258,1.0,56.83903503417969,0.0,-10.92858600616455,0.0
469.0,2025-07-10 15:04:43.610851,False,0.0,6.037364959716797,-90.93212890625,56.79281234741211,1.0,6.064389705657959,-85.61975860595703,57.3592414855957,1.0,56.74392318725586,0.0,-10.856147766113281,0.0
470.0,2025-07-10 15:04:46.660275,False,0.0,5.939972877502441,-90.7733383178711,56.697166442871094,1.0,5.972687721252441,-85.7785415649414,57.267539978027344,1.0,56.64883804321289,0.0,-10.788115501403809,0.0
471.0,2025-07-10 15:04:49.571616,False,0.0,5.8427510261535645,71.70433807373047,57.485252380371094,1.0,5.880815029144287,62.99773406982422,57.175899505615234,1.0,67.3426284790039,311.2538146972656,194.7106170654297,1.0
472.0,2025-07-10 15:04:52.467088,False,0.0,5.919548988342285,71.03107452392578,57.556034088134766,1.0,5.948288440704346,62.83843994140625,57.243370056152344,1.0,67.3584213256836,310.4212646484375,194.12477111816406,1.0
473.0,2025-07-10 15:04:54.617999,False,0.0,5.995626449584961,70.37232971191406,57.62627029418945,1.0,6.015590667724609,62.6680908203125,57.310672760009766,1.0,67.37415313720703,309.5921630859375,193.54248046875,1.0
474.0,2025-07-10 15:04:57.687236,False,0.0,6.070998191833496,69.72742462158203,57.69596481323242,1.0,6.082711219787598,62.487388610839844,57.37779235839844,1.0,67.38981628417969,308.76654052734375,192.9636993408203,1.0
475.0,2025-07-10 15:05:00.858422,False,0.0,6.145678997039795,69.09571838378906,57.765132904052734,1.0,6.149637699127197,62.296974182128906,57.44472122192383,1.0,67.4054183959961,307.9444274902344,192.3883819580078,1.0
476.0,2025-07-10 15:05:03.367154,False,0.0,6.2196831703186035,68.47662353515625,57.83377456665039,1.0,6.216360092163086,62.09743881225586,57.51144027709961,1.0,67.42095184326172,307.1258239746094,191.81649780273438,1.0
477.0,2025-07-10 15:05:06.512323,False,0.0,6.29302453994751,67.86959075927734,57.901893615722656,1.0,6.282869338989258,61.88935089111328,57.57794952392578,1.0,67.43641662597656,306.3106689453125,191.2480010986328,1.0
478.0,2025-07-10 15:05:09.342041,False,0.0,6.365715980529785,67.27409362792969,57.969505310058594,1.0,6.349154949188232,61.67323303222656,57.64423370361328,1.0,67.45181274414062,305.49908447265625,190.68283081054688,1.0
479.0,2025-07-10 15:05:12.247753,False,0.0,6.437768936157227,66.68966674804688,58.0366096496582,1.0,6.415209770202637,61.449562072753906,57.710289001464844,1.0,67.46714782714844,304.69097900390625,190.12098693847656,1.0
480.0,2025-07-10 15:05:15.675547,False,0.0,6.5091962814331055,71.02484893798828,58.145626068115234,1.0,6.481024742126465,65.27589416503906,57.77611541748047,1.0,67.51264190673828,302.2930908203125,189.4228515625,1.0
481.0,2025-07-10 15:05:18.816826,False,0.0,6.585267066955566,70.41710662841797,58.216304779052734,1.0,6.550938129425049,65.02800750732422,57.84602737426758,1.0,67.52886962890625,301.4374694824219,188.82855224609375,1.0
482.0,2025-07-10 15:05:21.762789,False,0.0,6.660686492919922,69.81954193115234,58.286460876464844,1.0,6.6205854415893555,64.77357482910156,57.915672302246094,1.0,67.54503631591797,300.58544921875,188.23757934570312,1.0
483.0,2025-07-10 15:05:25.234907,False,0.0,6.735466003417969,69.23175048828125,58.356101989746094,1.0,6.689960956573486,64.51296997070312,57.98504638671875,1.0,67.5611343383789,299.737060546875,187.64991760253906,1.0
484.0,2025-07-10 15:05:28.013014,False,0.0,6.8096160888671875,68.65338897705078,58.42523193359375,1.0,6.75905704498291,64.24657440185547,58.054141998291016,1.0,67.57716369628906,298.8923034667969,187.06552124023438,1.0
485.0,2025-07-10 15:05:30.032242,False,0.0,6.8831467628479,68.08412170410156,58.493858337402344,1.0,6.82786750793457,63.97471237182617,58.122955322265625,1.0,67.5931167602539,298.0511779785156,186.48435974121094,1.0
486.0,2025-07-10 15:06:23.568304,False,0.0,6.95606803894043,67.52361297607422,58.561981201171875,1.0,6.896387100219727,63.69770431518555,58.191471099853516,1.0,67.6090087890625,297.2136535644531,185.90640258789062,1.0
487.0,2025-07-10 15:06:26.211838,False,0.0,7.028388500213623,66.9715576171875,58.62961196899414,1.0,6.9646100997924805,63.41586685180664,58.25969314575195,1.0,67.62483215332031,296.3797607421875,185.33160400390625,1.0
488.0,2025-07-10 15:06:29.465937,False,0.0,7.1001176834106445,-88.23098754882812,57.88487243652344,1.0,7.032530784606934,-77.76151275634766,58.32740783691406,1.0,57.831626892089844,0.0,-11.375249862670898,0.0
489.0,2025-07-10 15:06:32.573921,False,0.0,7.005618572235107,-87.89199829101562,57.79399871826172,1.0,6.949244976043701,-78.10050964355469,58.24412155151367,1.0,57.74198913574219,0.0,-11.23100757598877,0.0
490.0,2025-07-10 15:06:35.879991,False,0.0,6.911482810974121,-87.5760269165039,57.70323181152344,1.0,6.865596294403076,-78.41646575927734,58.16047286987305,1.0,57.65236282348633,0.0,-11.096467971801758,0.0
491.0,2025-07-10 15:06:39.325726,False,0.0,6.817685127258301,-87.28141784667969,57.61256408691406,1.0,6.781609058380127,-78.7110824584961,58.07648468017578,1.0,57.56275177001953,0.0,-10.970907211303711,0.0
492.0,2025-07-10 15:06:42.163848,False,0.0,6.724203109741211,-108.69278717041016,57.26839065551758,1.0,6.697306156158447,-99.32896423339844,57.99211120605469,1.0,57.1956787109375,0.0,-13.454998970031738,0.0
493.0,2025-07-10 15:06:45.075729,False,0.0,6.607788562774658,-108.44638061523438,57.15512466430664,1.0,6.590920925140381,-99.57535552978516,57.88572692871094,1.0,57.08345413208008,0.0,-13.34976577758789,0.0
494.0,2025-07-10 15:06:47.630423,False,0.0,6.49163818359375,-108.21337890625,57.04194641113281,1.0,6.48427152633667,-99.80835723876953,57.779075622558594,1.0,56.97126007080078,0.0,-13.250205993652344,0.0
495.0,2025-07-10 15:06:50.796190,False,0.0,6.375737190246582,-107.99303436279297,56.92885208129883,1.0,6.377372741699219,-100.02870178222656,57.672176361083984,1.0,56.85908508300781,0.0,-13.156004905700684,0.0
496.0,2025-07-10 15:06:53.959973,False,0.0,6.260072231292725,-107.78460693359375,56.81583786010742,1.0,6.270237922668457,-100.23712921142578,57.565040588378906,1.0,56.7469367980957,0.0,-13.066866874694824,0.0
497.0,2025-07-10 15:06:56.469569,False,0.0,6.144630432128906,-107.58740997314453,56.70289611816406,1.0,6.162879467010498,-100.43431854248047,57.45768356323242,1.0,56.63481521606445,0.0,-12.982491493225098,0.0
498.0,2025-07-10 15:06:58.333956,False,0.0,6.029399871826172,-107.40081787109375,56.590030670166016,1.0,6.055310249328613,-100.62091064453125,57.35011291503906,1.0,56.52272033691406,0.0,-12.902624130249023,0.0
499.0,2025-07-10 15:07:00.606294,False,0.0,5.914369106292725,-107.22421264648438,56.47723388671875,1.0,5.947541236877441,-100.79751586914062,57.242340087890625,1.0,56.410648345947266,0.0,-12.827004432678223,0.0
500.0,2025-07-10 15:07:03.124302,False,0.0,5.799527645111084,57.58805465698242,57.32606506347656,1.0,5.839582920074463,50.79814147949219,57.134639739990234,1.0,67.24484252929688,316.40777587890625,195.38243103027344,1.0
501.0,2025-07-10 15:07:05.673971,False,0.0,5.861207008361816,57.015586853027344,57.38349914550781,1.0,5.8939900398254395,50.6967887878418,57.18904495239258,1.0,67.25762939453125,315.73394775390625,194.9082794189453,1.0
502.0,2025-07-10 15:07:08.317488,False,0.0,5.922272682189941,56.45901870727539,57.44047546386719,1.0,5.948288440704346,50.582637786865234,57.243343353271484,1.0,67.27035522460938,315.063232421875,194.43734741210938,1.0
503.0,2025-07-10 15:07:11.183935,False,0.0,5.982742786407471,55.91738510131836,57.49699401855469,1.0,6.002464294433594,50.456642150878906,57.29751968383789,1.0,67.28302001953125,314.3956298828125,193.9696044921875,1.0
504.0,2025-07-10 15:07:13.942364,False,0.0,6.042632579803467,69.72286987304688,57.66756057739258,1.0,6.0565056800842285,62.389583587646484,57.35158920288086,1.0,67.38240814208984,309.156982421875,193.18922424316406,1.0
505.0,2025-07-10 15:07:16.833048,False,0.0,6.117308616638184,69.08922576904297,57.7367057800293,1.0,6.123327255249023,62.202274322509766,57.41840744018555,1.0,67.39798736572266,308.3360290527344,192.61447143554688,1.0
506.0,2025-07-10 15:07:19.669600,False,0.0,6.191306114196777,68.46833038330078,57.80532455444336,1.0,6.189948558807373,62.005714416503906,57.48503112792969,1.0,67.41349792480469,307.5185852050781,192.0431671142578,1.0
507.0,2025-07-10 15:07:22.665554,False,0.0,6.264638423919678,67.85963439941406,57.8734245300293,1.0,6.256359100341797,61.800453186035156,57.55144119262695,1.0,67.42893981933594,306.7046203613281,191.4752655029297,1.0
508.0,2025-07-10 15:07:25.902363,False,0.0,6.3373188972473145,67.26261138916016,57.941009521484375,1.0,6.322549819946289,61.58702850341797,57.61763000488281,1.0,67.4443130493164,305.8941955566406,190.91070556640625,1.0
509.0,2025-07-10 15:07:28.579746,False,0.0,6.409359931945801,66.67677307128906,58.00809097290039,1.0,6.388512134552002,61.36591720581055,57.683589935302734,1.0,67.45962524414062,305.08721923828125,190.34945678710938,1.0
510.0,2025-07-10 15:07:31.892871,False,0.0,6.480773448944092,66.10163879394531,58.074668884277344,1.0,6.454237461090088,61.137611389160156,57.74931716918945,1.0,67.47486877441406,304.2837829589844,189.79147338867188,1.0
511.0,2025-07-10 15:07:34.778689,False,0.0,6.551571369171143,65.53678894042969,58.14075469970703,1.0,6.519718647003174,60.902530670166016,57.814796447753906,1.0,67.49004364013672,303.4838562011719,189.2367401123047,1.0
512.0,2025-07-10 15:07:36.867802,False,0.0,6.621763706207275,64.9817886352539,58.20634841918945,1.0,6.58494758605957,60.66110610961914,57.88002395629883,1.0,67.50515747070312,302.68743896484375,188.68519592285156,1.0
513.0,2025-07-10 15:07:39.723503,False,0.0,6.691361904144287,64.43626403808594,58.271461486816406,1.0,6.649918079376221,60.41371536254883,57.94499588012695,1.0,67.52020263671875,301.8945007324219,188.13681030273438,1.0
514.0,2025-07-10 15:07:42.747618,False,0.0,6.7603759765625,63.89983367919922,58.336097717285156,1.0,6.714623928070068,60.16073226928711,58.009700775146484,1.0,67.5351791381836,301.1051025390625,187.591552734375,1.0
515.0,2025-07-10 15:07:45.722588,False,0.0,6.82881498336792,63.372161865234375,58.4002571105957,1.0,6.779058456420898,59.90249252319336,58.074134826660156,1.0,67.55008697509766,300.3191833496094,187.04937744140625,1.0
516.0,2025-07-10 15:07:48.741385,False,0.0,6.896689414978027,49.16465759277344,58.36444091796875,1.0,6.843216419219971,48.689937591552734,58.138267517089844,1.0,67.48540496826172,303.728515625,186.74964904785156,1.0
517.0,2025-07-10 15:07:51.504035,False,0.0,6.949346542358398,48.805763244628906,58.414772033691406,1.0,6.895365238189697,48.42318344116211,58.1904182434082,1.0,67.49727630615234,303.1028747558594,186.3244171142578,1.0
518.0,2025-07-10 15:07:54.774741,False,0.0,7.001619815826416,48.45122528076172,58.464759826660156,1.0,6.94722843170166,48.1551399230957,58.242279052734375,1.0,67.50908660888672,302.48028564453125,185.9015350341797,1.0
519.0,2025-07-10 15:07:56.919649,False,0.0,7.053513050079346,-108.27558898925781,57.60302734375,1.0,6.998804569244385,-97.59848022460938,58.293617248535156,1.0,57.52870559692383,0.0,-13.616857528686523,0.0
520.0,2025-07-10 15:07:59.132948,False,0.0,6.937545299530029,-107.9904556274414,57.490692138671875,1.0,6.894272804260254,-97.88360595703125,58.189083099365234,1.0,57.41758728027344,0.0,-13.49526309967041,0.0
521.0,2025-07-10 15:08:01.145876,False,0.0,6.821883201599121,-107.72119140625,57.37845230102539,1.0,6.789435386657715,-98.15288543701172,58.08424377441406,1.0,57.306488037109375,0.0,-13.380370140075684,0.0
522.0,2025-07-10 15:08:03.213646,False,0.0,6.706509113311768,-107.46683502197266,57.26630401611328,1.0,6.684309482574463,-98.40724182128906,57.97911834716797,1.0,57.195411682128906,0.0,-13.27177619934082,0.0
523.0,2025-07-10 15:08:06.600211,False,0.0,6.591407775878906,-107.22649383544922,57.15424728393555,1.0,6.578911304473877,-98.64757537841797,57.87371826171875,1.0,57.08435821533203,0.0,-13.169107437133789,0.0
524.0,2025-07-10 15:08:09.985397,False,0.0,6.476563930511475,-106.99935150146484,57.04227066040039,1.0,6.473255634307861,-98.87471771240234,57.768062591552734,1.0,56.973331451416016,0.0,-13.072035789489746,0.0
525.0,2025-07-10 15:08:12.477145,False,0.0,6.361963272094727,-106.78462219238281,56.93037796020508,1.0,6.367356777191162,-99.08943176269531,57.66216278076172,1.0,56.862327575683594,0.0,-12.980216979980469,0.0
526.0,2025-07-10 15:08:15.581404,False,0.0,6.247592449188232,-106.58161163330078,56.818565368652344,1.0,6.261228084564209,-99.29244995117188,57.556034088134766,1.0,56.751346588134766,0.0,-12.893376350402832,0.0
527.0,2025-07-10 15:08:17.916865,False,0.0,6.133439064025879,-106.38961029052734,56.706825256347656,1.0,6.154881477355957,-99.48443603515625,57.44968795776367,1.0,56.64039611816406,0.0,-12.811214447021484,0.0
528.0,2025-07-10 15:08:20.717274,False,0.0,6.019491672515869,-84.4094009399414,56.84442138671875,1.0,6.048329830169678,-79.77862548828125,57.34320068359375,1.0,56.80219650268555,0.0,-10.029605865478516,0.0
529.0,2025-07-10 15:08:24.003784,False,0.0,5.929085731506348,-84.26241302490234,56.75552749633789,1.0,5.962883472442627,-79.9256362915039,57.257755279541016,1.0,56.71379089355469,0.0,-9.966601371765137,0.0
530.0,2025-07-10 15:08:27.051260,False,0.0,5.838837146759033,77.3729248046875,57.5339241027832,1.0,5.877279758453369,67.84698486328125,57.1723747253418,1.0,67.37765502929688,309.4078063964844,194.55764770507812,1.0
531.0,2025-07-10 15:08:30.472491,False,0.0,5.921706676483154,76.65926361083984,57.6099853515625,1.0,5.949946880340576,67.66549682617188,57.24504089355469,1.0,67.39463806152344,308.5126647949219,193.9276580810547,1.0
532.0,2025-07-10 15:08:33.106452,False,0.0,6.003811836242676,75.95974731445312,57.68547058105469,1.0,6.022419452667236,67.47344207763672,57.31751251220703,1.0,67.41155242919922,307.6210632324219,193.3013458251953,1.0
533.0,2025-07-10 15:08:36.217831,False,0.0,6.08516788482666,75.27375030517578,57.76038360595703,1.0,6.094686031341553,67.27145385742188,57.3897819519043,1.0,67.42839813232422,306.73309326171875,192.6786346435547,1.0
534.0,2025-07-10 15:08:39.060281,False,0.0,6.1657891273498535,74.60071563720703,57.83473587036133,1.0,6.166736602783203,67.06010437011719,57.461830139160156,1.0,67.44517517089844,305.8487243652344,192.0594940185547,1.0
535.0,2025-07-10 15:08:41.036780,False,0.0,6.245689392089844,73.94011688232422,57.90852355957031,1.0,6.238560676574707,66.8399429321289,57.533653259277344,1.0,67.4618911743164,304.96795654296875,191.4438934326172,1.0
536.0,2025-07-10 15:08:44.054664,False,0.0,6.324882507324219,73.29144287109375,57.98176574707031,1.0,6.310149192810059,66.61146545410156,57.60524368286133,1.0,67.47853088378906,304.0907897949219,190.83180236816406,1.0
537.0,2025-07-10 15:08:47.198871,False,0.0,6.403380870819092,72.65422821044922,58.05445861816406,1.0,6.381492614746094,66.37516021728516,57.67658615112305,1.0,67.49510192871094,303.21728515625,190.22314453125,1.0
538.0,2025-07-10 15:08:50.162759,False,0.0,6.481196403503418,72.02801513671875,58.126609802246094,1.0,6.452583312988281,66.1314697265625,57.74767303466797,1.0,67.51161193847656,302.3473815917969,189.61793518066406,1.0
539.0,2025-07-10 15:08:53.593830,False,0.0,6.5583415031433105,71.41240692138672,58.19822692871094,1.0,6.523412704467773,65.88082122802734,57.818504333496094,1.0,67.52804565429688,301.48114013671875,189.01611328125,1.0
540.0,2025-07-10 15:08:56.830064,False,0.0,6.634827136993408,76.08000946044922,58.31761932373047,1.0,6.5939741134643555,69.97935485839844,57.889076232910156,1.0,67.57746124267578,298.8763732910156,188.24317932128906,1.0
541.0,2025-07-10 15:08:59.552073,False,0.0,6.716311931610107,75.43782043457031,58.39306640625,1.0,6.668924808502197,69.70401763916016,57.96402359008789,1.0,67.5948715209961,297.9588317871094,187.60623168945312,1.0
542.0,2025-07-10 15:09:02.557633,False,0.0,6.7971086502075195,74.80548858642578,58.46795654296875,1.0,6.743580341339111,69.42256927490234,58.03868103027344,1.0,67.6122055053711,297.0450439453125,186.9727020263672,1.0
543.0,2025-07-10 15:09:05.837830,False,0.0,6.877228736877441,74.18267059326172,58.542301177978516,1.0,6.817934989929199,69.13533782958984,58.113033294677734,1.0,67.62947845458984,296.1349792480469,186.34255981445312,1.0
544.0,2025-07-10 15:09:09.177325,False,0.0,6.956681251525879,73.56906127929688,58.61610412597656,1.0,6.891981601715088,68.8426513671875,58.18708038330078,1.0,67.64666748046875,295.22869873046875,185.7157745361328,1.0
545.0,2025-07-10 15:09:12.179955,False,0.0,7.0354766845703125,72.96434783935547,58.68937301635742,1.0,6.965714931488037,68.54480743408203,58.26081085205078,1.0,67.6637954711914,294.3261413574219,185.09234619140625,1.0
546.0,2025-07-10 15:09:14.857451,False,0.0,7.113624572753906,-81.76600646972656,57.9654541015625,1.0,7.039129257202148,-71.0511474609375,58.33402633666992,1.0,57.917911529541016,0.0,-10.701074600219727,0.0
547.0,2025-07-10 15:09:17.377864,False,0.0,7.026049613952637,-81.39149475097656,57.881629943847656,1.0,6.963030815124512,-71.42564392089844,58.25792694091797,1.0,57.83538055419922,0.0,-10.54195785522461,0.0
548.0,2025-07-10 15:09:20.362391,False,0.0,6.938876152038574,-81.04461669921875,57.797916412353516,1.0,6.886530876159668,-71.77252197265625,58.18142318725586,1.0,57.75285720825195,0.0,-10.39444637298584,0.0
549.0,2025-07-10 15:09:23.265669,False,0.0,6.852074146270752,-80.72314453125,57.71431350708008,1.0,6.809659481048584,-72.09400177001953,58.10455322265625,1.0,57.67033767700195,0.0,-10.257606506347656,0.0
550.0,2025-07-10 15:09:26.058303,False,0.0,6.765616416931152,-80.42504119873047,57.63080978393555,1.0,6.732443809509277,-72.39210510253906,58.02733612060547,1.0,57.587833404541016,0.0,-10.130597114562988,0.0
551.0,2025-07-10 15:09:28.876598,False,0.0,6.679477691650391,-80.14844512939453,57.54740524291992,1.0,6.654909133911133,-72.66869354248047,57.949798583984375,1.0,57.50534439086914,0.0,-10.012651443481445,0.0
552.0,2025-07-10 15:09:31.752534,False,0.0,6.593635559082031,-51.3626594543457,57.7013053894043,1.0,6.577077865600586,-46.03902053833008,57.872032165527344,1.0,57.682411193847656,0.0,-6.500515460968018,0.0
553.0,2025-07-10 15:09:34.779267,False,0.0,6.538623809814453,-51.09333419799805,57.648109436035156,1.0,6.527768135070801,-46.3083381652832,57.82271957397461,1.0,57.629825592041016,0.0,-6.385704040527344,0.0
554.0,2025-07-10 15:09:37.570826,False,0.0,6.483901023864746,-50.852378845214844,57.595001220703125,1.0,6.478169918060303,-46.5493049621582,57.77312088012695,1.0,57.57725524902344,0.0,-6.282858371734619,0.0
555.0,2025-07-10 15:09:40.643491,False,0.0,6.429435729980469,-50.63655471801758,57.5419807434082,1.0,6.428313732147217,-46.7651252746582,57.7232666015625,1.0,57.52471160888672,0.0,-6.190654277801514,0.0
556.0,2025-07-10 15:09:43.954173,False,0.0,6.375202178955078,-50.443077087402344,57.489036560058594,1.0,6.378226280212402,-46.95859909057617,57.673179626464844,1.0,57.47218704223633,0.0,-6.107913017272949,0.0
557.0,2025-07-10 15:09:47.067427,False,0.0,6.321175575256348,-50.269500732421875,57.436161041259766,1.0,6.327931880950928,-47.132179260253906,57.62288284301758,1.0,57.4196891784668,0.0,-6.0336198806762695,0.0
558.0,2025-07-10 15:09:50.122066,False,0.0,6.267334461212158,-50.1136589050293,57.38335418701172,1.0,6.277451515197754,-47.28801727294922,57.57240295410156,1.0,57.36721420288086,0.0,-5.966874599456787,0.0
559.0,2025-07-10 15:09:53.581020,False,0.0,6.213660717010498,-49.97365951538086,57.330604553222656,1.0,6.226803779602051,-47.428016662597656,57.52175521850586,1.0,57.314762115478516,0.0,-5.906871318817139,0.0
560.0,2025-07-10 15:09:56.476704,False,0.0,6.160137176513672,-49.84782028198242,57.27791213989258,1.0,6.17600679397583,-47.55385208129883,57.4709587097168,1.0,57.262332916259766,0.0,-5.852909088134766,0.0
561.0,2025-07-10 15:09:59.899167,False,0.0,6.106748104095459,-49.73464584350586,57.22526550292969,1.0,6.12507438659668,-47.667022705078125,57.42002487182617,1.0,57.20992660522461,0.0,-5.804347515106201,0.0
562.0,2025-07-10 15:10:02.851065,False,0.0,6.05348014831543,-49.63282775878906,57.17266845703125,1.0,6.074020862579346,-47.768836975097656,57.36897277832031,1.0,57.15753936767578,0.0,-5.760641574859619,0.0
563.0,2025-07-10 15:10:05.824554,False,0.0,6.000321388244629,-49.541194915771484,57.12010955810547,1.0,6.022858619689941,-47.8604736328125,57.31781005859375,1.0,57.10517120361328,0.0,-5.721292972564697,0.0
564.0,2025-07-10 15:10:08.680598,False,0.0,5.947260856628418,-117.48596954345703,56.37509536743164,1.0,5.971598148345947,-109.79865264892578,57.26636505126953,1.0,56.295166015625,0.0,-14.157217025756836,0.0
565.0,2025-07-10 15:10:10.693667,False,0.0,5.821428298950195,48.33803176879883,57.283843994140625,1.0,5.853999137878418,43.324974060058594,57.14904022216797,1.0,67.1966552734375,318.9474792480469,195.33116149902344,1.0
566.0,2025-07-10 15:10:13.443246,False,0.0,5.873200416564941,47.8527717590332,57.332515716552734,1.0,5.900402069091797,43.23747634887695,57.19544219970703,1.0,67.20752716064453,318.3747253417969,194.92962646484375,1.0
567.0,2025-07-10 15:10:16.517392,False,0.0,5.924452781677246,47.38282012939453,57.38079071044922,1.0,5.94671106338501,43.137481689453125,57.24175262451172,1.0,67.21833801269531,317.8047790527344,194.53097534179688,1.0
568.0,2025-07-10 15:10:19.528707,False,0.0,5.975201606750488,46.92711639404297,57.42867660522461,1.0,5.992913246154785,43.026039123535156,57.28795623779297,1.0,67.22909545898438,317.2376403808594,194.13514709472656,1.0
569.0,2025-07-10 15:10:22.263196,False,0.0,6.025462627410889,46.484710693359375,57.4761848449707,1.0,6.038995742797852,42.90411376953125,57.33403778076172,1.0,67.23980712890625,316.6733093261719,193.7421112060547,1.0
570.0,2025-07-10 15:10:25.226983,False,0.0,6.075249671936035,46.05472946166992,57.523311614990234,1.0,6.0849480628967285,42.77256774902344,57.37998962402344,1.0,67.25045776367188,316.11175537109375,193.35179138183594,1.0
571.0,2025-07-10 15:10:28.606965,False,0.0,6.124576091766357,45.636375427246094,57.57007598876953,1.0,6.130759239196777,42.63218307495117,57.42580032348633,1.0,67.26106262207031,315.55303955078125,192.96412658691406,1.0
572.0,2025-07-10 15:10:31.543343,False,0.0,6.173454284667969,45.228939056396484,57.61647415161133,1.0,6.176420211791992,42.48369598388672,57.471458435058594,1.0,67.2716064453125,314.99713134765625,192.57908630371094,1.0
573.0,2025-07-10 15:10:34.205242,False,0.0,6.221896648406982,44.83174514770508,57.66251754760742,1.0,6.221921920776367,42.32776641845703,57.51696014404297,1.0,67.2821044921875,314.4439697265625,192.1966094970703,1.0
574.0,2025-07-10 15:10:37.640830,False,0.0,6.269913196563721,44.44417953491211,57.70820999145508,1.0,6.267256736755371,42.164981842041016,57.56229782104492,1.0,67.29254150390625,313.8936462402344,191.816650390625,1.0
575.0,2025-07-10 15:10:40.663164,False,0.0,6.317514896392822,44.0656852722168,57.753562927246094,1.0,6.312417030334473,41.99592590332031,57.60745620727539,1.0,67.30293273925781,313.3460998535156,191.43917846679688,1.0
576.0,2025-07-10 15:10:43.893442,False,0.0,6.364710807800293,69.17766571044922,57.9848747253418,1.0,6.357396125793457,62.83869171142578,57.65248107910156,1.0,67.46298217773438,304.9101867675781,190.63397216796875,1.0
577.0,2025-07-10 15:10:46.828109,False,0.0,6.438803195953369,68.56671905517578,58.05366897583008,1.0,6.424699306488037,62.62275314331055,57.71977996826172,1.0,67.47867584228516,304.08331298828125,190.05758666992188,1.0
578.0,2025-07-10 15:10:49.899294,False,0.0,6.512240886688232,67.96710968017578,58.1219482421875,1.0,6.4917707443237305,62.399017333984375,57.7868537902832,1.0,67.49429321289062,303.25994873046875,189.4845428466797,1.0
579.0,2025-07-10 15:10:52.933128,False,0.0,6.585036277770996,67.37837982177734,58.18971252441406,1.0,6.558602809906006,62.1679573059082,57.85368347167969,1.0,67.50984954833984,302.4401550292969,188.9148406982422,1.0
580.0,2025-07-10 15:10:56.103870,False,0.0,6.657201290130615,66.80007934570312,58.25697326660156,1.0,6.625186920166016,61.929996490478516,57.92026901245117,1.0,67.52533721923828,301.6239318847656,188.34841918945312,1.0
581.0,2025-07-10 15:10:59.238195,False,0.0,6.7287468910217285,66.23181915283203,58.323734283447266,1.0,6.691516876220703,61.68557357788086,57.986595153808594,1.0,67.54075622558594,300.81121826171875,187.78526306152344,1.0
582.0,2025-07-10 15:11:02.139201,False,0.0,6.799684047698975,65.67317962646484,58.3900032043457,1.0,6.757584571838379,61.4350700378418,58.05266571044922,1.0,67.55610656738281,300.0020751953125,187.22531127929688,1.0
583.0,2025-07-10 15:11:04.885252,False,0.0,6.870022773742676,65.12379455566406,58.45578384399414,1.0,6.823383808135986,61.17885208129883,58.11846160888672,1.0,67.5713882446289,299.19647216796875,186.6685333251953,1.0
584.0,2025-07-10 15:11:07.811855,False,0.0,6.939773082733154,64.58332824707031,58.521080017089844,1.0,6.888908863067627,60.91727066040039,58.18398666381836,1.0,67.58660888671875,298.3944396972656,186.1149139404297,1.0
585.0,2025-07-10 15:11:11.101749,False,0.0,7.008944511413574,64.05144500732422,58.585899353027344,1.0,6.954154014587402,60.65066146850586,58.24923324584961,1.0,67.60176086425781,297.595947265625,185.5644073486328,1.0
586.0,2025-07-10 15:11:14.009680,False,0.0,7.077546119689941,-91.47755432128906,57.826988220214844,1.0,7.019113063812256,-81.41644287109375,58.31398010253906,1.0,57.77116012573242,0.0,-11.668680191040039,0.0
587.0,2025-07-10 15:11:16.752460,False,0.0,6.979569911956787,-91.16417694091797,57.73246765136719,1.0,6.931912899017334,-81.72982025146484,58.226776123046875,1.0,57.67780685424805,0.0,-11.535222053527832,0.0
588.0,2025-07-10 15:11:19.528806,False,0.0,6.881929397583008,-55.27132797241211,57.962345123291016,1.0,6.844377040863037,-47.8942756652832,58.13932800292969,1.0,57.93920135498047,0.0,-7.254789352416992,0.0
589.0,2025-07-10 15:11:22.288211,False,0.0,6.8227314949035645,-54.910823822021484,57.905731201171875,1.0,6.7930803298950195,-48.25477981567383,58.08802795410156,1.0,57.883480072021484,0.0,-7.101655006408691,0.0
590.0,2025-07-10 15:11:25.244576,False,0.0,6.763919830322266,-54.58748245239258,57.84922790527344,1.0,6.741397380828857,-48.57810974121094,58.036346435546875,1.0,57.827762603759766,0.0,-6.964105129241943,0.0
591.0,2025-07-10 15:11:28.419279,False,0.0,6.705454349517822,-54.29710006713867,57.792823791503906,1.0,6.68936824798584,-48.868492126464844,57.984317779541016,1.0,57.772056579589844,0.0,-6.8404107093811035,0.0
592.0,2025-07-10 15:11:31.703347,False,0.0,6.647299766540527,-54.0360107421875,57.73651123046875,1.0,6.637028217315674,-49.129581451416016,57.931976318359375,1.0,57.716365814208984,0.0,-6.729066848754883,0.0
593.0,2025-07-10 15:11:34.459821,False,0.0,6.589425086975098,-53.801021575927734,57.680294036865234,1.0,6.584408283233643,-49.36457061767578,57.879356384277344,1.0,57.66069412231445,0.0,-6.6287360191345215,0.0
594.0,2025-07-10 15:11:37.270555,False,0.0,6.531801700592041,-53.589332580566406,57.62415313720703,1.0,6.53153657913208,-49.576263427734375,57.82648468017578,1.0,57.605045318603516,0.0,-6.538279056549072,0.0
595.0,2025-07-10 15:11:40.179268,False,0.0,6.474405288696289,-53.39847946166992,57.568092346191406,1.0,6.478438377380371,-49.76710510253906,57.77338409423828,1.0,57.54941940307617,0.0,-6.4566473960876465,0.0
596.0,2025-07-10 15:11:42.810115,False,0.0,6.417213439941406,-53.226295471191406,57.51210021972656,1.0,6.425136089324951,-49.93928909301758,57.7200813293457,1.0,57.49382019042969,0.0,-6.382948398590088,0.0
597.0,2025-07-10 15:11:46.121483,False,0.0,6.360206127166748,-53.07086181640625,57.456172943115234,1.0,6.371648788452148,-50.0947265625,57.666595458984375,1.0,57.43824005126953,0.0,-6.316368579864502,0.0
598.0,2025-07-10 15:11:48.641971,False,0.0,6.3033647537231445,-52.93046951293945,57.400306701660156,1.0,6.317995071411133,-50.235130310058594,57.61294174194336,1.0,57.382686614990234,0.0,-6.256194114685059,0.0
599.0,2025-07-10 15:11:51.536036,False,0.0,6.246674060821533,-52.8035888671875,57.3444938659668,1.0,6.264191627502441,-50.36199951171875,57.55913543701172,1.0,57.32715606689453,0.0,-6.201788425445557,0.0
