iteration,timestamp,T1_LEVEL,T2_LEVEL,J1_LEVEL,J2_LEVEL,J3_LEVEL,J4_LEVEL,J5_LEVEL,J5S_LEVEL,J1S_LEVEL,J4S_LEVEL,P2_FLOW,P2_STATUS,P2_SPEED,P1_FLOW,P1_STATUS,P1_SPEED,V5_FLOW,V5_STATUS,V1_FLOW,V1_STATUS,V4_FLOW,V4_STATUS,plc4AttackerUnit
0,2026-01-02 15:19:39.981448,3.0509999999999993,3.0509999999999993,69.19931839717133,69.68925869615624,55.463387786006976,54.346450048598385,55.41070702498121,4.115706632533567,69.19931769948928,54.34644958062686,187.57020975604098,1.0,1.0,213.39344241116004,1.0,1.0,0
1,2026-01-02 15:19:42.197458,3.191578061938476,3.2186313630937082,69.21785400515299,69.7053827446028,55.59668190519423,54.51407420451124,55.54426850300372,4.24926811195471,69.21785331062435,54.51407374060322,186.72036120257368,1.0,1.0,212.41648803874583,1.0,1.0,130.7858810844209,1.0,232.2842845694595,1.0,155.15348742439983,1.0,0
2,2026-01-02 15:19:45.147662,3.3316551302543784,3.384807142011733,69.23635706533213,69.7214536189317,55.72940474559958,54.68024288465668,55.67726145879922,4.382261069166601,69.23635637395425,54.680242424780886,185.87331529182416,1.0,1.0,211.44124915999504,1.0,1.0,130.31217105321957,1.0,231.23051008610673,1.0,153.80491464156876,1.0,0
3,2026-01-02 15:19:48.385264,3.471224829765587,3.5495385392600243,69.2548267160025,69.73747119758713,55.861551727771726,54.84496729039304,55.80968126516209,4.514680876963498,69.25482602777264,54.84496683451822,185.0290784306228,1.0,1.0,210.46777119276453,1.0,1.0,129.83256210077343,1.0,230.17766274165297,1.0,152.46679824713283,1.0,0
4,2026-01-02 15:19:51.942195,3.6102808508230915,3.712836759908192,69.27326250796852,69.75343550174966,55.993118097235346,55.00825862556742,55.94152311301197,4.646522726264865,69.27326182288375,55.008258173662306,184.18764950260817,1.0,1.0,209.4960778127615,1.0,1.0,129.34711217326367,1.0,229.12579468766126,1.0,151.13913244647392,1.0,0
5,2026-01-02 15:19:55.203837,3.748816931465122,3.8747129945809093,69.29166358550646,69.76934640928326,56.12409928757916,55.17012807954792,56.072782384522164,4.777781999243898,69.29166290356369,55.17012763158135,183.34903494519028,1.0,1.0,208.5262141225308,1.0,1.0,128.85586183301712,1.0,228.07495228107655,1.0,149.82188826650145,1.0,0
6,2026-01-02 15:19:58.033955,3.886826867627368,4.035178410455544,69.31002962275358,69.78520399071306,56.25449069493179,55.33058681828106,56.2034544192371,4.908454035444824,69.31002894394967,55.33058637422191,182.51323104121005,1.0,1.0,207.55819729728142,1.0,1.0,128.35887192352402,1.0,227.02516449498944,1.0,148.51505991259728,1.0,0
7,2026-01-02 15:20:00.840627,4.024304505801977,4.194244154467481,69.32835986060236,69.801008163128,56.38428793744945,55.4896459874968,56.33353478262529,5.038534400336024,69.32835918493397,55.48964554731399,181.68024216064967,1.0,1.0,206.59206734721738,1.0,1.0,127.85619459634745,1.0,225.97649507019923,1.0,147.2186213089799,1.0,0
8,2026-01-02 15:20:03.690608,4.161243755708685,4.351921356607842,69.34665372511955,69.81675891278405,56.513486546812615,55.64731671598689,56.46301894939872,5.168018568629322,69.34665305258324,55.64731627964942,180.85006902791613,1.0,1.0,205.62785452257833,1.0,1.0,127.34787620843235,1.0,224.92897877441465,1.0,145.93255217448586,1.0,0
9,2026-01-02 15:20:06.818892,4.297638579105917,4.508221129203803,69.3649105091972,69.83245618032308,56.642082189251866,55.8036101148283,56.591902529651996,5.296902150419139,69.36490983978935,55.80360968230523,180.02271477159255,1.0,1.0,204.66559609282982,1.0,1.0,126.83398050057804,1.0,223.88266775919874,1.0,144.65682933064272,1.0,0
10,2026-01-02 15:20:09.887818,4.433482995852692,4.6631545539216965,69.38312967731427,69.84809997009776,56.77007076608795,55.95853726451355,56.72018136956371,5.4251809918839164,69.38312901103114,55.958536835773984,179.1981791622606,1.0,1.0,203.7053202836255,1.0,1.0,126.31456252165663,1.0,222.83760258687835,1.0,143.39144118821423,1.0,0
11,2026-01-02 15:20:13.183053,4.568771097066004,4.816732695885316,69.40131063423719,69.86369026748886,56.897448016967466,56.11210922890251,56.847851149261686,5.552850773151284,69.40130997107494,56.11210880391566,178.37646297045742,1.0,1.0,202.7470584678768,1.0,1.0,125.78968021784931,1.0,221.79383540901654,1.0,142.13635008218262,1.0,0
12,2026-01-02 15:20:16.059589,4.703497027832418,4.9689665819627695,69.50458691541547,69.96059838828957,57.26948569036992,56.26440141284254,57.21850643207735,5.923506009689849,69.50458625998826,56.26440095348682,173.26873667239252,1.0,1.0,197.30368619956687,1.0,1.0,141.2670009096928,1.0,219.20685712302657,1.0,153.63097758950062,1.0,0
13,2026-01-02 15:20:18.649673,4.854799803380278,5.133511684357111,69.52463237065476,69.9775753384916,57.40904088608018,56.428940039236316,57.35846166607581,6.063461245814255,69.52463171869223,56.42893958358913,172.37393431433057,1.0,1.0,196.247152463938,1.0,1.0,140.55598098536848,1.0,218.04809574859974,1.0,152.3906627596716,1.0,0
14,2026-01-02 15:20:21.625796,5.005341052458535,5.296728356939916,69.5446349463425,69.99450494126904,57.54783142720664,56.592150321740995,57.49765260285639,6.202652184730423,69.54463429783931,56.59214986977851,171.48162749207708,1.0,1.0,195.1928787763957,1.0,1.0,139.84173635606112,1.0,216.89112491117157,1.0,151.15831842706484,1.0,0
15,2026-01-02 15:20:24.350239,5.155117305825526,5.458625141758665,69.5645946744581,70.01138745955231,57.68585608392695,56.75404080133969,57.63607796192244,6.341077545941541,69.56459402940885,56.75404035303822,170.59180234738852,1.0,1.0,194.14086345140512,1.0,1.0,139.1243191733338,1.0,215.73596199459644,1.0,149.93389823473535,1.0,0
16,2026-01-02 15:20:27.043552,5.304125180402441,5.619210523315692,69.5845108409597,70.02822273872235,57.823112832201204,56.914619961589516,57.77373566359598,6.478735249769479,69.58451019935886,56.91461951692544,169.70446702975494,1.0,1.0,193.09114412390056,1.0,1.0,138.4037844860586,1.0,214.58264176658304,1.0,148.71737320959255,1.0,0
17,2026-01-02 15:20:29.670749,5.4523613345766835,5.778492954534765,69.60438293025096,70.04501069602688,57.95960002415896,57.07389625454064,57.91062400809183,6.615623596428859,69.60438229209295,57.07389581349044,168.8196259007905,1.0,1.0,192.04374796935818,1.0,1.0,137.68019313772584,1.0,213.43119320022197,1.0,147.50872017316397,1.0,0
18,2026-01-02 15:20:32.000850,5.599822491826193,5.936480870213153,69.624210693584,70.06175134714678,58.09531616117058,57.23187811399307,58.04674144457108,6.751741035080589,69.6242100588631,57.231877676533294,167.93727813400372,1.0,1.0,190.99868809851145,1.0,1.0,136.95361176644383,1.0,212.28165685784006,1.0,146.30790435774088,1.0,0
19,2026-01-02 15:20:34.697877,5.746505447381938,6.093182659312916,69.64399349645285,70.07844456484261,58.23025959002967,57.38857392800285,58.182086266329094,6.887085859019892,69.64399286516326,57.388573494110176,167.05743043579443,1.0,1.0,189.95599795420063,1.0,1.0,136.22408093453942,1.0,211.1340617125279,1.0,145.1148909956146,1.0,0
20,2026-01-02 15:20:37.551852,5.892407053541707,6.2486066824370825,69.66373094241104,70.09509030906736,58.36442881840862,57.543992056181544,58.316656927666216,7.021656522546876,69.66373031454684,57.54399162583276,166.18008491691532,1.0,1.0,188.91569843188748,1.0,1.0,135.49168466397532,1.0,209.9884367373761,1.0,143.9296424217673,1.0,0
21,2026-01-02 15:20:40.470908,6.037524227666208,6.402761251723038,69.6834225972283,70.11168852447774,58.497822464374835,57.69814080980367,58.45045199434857,7.155451591427522,69.68342197278348,57.69814038297566,165.30524449433585,1.0,1.0,187.8778124185013,1.0,1.0,134.7564693116965,1.0,208.84483408394772,1.0,142.75212386849034,1.0,0
22,2026-01-02 15:20:43.511105,6.181853956361267,6.555654656635882,69.70306795368576,70.12823912878392,58.63043913666866,57.85102847737814,58.58347002187019,7.288469621155649,69.70306733265426,57.85102805404786,164.43291350530308,1.0,1.0,186.84236664797635,1.0,1.0,134.01850441312035,1.0,207.70325375224274,1.0,141.5823121573112,1.0,0
23,2026-01-02 15:20:46.358893,6.325393290951449,6.707295142033454,69.7226667113403,70.14474211502716,58.76227764763226,58.0026633028443,58.715709770551676,7.420709372051675,69.7226660937159,58.002662882988865,163.56309231658514,1.0,1.0,185.80937695573635,1.0,1.0,133.2778537090462,1.0,206.56374789382426,1.0,140.42015513666684,1.0,0
24,2026-01-02 15:20:49.115305,6.468139358314762,6.857690914409885,69.70276660008979,70.12347024083532,58.784387441201666,58.15302465802312,58.738895956572314,7.443895582182962,69.70276598374477,58.153024259849936,164.68426678907647,1.0,1.0,186.85825006078485,1.0,1.0,125.21407762164927,1.0,206.1358674973235,1.0,133.16855272478278,1.0,0
25,2026-01-02 15:20:51.892840,6.602248792463654,7.000319918864246,69.72133036295695,70.13913556395508,58.908523679259126,58.29564841069345,58.863388769022215,7.5683883966297305,69.72132974983704,58.29564801591766,163.85859622395282,1.0,1.0,185.87981173173446,1.0,1.0,124.54622760230905,1.0,205.05722830762352,1.0,132.03229764712887,1.0,0
26,2026-01-02 15:20:54.567594,6.7356429270986835,7.141731945574028,67.82870126726901,63.68974930504715,58.83924747250467,58.43686869047656,58.801436817725055,7.506436488092451,67.82870071233913,58.436868444612145,0.0,0.0,0.0,285.63441768894177,1.0,1.0,110.24523466971914,1.0,185.59564408974438,1.0,82.22906441517353,1.0,0
27,2026-01-02 15:20:57.335488,6.853720113437102,7.229802660082892,67.85148986725967,63.739207888390084,58.94073207990983,58.52493952618439,58.90352856370297,7.608528237779427,67.85148931495822,58.524939280202226,0.0,0.0,0.0,284.4333013066754,1.0,1.0,109.00474310403752,1.0,184.71657154805143,1.0,82.26844463990801,1.0,0
28,2026-01-02 15:21:00.206014,6.97046868416235,7.317915549019383,67.874224233476,63.788658267344246,59.041454389777755,58.61305244998601,59.00483852585631,7.709838203549417,67.87422368378985,58.61305220397,0.0,0.0,0.0,283.2350434183428,1.0,1.0,107.79516003140088,1.0,183.8418797376562,1.0,82.27976442640283,1.0,0
29,2026-01-02 15:21:02.963112,7.08592174404437,7.406040567029888,67.89690150163686,63.83808657142469,59.14141280991787,58.70117742248155,59.10536629601055,7.810365977233216,67.89690095455285,58.70117717650973,0.0,0.0,0.0,282.03979499131225,1.0,1.0,106.61470360673775,1.0,182.9716034262674,1.0,82.2649823555821,1.0,0
30,2026-01-02 15:21:05.460149,7.200110482600118,7.4941497507550245,58.40040668099259,58.43855648346087,58.40045198672317,58.78907889096448,58.40048585953845,7.10548596574837,58.400406681764615,58.789079063303255,0.0,0.0,0.0,0.0,0.0,0.0,-35.52178264897066,1.0,-0.25820528605891013,1.0,-57.63849855384251,1.0,0
31,2026-01-02 15:21:08.115686,7.16206518938518,7.432416548500268,58.357336909894435,58.391478920959884,58.35761845840073,58.72734784614253,58.35767324524759,7.062673354314088,58.357336911946426,58.72734801562471,0.0,0.0,0.0,0.0,0.0,0.0,-36.47716161935932,1.0,-0.6862855968847725,1.0,-56.683116686144785,1.0,0
32,2026-01-02 15:21:11.036306,7.122996643477389,7.371706594553887,58.31337468880991,58.34400790132758,58.31402716076837,58.666639857873044,58.314105286225434,7.019105397930745,58.313374692040355,58.666640024716436,0.0,0.0,0.0,0.0,0.0,0.0,-37.359708034614414,1.0,-1.0804181374624022,1.0,-55.80057606550781,1.0,0
33,2026-01-02 15:21:13.656139,7.082982855387945,7.3119418784334265,58.268642132362274,58.29620326025441,58.26975710399654,58.606876931639064,58.269860083999184,6.9748601981385505,58.26864213667659,58.606877096048386,0.0,0.0,0.0,0.0,0.0,0.0,-38.173776550252114,1.0,-1.4429178577302082,1.0,-54.98650465256105,1.0,0
34,2026-01-02 15:21:16.374600,7.042097167675314,7.253049069737698,58.223242202524894,58.24811346661778,58.22488003394883,58.547985751598596,58.225008666281724,6.930008782662837,58.223242207834836,58.54798591376615,0.0,0.0,0.0,0.0,0.0,0.0,-38.92352480477257,1.0,-1.7759026906105646,1.0,-54.23674770611342,1.0,0
35,2026-01-02 15:21:18.843683,7.000408469116295,7.194959282340772,58.177263220169806,58.199779085387405,58.1794607302798,58.489897445052584,58.179615247860774,6.8846153663033425,58.177263226393094,58.48989760515868,0.0,0.0,0.0,0.0,0.0,0.0,-39.612977160459195,1.0,-2.081371779354413,1.0,-53.54729535042679,1.0,0
36,2026-01-02 15:21:21.321134,6.957981339572296,7.137607926841355,58.215935573921065,58.24132487212806,58.21554845531353,58.432570633441074,58.2155484352198,6.92054849959178,58.21593557148411,58.432570755245806,0.0,0.0,0.0,0.0,0.0,0.0,-21.52913293571146,1.0,0.8150362168635183,1.0,-40.73744888216879,1.0,0
37,2026-01-02 15:21:23.647009,6.9349227528279505,7.093976441852401,58.188879578863265,58.210462921099165,58.18881140101755,58.38894101636404,58.18881570379436,6.893815771504415,58.18887957790879,58.388941134830695,0.0,0.0,0.0,0.0,0.0,0.0,-22.645547240927044,1.0,0.31922261484851333,1.0,-39.62103167964415,1.0,0
38,2026-01-02 15:21:26.343500,6.910668442445422,7.0515406877780915,58.1610552295947,58.17939539122271,58.1610692563979,58.346506922076834,58.161084212125424,6.866084282870241,58.16105523000164,58.34650703750873,0.0,0.0,0.0,0.0,0.0,0.0,-23.66052096135718,1.0,-0.13609819575322035,1.0,-38.60606085652307,1.0,0
39,2026-01-02 15:21:28.762928,6.885327049785954,7.0101920079721465,58.13229940168385,58.14794088960551,58.13248257566872,58.30515970060771,58.13251193766628,6.837512011134681,58.13229940331079,58.305159813316045,0.0,0.0,0.0,0.0,0.0,0.0,-24.571420443066927,1.0,-0.5441262305794226,1.0,-37.6951700667405,1.0,0
40,2026-01-02 15:21:31.468941,6.859010046194971,6.969818926963091,58.10270828750442,58.11612002303793,58.10317961409074,58.264787895455974,58.10322548020697,6.808225556104817,58.10270829021463,58.264788005734815,0.0,0.0,0.0,0.0,0.0,0.0,-25.383944692976,1.0,-0.9064260365221344,1.0,-36.88262843297707,1.0,0
41,2026-01-02 15:21:34.152687,6.831822797467949,6.930316112416206,58.07243918801058,58.084008349537754,58.073265438219686,58.225286195499365,58.07332876951794,6.778328847576073,58.07243919168031,58.225286303617935,0.0,0.0,0.0,0.0,0.0,0.0,-26.106449550411526,1.0,-1.2273377825522402,1.0,-36.16012647285061,1.0,0
42,2026-01-02 15:21:36.815395,6.803861713124262,6.891587128723641,58.041617208895424,58.05166354888268,58.04283126957507,58.18655818399011,58.042912218469255,6.747912298442074,58.04161721341272,58.18655829019398,0.0,0.0,0.0,0.0,0.0,0.0,-26.74681569601489,1.0,-1.5108047062994956,1.0,-35.51976032724724,1.0,0
43,2026-01-02 15:21:39.330419,6.775214772973543,6.85354400330125,58.01034386490432,58.01913115877427,58.01195549099637,58.148515905221586,58.012053644769004,6.717053726433534,58.01034387016819,58.14851600973376,0.0,0.0,0.0,0.0,0.0,0.0,-27.312605106430965,1.0,-1.760494801033019,1.0,-34.95397381414023,1.0,0
44,2026-01-02 15:21:41.903339,6.745961847082995,6.81610685855164,57.97870220359121,57.98644773966924,57.98070532071245,58.11107949668975,57.980819883947454,6.685819967102193,57.97870220951092,58.111079599711715,0.0,0.0,0.0,0.0,0.0,0.0,-27.811003108126897,1.0,-1.9798384806790637,1.0,-34.455575812444295,1.0,0
45,2026-01-02 15:21:44.376635,6.716175114490437,6.779203512788534,57.946760002712914,57.95364260520496,57.94913807589236,58.07417679024439,57.94926801069241,6.654268095156174,57.946760009207296,58.07417689195729,0.0,0.0,0.0,0.0,0.0,0.0,-28.24880678815589,1.0,-2.172037271748195,1.0,-34.017760543179065,1.0,0
46,2026-01-02 15:21:46.894779,6.68591947850577,6.742769091351741,57.91457236572526,57.92073916225841,57.91730234686347,58.037742923221266,57.91744647828734,6.62244656389807,57.91457237272207,58.03774302378723,0.0,0.0,0.0,0.0,0.0,0.0,-28.632407610302835,1.0,-2.3400725052624693,1.0,-33.6341684129593,1.0,0
47,2026-01-02 15:21:49.220860,6.655252991194289,6.706745513271783,57.882184407808396,57.88775640828875,57.88523950715493,58.001719825363786,57.885396599868635,6.5903966864818635,57.88218441524347,58.00171992492722,0.0,0.0,0.0,0.0,0.0,0.0,-28.967692906576303,1.0,-2.486653165192365,1.0,-33.29887442475865,1.0,0
48,2026-01-02 15:21:51.967468,6.624227400558513,6.6710810468300865,57.675721088428226,57.68251091566145,57.69300061564556,57.96601342735452,57.693786220723005,6.39878639044746,57.6757211073781,57.96601359538737,0.0,0.0,0.0,0.0,0.0,0.0,-56.76414283129816,1.0,-6.337765058788136,1.0,-56.19839108589986,1.0,0
49,2026-01-02 15:21:54.138729,6.563430662757876,6.6108902575013575,57.61515748020273,57.62199263965892,57.63238426543689,57.90582258403623,57.6331678655999,6.3381680352518455,57.61515749912137,57.90582275214161,0.0,0.0,0.0,0.0,0.0,0.0,-56.73989235447152,1.0,-6.327317362320173,1.0,-56.22264446003555,1.0,0
50,2026-01-02 15:21:56.922476,6.502659900508936,6.550673489445825,57.5545996109069,57.56147638611446,57.5717782922528,57.84560576663749,57.57256006363971,6.27756023322538,57.554599629797,57.845605934809115,0.0,0.0,0.0,0.0,0.0,0.0,-56.71772504285855,1.0,-6.317773626278722,1.0,-56.24480018241229,1.0,0
51,2026-01-02 15:21:59.320639,6.441912881097662,6.490432991557724,57.49404697270874,57.500961903454865,57.511181775754665,57.78536522361678,57.51196187774354,6.216962047268647,57.49404699157276,57.78536539184898,0.0,0.0,0.0,0.0,0.0,0.0,-56.69747285253379,1.0,-6.309049828701063,1.0,-56.265058167355164,1.0,0
52,2026-01-02 15:22:02.030276,6.381187553147248,6.430170795661383,57.433499342619164,57.440449225535865,57.45059402517427,57.72510298646434,57.45137260184704,6.1563727713167795,57.433499361459326,57.725103154751906,0.0,0.0,0.0,0.0,0.0,0.0,-56.67895325302652,1.0,-6.301070639551654,1.0,-56.28357486955338,1.0,0
53,2026-01-02 15:22:04.715832,6.320482059568127,6.369888771207898,57.37295620748149,57.37993811508531,57.39001425814887,57.66482092428349,57.39079144179962,6.095791611218743,57.372956226299834,57.664821092621644,0.0,0.0,0.0,0.0,0.0,0.0,-56.662024276192824,1.0,-6.293775215340247,1.0,-56.300495154459895,1.0,0
54,2026-01-02 15:22:07.552874,6.25979469676269,6.309588618977515,57.312417146877884,57.31942839873022,57.329441784405766,57.604520737550956,57.33021769628621,6.035217865659074,57.312417165676315,57.60452090593539,0.0,0.0,0.0,0.0,0.0,0.0,-56.64655264581597,1.0,-6.287114301812835,1.0,-56.315975476763924,1.0,0
55,2026-01-02 15:22:10.061749,6.199123906050667,6.24927189270215,57.25188195380954,57.25892007478703,57.26887603203974,57.544203979742626,57.26965078155646,5.974650950887012,57.25188197258976,57.544204148169335,0.0,0.0,0.0,0.0,0.0,0.0,-56.63240508567924,1.0,-6.281021260861053,1.0,-56.33011434497348,1.0,0
56,2026-01-02 15:22:12.874747,6.138468269919463,6.188940022067268,57.191350196221826,57.19841293095431,57.208316359814006,57.483872080254784,57.20909004726585,5.914090216557738,57.191350214985384,57.48387224872017,0.0,0.0,0.0,0.0,0.0,0.0,-56.619471498038365,1.0,-6.275449735539951,1.0,-56.343047932614354,1.0,0
57,2026-01-02 15:22:15.497625,6.077826481919778,6.128594297001995,57.130821643224536,57.13790691600052,57.14776231890348,57.42352632882064,57.14853503625547,5.85353520551201,57.13082166197285,57.423526497321376,0.0,0.0,0.0,0.0,0.0,0.0,-56.60765047707628,1.0,-6.27035336890458,1.0,-56.3548718508855,1.0,0
58,2026-01-02 15:22:18.308919,6.017197358804203,6.068235912657662,57.070295983983925,57.077401898329484,57.087213371054894,57.363167920344274,57.08798520182454,5.792985371048757,57.07029600271831,57.36316808887735,0.0,0.0,0.0,0.0,0.0,0.0,-56.596840616975896,1.0,-6.265691598628109,1.0,-56.365687505604,1.0,0
59,2026-01-02 15:22:20.622479,5.956579809628834,6.007865944859633,57.00977308136295,57.01689788515583,57.0266691593343,57.30279793047743,57.02744017953728,5.732440348731931,57.00977310008461,57.30279809904006,0.0,0.0,0.0,0.0,0.0,0.0,-56.586952101156385,1.0,-6.2614354516199455,1.0,-56.37557312411445,1.0,0
60,2026-01-02 15:22:23.141619,5.895972848992189,5.947485385595517,67.35464819262076,62.39797865177271,57.570061448485355,57.24256697860669,57.536872932011796,6.241872718150618,67.35464761170455,57.242566792615314,0.0,0.0,0.0,310.6202840544534,1.0,1.0,71.52561957923353,1.0,194.28673684274145,1.0,62.20459678786483,1.0,0
61,2026-01-02 15:22:25.939262,5.972579732958901,6.0141090715838885,67.37035827686726,62.43562443772484,57.64020375402853,57.30919032780217,57.60733335173181,6.312333139931093,67.37035769769828,57.30919014222616,0.0,0.0,0.0,309.7922542692542,1.0,1.0,70.83650041408873,1.0,193.7023843731822,1.0,62.065679510396876,1.0,0
62,2026-01-02 15:22:28.686787,6.0484485416899965,6.080583967478576,67.38600299644833,62.47317581278802,57.7098055267047,57.375664857924015,57.677244631394736,6.382244421607506,67.38600241901574,57.375664672800006,0.0,0.0,0.0,308.96766965271456,1.0,1.0,70.16309045866365,1.0,193.12164774532903,1.0,61.914506615607934,1.0,0
63,2026-01-02 15:22:31.280980,6.123596097318238,6.146896951601198,67.401582259639,62.51062708900895,57.77887318907918,57.441977449349615,57.74661363499063,6.451613427172262,67.40158168393211,57.44197726471192,0.0,0.0,0.0,308.14653503937194,1.0,1.0,69.50460743951226,1.0,192.54449219147318,1.0,61.751857479634964,1.0,0
64,2026-01-02 15:22:34.014792,6.198038387834323,6.213035730481521,67.41709569303885,62.547972767852805,57.847413053786816,57.50811581055923,57.81544708939898,6.5204468835069935,67.41709511904713,57.50811562644001,0.0,0.0,0.0,307.32887011000435,1.0,1.0,68.86033282398785,1.0,191.97084817619725,1.0,61.5784564297428,1.0,0
65,2026-01-02 15:22:36.517234,6.271790639287049,6.278988795980679,67.4325431320549,62.58520780183286,57.915431326424766,57.57406843522747,57.883751582589305,6.588751378583178,67.43254255976794,57.57406825165679,0.0,0.0,0.0,306.5146835397961,1.0,1.0,68.22960892293395,1.0,191.40069831564688,1.0,61.394995922796625,1.0,0
66,2026-01-02 15:22:39.324751,6.344867361473282,6.344745366198212,67.44792413871728,62.622327295254486,57.982934090905225,57.6398245431564,57.95153355436217,6.656533352203266,67.44792356812478,57.63982436016248,0.0,0.0,0.0,305.7039984127791,1.0,1.0,67.61180702028469,1.0,190.833990458259,1.0,61.20210177755325,1.0,0
67,2026-01-02 15:22:41.934273,6.417282389715251,6.410295338462517,67.4632390759569,62.65932709498752,58.04992749454189,57.70537403323709,58.018799482244034,6.723799281895438,67.4632385070487,57.705373850846385,0.0,0.0,0.0,304.8967955999945,1.0,1.0,67.00635055153725,1.0,190.27067824708865,1.0,61.00035635313361,1.0,0
68,2026-01-02 15:22:44.786524,6.489048947552412,6.475629229607636,67.47848769704913,62.69620296319189,58.116417534969536,57.77070742382239,58.08555567405888,6.790555475485321,67.47848712981522,57.770707242059714,0.0,0.0,0.0,304.09308810553034,1.0,1.0,66.41269192527943,1.0,189.7107153251909,1.0,60.790310138258974,1.0,0
69,2026-01-02 15:22:47.524797,6.56017967839486,6.540738159489214,67.49366978113632,62.7329509318972,58.18241003683673,57.835815836117376,58.15180824288477,6.8568080460524685,67.49366921556674,57.83581565500602,0.0,0.0,0.0,303.2928875701079,1.0,1.0,65.83032990704396,1.0,189.15407851409327,1.0,60.5724788539419,1.0,0
70,2026-01-02 15:22:50.193027,6.6306866719528985,6.605613778271866,67.50878526238944,62.769567345325044,58.247910846828944,57.900690921603946,58.217563307243,6.922563112119635,67.50878469847443,57.900690741165775,0.0,0.0,0.0,302.49619746337004,1.0,1.0,65.25877774890887,1.0,188.60070986761457,1.0,60.34733476155907,1.0,0
71,2026-01-02 15:22:52.876766,6.700581514905782,6.6702482554567215,67.52383444107636,62.80604897516857,58.312925576874356,57.965324851053765,58.28282673000395,6.987826536558525,67.52383387880623,57.96532467130926,0.0,0.0,0.0,301.70300195912967,1.0,1.0,64.69759216258808,1.0,188.0505804126642,1.0,60.115338533250906,1.0,0
72,2026-01-02 15:22:55.219427,6.769875303556661,6.7346342626318005,67.51348216249303,62.77287649785181,58.34341762304116,58.02970237699529,58.31404609997448,7.019045920826021,67.51348160157055,58.02970220829876,0.0,0.0,0.0,302.2486384354962,1.0,1.0,59.915992080732394,1.0,187.59986342615775,1.0,56.42035393293554,1.0,0
73,2026-01-02 15:22:57.541754,6.8340477983948595,6.795062786330183,67.52749979070364,62.8070931966996,58.403532474452156,58.09013036887872,58.37437937336438,7.0793791957117005,67.52749923130546,58.09013020089548,0.0,0.0,0.0,301.509812755499,1.0,1.0,59.41572821200225,1.0,187.09006451331334,1.0,56.181795299607984,1.0,0
74,2026-01-02 15:23:00.141009,6.89768449128436,6.855235804260656,67.54145310538031,62.841169022727,58.46320843242514,58.150302845423575,58.434269284375404,7.139269108192895,67.54145254749751,58.15030267816911,0.0,0.0,0.0,300.7743768422825,1.0,1.0,58.92403168616056,1.0,186.58324403418192,1.0,55.938059174991395,1.0,0
75,2026-01-02 15:23:02.589041,6.960794553534658,6.9151477669955925,67.55534214083016,62.875101546949736,58.522450554981155,58.210214258112714,58.49372107757777,7.198720902840872,67.55534158445398,58.210214091601486,0.0,0.0,0.0,300.042328887623,1.0,1.0,58.44054903150209,1.0,186.07935563181854,1.0,55.689484544245715,1.0,0
76,2026-01-02 15:23:05.178739,7.0233867882640615,6.974793503677066,67.56916700862801,62.908888545262045,58.581263744063065,58.26985943689433,58.55273983074328,7.2577396574283854,67.5691664537498,58.269859271139815,0.0,0.0,0.0,299.3136630107612,1.0,1.0,57.9649615440303,1.0,185.5783645385145,1.0,55.43640170060371,1.0,0
77,2026-01-02 15:23:07.649031,7.0854696485699575,7.034168176055246,57.69920503980293,57.705714548821184,57.75879533784498,58.329013236531004,57.76138074829613,6.466381041138792,57.699205076778355,58.32901349956548,0.0,0.0,0.0,0.0,0.0,0.0,-97.94088171304338,1.0,-12.366384343636128,1.0,-87.97156863579403,1.0,0
78,2026-01-02 15:23:10.070426,6.980570926574653,6.939947007434414,57.59884796732136,57.60589608153967,57.65733735397547,58.23479111878589,57.659881352054015,6.364881644027281,57.59884800392618,58.23479138268974,0.0,0.0,0.0,0.0,0.0,0.0,-97.6501135704666,1.0,-12.24243746207776,1.0,-88.26233098375269,1.0,0
79,2026-01-02 15:23:12.749164,6.875983636741823,6.845414418354025,57.49851119764716,57.506082363666216,57.55597395959335,58.140257635851405,57.558479329429005,6.263479620585667,57.49851123390361,58.14025790057187,0.0,0.0,0.0,0.0,0.0,0.0,-97.37700162929741,1.0,-12.125927972874706,1.0,-88.53544582223094,1.0,0
80,2026-01-02 15:23:15.284135,6.77168885636258,6.7505893065706415,57.39819563360019,57.406274163048266,57.4547009037396,58.04543168219269,57.45717023084982,6.162170521239282,57.39819566952918,58.04543194768034,0.0,0.0,0.0,0.0,0.0,0.0,-97.12041304169361,1.0,-12.016409690431828,1.0,-88.79203151252568,1.0,0
81,2026-01-02 15:23:17.883694,6.667668893175621,6.6554893833752145,57.29790274628504,57.306472140428134,57.353514357341545,57.95033096593181,57.35595003048624,6.060950320154713,57.297902781906096,57.95033123214044,0.0,0.0,0.0,0.0,0.0,0.0,-96.8792787006123,1.0,-11.913419045299634,1.0,-89.03316295629793,1.0,0
82,2026-01-02 15:23:20.394566,6.563907197467339,6.560131198564898,57.197633573239,57.206676793565315,57.252410638641166,57.85497203390922,57.25481486943646,5.959815158427161,57.19763360857041,57.85497230079562,0.0,0.0,0.0,0.0,0.0,0.0,-96.65259903442802,1.0,-11.816547516900755,1.0,-89.25984262248221,1.0,0
83,2026-01-02 15:23:22.923215,6.460388288503975,6.46453022779636,57.09738877347913,57.106888466335185,57.15138598741765,57.75937035908111,57.15376082359009,5.858761111943467,57.09738880853804,57.75937062660482,0.0,0.0,0.0,0.0,0.0,0.0,-96.43944690424178,1.0,-11.72541266043936,1.0,-89.47298895805034,1.0,0
84,2026-01-02 15:23:25.452775,6.357097664086789,6.368700971634896,56.351412943478884,56.370410732145345,56.45792998261266,57.66338445281885,56.46261684748574,5.167617264132878,56.35141299407436,57.6633848397546,0.0,0.0,0.0,0.0,0.0,0.0,-139.3471425211601,1.0,-16.921597387522525,1.0,-129.4102010780307,1.0,0
85,2026-01-02 15:23:28.314484,6.207851132211371,6.230097316441994,56.20654442092843,56.22616964510279,56.31202229907107,57.5247798514141,56.31666997565502,5.0216703916776675,56.206544471256755,57.52478023897433,0.0,0.0,0.0,0.0,0.0,0.0,-139.13828420299978,1.0,-16.83224727344168,1.0,-129.619059396191,1.0,0
86,2026-01-02 15:23:30.409806,6.058828299103394,6.091269966075671,56.061702286417834,56.08193659139561,56.16618989991277,57.38595159452456,56.17080022146716,4.875800636892322,56.06170233649048,57.38595198268229,0.0,0.0,0.0,0.0,0.0,0.0,-138.93845389986836,1.0,-16.746736093864456,1.0,-129.81889259663149,1.0,0
87,2026-01-02 15:23:32.747787,5.910019489529291,5.952228584974042,55.916886531637736,55.93771179331814,56.02043025078315,57.246909344977794,56.0250049585294,4.730005373382849,55.91688658146564,57.24690973370719,0.0,0.0,0.0,0.0,0.0,0.0,-138.74724598849753,1.0,-16.664884215629172,1.0,-130.0100889187661,1.0,0
88,2026-01-02 15:23:35.206739,5.7614154777640385,5.8129824261590475,67.07836681176302,61.60723450139629,57.15601339689967,57.107998799616304,57.12701986719425,5.832019776517226,67.07836622644456,57.10799872158281,0.0,0.0,0.0,325.1822182144897,1.0,1.0,30.32682348361959,1.0,195.75906818204203,1.0,26.098209603446776,1.0,0
89,2026-01-02 15:23:37.733625,5.793896754720675,5.840934682759189,67.08511287383574,61.623682276225836,57.1864617624123,57.135951143464595,57.157655221510254,5.862655132121108,67.08511228927266,57.135951065206356,0.0,0.0,0.0,324.8266542186928,1.0,1.0,29.896095032313497,1.0,195.5064286266861,1.0,26.173374492373114,1.0,0
90,2026-01-02 15:23:40.075080,5.825916701659428,5.868967442393807,67.0918249761708,61.64015036169756,57.21662053070246,57.163983955357914,57.18798658037889,5.892986492181867,67.09182439235579,57.16398387696534,0.0,0.0,0.0,324.4728801352731,1.0,1.0,29.497390538040236,1.0,195.25624019479437,1.0,26.218303063956228,1.0,0
91,2026-01-02 15:23:42.881197,5.857509623477396,5.897048326866761,67.09850206072761,61.65662340395289,57.24649834943249,57.19206486228686,57.21802466460715,5.923024577520089,67.09850147765363,57.1920647838366,0.0,0.0,0.0,324.1209517302708,1.0,1.0,29.12616412288571,1.0,195.00840437785882,1.0,26.237596244982342,1.0,0
92,2026-01-02 15:23:45.619481,5.888704948707602,5.925149869445,67.10514343547246,61.67308848460211,57.27610409304976,57.22016640182578,57.247780026175576,5.952779940127327,67.10514285313269,57.22016632338333,0.0,0.0,0.0,323.77090547863247,1.0,1.0,28.77873620434457,1.0,194.7628458458439,1.0,26.23498287221082,1.0,0
93,2026-01-02 15:23:48.234239,5.919528162410197,5.953248616798505,67.11174883463808,61.68953474412594,57.305446481202246,57.24826512417639,57.27726276044166,5.9822626753701424,67.1117482530261,57.24826504579818,0.0,0.0,0.0,323.4227553881275,1.0,1.0,28.452067505213563,1.0,194.51944291176915,1.0,26.21350222284491,1.0,0
94,2026-01-02 15:23:51.019575,5.950001499791565,5.981324360287626,67.11831776654527,61.705952677966756,57.33453390173625,57.27634082370699,57.30648240247924,6.011482318329953,67.1183171856548,57.27634074544177,0.0,0.0,0.0,323.0765273736403,1.0,1.0,28.143628674683896,1.0,194.27813183483522,1.0,26.175709723474938,1.0,0
95,2026-01-02 15:23:53.624271,5.980144486230717,6.009359620906501,67.1248504290695,61.72233439823835,57.3633742835916,57.30437602396792,57.335447843091465,6.040447759816296,67.12484984889457,57.30437594585811,0.0,0.0,0.0,322.7322110057682,1.0,1.0,27.851281498669778,1.0,194.03881990115224,1.0,26.12373199895046,1.0,0
96,2026-01-02 15:23:56.071942,6.009974353072637,6.0373392148340725,67.1240551257753,61.71631563739473,57.38638786199229,57.33235420449305,57.35873769662551,6.063737618355426,67.12405454636489,57.332354130100754,0.0,0.0,0.0,322.77412897422187,1.0,1.0,26.177338011166285,1.0,193.78312658204777,1.0,24.880415556935986,1.0,0
97,2026-01-02 15:23:58.962758,6.038011359353993,6.063987166346567,67.1302096376321,61.731879179729134,57.41338147931746,57.35900207067483,57.38583656294984,6.090836485420205,67.13020905889157,57.35900199651202,0.0,0.0,0.0,322.44974375445895,1.0,1.0,25.92969631393771,1.0,193.5590892617256,1.0,24.803665839954192,1.0,0
98,2026-01-02 15:24:01.580402,6.06578313265257,6.090552912554605,67.1363294341125,61.7473880450026,57.440162104266456,57.38556772200504,57.412717732896645,6.117717656075554,67.13632885603671,57.38556764809812,0.0,0.0,0.0,322.1271882744499,1.0,1.0,25.69272250866561,1.0,193.33676135374844,1.0,24.718085124959543,1.0,0
99,2026-01-02 15:24:04.239778,6.093301100509028,6.117027001728243,67.14241475131668,61.76283801307915,57.466735444987684,57.41204170806474,57.43938741681108,6.144387340670059,67.14241417390076,57.41204163443674,0.0,0.0,0.0,321.80645009008344,1.0,1.0,25.465275055580605,1.0,193.11607332269887,1.0,24.624797567867063,1.0,0
100,2026-01-02 15:24:06.666537,6.120575454608422,6.143401170570546,67.14846560919511,61.77822528941314,57.49310684897142,57.43841576674783,57.465851403432545,6.170851327946093,67.14846503243432,57.43841569341884,0.0,0.0,0.0,321.4875281498364,1.0,1.0,25.246354383057223,1.0,192.8969672223957,1.0,24.524794048375043,1.0,0
101,2026-01-02 15:24:08.783932,6.147615339795027,6.169668235435163,67.1544822608156,61.793546698477805,57.51928117854485,57.464682715412,57.4921149366613,6.197114861806497,67.15448168470529,57.46468264239953,0.0,0.0,0.0,321.17040911528727,1.0,1.0,25.035099990304843,1.0,192.6794140797483,1.0,24.418935067274106,1.0,0
102,2026-01-02 15:24:11.465549,6.1744289617111585,6.195821918991893,67.16046472082954,61.80879934970663,57.54526295981789,57.490836277615024,57.518182880031524,6.223182805787741,67.16046414536522,57.490836204934354,0.0,0.0,0.0,320.8550922142076,1.0,1.0,24.8307469877318,1.0,192.46336174319367,1.0,24.3079652329925,1.0,0
103,2026-01-02 15:24:13.930658,6.201023717694523,6.2218567454346125,67.16641344030499,61.82398095445256,57.571056318834145,57.5168709783457,57.54405965318113,6.249059579529712,67.16641286548226,57.51687090601012,0.0,0.0,0.0,320.5415536722014,1.0,1.0,24.632628994254446,1.0,192.24878123964118,1.0,24.192548029304817,1.0,0
104,2026-01-02 15:24:16.657761,6.227406276727906,6.247767957953796,67.17232836708635,61.83908928061358,57.59666508144324,57.54278206148056,57.5697493435347,6.27474927045883,67.17232779290097,57.54278198950161,0.0,0.0,0.0,320.22979623822386,1.0,1.0,24.44014047227938,1.0,192.03562041752775,1.0,24.073271609950098,1.0,0
105,2026-01-02 15:24:19.073608,6.2535826732864574,6.273551420120144,67.17820988848143,61.85412261700539,57.62209280748533,57.56856539120758,57.595255741506996,6.300255668991363,67.1782093149292,57.568565319595265,0.0,0.0,0.0,319.91979949848724,1.0,1.0,24.252768598103103,1.0,191.82386189299905,1.0,23.950651695940905,1.0,0
106,2026-01-02 15:24:21.826490,6.27955838807448,6.299203556108804,67.1840580913157,61.86907934636111,57.647342734029216,57.594217392230135,57.620582287904504,6.325582215935239,67.18405751839255,57.59421732099308,0.0,0.0,0.0,319.6115588766875,1.0,1.0,24.07003531573082,1.0,191.61347669296447,1.0,23.825148959417675,1.0,0
107,2026-01-02 15:24:24.432356,6.3053383921761545,6.32472127005365,67.18987301298844,61.883958044187686,57.672417878856365,57.61973496915251,57.64573218272494,6.350732111289393,67.18987244069034,57.61973489829817,0.0,0.0,0.0,319.3050724016267,1.0,1.0,23.891535001894226,1.0,191.40442425509718,1.0,23.697151639794356,1.0,0
108,2026-01-02 15:24:26.816517,6.330927213191475,6.350101895620645,67.37240269762822,62.41701985599487,57.8748139512636,57.645157052640464,57.84455367729386,6.5495535103592,67.37240212597543,57.645156902130125,0.0,0.0,0.0,309.6844991956988,1.0,1.0,55.83109921644791,1.0,191.18859790864917,1.0,50.338004051582175,1.0,0
109,2026-01-02 15:24:29.517547,6.390724622390549,6.404015975522871,67.38510243994989,62.44783550361203,57.93053665236072,57.699070853599196,57.90051165948156,6.6055114941363,67.38510186969681,57.69907070350084,0.0,0.0,0.0,309.0151351909176,1.0,1.0,55.29952702602259,1.0,190.72046809469612,1.0,50.20021962195642,1.0,0
110,2026-01-02 15:24:32.037851,6.44995269232027,6.457782475166748,67.3977425026013,62.47855838325889,57.985823707853974,57.75283705428456,57.9560272504953,6.661027086699386,67.39774193373859,57.75283690462884,0.0,0.0,0.0,308.3489167163417,1.0,1.0,54.78135199268763,1.0,190.25546737452714,1.0,50.05217871826062,1.0,0
111,2026-01-02 15:24:34.693171,6.508625778141185,6.5113904216864915,67.41032256294629,62.50918348946687,58.04068150077698,57.806444683485594,58.01110722476235,6.716107062477928,67.41032199546473,57.80644453430092,0.0,0.0,0.0,307.68586077712405,1.0,1.0,54.275832405323854,1.0,189.79353780196107,1.0,49.89463753815926,1.0,0
112,2026-01-02 15:24:37.453586,6.566757431464516,6.56482964009335,67.42284271269571,62.539706394012356,58.09511626995694,57.85988356773575,58.06575817963578,6.770758018827099,67.42284214658629,57.85988341904845,0.0,0.0,0.0,307.0259625394695,1.0,1.0,53.78227290975701,1.0,189.33462722543482,1.0,49.72829143582658,1.0,0
113,2026-01-02 15:24:40.142115,6.624360462588557,6.618090685763516,67.43530338106594,62.570123173411034,58.149134154501176,57.913144263865625,58.11998658461139,6.824986425244579,67.43530281631979,57.91314411570015,0.0,0.0,0.0,306.3691993807138,1.0,1.0,53.30004189261217,1.0,188.87868349338532,1.0,49.55376912732845,1.0,0
114,2026-01-02 15:24:42.703019,6.681447004573425,6.671164811917952,67.44770401648468,62.60042965694817,58.20274102565643,57.96621802642457,58.17379861869057,6.878798460733566,67.44770345309303,57.966217878803555,0.0,0.0,0.0,305.7156003725226,1.0,1.0,52.82853381629593,1.0,188.42567183810388,1.0,49.37167325294922,1.0,0
115,2026-01-02 15:24:45.418352,6.738028545924479,6.72404390628957,67.46004505533006,62.63062250151426,58.25594264593538,58.01909674435858,58.22720032595792,6.932200169380266,67.4600444932843,58.019096597303076,0.0,0.0,0.0,305.065142514758,1.0,1.0,52.367209781323254,1.0,187.97554010802742,1.0,49.18253981486487,1.0,0
116,2026-01-02 15:24:47.987350,6.79411598477712,6.776720433538084,67.47232653140422,62.66069838808245,58.30874469854152,58.0717728834642,58.28019765456282,6.985197499335629,67.47232597069588,58.07177273699373,0.0,0.0,0.0,304.4178240258146,1.0,1.0,51.91555116937252,1.0,187.52824194621098,1.0,48.98687584216077,1.0,0
117,2026-01-02 15:24:50.682651,6.8497196837071215,6.829187398591124,67.48454851278846,62.6906542505235,58.361152518625325,58.12423944974686,58.33279618237321,7.037796028468983,67.4845479534092,58.12423930387951,0.0,0.0,0.0,303.7736413173389,1.0,1.0,51.47308571906706,1.0,187.08373679032775,1.0,48.78516228814078,1.0,0
118,2026-01-02 15:24:53.219565,6.904849475331916,6.8814383193705,67.49671100366908,62.72048720899587,58.41317149713019,58.176489962120364,58.385001530736034,7.090001378128646,67.49671044561062,58.176489816872916,0.0,0.0,0.0,303.1325941686827,1.0,1.0,51.03936145019361,1.0,186.64199566728712,1.0,48.57783664647286,1.0,0
119,2026-01-02 15:24:55.835769,6.959514733949569,6.933467185041287,67.50881439906723,62.75019480610698,58.46480669084896,58.228518410672095,58.436818966217594,7.1418188148821455,67.5088138423215,58.22851826606011,0.0,0.0,0.0,302.49466175950795,1.0,1.0,50.61396115024763,1.0,186.2029548362898,1.0,48.36531033504343,1.0,0
120,2026-01-02 15:24:58.142583,7.0137243750197555,6.985268422827291,67.63458977135011,63.09123712741076,58.66536407701756,58.28035395824759,58.635383042222145,7.3403828348683255,67.63458921709463,58.280353767451395,0.0,0.0,0.0,295.86543222383955,1.0,1.0,69.3492392412054,1.0,185.37008857947512,1.0,63.81156028453461,1.0,0
121,2026-01-02 15:25:00.819405,7.088000267336158,7.053613228960141,57.853227693981474,57.858598423607006,57.89919183393386,58.348491661987566,57.90118942783333,6.606189683600995,57.8532277261201,58.34849189270628,0.0,0.0,0.0,0.0,0.0,0.0,-85.5411928017702,1.0,-10.748726879228343,1.0,-77.16360047822945,1.0,0
122,2026-01-02 15:25:03.527031,6.996382127526878,6.970967833119747,57.76540906682877,57.77124268791199,57.810454571704895,58.265845468428324,57.812417605525276,6.517417860475971,57.765409098618946,58.265845699964004,0.0,0.0,0.0,0.0,0.0,0.0,-85.26795917362051,1.0,-10.632188416934696,1.0,-77.43683410637914,1.0,0
123,2026-01-02 15:25:05.964400,6.90505663117251,6.888029794743119,57.677611066126005,57.683892279634215,57.72180729815699,58.18290668431704,57.72373836669064,6.428738620879796,57.677611097591154,58.18290691661422,0.0,0.0,0.0,0.0,0.0,0.0,-85.01326252883246,1.0,-10.523481381028432,1.0,-77.69151916193096,1.0,0
124,2026-01-02 15:25:08.542580,6.814003927672019,6.80481897678711,57.58983504739378,57.59654763965121,57.63324557366561,58.09969516907456,57.63514705238778,6.340147305866831,57.58983507855563,58.09969540208187,0.0,0.0,0.0,0.0,0.0,0.0,-84.77577010523873,1.0,-10.4220465908611,1.0,-77.92902027745185,1.0,0
125,2026-01-02 15:25:11.460462,6.723205586177144,6.721353787694765,57.50208268578504,57.509209790518035,57.54476562145067,58.016229327864316,57.5466396864955,6.2516399393121045,57.50208271666378,58.0162295615341,0.0,0.0,0.0,0.0,0.0,0.0,-84.55421288147136,1.0,-10.327356736183901,1.0,-78.15058039852829,1.0,0
126,2026-01-02 15:25:14.216671,6.632644542730157,6.637651300688956,57.414354508258874,57.421878948561286,57.45636324522435,57.93252623088997,57.45821189453908,6.163212146737503,57.41435453887329,57.93252646517793,0.0,0.0,0.0,0.0,0.0,0.0,-84.34746380430624,1.0,-10.23895404216546,1.0,-78.3573294756934,1.0,0
127,2026-01-02 15:25:16.848360,6.5423049376554685,6.553727370525235,57.32665108346885,57.33455555446129,57.36803456175784,57.848601730147415,57.369859629841464,6.074859881462822,57.32665111383637,57.848601965012406,0.0,0.0,0.0,0.0,0.0,0.0,-84.15446535593674,1.0,-10.156380733974402,1.0,-78.55031923213573,1.0,0
128,2026-01-02 15:25:19.495529,6.452172041806003,6.469596746511626,57.23897241716072,57.2472396911195,57.279775662296004,57.764470572219516,57.28157883697064,5.986579088053177,57.23897244729759,57.76447080762334,0.0,0.0,0.0,0.0,0.0,0.0,-83.9742585270642,1.0,-10.079242777578656,1.0,-78.7305318556264,1.0,0
129,2026-01-02 15:25:22.199383,6.362232153005235,6.385273101163522,57.15131858775996,57.15993161810161,57.191583015918496,57.680146427319464,57.19336585177513,5.898366102354382,57.151318617681305,57.680146663226516,0.0,0.0,0.0,0.0,0.0,0.0,-83.80593645995305,1.0,-10.007157728182392,1.0,-78.89883653888319,1.0,0
130,2026-01-02 15:25:24.647745,6.272472542718148,6.300769197127924,57.063688962110085,57.072631051823414,57.10345285752789,57.5956420557392,57.10521678919512,5.810217039304238,57.063688991830006,57.5956422921164,0.0,0.0,0.0,0.0,0.0,0.0,-83.64869949730291,1.0,-9.939792395243785,1.0,-79.05607639884238,1.0,0
131,2026-01-02 15:25:27.410576,6.182881342536054,6.216096879926839,56.97608341723145,56.98533823093017,57.015381937180436,57.510969300917026,57.0171282867071,5.722128536376863,56.97608344676304,57.51096953773357,0.0,0.0,0.0,0.0,0.0,0.0,-83.5017566737406,1.0,-9.876807793602893,1.0,-79.20301632509563,1.0,0
132,2026-01-02 15:25:29.993051,6.093447518502575,6.131267186180412,56.76676060786719,56.77799551158147,56.81565196722058,57.42610977467153,56.817822578124186,5.522822858356713,56.76676064109526,57.42611003996537,0.0,0.0,0.0,0.0,0.0,0.0,-93.7234369592943,1.0,-11.113089569221302,1.0,-88.72721291425023,1.0,0
133,2026-01-02 15:25:32.544190,5.993065860581854,6.036236685406657,56.668535644156584,56.68011279264792,56.71692212177058,57.33107879787948,56.719073653605555,5.4240739334048325,56.66853567719894,57.331079063606566,0.0,0.0,0.0,0.0,0.0,0.0,-93.57853673861882,1.0,-11.05097705760727,1.0,-88.87211023761665,1.0,0
134,2026-01-02 15:25:35.137271,5.892839392839564,5.94105100160079,67.33772283260063,62.35061306092886,57.54379047336868,57.23612762124588,57.51090734708736,6.21590714096815,67.3377222513849,57.23612744147086,0.0,0.0,0.0,311.51236725413503,1.0,1.0,68.93632634330515,1.0,194.38691420077703,1.0,60.125542855757885,1.0,0
135,2026-01-02 15:25:37.527007,5.966673036466854,6.00544793490198,67.35290073972894,62.387074860142356,57.61154998626046,57.300524241938454,57.57897359404218,6.283973389918043,67.35290016020018,57.30052406256028,0.0,0.0,0.0,310.71238687325274,1.0,1.0,68.26907606694022,1.0,193.8227096184164,1.0,59.99282002505879,1.0,0
136,2026-01-02 15:25:40.173915,6.039792026622882,6.0697027131353805,67.36801414599668,62.423445244075616,57.67878511741436,57.36477867926464,57.64650697082196,6.351506768645992,67.3680135681443,57.3647785003201,0.0,0.0,0.0,309.91580613255456,1.0,1.0,67.61751471913158,1.0,193.2620455477263,1.0,59.84778942547564,1.0,0
137,2026-01-02 15:25:42.716469,6.112213170883289,6.133802162238097,67.38306331354782,62.45971868038895,57.745502237530665,57.42887776120541,57.71351429831049,6.418514098038145,67.38306273736133,57.42887758272889,0.0,0.0,0.0,309.1226112152467,1.0,1.0,66.98085133450604,1.0,192.7048930156161,1.0,59.691262303545045,1.0,0
138,2026-01-02 15:25:45.557761,6.183952421307744,6.1977339605983195,67.39804761741243,62.495889495446285,57.81170764441325,57.49280916813477,57.78000229424682,6.485002095835764,67.39804704288146,57.49280899015835,0.0,0.0,0.0,308.33283506155425,1.0,1.0,66.35834420194442,1.0,192.15120566514088,1.0,59.52400065154961,1.0,0
139,2026-01-02 15:25:48.208628,6.255024935409316,6.261486613737656,67.41296685280679,62.53195260560437,57.87740765999639,57.55656140736261,57.84597766882272,6.550977472232686,67.41296627992112,57.556561229916355,0.0,0.0,0.0,307.5464884649937,1.0,1.0,65.74930376189059,1.0,191.60093713935566,1.0,59.34669113173641,1.0,0
140,2026-01-02 15:25:51.104697,6.32544514403464,6.325049365869063,67.42782100812546,62.56790335045891,57.94260841504944,57.620123724767424,57.91144691030021,6.6164467154928595,67.42782043687504,57.62012354787942,0.0,0.0,0.0,306.7635720372499,1.0,1.0,65.15308681173337,1.0,191.05402949207928,1.0,59.159982741334716,1.0,0
141,2026-01-02 15:25:54.142344,6.395226786640525,6.388412145911917,67.44260996563006,62.6037373001445,58.00731605162306,57.683486050819354,57.97641649561416,6.681416302552882,67.4426093960049,57.68348587451593,0.0,0.0,0.0,305.98409198394677,1.0,1.0,64.56911678696997,1.0,190.51045954483925,1.0,58.964472326010764,1.0,0
142,2026-01-02 15:25:56.853482,6.464382971944967,6.451565517499583,67.45733375179202,62.639450376005406,58.07153651207538,57.74663895066882,58.040892676838126,6.745892485488006,67.4573331837823,57.74663877497461,0.0,0.0,0.0,305.20804690985835,1.0,1.0,63.99682291771569,1.0,189.97018094069062,1.0,58.760719066413,1.0,0
143,2026-01-02 15:25:59.664409,6.532926205882974,6.5145006667338965,67.47199222054343,62.67503866609911,58.135275771511594,57.80957361175728,58.10488172121946,6.809881531547103,67.47199165413949,57.80957343669537,0.0,0.0,0.0,304.43544451377073,1.0,1.0,63.43569817488515,1.0,189.4331299388341,1.0,58.54924737548117,1.0,0
144,2026-01-02 15:26:02.306978,6.6008684496213235,6.577209323648425,67.54752838413856,62.87649611952441,58.28456623845501,57.87230174989974,58.25329182313048,6.958291605451397,67.54752782015493,57.87230155094368,0.0,0.0,0.0,300.45416775324844,1.0,1.0,72.80251293593665,1.0,188.62366234998262,1.0,66.54061970948533,1.0,0
145,2026-01-02 15:26:04.614241,6.678842939028653,6.648477068460195,67.56415490318527,62.91648223055368,58.35655929643675,57.9435688603452,58.32556749603363,7.030567280235525,67.56415434102433,57.94356866212837,0.0,0.0,0.0,299.5778355338384,1.0,1.0,72.17342021988316,1.0,188.01406272928034,1.0,66.29338363552506,1.0,0
146,2026-01-02 15:26:10.671198,6.756143645262907,6.719480014567598,67.58071173545538,62.95632296071359,58.42802126864034,58.014571156470225,58.39730618559503,7.1023059716463095,67.580711175107,58.01457095901328,0.0,0.0,0.0,298.705176288153,1.0,1.0,71.55489688727812,1.0,187.4078587547956,1.0,66.0392432740764,1.0,1
147,2026-01-02 15:26:16.874391,6.832781889007584,6.790210769872733,67.59719908368913,62.996015249636514,58.49895768259207,58.085301247333796,58.46851364943726,7.173513437307518,67.59719852514316,58.085301050656184,0.0,0.0,0.0,297.8361793303839,1.0,1.0,70.94654310947135,1.0,186.80504463191028,1.0,65.77859265917141,1.0,1
148,2026-01-02 15:26:22.854344,6.908768559459845,6.860662354878714,67.61361677801247,63.0355559950218,58.56937413173425,58.15575215460043,58.53919570335764,7.2441954930175445,67.6136162212589,58.15575195872048,0.0,0.0,0.0,296.9708536140666,1.0,1.0,70.34799672283043,1.0,186.20557400367943,1.0,65.51181713291498,1.0,1
149,2026-01-02 15:26:29.001197,6.984114164655144,6.930828209208998,67.62996488536024,63.07494240523949,58.63927591298152,58.225917318939345,58.60935784990822,7.314357641329523,67.62996433038917,58.22591712387434,0.0,0.0,0.0,296.10919561127156,1.0,1.0,69.758898461032,1.0,185.60941789701246,1.0,65.23926147508519,1.0,1
150,2026-01-02 15:26:35.205837,7.058828825311324,7.000702146683709,67.64624318600609,63.11417168092053,58.708668248956315,58.295790555139064,58.67900550813194,7.384005301287369,67.64624263280773,58.29579036090528,0.0,0.0,0.0,295.2512169030922,1.0,1.0,69.17892092815237,1.0,185.01653574958254,1.0,64.96125887622384,1.0,1
151,2026-01-02 15:26:41.459670,7.132922297875471,7.070278326194927,67.66245188711561,63.153241410791296,58.777556402090376,58.365366023096655,58.74814412694469,7.453143921807955,67.66245133568026,58.365365829709425,0.0,0.0,0.0,294.39690657047544,1.0,1.0,68.60773672826781,1.0,184.42689858829908,1.0,64.67813093763652,1.0,1
152,2026-01-02 15:26:47.786837,7.2064040099763025,7.139551271017252,67.6785909446894,63.19214919231676,58.84594539349174,58.43463824693095,58.81677890290487,7.521778699450582,67.67859039500745,58.43463805440469,0.0,0.0,0.0,293.54626693249105,1.0,1.0,68.04504743854523,1.0,183.8404832346896,1.0,64.39018187677448,1.0,1
153,2026-01-02 15:26:53.796956,7.279283057847331,7.208515804064954,67.69466040193832,63.23089279774228,58.91384020094137,58.50360205045453,58.884914981057,7.5899147792606145,67.69465985400021,58.50360185880281,0.0,0.0,0.0,292.6992957116297,1.0,1.0,67.49056332807868,1.0,183.2572549210454,1.0,64.09769273261645,1.0,1
154,2026-01-02 15:26:59.913463,7.351568229536118,7.2771670746755035,67.71066022643583,63.26947009261748,58.98124575112517,58.57225258377768,58.95255744790205,7.657557247739851,67.71065968023214,58.57225239301325,0.0,0.0,0.0,291.85599461699434,1.0,1.0,66.94401204981659,1.0,182.67717887965773,1.0,63.800938749523084,1.0,1
155,2026-01-02 15:27:05.929995,7.423268025405513,7.345500508440659,67.72659068036599,63.30787922598995,59.04816680895797,58.640585273279754,59.01971121801145,7.724711019460477,67.72659013588735,58.64058508341459,0.0,0.0,0.0,291.0163498296754,1.0,1.0,66.40513864056174,1.0,182.10023772667228,1.0,63.500177788000656,1.0,1
156,2026-01-02 15:27:12.120850,7.494390662567826,7.413511817147662,67.78449287578289,63.45731443328989,59.175036947674684,58.708609945082706,59.14603896103278,7.851038743608713,67.78449233364492,58.70860973958436,0.0,0.0,0.0,287.964504805719,1.0,1.0,72.71722195184793,1.0,181.3174022026942,1.0,68.72867910033165,1.0,1
157,2026-01-02 15:27:18.429992,7.572273802127089,7.487123062652232,67.80175056048344,63.498511275214085,59.24730182470052,58.78222035402106,59.21856083930978,7.923560623656664,67.80175002021853,58.78222014947145,0.0,0.0,0.0,287.05490580348476,1.0,1.0,72.12493085546612,1.0,180.69095762712095,1.0,68.41137450408041,1.0,1
158,2026-01-02 15:27:24.725943,7.6495225731417715,7.560394460963373,67.81893588461317,63.53953034823552,59.31904529623497,58.85549090821413,59.290556833741185,7.995556619835266,67.8189353462115,58.85549070462566,0.0,0.0,0.0,286.1491207023708,1.0,1.0,71.54058128321594,1.0,180.06779860002098,1.0,68.08992385856527,1.0,1
159,2026-01-02 15:27:31.230804,7.72614548061797,7.63332157909917,67.8360491973236,63.580369930705324,59.390272184829314,58.928417175439264,59.362031909638524,8.067031697456775,67.83604866077546,58.92841697282355,0.0,0.0,0.0,285.2471310996855,1.0,1.0,70.96393565575454,1.0,179.44789035368558,1.0,67.7645850242925,1.0,1
160,2026-01-02 15:27:37.366690,7.802150773687363,7.705900241000836,67.85308998460606,63.6210279107489,59.460987249367264,59.000994980381584,59.43299096715093,8.137990756670998,67.85308944990179,59.00099477874959,0.0,0.0,0.0,284.34896408722926,1.0,1.0,70.39476508566622,1.0,178.83120970964228,1.0,67.43558109405967,1.0,1
161,2026-01-02 15:27:43.646120,7.877546462774723,7.778126524763947,67.87005882732704,63.66150291097179,59.531195056940234,59.073220401808044,59.503438701285326,8.208438492485532,67.87005829445707,59.0732202011701,0.0,0.0,0.0,283.45458904933145,1.0,1.0,69.83284358284436,1.0,178.2177334894186,1.0,67.10312357142811,1.0,1
162,2026-01-02 15:27:50.017750,7.952340315201095,7.849996736195175,67.8869553890297,63.701793120821115,59.60090016580282,59.14508974620519,59.57337979818715,8.27837959104643,67.8869548579845,59.14508954657093,0.0,0.0,0.0,282.56402371958995,1.0,1.0,69.2779683356548,1.0,177.60743851454208,1.0,66.76744134381352,1.0,1
163,2026-01-02 15:27:56.308311,8.026539875485295,7.92150741559599,67.90377966325912,63.74189701650372,59.67010697265603,59.21659955446812,59.6428187739872,8.347818568485106,67.90377913402928,59.21659935584667,0.0,0.0,0.0,281.67726843822203,1.0,1.0,68.72993363515434,1.0,177.00029581192211,1.0,66.4287111470685,1.0,1
164,2026-01-02 15:28:02.433017,8.100152464073197,7.9926553053186895,67.92053185141503,63.78181327699544,59.738819894697805,59.28774656957457,59.71176016086731,8.416759956983963,67.9205313239912,59.28774637197439,0.0,0.0,0.0,280.79431259007185,1.0,1.0,68.18854246432693,1.0,176.39628220308623,1.0,66.08714738206345,1.0,1
165,2026-01-02 15:28:08.676833,8.173185199524774,8.063437366106038,67.93721195543287,63.821540557149234,59.807043193443064,59.35852775280427,59.78020833008443,8.485208127800536,67.93721142980574,59.35852755623331,0.0,0.0,0.0,279.91515607313244,1.0,1.0,67.65360939539278,1.0,175.79537450956195,1.0,65.74292388734193,1.0,1
166,2026-01-02 15:28:14.794771,8.245644996640532,8.133850743294362,67.9538199747079,63.86107758662362,59.87478115364317,59.428940250070276,59.84816767325418,8.553167472550951,67.95381945086824,59.42894005453597,0.0,0.0,0.0,279.0397989192748,1.0,1.0,67.12495769249927,1.0,175.19755534749493,1.0,65.39621739875656,1.0,1
167,2026-01-02 15:28:20.872982,8.31753858778997,8.203892786585186,67.9703559060592,63.90042317835722,59.94203788966068,59.49898141156697,59.9156424055977,8.620642206456877,67.97035538399787,59.498981217076214,0.0,0.0,0.0,278.16824129615543,1.0,1.0,66.60241351710283,1.0,174.60279574379456,1.0,65.04720465215996,1.0,1
168,2026-01-02 15:28:26.993243,8.388872517384268,8.27356101772607,67.8987389147882,63.707620297111,59.89307171381464,59.56862150023548,59.86859668927989,8.573596536862095,67.8987383935226,59.568621342035215,0.0,0.0,0.0,281.94295064642154,1.0,1.0,50.975950944120996,1.0,174.33666052284025,1.0,52.90989315199113,1.0,1
169,2026-01-02 15:28:33.049570,8.443469860484424,8.330229694593262,67.91182389119044,63.73973845712359,59.94533869734434,59.62528941625587,59.92099567407464,8.625995522639876,67.91182337130405,59.6252892591347,0.0,0.0,0.0,281.2532821488078,1.0,1.0,50.64717879861291,1.0,173.87538574212158,1.0,52.548986951705956,1.0,1
170,2026-01-02 15:28:39.295077,8.497715068839401,8.386511822777718,67.92484604583343,63.77165925843645,59.997272607825025,59.68157079231765,59.97306082174618,8.678060671290769,67.92484552731972,59.68157063626935,0.0,0.0,0.0,280.5669247911578,1.0,1.0,50.31963511214599,1.0,173.41630132705177,1.0,52.190169711252565,1.0,1
171,2026-01-02 15:28:45.476683,8.55160947415904,8.442409645979412,67.93780639913089,63.80338416720962,60.04887705459846,59.737467871895134,60.02479566357768,8.729795514097763,67.93780588198351,59.73746771691376,0.0,0.0,0.0,279.88382479063597,1.0,1.0,49.99338072821047,1.0,172.95933194759527,1.0,51.83333712750482,1.0,1
172,2026-01-02 15:28:51.530377,8.605154446001318,8.497925283742516,67.95070451492595,63.83491376711027,60.10015338466501,59.79298277441244,60.076201549676334,8.781201401168026,67.95070399913851,59.792982620492154,0.0,0.0,0.0,279.2040051357128,1.0,1.0,49.66842723604259,1.0,172.50449498760645,1.0,51.478457330063065,1.0,1
173,2026-01-02 15:28:57.542616,8.658351371831646,8.553060828534575,67.96354092971033,63.86624917821017,60.151102944696,59.84811759230991,60.127279825476606,8.832279677936022,67.96354041527651,59.84811743944482,0.0,0.0,0.0,278.52743754957754,1.0,1.0,49.34477463564235,1.0,172.05178465246718,1.0,51.12554770278166,1.0,1
174,2026-01-02 15:29:03.728968,8.711201653657971,8.60781839337502,67.97631557563457,63.89739119003121,60.201727079303275,59.902874438478875,60.17803183685256,8.88303169027576,67.97631506254798,59.90287428666319,0.0,0.0,0.0,277.85412560836437,1.0,1.0,49.02243741355505,1.0,171.60120094217746,1.0,50.77457637526095,1.0,1
175,2026-01-02 15:29:09.824261,8.76370670596724,8.662200059242254,67.98902843134597,63.92834060501857,60.25202701232919,59.957255393792074,60.22845880694415,8.933458661327192,67.98902791960028,59.957255243020015,0.0,0.0,0.0,277.1840704375068,1.0,1.0,48.70141846708975,1.0,171.1527438567373,1.0,50.425537552882815,1.0,1
176,2026-01-02 15:29:15.938137,8.815867933507045,8.716207885977203,68.00167956243892,63.95909826600414,60.30200411635464,60.011262518023635,60.2785621099389,8.983561965277815,68.00167905202778,60.01126236828945,0.0,0.0,0.0,276.51726857972716,1.0,1.0,48.381729385482686,1.0,170.70640180691043,1.0,50.07841964641102,1.0,1
177,2026-01-02 15:29:22.337808,8.867686757827634,8.76984393231203,68.01426909707054,63.98966505117979,60.35165981349459,60.06489786983424,60.328343170065764,9.033343026356535,68.0142685879876,60.06489772113222,0.0,0.0,0.0,275.8537132802651,1.0,1.0,48.06338175797009,1.0,170.26218638193313,1.0,49.73321686122745,1.0,1
178,2026-01-02 15:29:28.471165,8.919164623172739,8.82311025318254,68.02679722450257,64.0200418720367,60.400995286717844,60.118163504038485,60.37780316798901,9.082803025227632,68.0267967167415,60.11816335636297,0.0,0.0,0.0,275.1933945637167,1.0,1.0,47.74637268724291,1.0,169.82009178718727,1.0,49.38990312155056,1.0,1
179,2026-01-02 15:29:34.535728,8.97030295199635,8.87600887276899,68.03926381727895,64.05022944935685,60.450011997408225,60.171061444755445,60.42694356938153,9.13194342756398,68.03926331083339,60.17106129810077,0.0,0.0,0.0,274.5363191479008,1.0,1.0,47.43071086522832,1.0,169.38011802267283,1.0,49.04848422199848,1.0,1
180,2026-01-02 15:29:40.680474,9.021103196460619,8.928541816054489,68.1169659062806,64.25098073755518,60.57942860178914,60.2236127146879,60.55521581568584,9.260215640478808,68.11696540170138,60.22361254229803,0.0,0.0,0.0,270.44088318103763,1.0,1.0,58.59778599415222,1.0,168.75592755354774,1.0,57.65558977998353,1.0,1
181,2026-01-02 15:29:46.946790,9.08386383566031,8.990293323889313,68.1318844670362,64.28606888717897,60.638547560169116,60.285363480350505,60.614518213187246,9.319518039353358,68.13188396405681,60.28536330893857,0.0,0.0,0.0,269.654572142592,1.0,1.0,58.138539329775085,1.0,168.2208641057059,1.0,57.328518354893276,1.0,1
182,2026-01-02 15:29:53.069947,9.146132603006471,9.051694532552341,68.14673283117313,64.32097362896116,60.697239296852786,60.34676394678696,60.673390663818196,9.378390491341605,68.14673232978492,60.34676377635771,0.0,0.0,0.0,268.8719609500647,1.0,1.0,57.68459184366748,1.0,167.6886921723053,1.0,56.99985920443851,1.0,1
183,2026-01-02 15:29:59.169842,9.20791517632049,9.112743731997924,68.16151146803959,64.35569442910027,60.7555085497081,60.40781240426352,60.73183795095889,9.436837779824122,68.16151096823407,60.407812234821456,0.0,0.0,0.0,268.09302486556834,1.0,1.0,57.2358218488489,1.0,167.15936539640097,1.0,56.669696350581944,1.0,1
184,2026-01-02 15:30:05.325685,9.269217098764317,9.173439309740921,68.17622016820106,64.39023040636764,60.81335897117406,60.46850724070482,60.78986380802722,9.494863638219217,68.1762196699697,60.46850707225398,0.0,0.0,0.0,267.3177749277475,1.0,1.0,56.79208737717545,1.0,166.63288957261102,1.0,56.33818335070373,1.0,1
185,2026-01-02 15:30:11.499248,9.330043758114222,9.233779824466895,68.19085939833212,64.42458113623451,60.87079416501997,60.52884701512228,60.84747191333586,9.552471744840016,68.19085890166657,60.528846847666316,0.0,0.0,0.0,266.5461865396319,1.0,1.0,56.35323487126698,1.0,166.10920675475427,1.0,56.005450583711536,1.0,1
186,2026-01-02 15:30:17.656831,9.390400396261207,9.293763968811719,68.20542897159238,64.45874587861826,60.92781755501072,60.58883042048032,60.90466576351872,9.609665596320832,68.20542847648424,60.58883025402249,0.0,0.0,0.0,265.77826954900115,1.0,1.0,55.919136849524875,1.0,165.58833432668507,1.0,55.67162553120397,1.0,1
187,2026-01-02 15:30:23.966742,9.45029209905728,9.353390573265777,68.21992911712918,64.49272418796147,60.98443260192182,60.64845628758702,60.96144888894258,9.666448723028806,68.21992862357015,60.64845612213019,0.0,0.0,0.0,265.014011878208,1.0,1.0,55.48966583035053,1.0,165.0702317260766,1.0,55.33683857208871,1.0,1
188,2026-01-02 15:30:30.191684,9.509723819407531,9.4126586036015,68.23435980635074,64.52651552914242,61.04064265494191,60.70772358254246,61.01782470601016,9.722824541367057,68.23435931433258,60.70772341808915,0.0,0.0,0.0,264.25341503423783,1.0,1.0,55.06469143483628,1.0,164.55489315831073,1.0,55.00121139334624,1.0,1
189,2026-01-02 15:30:36.351639,9.568700375696038,9.471567168490168,68.24872144286996,64.56011967288399,61.09645097245112,60.76663141424682,61.07379653491413,9.77879637152861,68.24872095238452,60.76663125079922,0.0,0.0,0.0,263.496457743906,1.0,1.0,54.64409487331068,1.0,164.04227806106064,1.0,54.664854092720816,1.0,1
190,2026-01-02 15:30:42.541568,9.627226453149184,9.530115473700334,68.26301385174096,64.59353610189982,61.15186080409182,60.82517898879278,61.12936768847712,9.834367526336436,68.26301336278009,60.82517882635273,0.0,0.0,0.0,262.7431492280659,1.0,1.0,54.22776025341136,1.0,163.53239222894445,1.0,54.327879665265755,1.0,1
191,2026-01-02 15:30:48.611092,9.685306618566806,9.58830287130207,68.27723712368434,64.62676451181827,61.20687530665288,60.88336565844259,61.184541382069064,9.889541221160794,68.27723663623989,60.883365497011646,0.0,0.0,0.0,261.99348470512024,1.0,1.0,53.81558037470313,1.0,163.0252182781078,1.0,53.99038951679813,1.0,1
192,2026-01-02 15:30:54.895876,9.742945319640095,9.64612879695794,68.28345510936443,64.63953509239708,61.25170218001602,60.94118855202044,61.22967520682892,9.934675051317603,68.28345462335905,60.941188394851785,0.0,0.0,0.0,261.6657539771202,1.0,1.0,52.0105771119006,1.0,162.5439230917891,1.0,52.56486999996923,1.0,1
193,2026-01-02 15:31:01.109803,9.798650790124686,9.702427939398838,68.29722036923775,64.67174374301447,61.304631860569266,60.997486982793696,61.28275261099984,9.987752456643156,68.29721988469585,60.99748682663976,0.0,0.0,0.0,260.94022984896907,1.0,1.0,51.624412171236145,1.0,162.05446328854123,1.0,52.2254994979221,1.0,1
194,2026-01-02 15:31:07.232561,9.853942661163948,9.758363598979967,68.31091814479322,64.7037635371429,61.35718911821992,61.05342193506688,61.335455854772825,10.040455701560687,68.31091766170714,61.053421779927035,0.0,0.0,0.0,260.2182626097778,1.0,1.0,51.241619698316754,1.0,161.56757050111992,1.0,51.88633760212724,1.0,1
195,2026-01-02 15:31:13.322056,9.908824546430171,9.81393600026077,68.3245482646609,64.73559439177507,61.40937647214261,61.10899363352492,61.38778749666062,10.092787344583224,68.32454778302301,61.108993479398364,0.0,0.0,0.0,259.49986129192405,1.0,1.0,50.86210697925253,1.0,161.08322734567082,1.0,51.54744225876584,1.0,1
196,2026-01-02 15:31:19.580859,9.963299957307362,9.869145434602638,68.33811087861726,64.7672364341883,61.461196614343194,61.164202369670704,61.439750268652176,10.144750117699889,68.33811039841996,61.16420221655641,0.0,0.0,0.0,258.7850180011555,1.0,1.0,50.48581317055323,1.0,160.6014222329577,1.0,51.20889459249156,1.0,1
197,2026-01-02 15:31:25.564628,10.017372344265643,9.923992269979996,68.35160629199751,64.7986899123228,61.51265200488682,61.21904851158733,61.49134666540379,10.196346515567225,68.3516058132333,61.219048359484106,0.0,0.0,0.0,258.07371664419935,1.0,1.0,50.112662942183306,1.0,160.12212618988997,1.0,50.87074385755841,1.0,1
198,2026-01-02 15:31:31.806674,10.07104506628819,9.978476935535323,68.68390429365219,65.01050347091633,63.275750062115534,61.27361752049082,63.269385573889174,10.071045066288217,68.68390387187979,61.27361727091904,0.0,0.0,0.0,240.55932024664236,1.0,1.0,0.0,0.0,141.06128037724375,1.0,83.46898810827952,1.0,1
199,2026-01-02 15:31:38.058590,10.071045073161383,10.067875655665059,68.70082518773782,65.05883644437947,63.327478195075784,61.363013473597334,63.321113706774554,10.0710450731614,68.70082476743335,61.36301322669218,0.0,0.0,0.0,239.66747243250836,1.0,1.0,0.0,0.0,140.57033715175749,1.0,82.57713553632584,1.0,1
200,2026-01-02 15:31:44.378755,10.071045079099514,10.1563191642826,70.26754655666423,68.82353358896687,67.82150263834471,67.82314415774574,67.81513814353772,10.071045079099791,70.2675462818639,61.45131916428259,0.0,0.0,0.0,157.09045131512852,1.0,1.0,0.0,0.0,91.90664164862028,1.0,0.0,0.0,1
201,2026-01-02 15:31:50.657621,10.071045101638518,10.156319133251223,0.0,0.0,6.302936412794224e-11,5.235056164565322e-10,6.320695433714718e-11,10.07104510161966,0.0,61.451319133251154,0.0,0.0,0.0,0.0,0.0,0.0,0.0,0.0,-0.008266747073548686,1.0,0.0,0.0,1
202,2026-01-02 15:31:56.704815,10.071044881619313,10.156318885000234,60.91717121559136,60.92960059575234,60.94908396669074,61.45119451213999,60.95053423582879,9.655534471946961,60.917171241983134,61.451194745721494,0.0,0.0,0.0,0.0,0.0,0.0,-78.96944396065919,1.0,-8.826698406210198,1.0,-78.12105681921366,1.0,1
203,2026-01-02 15:32:02.816669,9.986465353792061,10.072648012301132,60.83294154660483,60.845438730337705,60.86477510999352,61.36752355852312,60.8662223686666,9.57122260470265,60.83294157296123,61.36752379218676,0.0,0.0,0.0,0.0,0.0,0.0,-78.94197747077669,1.0,-8.814868693320932,1.0,-78.14852910371428,1.0,1
204,2026-01-02 15:32:09.015723,9.901915244889022,9.988947720667621,60.505772375665344,60.52149758128727,60.557432628293704,61.283764397018665,60.55975288388579,9.26475318131408,60.50577240989681,61.28376468508305,0.0,0.0,0.0,0.0,0.0,0.0,-99.47454039320291,1.0,-11.448673288327882,1.0,-96.34279267402235,1.0,1
205,2026-01-02 15:32:15.356757,9.795373914471579,9.885760624064831,60.400551117831725,60.41650983363959,60.45190760788441,61.18057700188814,60.454216351174935,9.159216648349858,60.400551151954325,61.18057729020587,0.0,0.0,0.0,0.0,0.0,0.0,-99.38980279514453,1.0,-11.412262805379214,1.0,-96.42752447746261,1.0,1
206,2026-01-02 15:32:21.662962,9.688923343484294,9.782482772113108,60.29534698311271,60.31152784611801,60.3464169680756,61.07729886756497,60.34871485192925,9.053715148864699,60.295347017132386,61.07729915612218,0.0,0.0,0.0,0.0,0.0,0.0,-99.30970958350827,1.0,-11.37784277375431,1.0,-96.50761768909888,1.0,1
207,2026-01-02 15:32:27.960807,9.582558556855819,9.679119136695455,60.19015922216546,60.20655141077749,60.2409590359274,60.97393496504345,60.24324667649313,8.94824697320218,60.19015925608783,60.97393525382704,0.0,0.0,0.0,0.0,0.0,0.0,-99.2339913085516,1.0,-11.345297301090795,1.0,-96.58333016943743,1.0,1
208,2026-01-02 15:32:34.099271,9.476274866795372,9.575674411597692,60.08498710105237,60.10158026461821,60.13553206843696,60.87048998727298,60.13781004443248,8.84281034092751,60.08498713488273,60.870490276270594,0.0,0.0,0.0,0.0,0.0,0.0,-99.16241328824071,1.0,-11.314524981571594,1.0,-96.65490818974831,1.0,1
209,2026-01-02 15:32:40.348765,9.370067839624236,9.472153027561472,59.979830057359216,59.99661428573842,60.030134562030725,60.76696836419127,60.03240341763262,8.737403713925314,59.97983009110256,60.76696865339122,0.0,0.0,0.0,0.0,0.0,0.0,-99.09474084054182,1.0,-11.28542440937963,1.0,-96.72258063744721,1.0,1
210,2026-01-02 15:32:46.353482,9.263933295797225,9.368559163274377,59.87468733300038,59.8916531674984,59.924764975730845,60.66337427373194,59.92702522408707,8.632025520188437,59.87468736666147,60.66337456312319,0.0,0.0,0.0,0.0,0.0,0.0,-99.0307537699664,1.0,-11.25791156255218,1.0,-96.78656191340451,1.0,1
211,2026-01-02 15:32:52.546909,9.157867284839384,9.264896761571473,59.769558409046404,59.78669680273819,59.81942188108568,60.55971165811664,59.8216740035185,8.526674299438946,59.76955844262969,60.55971194768878,0.0,0.0,0.0,0.0,0.0,0.0,-98.97024347026218,1.0,-11.23188793258123,1.0,-96.8470606238725,1.0,1
212,2026-01-02 15:32:58.691727,9.051866075587608,9.161169572963027,59.66444250802055,59.68174484730031,59.714103886031374,60.45598426704208,59.71634833774796,8.421348633497367,59.664442541530235,60.45598455678531,0.0,0.0,0.0,0.0,0.0,0.0,-98.91303900019466,1.0,-11.207275292122176,1.0,-96.90427958048531,1.0,1
213,2026-01-02 15:33:04.840987,8.945926140918852,9.057381095717599,59.55933925907445,59.576797298715945,59.60880979761391,60.352195598303005,59.61104700580287,8.316047301390485,59.559339292514544,60.35219588820799,0.0,0.0,0.0,0.0,0.0,0.0,-98.85892885620251,1.0,-11.184001208448535,1.0,-96.95837813524122,1.0,1
214,2026-01-02 15:33:11.041413,8.840044157833553,8.953534679584571,59.454247924343896,59.4718538239924,59.503538307914454,60.24834900097162,59.505768676160876,8.210768971595495,59.45424795771819,60.24834929102958,0.0,0.0,0.0,0.0,0.0,0.0,-98.80775948090559,1.0,-11.161990351524764,1.0,-97.00954171592002,1.0,1
215,2026-01-02 15:33:17.170072,8.734216979550697,8.84963346476548,59.34916796757049,59.36691425319749,59.39828821234705,60.144447614693945,59.40051212007948,8.105512415369411,59.3491680008825,60.1444479048966,0.0,0.0,0.0,0.0,0.0,0.0,-98.75936862499657,1.0,-11.141164494006262,1.0,-97.0579354691381,1.0,1
216,2026-01-02 15:33:23.377910,8.62844162938248,8.745680419370261,59.384891673042084,59.40100520572115,59.42235612138934,60.040528506134905,59.42406760439065,8.129067865151058,59.38489170182135,60.04052876638044,0.0,0.0,0.0,0.0,0.0,0.0,-87.2110105211732,1.0,-9.625190988344912,1.0,-87.03881185454065,1.0,1
217,2026-01-02 15:33:29.636254,8.535035044399761,8.652458268110463,59.29155519615316,59.307683012786384,59.32900396755075,59.947306338463186,59.33071485242307,8.035715113168292,59.29155522492589,59.94730659872389,0.0,0.0,0.0,0.0,0.0,0.0,-87.20593153839218,1.0,-9.623003520005113,1.0,-87.04388504270355,1.0,1
218,2026-01-02 15:33:35.790966,8.441633902359188,8.559230680475675,59.19822032869842,59.214361467749576,59.235654180962676,59.854078735368596,59.23736449910861,7.942364759839516,59.19822035746496,59.85407899564361,0.0,0.0,0.0,0.0,0.0,0.0,-87.20114518382616,1.0,-9.620937738645807,1.0,-87.04867139726957,1.0,1
219,2026-01-02 15:33:42.118326,8.348237890242684,8.465997966638666,59.104886490150605,59.12104019077658,59.142306408745085,59.760846006987904,59.14401619520825,7.849016455925707,59.10488651891136,59.76084626727639,0.0,0.0,0.0,0.0,0.0,0.0,-87.19664566285701,1.0,-9.618999438885112,1.0,-87.05317671285684,1.0,1
220,2026-01-02 15:33:48.278144,8.25484669712143,8.372760430588595,59.011554016192605,59.02771951303598,59.04896070245374,59.66760845725183,59.05066998693962,7.755670247644378,59.01155404494788,59.66760871755298,0.0,0.0,0.0,0.0,0.0,0.0,-87.19239820777602,1.0,-9.617168339559612,1.0,-87.05741257870159,1.0,1
221,2026-01-02 15:33:54.510632,8.161460048101642,8.27951835689467,58.91822243239291,58.93439905383438,58.95561678370569,59.57436637068922,58.95732559764394,7.662325858336788,58.91822246114304,59.574366631002285,0.0,0.0,0.0,0.0,0.0,0.0,-87.1884173051285,1.0,-9.615447337978367,1.0,-87.06139927596723,1.0,1
222,2026-01-02 15:34:00.749951,8.068077668078745,8.18627201671498,58.82489197634857,58.84107905449603,58.8622746450582,59.48112001840942,58.863983015115465,7.568983275797085,58.82489200509385,59.481120278733684,0.0,0.0,0.0,0.0,0.0,0.0,-87.18465949527854,1.0,-9.613827742214198,1.0,-87.0651425992719,1.0,1
223,2026-01-02 15:34:06.923845,7.974699308473998,8.093021665011916,58.73156241539716,58.747759342531346,58.76893412021465,59.387869655301365,58.770642073029826,7.475642333700894,58.73156244413791,59.38786991563618,0.0,0.0,0.0,0.0,0.0,0.0,-87.18113057284427,1.0,-9.612309552267106,1.0,-87.06867152170616,1.0,1
224,2026-01-02 15:34:13.041299,7.881324728992034,7.999767532369602,58.63823374804604,58.654439944944535,58.67559515461886,59.294615511941444,58.677302715202785,7.382302975863917,58.63823377678251,59.294615772286186,0.0,0.0,0.0,0.0,0.0,0.0,-87.17780735935321,1.0,-9.610881178900854,1.0,-87.07199183788816,1.0,1
225,2026-01-02 15:34:19.176705,7.787953707913117,7.906509846788034,58.54490595030776,58.561120868749924,58.58225763876209,59.20135781626407,58.58396482982796,7.288965090479749,58.54490597904019,59.20135807661815,0.0,0.0,0.0,0.0,0.0,0.0,-87.17468116287819,1.0,-9.609528135570145,1.0,-87.07511513705413,1.0,1
226,2026-01-02 15:34:25.339034,7.6945860346011905,7.813248814500028,58.451578882119584,58.46780201666135,58.48892146499941,59.108096774465004,58.49062830896127,7.195628569604263,58.45157891084823,59.10809703482788,0.0,0.0,0.0,0.0,0.0,0.0,-87.17174039418296,1.0,-9.608262011511215,1.0,-87.07805590574935,1.0,1
227,2026-01-02 15:34:31.578708,7.60122150877659,7.719984629438207,58.358252576484986,58.37448344145377,58.39558658939768,59.014832580479705,58.39729310677639,7.102293367411126,58.35825260521008,59.01483284085084,0.0,0.0,0.0,0.0,0.0,0.0,-87.16897925864941,1.0,-9.607074114796887,1.0,-87.08081993859196,1.0,1
228,2026-01-02 15:34:37.878674,7.507859945748107,7.626717486461582,58.23967836377735,58.25622512033561,58.279061184752855,58.92155931047754,58.28085804721417,6.985858314289451,58.23967839334314,58.92155957646683,0.0,0.0,0.0,0.0,0.0,0.0,-89.3230126519029,1.0,-9.88824347246009,1.0,-88.95980309091556,1.0,1
229,2026-01-02 15:34:44.158644,7.41219131680354,7.531437869737724,58.144158467365315,58.16073488899242,58.18350780628844,58.82627965913938,58.18530339490142,6.890303661945209,58.14415849691753,58.826279925160144,0.0,0.0,0.0,0.0,0.0,0.0,-89.31248093347222,1.0,-9.883703389164111,1.0,-88.97032901472812,1.0,1
230,2026-01-02 15:34:50.197935,7.316533966913554,7.436146985980468,58.04864117249229,58.06524557252206,58.08795900397643,58.73098874273818,58.089753393557075,6.7947536605712155,58.04864120203173,58.73098900878859,0.0,0.0,0.0,0.0,0.0,0.0,-89.30256344456211,1.0,-9.879432755610651,1.0,-88.98024650363823,1.0,1
231,2026-01-02 15:34:56.287617,7.220887241793572,7.340845478165078,57.95312643218234,57.9697571965672,57.99241456132399,58.63568720419255,57.99420782138915,6.699208088375343,57.95312646170974,58.63568747027089,0.0,0.0,0.0,0.0,0.0,0.0,-89.2932167255367,1.0,-9.875405496018175,1.0,-88.98958453073647,1.0,1
232,2026-01-02 15:35:02.276904,7.125250529154133,7.24553397003629,57.85761382339076,57.8742694649891,57.896874070944676,58.54037566708274,57.89866626849321,6.603666535453107,57.85761385290683,58.5403759331874,0.0,0.0,0.0,0.0,0.0,0.0,-89.28442339254161,1.0,-9.871615815768564,1.0,-88.99838945296779,1.0,1
233,2026-01-02 15:35:08.343180,7.0296232365797255,7.15021303163988,57.762103496743684,57.77878257813424,57.80133743992403,58.44505470140318,57.8031286361661,6.50812890310122,57.76210352624907,58.44505496753262,0.0,0.0,0.0,0.0,0.0,0.0,-89.27613419132285,1.0,-9.868040536389344,1.0,-89.00667575687748,1.0,1
234,2026-01-02 15:35:14.489925,6.934004820383009,7.054883216177422,57.66659530244162,57.683296471206106,57.70580445645793,58.34972486025134,57.7075947095272,6.412594976438967,57.66659533193693,58.34972512640411,0.0,0.0,0.0,0.0,0.0,0.0,-89.26832594340794,1.0,-9.864673863262396,1.0,-89.01447821017427,1.0,1
235,2026-01-02 15:35:20.503424,6.838394769304997,6.959545042852925,57.571089079525876,57.5878110657087,57.610274874546604,58.25438666272103,57.61206423912731,6.317064506017069,57.571089109011716,58.2543869288958,0.0,0.0,0.0,0.0,0.0,0.0,-89.26096677839723,1.0,-9.861504207151484,1.0,-89.02183447787593,1.0,1
236,2026-01-02 15:35:26.683109,6.742792597897151,6.864198994906119,57.47558463155383,57.49232624784703,57.51474847949292,58.15904059196705,57.516537008097664,6.22153727496671,57.475584661030744,58.15904085816252,0.0,0.0,0.0,0.0,0.0,0.0,-89.2540364151273,1.0,-9.858519978820368,1.0,-89.0287619438368,1.0,1
237,2026-01-02 15:35:32.734548,6.647197847204917,6.768845527840394,57.38008195858369,57.396842072755106,57.41922510047607,58.0636871034034,57.42101284113519,6.126013107984715,57.38008198805219,58.06368736961839,0.0,0.0,0.0,0.0,0.0,0.0,-89.24750877781662,1.0,-9.855703794414694,1.0,-89.03528958114748,1.0,1
238,2026-01-02 15:35:38.942695,6.551610086273071,6.673485068002378,57.28458094067682,57.30135848699056,57.32370459141301,57.96832662333533,57.32549159019418,6.030491857025335,57.28458097013739,57.9683268895687,0.0,0.0,0.0,0.0,0.0,0.0,-89.24136358530177,1.0,-9.853052756625402,1.0,-89.04143477366233,1.0,1
239,2026-01-02 15:35:45.076048,6.456028912084524,6.578118028199394,57.1890814392535,57.20587541926075,57.22818674392613,57.87295956443185,57.22997304409304,5.934973310906869,57.18908146870661,57.872959830682554,0.0,0.0,0.0,0.0,0.0,0.0,-89.2355689671831,1.0,-9.850558173525314,1.0,-89.04723228909006,1.0,1
240,2026-01-02 15:35:51.241395,6.360453940551747,6.482744776176705,57.28480968581075,57.29944005077539,57.308409322512546,57.77763270349876,57.309511278736714,6.014511492612052,57.284809708234185,57.7776329242976,0.0,0.0,0.0,0.0,0.0,0.0,-71.53035378223649,1.0,-7.499490380382667,1.0,-73.84591215554792,1.0,1
241,2026-01-02 15:35:57.297704,6.283841985621246,6.403652759330784,57.20728529271516,57.22170587286451,57.23108381723374,57.69854090778615,57.23219339483935,5.937193608950222,57.207285315240455,57.69854112834945,0.0,0.0,0.0,0.0,0.0,0.0,-71.60912871825076,1.0,-7.533556940302333,1.0,-73.76713142491553,1.0,1
242,2026-01-02 15:36:03.403616,6.207145656645644,6.324645122021805,57.12973655605493,57.14396277552417,57.15372126426028,57.619533476549094,57.15483797246928,5.859838186799875,57.129736578675185,57.61953369689268,0.0,0.0,0.0,0.0,0.0,0.0,-71.68261316792268,1.0,-7.565317242210767,1.0,-73.69365276986173,1.0,1
243,2026-01-02 15:36:09.758801,6.130370622831015,6.245716186254879,57.05216628592533,57.06621189297454,57.07632486864392,57.54060473281227,57.077448234424935,5.782448448960359,57.052166308634135,57.54060495295103,0.0,0.0,0.0,0.0,0.0,0.0,-71.75112004063067,1.0,-7.594930638106234,1.0,-73.62514589715374,1.0,1
244,2026-01-02 15:36:15.962057,6.053522216913457,6.166860620389075,56.9745745920676,56.98845324355861,56.99889613222832,57.46174934590288,57.00002573478421,5.705025949510713,56.974574614858966,57.46174956585053,0.0,0.0,0.0,0.0,0.0,0.0,-71.81502598655243,1.0,-7.622547788059819,1.0,-73.5612312593048,1.0,1
245,2026-01-02 15:36:22.276514,5.976605371820924,6.088073512490183,67.47070519604901,62.7222502060531,57.798422454702504,57.383182219250834,57.76334217202682,6.468341913427379,67.47070461874254,57.38318200206098,0.0,0.0,0.0,304.5032795806579,1.0,1.0,86.48827677632198,1.0,193.0794629254251,1.0,72.63889030411974,1.0,1
246,2026-01-02 15:36:28.328619,6.06923787936497,6.165872754546146,67.48933204647324,62.765852047284234,57.88177413005287,57.46098108805904,57.8470947107014,6.55209445463407,67.489331471256,57.46098087127253,0.0,0.0,0.0,303.5215161022642,1.0,1.0,85.64141651675072,1.0,192.38073048882143,1.0,72.50399159431709,1.0,1
247,2026-01-02 15:36:34.264616,6.160963362650977,6.243527512949994,67.50789084435439,62.80936123067568,57.96448921882432,57.53863543430081,57.93020013442552,6.635199880836752,67.50789027121438,57.53863521796045,0.0,0.0,0.0,302.543339462217,1.0,1.0,84.81246452447522,1.0,191.68600213333775,1.0,72.35477728045225,1.0,1
248,2026-01-02 15:36:40.386520,6.2518010025723925,6.321022458086324,67.5263807133853,62.85277081671793,58.04657343085426,57.61612993088278,58.01266466419073,6.717664413029445,67.52638014231066,57.61612971502886,0.0,0.0,0.0,301.56879584795064,1.0,1.0,84.00059506641355,1.0,190.99523729664725,1.0,72.19208758215245,1.0,1
249,2026-01-02 15:36:46.417474,6.341769097589754,6.3983431597302305,67.5448014987117,62.89607465533628,58.12803268919379,57.69345014997054,58.09449469664191,6.799494447859268,67.5448009296907,57.69344993464095,0.0,0.0,0.0,300.59789342134985,1.0,1.0,83.20506063682842,1.0,190.3084012110412,1.0,72.01672505402712,1.0,1
250,2026-01-02 15:36:52.452023,6.430885140100844,6.475476035767155,67.56315240978502,62.939266580742206,58.208872914024354,57.77058251172459,58.1756965943972,6.88069634794651,67.56315184280601,57.77058229695505,0.0,0.0,0.0,299.6306738497795,1.0,1.0,82.4251427030731,1.0,189.6254591088109,1.0,71.8294198179592,1.0,1
251,2026-01-02 15:36:58.452976,6.51916586382565,6.552408307759077,67.58143321274814,62.98234108168033,58.28910005610686,57.8475142396922,58.25627671758501,6.961276473421526,67.5814326477996,57.84751402551639,0.0,0.0,0.0,298.6671494591195,1.0,1.0,81.66018937060926,1.0,188.94637042762952,1.0,71.63084694695954,1.0,1
252,2026-01-02 15:37:04.649078,6.6066272925912495,6.6291278888845735,67.66774644124425,63.204246665369546,58.47772523803918,57.92425855152168,58.44412753996678,7.149127267278769,67.66774587966293,57.92425831162878,0.0,0.0,0.0,294.1178470537296,1.0,1.0,91.20018208875535,1.0,187.8202037801202,1.0,80.23189712901058,1.0,1
253,2026-01-02 15:37:10.839765,6.704306443551501,6.715059555065473,67.68807017323991,63.25188844034858,58.56613220346728,58.010189433449405,58.532910671941714,7.237910401677336,67.68806961390891,58.01018919433573,0.0,0.0,0.0,293.0466462138898,1.0,1.0,90.3896019332251,1.0,187.06759298424913,1.0,79.97128417912336,1.0,1
254,2026-01-02 15:37:16.959681,6.801117423438843,6.800712097727009,67.70832035889595,63.299379416820464,58.65388472585017,58.09584116742807,58.62103154728606,7.32603127940726,67.70831980180368,58.09584092912013,0.0,0.0,0.0,291.9793217733637,1.0,1.0,89.59174675908343,1.0,186.31885299328133,1.0,79.70180836082363,1.0,1
255,2026-01-02 15:37:22.945781,6.897073875317452,6.8860760166843,67.7284967308817,63.34671549053763,58.74098854266907,58.18120425483664,58.7084961830571,7.413495917527038,67.72849617601666,58.181204017359654,0.0,0.0,0.0,290.9158878223216,1.0,1.0,88.80621673768019,1.0,185.57396062874432,1.0,79.42389847585218,1.0,1
256,2026-01-02 15:37:29.021088,6.99218898723611,6.971142282237004,67.7485993353408,63.393892930577394,58.82744946280357,58.266269667461174,58.795310659002645,7.5003103957857,67.74859878269164,58.266269430839074,0.0,0.0,0.0,289.85634192867457,1.0,1.0,88.03259755381987,1.0,184.83285794445692,1.0,79.13798042864073,1.0,1
257,2026-01-02 15:37:35.188686,7.08647552691805,7.05590231780121,67.76862765680308,63.44090786277476,58.91327294194675,58.35102883009001,58.88148068551516,7.586480424576864,67.76862710635847,58.3510285943456,0.0,0.0,0.0,288.8007112612582,1.0,1.0,87.27050386539759,1.0,184.09555073503725,1.0,78.84443956129417,1.0,1
258,2026-01-02 15:37:41.318259,7.179945830368497,7.140347961952219,67.7885815325389,63.48775678749374,58.9984646001179,58.43547358266062,58.96701212590694,7.672011867213948,67.78858098428758,58.435473347815496,0.0,0.0,0.0,287.74900439704527,1.0,1.0,86.51956481685374,1.0,183.3620042327766,1.0,78.54367280515362,1.0,1
259,2026-01-02 15:37:47.327343,7.272611844751234,7.224471467854161,67.80846080357372,63.53443637595558,59.083030081545324,58.519596179630405,59.05191085660453,7.756910600124531,67.80846025750463,58.51959594570513,0.0,0.0,0.0,286.70122971508835,1.0,1.0,85.77943273110122,1.0,182.63216049149378,1.0,78.23603363192433,1.0,1
260,2026-01-02 15:37:53.408849,7.364485154553868,7.308265481715065,67.82826518530128,63.58094338603389,59.1669746812692,58.603389268363514,59.13618238952979,7.841182135231467,67.82826464140332,58.60338903537763,0.0,0.0,0.0,285.6574022161037,1.0,1.0,85.0497744175982,1.0,181.90603110042503,1.0,77.92185233483906,1.0,1
261,2026-01-02 15:37:59.564830,7.455576967420971,7.391722996260336,67.84799452609903,63.6272747938362,59.25030393111516,58.686845842809234,59.219832466973195,7.924832214826171,67.84799398436124,58.686845610781255,0.0,0.0,0.0,284.6175298916426,1.0,1.0,84.33027406965721,1.0,181.18356390800727,1.0,77.60148238560305,1.0,1
262,2026-01-02 15:38:05.572035,7.54589816310915,7.4748373786472975,67.86764886856842,63.67342784101573,59.33302315629447,58.769959271204016,59.30286661126418,8.00786636123901,67.86764832897987,58.769959040151576,0.0,0.0,0.0,283.5816104963159,1.0,1.0,83.6206216752089,1.0,180.4647531196224,1.0,77.27521641243129,1.0,1
263,2026-01-02 15:38:11.673780,7.635459292292178,7.557602321146003,67.8872279014396,63.71939969514503,59.41513771149795,58.852723246832824,59.385290368303025,8.09029012037112,67.88722736398951,58.852723016772636,0.0,0.0,0.0,282.5496604361911,1.0,1.0,82.92053329796545,1.0,179.74955237832546,1.0,76.94335863277502,1.0,1
264,2026-01-02 15:38:17.852313,7.724270601417449,7.640011820773673,67.82064644539719,63.54185931384132,59.36720377395918,58.93510152781903,59.33917287730078,8.044172672274325,67.8206459085861,58.935101332048355,0.0,0.0,0.0,286.0589623520831,1.0,1.0,68.57085688125153,1.0,179.53583527287265,1.0,65.47527047644053,1.0,1
265,2026-01-02 15:38:23.827978,7.797712816902252,7.710138531904531,67.83713407582277,63.58124831276324,59.43565256838851,59.00522743856219,59.407857740904994,8.112857537530818,67.83713354079593,59.00522724373757,0.0,0.0,0.0,285.1899505208584,1.0,1.0,68.01825312436449,1.0,178.9390939097757,1.0,65.15886404599769,1.0,1
266,2026-01-02 15:38:30.019966,7.870563165113768,7.77992635691197,67.85355020410897,63.620459633376804,59.503607826892036,59.07501445758445,59.47604506787133,8.181044866127587,67.85354967085686,59.07501426371646,0.0,0.0,0.0,284.3247073454972,1.0,1.0,67.4729563809251,1.0,178.345539586644,1.0,64.8389200011934,1.0,1
267,2026-01-02 15:38:36.068441,7.942829484647227,7.849371510398119,67.86989481086735,63.65949160828567,59.571074765910424,59.14445880014494,59.54374018565029,8.248739985515824,67.86989427938056,59.14445860724352,0.0,0.0,0.0,283.46323384790486,1.0,1.0,66.93473776351766,1.0,177.75512594653264,1.0,64.51565274289806,1.0,1
268,2026-01-02 15:38:42.025533,8.014519345644299,7.9184704335179985,67.88616849596394,63.698343012760105,59.63805797681724,59.2135569080048,59.610947808412895,8.315947609867164,67.88616796623323,59.213556716079275,0.0,0.0,0.0,282.605498411003,1.0,1.0,66.40338576858085,1.0,177.16781242711477,1.0,64.1892650827458,1.0,1
269,2026-01-02 15:38:48.252666,8.085640106238262,7.9872197810820005,67.90237108956877,63.73701226986679,59.70456182374428,59.28230543661931,59.67767241919555,8.382672222218643,67.9023705615849,59.282305245678366,0.0,0.0,0.0,281.751509986004,1.0,1.0,65.87869468717145,1.0,176.58358164453603,1.0,63.8599743189161,1.0,1
270,2026-01-02 15:38:54.425061,8.15619890261009,8.055616441501627,67.91850247823642,63.77549793236116,59.770590545627236,59.350701274966525,59.74391836950181,8.448918174074407,67.9185019519902,59.3507010850183,0.0,0.0,0.0,280.9012745522635,1.0,1.0,65.36046460496436,1.0,176.0024278041783,1.0,63.52796008457062,1.0,1
271,2026-01-02 15:39:00.768260,8.226202653016463,8.123657506497732,67.93456290574113,63.8137988419477,59.83614844658059,59.418741515298876,59.80969007175868,8.514689877861995,67.93456238122349,59.41874132635093,0.0,0.0,0.0,280.0547792611965,1.0,1.0,64.84851878610698,1.0,175.42430454909663,1.0,63.193416499416344,1.0,1
272,2026-01-02 15:39:07.006503,8.29565808661529,8.191340259078558,67.95055239746841,63.85191379481378,59.90123959285477,59.486423441151956,59.87499169450626,8.57999150212207,67.95055187467037,59.48642325321135,0.0,0.0,0.0,279.2120227748105,1.0,1.0,64.34266311089232,1.0,174.84918870081856,1.0,62.856514504687766,1.0,1
273,2026-01-02 15:39:13.156897,8.364571729753763,8.258662174813342,67.96647098034828,63.88984166819439,59.965868050105215,59.55374452857518,59.939827402509295,8.64482721161989,67.96647045926085,59.553744341648475,0.0,0.0,0.0,278.37300367371313,1.0,1.0,63.842735330013056,1.0,174.27707446472596,1.0,62.51741634969221,1.0,1
274,2026-01-02 15:39:19.404707,8.432949925373217,8.325620904308854,67.98231868857171,63.9275814162887,60.030037869912405,59.62070242867496,60.00420134334072,8.709201153928886,67.98231816918603,59.62070224276818,0.0,0.0,0.0,277.5377201557976,1.0,1.0,63.348564502234694,1.0,173.7079270731101,1.0,62.17630166759136,1.0,1
275,2026-01-02 15:39:25.426648,8.5007988488481,8.392214284749553,67.99809566744344,63.96513213462449,60.09375289828816,59.687294979069684,60.06811745230304,8.77311726435201,67.99809514975072,59.68729479418844,0.0,0.0,0.0,276.70616456250707,1.0,1.0,62.85999996748615,1.0,173.14171755288044,1.0,61.83331532383818,1.0,1
276,2026-01-02 15:39:31.653662,8.568124496318807,8.45844031401614,68.01002134666437,63.992669350537795,60.15189302840527,59.753518974563065,60.12652634957955,8.83152616497698,68.01002083060818,59.75351879221524,0.0,0.0,0.0,276.07759902149945,1.0,1.0,61.74011178870842,1.0,172.5943868984814,1.0,60.9860146732899,1.0,1
277,2026-01-02 15:39:37.665804,8.634250698252718,8.523758843592379,68.02551677543136,64.02954992375446,60.21412116029707,59.818836680170264,60.18894653615507,8.893946352959516,68.02551626103458,59.818836498857415,0.0,0.0,0.0,275.2608830604539,1.0,1.0,61.269536645909284,1.0,172.03939575892946,1.0,60.639867365352984,1.0,1
278,2026-01-02 15:39:43.830801,8.699872896075272,8.588706638613646,68.04094198996003,64.06623908155527,60.27591126365589,59.88378365211494,60.250925988727644,8.955925806924103,68.04094147721413,59.88378347184099,0.0,0.0,0.0,274.4478678740027,1.0,1.0,60.80397964240092,1.0,171.48726136611003,1.0,60.29241047372125,1.0,1
279,2026-01-02 15:39:50.130784,8.764996459358867,8.653282294002526,68.05629724509917,64.10273629731171,60.337266884516346,59.948358485663015,60.31246832630357,9.017468145877462,68.05629673399567,59.9483583064315,0.0,0.0,0.0,273.6385400298582,1.0,1.0,60.343298810039414,1.0,170.93796633616876,1.0,59.94376858268424,1.0,1
280,2026-01-02 15:39:56.186486,8.82962661770718,8.717484538744488,68.0715821841017,64.13904075155087,60.39819146235969,60.01255991016777,60.37357706074464,9.078576881681764,68.07158167463214,60.01255973198183,0.0,0.0,0.0,272.83291833105335,1.0,1.0,59.88736666722616,1.0,170.39149328525127,1.0,59.5940749684587,1.0,1
281,2026-01-02 15:40:02.276037,8.893768460768737,8.781312249644898,68.08679717092497,64.17515209789143,60.45868835523698,60.076386802704455,60.434255615740234,9.139255438026732,68.08679666308097,60.07638662556695,0.0,0.0,0.0,272.03098359452315,1.0,1.0,59.436070218907844,1.0,169.84782482950322,1.0,59.24343103686169,1.0,1
282,2026-01-02 15:40:08.392418,8.957426940973743,8.844764409152132,68.10194230105714,64.21106988076465,60.518761035129444,60.139838146024665,60.49450753059669,9.199507354219051,68.10194179483037,60.13983796993806,0.0,0.0,0.0,271.2327307873845,1.0,1.0,58.98929357272209,1.0,169.30694358507026,1.0,58.89195847487372,1.0,1
283,2026-01-02 15:40:14.535635,9.020606904772135,8.907840122796319,68.11701767873879,64.24679370113198,60.578412742966314,60.202913045953345,60.55433610824114,9.2593359331862,68.117017174121,60.20291287091981,0.0,0.0,0.0,270.43815441543995,1.0,1.0,58.54691793899747,1.0,168.76882057886178,1.0,58.53975868831185,1.0,1
284,2026-01-02 15:40:20.603674,9.08331307060192,8.970538617765984,68.1320232267018,64.28232310757323,60.63764660743734,60.265610729933776,60.613744536903305,9.318744363158219,68.13202272368474,60.26561055595516,0.0,0.0,0.0,269.6472585512513,1.0,1.0,58.10883901460784,1.0,168.2334616054959,1.0,58.18694177492034,1.0,1
285,2026-01-02 15:40:26.854612,9.145550026722445,9.032859226595264,68.1469591492577,64.31765785321221,60.696465962087366,60.32793053076722,60.67273621027,9.377736037822247,68.14695864783317,60.327930357845084,0.0,0.0,0.0,268.86003242619296,1.0,1.0,57.67494959911801,1.0,167.70083769188204,1.0,57.833603345898155,1.0,1
286,2026-01-02 15:40:32.915856,9.207322275350357,9.0948013951405,68.1618254339807,64.3527976153061,60.75487379333596,60.389871894526,60.731314169008954,9.436313997846277,68.16182493414058,60.38987172266163,0.0,0.0,0.0,268.0764766951901,1.0,1.0,57.24515408132902,1.0,167.17093724878396,1.0,57.479836115135186,1.0,1
287,2026-01-02 15:40:39.125644,9.268634191156666,9.15636466073634,68.17662227497264,64.38774222702223,60.812873247665166,60.45143435882817,60.789481614311455,9.494481444421922,68.17662177670887,60.45143418802254,0.0,0.0,0.0,267.2965811277343,1.0,1.0,56.819353952732854,1.0,166.64373130311105,1.0,57.12574438575757,1.0,1
288,2026-01-02 15:40:45.251408,9.329490059239593,9.21754868610346,68.22449214560068,64.50703705691953,60.914204974075616,60.51262787847752,60.89036683822194,9.5953666526848,68.22449164929345,60.51262769546433,0.0,0.0,0.0,264.7735088085977,1.0,1.0,62.05267638733858,1.0,165.98936825744204,1.0,61.208545392901215,1.0,1
289,2026-01-02 15:40:51.388233,9.395951030808266,9.283105557253528,68.24042494718795,64.54416838307048,60.976632061647216,60.578183904203826,60.95298654246174,9.657986358376837,68.2404244525876,60.578183722249335,0.0,0.0,0.0,263.9337402835597,1.0,1.0,61.566977291249714,1.0,165.41849986424495,1.0,60.85446525275984,1.0,1
290,2026-01-02 15:40:57.451618,9.461891797432445,9.348283199485717,68.25628505714566,64.58110398255427,61.03860855024088,60.643360701843875,61.01515286399767,9.72015268134933,68.25628456424336,60.643360520952264,0.0,0.0,0.0,263.0978031087191,1.0,1.0,61.086522324558246,1.0,164.8505925209065,1.0,60.4989857123428,1.0,1
291,2026-01-02 15:41:03.500950,9.527317984147714,9.4130801022414,68.27207247726233,64.6178431425592,61.10013797120369,60.70815676124559,61.076869406818176,9.781869225591127,68.27207198604921,60.70815658142066,0.0,0.0,0.0,262.26569718981125,1.0,1.0,60.611172416429326,1.0,164.2856462274267,1.0,60.142237150557776,1.0,1
292,2026-01-02 15:41:09.843265,9.592235043210177,9.477494914642447,68.28778735582586,64.65438530057023,61.16122407584704,60.772570731815925,61.13813999695606,9.843139817135445,68.28778686629309,60.77257055306114,0.0,0.0,0.0,261.43741471104005,1.0,1.0,60.14079429064623,1.0,163.7236551891874,1.0,59.78432676783996,1.0,1
293,2026-01-02 15:41:15.951745,9.656648307451658,9.541526393703185,68.30342958671513,64.69072979301541,61.22187037423758,60.83660137093863,61.1989682151247,9.903968036696021,68.303429098854,60.836601193257025,0.0,0.0,0.0,260.61296126572137,1.0,1.0,59.675260465610336,1.0,163.16457884386182,1.0,59.42540232695137,1.0,1
294,2026-01-02 15:41:21.957109,9.720562968573752,9.605173445121274,68.31899945676615,64.72687624319529,61.282080316152296,60.90024758463618,61.2593575769751,9.964357399924234,68.31899897056799,60.90024740803048,0.0,0.0,0.0,259.79232173561917,1.0,1.0,59.21445215165022,1.0,162.60839980759556,1.0,59.06556813101815,1.0,1
295,2026-01-02 15:41:27.935273,9.783984083162872,9.668435105716162,68.33449691864978,64.76282413780821,61.341857387515674,60.963508409994766,61.31931163480926,10.024311459122417,68.33449643410596,60.96350823446731,0.0,0.0,0.0,258.9754986153041,1.0,1.0,58.75825635371257,1.0,162.0551064911524,1.0,58.704948764329856,1.0,1
296,2026-01-02 15:41:34.146625,9.846916592518442,9.731310519092467,68.3499219412779,64.79857301722807,61.40120490154921,61.02638299093203,61.37883376406003,10.083833589723778,68.34992145837981,61.0263828164849,0.0,0.0,0.0,258.1624935433357,1.0,1.0,58.306554282125944,1.0,161.50469309991422,1.0,58.34363694077638,1.0,1
297,2026-01-02 15:41:40.445005,9.909365310002258,9.793798959461514,68.36527483047621,64.83412266897504,61.46012616783763,61.08887060191552,61.437927333233965,10.14292716023519,68.3652743492154,61.088870428550415,0.0,0.0,0.0,257.3532904005899,1.0,1.0,57.859235839146095,1.0,160.95711327693607,1.0,57.98175145002915,1.0,1
298,2026-01-02 15:41:46.539033,9.971334934195562,9.855899807660165,68.38055535828535,64.8694726198682,61.51862441872589,61.15097062400719,61.49659563366405,10.20159546198994,68.38055487865324,61.15097045172558,0.0,0.0,0.0,256.54790120209884,1.0,1.0,57.416202516265,1.0,160.41239020069042,1.0,57.619382108669015,1.0,1
299,2026-01-02 15:41:52.694297,10.032830050532834,9.917612538750568,68.39576403090287,64.9046228553862,61.576702894143644,61.21268253255928,61.55484195969108,10.259841789329121,68.3957635528911,61.212682361362276,0.0,0.0,0.0,255.74629926775802,1.0,1.0,56.97735580497465,1.0,159.87047171961422,1.0,57.256636117131166,1.0,1
300,2026-01-02 15:41:58.749734,10.093855144453007,9.978936754781298,69.31955631047029,65.83271561323467,65.51532956999807,61.27426442820675,65.51370303205258,10.093855144453128,69.31955596166578,61.27426403396264,0.0,0.0,0.0,207.05607515331516,1.0,1.0,0.0,0.0,116.65725775969804,1.0,131.85447820092122,1.0,1
301,2026-01-02 15:42:04.930897,10.093855158945173,10.120158333065463,60.50575566342638,60.709460210214665,60.44912171266612,61.415042423350144,60.447495178635975,10.093855158945164,60.50575562745322,61.415042648202856,0.0,0.0,0.0,0.0,0.0,0.0,0.0,0.0,12.03118017201632,1.0,-75.20172531371827,1.0,1
302,2026-01-02 15:42:10.956855,10.093855155476517,10.039614188502537,0.0,0.0,3.607550183915009e-10,1.65745158824393e-09,3.608936253840511e-10,10.093855155457666,0.0,61.33461418850248,0.0,0.0,0.0,0.0,0.0,0.0,0.0,0.0,0.010578799702898323,1.0,0.0,0.0,1
303,2026-01-02 15:42:17.053929,10.093854935511905,10.039613971282925,61.240828520955496,61.24082846183481,61.2571903259037,61.3345889027758,61.2578693194473,9.962869446042536,61.24082853935512,61.33458900103335,0.0,0.0,0.0,0.0,0.0,0.0,-42.33962602427255,1.0,-6.153733781957271,1.0,-32.8621224679182,1.0,1
304,2026-01-02 15:42:23.263633,10.048507450320509,10.004417285573068,61.2004449796926,61.200524205452744,61.21551321762763,61.29939131245491,61.21614384979622,9.921143974489096,61.20044499729191,61.2993914126148,0.0,0.0,0.0,0.0,0.0,0.0,-41.703385646769675,1.0,-5.886068781819631,1.0,-33.49835705080295,1.0,1
305,2026-01-02 15:42:29.498764,10.003841409361586,9.968539169226558,61.15993314498924,61.16018629903448,61.17393574508662,61.26351241382568,61.174526478369835,9.879526601442087,61.159933161905165,61.263512515606195,0.0,0.0,0.0,0.0,0.0,0.0,-41.16136865718545,1.0,-5.6575116593649,1.0,-34.04037404038718,1.0,1
306,2026-01-02 15:42:35.746907,9.95975588496132,9.93208052307357,60.31767793798243,60.521382477292185,60.26104398662092,61.22696461335947,60.259417452684296,9.95975588496131,60.31767790200927,61.22696483821219,0.0,0.0,0.0,0.0,0.0,0.0,0.0,0.0,12.03118017201632,1.0,-75.20172531371827,1.0,1
307,2026-01-02 15:42:41.946880,9.959755881487647,9.851536378969847,61.07836738820795,61.07669107493023,61.10202481474557,61.14651602462394,61.102999127975266,9.807999265042561,61.07836741066104,61.146516112409444,0.0,0.0,0.0,0.0,0.0,0.0,-45.84199462101424,1.0,-7.509407869292772,1.0,-29.359756768485568,1.0,1
308,2026-01-02 15:42:48.191517,9.910657215723557,9.820090867671011,61.03889699992811,61.03806148190931,61.060125721111085,61.11506898867891,61.060995941502036,9.76599607507084,61.03889702110559,61.115069079962865,0.0,0.0,0.0,0.0,0.0,0.0,-44.67192794663788,1.0,-7.082782007614696,1.0,-30.529811853625688,1.0,1
309,2026-01-02 15:42:54.605970,9.862811741747812,9.787392185376207,60.9990282241311,60.998709332900525,61.01820095917212,61.082368987008664,61.01898796218617,9.723988092817093,60.999028244175214,61.0823690812305,0.0,0.0,0.0,0.0,0.0,0.0,-43.68935773072735,1.0,-6.703729960690907,1.0,-31.512382069536216,1.0,1
310,2026-01-02 15:43:00.590778,9.816018636539871,9.753641124143241,60.95891049221388,60.95885322624335,60.97634265344507,61.04861677828925,60.97706206192779,9.68206219006546,60.95891051125396,61.04861687500432,0.0,0.0,0.0,0.0,0.0,0.0,-42.85549190228721,1.0,-6.367931840713936,1.0,-32.346242103358236,1.0,1
311,2026-01-02 15:43:06.714217,9.770118643631292,9.718996968983792,60.91863761206849,60.91864581693223,60.934594308632946,61.01397162229824,60.935258171072256,9.64025829707917,60.9186376302207,61.013971721144095,0.0,0.0,0.0,0.0,0.0,0.0,-42.14286397143496,1.0,-6.070986635222653,1.0,-33.058878726137664,1.0,1
312,2026-01-02 15:43:12.856515,9.724981903883208,9.683589549023708,60.45994814371594,60.46534324138018,60.50888184234017,60.97846201112205,60.511005354838325,9.216005618294322,60.45994817695955,60.97846224789738,0.0,0.0,0.0,0.0,0.0,0.0,-88.11254590000317,1.0,-11.11828444436469,1.0,-79.18923092859131,1.0,1
313,2026-01-02 15:43:19.280901,9.630609740378214,9.598774624062004,60.36963869160421,60.37551722765453,60.41758778696357,60.89364623656604,60.41967427007324,9.124674532678098,60.36963872448494,60.89364647419246,0.0,0.0,0.0,0.0,0.0,0.0,-87.82788528492347,1.0,-10.99692196248725,1.0,-79.47387415981666,1.0,1
314,2026-01-02 15:43:25.623938,9.536542461902156,9.513654835605667,60.279348542892066,60.28569586233659,60.32638612473941,60.808525652613454,60.32843830888827,9.033438570698577,60.279348575433815,60.80852589103441,0.0,0.0,0.0,0.0,0.0,0.0,-87.56214699531029,1.0,-10.883550258995456,1.0,-79.73960665481172,1.0,1
315,2026-01-02 15:43:31.773908,9.44275979419258,9.428250432363203,60.189079622338475,60.19587995530758,60.23527272747161,60.72312050441688,60.23729311757126,8.942293378639581,60.189079654563436,60.72312074357986,0.0,0.0,0.0,0.0,0.0,0.0,-87.31398957706915,1.0,-10.77760146131368,1.0,-79.9877756622891,1.0,1
316,2026-01-02 15:43:37.840626,9.349242915546887,9.342580227514459,60.09883369429976,60.106070462371136,60.14424366921404,60.637449601854556,60.146234561909345,8.851234822284452,60.09883372622858,60.63744984171073,0.0,0.0,0.0,0.0,0.0,0.0,-87.08214690614113,1.0,-10.67855405381124,1.0,-80.21961543590805,1.0,1
317,2026-01-02 15:43:44.026152,9.255974352784662,9.256661711610306,60.00861163457377,60.01626779002483,60.053294909461464,60.55153043234889,60.05525841629094,8.760258676018188,60.00861166622567,60.55153067285291,0.0,0.0,0.0,0.0,0.0,0.0,-86.86547164813874,1.0,-10.585941569729584,1.0,-80.43628489929233,1.0,1
318,2026-01-02 15:43:50.058381,9.162937856312166,9.170511136662098,59.918414123527036,59.92647237206664,59.962422544246,60.46537924502471,59.96436060719004,8.669360866311642,59.9184141549199,60.46537948613435,0.0,0.0,0.0,0.0,0.0,0.0,-86.66291497718248,1.0,-10.499306234237338,1.0,-80.63883577563047,1.0,1
319,2026-01-02 15:43:56.295699,9.070118309301414,9.084143621391291,59.82824134227908,59.836684355599935,59.8716226308742,60.379011155908245,59.87353703821972,8.57853729677499,59.828241373429606,60.37901139758425,0.0,0.0,0.0,0.0,0.0,0.0,-86.47350339742843,1.0,-10.41825691061149,1.0,-80.8282560473117,1.0,1
320,2026-01-02 15:44:02.458433,8.977501625725958,8.997573235672498,59.73809353519535,59.74690407361705,59.780891693458614,60.29244023237095,59.782784095283525,8.487784353309037,59.73809356611907,60.2924404745767,0.0,0.0,0.0,0.0,0.0,0.0,-86.29632715383195,1.0,-10.34240246212903,1.0,-81.00542939359912,1.0,1
321,2026-01-02 15:44:08.530572,8.885074707874619,8.910813082754924,59.647970341147065,59.65713141729596,59.69022598463418,60.205679575384934,59.692097904033055,8.397098161562917,59.64797037185851,60.205679818086324,0.0,0.0,0.0,0.0,0.0,0.0,-86.13055761600208,1.0,-10.271406800939076,1.0,-81.17119313681087,1.0,1
322,2026-01-02 15:44:14.660307,8.792825330780863,8.823875391404492,59.55787151087891,59.5673664599041,59.599622125725084,60.118741411523935,59.60147496991608,8.306475226982116,59.557871541391606,60.118741654689146,0.0,0.0,0.0,0.0,0.0,0.0,-85.97542989434714,1.0,-10.204933839190744,1.0,-81.32631796115675,1.0,1
323,2026-01-02 15:44:20.799915,8.700742101872494,8.736771556414702,59.46779669361685,59.47760924358332,59.50907690209896,60.03163713356289,59.5109119724571,8.21591222908896,59.46779672394343,60.031637377162255,0.0,0.0,0.0,0.0,0.0,0.0,-85.83022255891137,1.0,-10.142690948669042,1.0,-81.4715195019744,1.0,1
324,2026-01-02 15:44:26.885158,8.608814402456398,8.649512208970915,59.72005888918161,59.725613389247926,59.73280478216545,59.944460192705925,59.73338743910552,8.438387585034791,59.720058905260075,59.94446033852041,0.0,0.0,0.0,0.0,0.0,0.0,-48.80587225329691,1.0,-5.37742299798083,1.0,-48.76748001095166,1.0,1
325,2026-01-02 15:44:33.057706,8.556541305723092,8.597280227321194,59.66780145761024,59.673359126433226,59.68054383404643,59.89222820739803,59.68112635712758,8.386126503051292,59.66780147368631,59.89222835321806,0.0,0.0,0.0,0.0,0.0,0.0,-48.80401218088082,1.0,-5.376623340680453,1.0,-48.76933718605869,1.0,1
326,2026-01-02 15:44:39.108380,8.50427019881649,8.545046259671691,59.615544537256035,59.621105064838595,59.62828372367958,59.83999423644644,59.628866125697606,8.333866271616287,59.61554455332994,59.83999438227147,0.0,0.0,0.0,0.0,0.0,0.0,-48.8023317416264,1.0,-5.375899013415619,1.0,-48.77101183069499,1.0,1
327,2026-01-02 15:44:45.294033,8.452000893140339,8.49281049941903,59.5632879943786,59.568851110964225,59.57602432183114,59.78775847320052,59.576606614799424,8.281606760713586,59.56328801045055,59.78775861903008,0.0,0.0,0.0,0.0,0.0,0.0,-48.80081934629743,1.0,-5.3752442215682095,1.0,-48.77252422602396,1.0,1
328,2026-01-02 15:44:51.343437,8.399733209750927,8.440573114259406,59.51103184718547,59.5165973015163,59.52376558024118,59.73552108534196,59.524347774512535,8.229347920422589,59.51103186325565,59.735521231175625,0.0,0.0,0.0,0.0,0.0,0.0,-48.799446021803305,1.0,-5.374653170520105,1.0,-48.773897550518086,1.0,1
329,2026-01-02 15:44:57.495470,8.347466991060747,8.388334264015857,59.45877604707911,59.46434361375053,59.47150744953792,59.68328223264787,59.472089554900954,8.177089700807318,59.45877606314771,59.68328237848524,0.0,0.0,0.0,0.0,0.0,0.0,-48.79821176814403,1.0,-5.374122962962247,1.0,-48.77513470148642,1.0,1
330,2026-01-02 15:45:03.682526,8.29520209730229,8.336094083543546,59.406520577107685,59.412090049546926,59.419249861873716,59.631042049985325,59.4198318867476,8.124832032650623,59.40652059317484,59.631042195826026,0.0,0.0,0.0,0.0,0.0,0.0,-48.797093406847125,1.0,-5.373642009658397,1.0,-48.776250165474266,1.0,1
331,2026-01-02 15:45:09.735959,8.242938400385215,8.283852714184066,59.35426537926289,59.359836575658775,59.366992757362695,59.578800678634266,59.367574709606146,8.07257485550615,59.35426539532875,59.57880082447798,0.0,0.0,0.0,0.0,0.0,0.0,-48.796085143294476,1.0,-5.373207413299497,1.0,-48.777258429026915,1.0,1
332,2026-01-02 15:45:16.036477,8.190675783416527,8.231610263776693,59.30201042782111,59.30758318295068,59.31473608427385,59.526558226424775,59.315317970898526,8.020318116795815,59.30201044388579,59.52655837227121,0.0,0.0,0.0,0.0,0.0,0.0,-48.795175388249845,1.0,-5.372813379267427,1.0,-48.778168184071546,1.0,1
333,2026-01-02 15:45:22.330384,8.138414140150621,8.17936683517787,59.249755713964674,59.25532987647476,59.2624798167301,59.47431479619453,59.26306164412883,7.968061790023668,59.24975573002829,59.474314942043435,0.0,0.0,0.0,0.0,0.0,0.0,-48.79435544978605,1.0,-5.372457010253129,1.0,-48.77899391715346,1.0,1
334,2026-01-02 15:45:28.388953,8.086153377547243,8.127122521057652,59.197501251976725,59.20307668024817,59.21022393441501,59.42207048062693,59.21080570811524,7.915805854007832,59.197501268039375,59.42207062647803,0.0,0.0,0.0,0.0,0.0,0.0,-48.793605046739685,1.0,-5.372132511638483,1.0,-48.77972983365453,1.0,1
335,2026-01-02 15:45:34.900650,8.033893414465554,8.074877421325084,59.14524697619647,59.15082354920757,59.15796837737439,59.369825379574486,59.15855010257701,7.863550248467589,59.14524699225826,59.369825525427586,0.0,0.0,0.0,0.0,0.0,0.0,-48.79293287103792,1.0,-5.371845678041609,1.0,-48.780396214738175,1.0,1
336,2026-01-02 15:45:41.006907,7.981634173217229,8.022631605195372,58.9741215009479,58.98122230798303,58.99656516826235,59.31755077186609,58.99757492171435,7.702575112163296,58.974121522771426,59.317550956919426,0.0,0.0,0.0,0.0,0.0,0.0,-63.69542454820021,1.0,-7.298851728023692,1.0,-61.890870368301876,1.0,1
337,2026-01-02 15:45:47.013063,7.913413750949236,7.956343934288127,58.90665894963094,58.91389592226598,58.928928664769586,59.251262928863405,58.929931823022514,7.634932013258612,58.906658971362965,59.2512631141296,0.0,0.0,0.0,0.0,0.0,0.0,-63.62423766461234,1.0,-7.268250349738992,1.0,-61.962060149198805,1.0,1
338,2026-01-02 15:45:53.276678,7.845269572256586,7.889980017599741,58.83921124263414,58.84657460212673,58.8613213977218,59.184898853668315,58.86231850439307,7.567318694433283,58.83921126428195,59.18489903913037,0.0,0.0,0.0,0.0,0.0,0.0,-63.558723712162646,1.0,-7.240085608373192,1.0,-62.02756540972132,1.0,1
339,2026-01-02 15:45:59.349031,7.777195565186473,7.82354594141647,58.77177798765157,58.77925820950959,58.79374145192428,59.11846463144796,58.79473299393327,7.4997331837931185,58.77177800922183,59.118464817090384,0.0,0.0,0.0,0.0,0.0,0.0,-63.49840173754728,1.0,-7.214148897674022,1.0,-62.08789028164574,1.0,1
340,2026-01-02 15:46:05.556622,7.709186158288792,7.757047254184033,58.70435701667125,58.711946001271535,58.72618611375901,59.05196580968355,58.72717255634119,7.432172746035094,58.70435703817015,59.051965995491926,0.0,0.0,0.0,0.0,0.0,0.0,-63.442903782515714,1.0,-7.190280865643217,1.0,-62.14339113398637,1.0,1
341,2026-01-02 15:46:11.670913,7.641236198545315,7.690489122030749,58.636948217337306,58.64463798431679,58.658653892420425,58.985407553584515,58.65963565028775,7.364635839828861,58.63694823877047,58.98540773954567,0.0,0.0,0.0,0.0,0.0,0.0,-63.391801045327156,1.0,-7.16829608450098,1.0,-62.19448807655681,1.0,1
342,2026-01-02 15:46:17.754383,7.573340969291772,7.623876262256178,58.56955079890441,58.57733390969467,58.59114307437868,58.91879457961231,58.59212052741756,7.2971207168179815,58.56955082027703,58.918794765714146,0.0,0.0,0.0,0.0,0.0,0.0,-63.34474584889449,1.0,-7.148046791485285,1.0,-62.241537478371356,1.0,1
343,2026-01-02 15:46:23.868165,7.505496137921023,7.557213012682042,58.50216386099585,58.51003340646584,58.52365197470245,58.85213122479793,58.52462547172382,7.229625660994697,58.50216388231273,58.852131411029326,0.0,0.0,0.0,0.0,0.0,0.0,-63.30141948922119,1.0,-7.129405504997521,1.0,-62.284869632662776,1.0,1
344,2026-01-02 15:46:29.976269,7.437697710911372,7.490503354221964,58.43478679454596,58.442736334724614,58.45617916264832,58.78542146936484,58.45714902277431,7.162149211925866,58.43478681581147,58.78542165571553,0.0,0.0,0.0,0.0,0.0,0.0,-63.26151485154696,1.0,-7.112227359584722,1.0,-62.324768475718884,1.0,1
345,2026-01-02 15:46:35.997725,7.369942024132752,7.4237509566836435,58.36741885960577,58.37544241601038,58.38872319473898,58.71866898248298,58.38968971041403,7.094689899455693,58.36741888082399,58.718669168943556,0.0,0.0,0.0,0.0,0.0,0.0,-63.224759588820234,1.0,-7.096408052120751,1.0,-62.361517943827494,1.0,1
346,2026-01-02 15:46:42.220818,7.302225699056073,7.356959203077954,58.300059395579254,58.30815141936072,58.3212828029502,58.6518771465185,58.32224624299927,7.027246431939729,58.300059416753896,58.65187733308031,0.0,0.0,0.0,0.0,0.0,0.0,-63.19091322438908,1.0,-7.081834587552294,1.0,-62.39537589749489,1.0,1
347,2026-01-02 15:46:48.408295,7.234545629517804,7.290131187531442,58.23270798422202,58.240863302231375,58.25385689319429,58.58504905509168,58.25481750314874,6.959817691995927,58.23270800535651,58.58504924174671,0.0,0.0,0.0,0.0,0.0,0.0,-63.159717897747214,1.0,-7.068405560062274,1.0,-62.426553840282395,1.0,1
348,2026-01-02 15:46:54.574755,7.166898969554745,7.223269777178304,58.143949279875805,58.15243478574137,58.16677985330515,58.5181823879065,58.16781492719033,6.87281512310913,58.14394930190168,58.51818258092678,0.0,0.0,0.0,0.0,0.0,0.0,-65.5248115640461,1.0,-7.366527073031648,1.0,-64.5554067205012,1.0,1
349,2026-01-02 15:47:00.639597,7.096719199343596,7.1541282817590695,58.07417106887497,58.082733000049885,58.096910430987926,58.4490408000239,58.09794203983731,6.8029422356457045,58.074171090853326,58.44904099315457,0.0,0.0,0.0,0.0,0.0,0.0,-65.48788825739393,1.0,-7.350635332841193,1.0,-64.59232423253525,1.0,1
350,2026-01-02 15:47:06.876600,7.026578972381611,7.0849472450527315,58.00440112694956,58.01303407383185,58.02705650137623,58.37985967786351,58.02808491888376,6.733085114590263,58.004401148884035,58.37985987109611,0.0,0.0,0.0,0.0,0.0,0.0,-65.45380721092897,1.0,-7.33596046245566,1.0,-64.62641397092739,1.0,1
351,2026-01-02 15:47:13.051742,6.9564752519245605,7.015729691920793,57.93463914346652,57.94333791629469,57.9572170751439,58.31064204582463,57.958242549528585,6.663242745140949,57.93463916536048,58.31064223915132,0.0,0.0,0.0,0.0,0.0,0.0,-65.42232505069023,1.0,-7.322409747985148,1.0,-64.65788454192989,1.0,1
352,2026-01-02 15:47:15.777186,6.886405246957838,6.9464784345572435,57.864884559333326,57.873644336119796,57.887391053382075,58.24139071554072,57.88841381271969,6.593414008245125,57.86488458118985,58.24139090895434,0.0,0.0,0.0,0.0,0.0,0.0,-65.3932505542798,1.0,-7.3098875782307005,1.0,-64.68695614103126,1.0,0
353,2026-01-02 15:47:18.512640,6.816366378880547,6.877196042373752,57.795136904070525,57.80395319734255,57.81757750333113,58.17210825597519,57.81859775805594,6.523597953501071,57.79513692589248,58.172108449469086,0.0,0.0,0.0,0.0,0.0,0.0,-65.36639539660882,1.0,-7.298327315083952,1.0,-64.71380550408412,1.0,0
354,2026-01-02 15:47:21.467634,6.746356276417001,6.807884890571051,57.725395573010964,57.73426422834149,57.74777540067136,58.102797041915075,57.74879334466174,6.453793540032725,57.72539559480098,58.10279723548314,0.0,0.0,0.0,0.0,0.0,0.0,-65.34159443106091,1.0,-7.287644936582183,1.0,-64.73860936694109,1.0,0
355,2026-01-02 15:47:24.521104,6.6763727376686015,6.738547175382621,57.65566018388323,57.664577336176094,57.67798393590403,58.033459269199454,57.678999747513345,6.3839999428158185,57.65566020564374,58.033459462836014,0.0,0.0,0.0,0.0,0.0,0.0,-65.31868251101969,1.0,-7.277776701926086,1.0,-64.76151838967326,1.0,0
356,2026-01-02 15:47:27.586563,6.6064137365053766,6.6691849226885145,57.58593030158606,57.594892364890875,57.6082022912262,57.96409696335167,57.609216134525845,6.314216329765044,57.5859303233193,57.964097157051505,0.0,0.0,0.0,0.0,0.0,0.0,-65.2975205656503,1.0,-7.268658870316358,1.0,-64.78268033504264,1.0,0
357,2026-01-02 15:47:30.238141,6.536477399314357,6.599800004478416,57.516205536351684,57.52520918317298,57.538429782759124,57.894711996017556,57.53944180982922,6.244442005009964,57.51620555805975,57.894712189775845,0.0,0.0,0.0,0.0,0.0,0.0,-65.2779695241179,1.0,-7.260239290189929,1.0,-64.80223137657504,1.0,0
358,2026-01-02 15:47:32.519925,6.466562003187634,6.530394144618546,57.446485516698296,57.455527660712825,57.46866569123488,57.825306090776344,57.46967604164505,6.174676236771801,57.44648553838313,57.825306284588635,0.0,0.0,0.0,0.0,0.0,0.0,-65.25991059675107,1.0,-7.2524658099837325,1.0,-64.82029320125093,1.0,0
359,2026-01-02 15:47:35.167928,6.396665952066294,6.460968943369948,57.37676996715987,57.385847738919914,57.39890943494084,57.75588084759491,57.399918237177715,6.104918432254556,57.37676998882319,57.75588104145709,0.0,0.0,0.0,0.0,0.0,0.0,-65.24321919926024,1.0,-7.245271791589403,1.0,-64.83697590681459,1.0,0
360,2026-01-02 15:47:38.104660,6.326787778519432,6.391525874518378,56.816705359110436,56.83235804532146,56.8790590565709,57.68631913147307,56.88183691493108,5.5868372373747155,56.81670539700186,57.686319438871514,0.0,0.0,0.0,0.0,0.0,0.0,-107.84089405490249,1.0,-12.672742906261192,1.0,-102.80904759497389,1.0,0
361,2026-01-02 15:47:40.725125,6.211285738860812,6.281413148597256,67.33170996057896,62.319783487198976,57.747862849031776,57.576460685252094,57.716991394247685,6.421991230606397,67.33170938612867,57.576460546367265,0.0,0.0,0.0,311.82928707776074,1.0,1.0,54.729635025978496,1.0,192.12422012856223,1.0,46.44986744551716,1.0,0
362,2026-01-02 15:47:43.672921,6.269903433063346,6.331162870248973,67.34379860960279,62.348500208185996,57.80179851803656,57.626210375899014,57.771204287628244,6.476204125843077,67.34379803650822,57.62621023706316,0.0,0.0,0.0,311.1921319042113,1.0,1.0,54.108857586925296,1.0,191.67080285001248,1.0,46.433486060095674,1.0,0
363,2026-01-02 15:47:46.796723,6.3278562474507725,6.380895045005134,67.35583203383581,62.37718313397751,57.85528009785513,57.675942482752916,57.82495198943008,6.529951829433985,67.35583146208674,57.67594234402441,0.0,0.0,0.0,310.5578874579989,1.0,1.0,53.51050531999135,1.0,191.22079860153463,1.0,46.39758550354145,1.0,0
364,2026-01-02 15:47:49.629776,6.385168203334965,6.430588772759641,67.36780995085273,62.405822917837575,57.90831453353677,57.72563610903902,57.878242313415456,6.5832421551464435,67.36780938043911,57.72563597047103,0.0,0.0,0.0,309.92656862488263,1.0,1.0,52.932883299376954,1.0,190.77416102618372,1.0,46.343901263981024,1.0,0
365,2026-01-02 15:47:52.242564,6.4418614987858955,6.480225000778687,67.37973154643855,62.434410722378075,57.96090888596706,57.77527220500968,57.931083095353465,6.636082938754123,67.37973097735055,57.77527206665081,0.0,0.0,0.0,309.29821831960936,1.0,1.0,52.37446464320783,1.0,190.3308089993061,1.0,46.27396022328867,1.0,0
366,2026-01-02 15:47:54.846863,6.497956707020939,6.529786315143455,67.3915965584506,62.46293873349341,58.013070275155485,57.82483335949108,57.98348214619438,6.688481991211311,67.39159599067852,57.82483322138581,0.0,0.0,0.0,308.67285035890563,1.0,1.0,51.83390500008045,1.0,189.89070195857494,1.0,46.189144397885684,1.0,0
367,2026-01-02 15:47:57.331523,6.553472949905475,6.579256795424062,67.40340481399322,62.49139983849263,58.064805814349235,57.87430365449512,58.035447199625175,6.740447046208656,67.40340424752762,57.874303516684186,0.0,0.0,0.0,308.050473855564,1.0,1.0,51.309973013644594,1.0,189.45375298471845,1.0,46.090702527976646,1.0,0
368,2026-01-02 15:47:59.988355,6.608428047753495,6.628621837248901,67.41515606664402,62.51978745768476,58.11612241547994,57.92366848787328,58.086985725237525,6.791985573341113,67.41515550147557,57.923668350394145,0.0,0.0,0.0,307.431101797745,1.0,1.0,50.801576398384896,1.0,189.0199215154098,1.0,45.97973269369504,1.0,0
369,2026-01-02 15:48:02.327848,6.6628386255033165,6.6778680253381895,67.42685013708714,62.54809556742919,58.167027000115624,57.9729144463788,58.13810515202785,6.843105001608121,67.42684957320671,57.972914309265896,0.0,0.0,0.0,306.8147436366309,1.0,1.0,50.307701096130586,1.0,188.5891438098497,1.0,45.85724895321164,1.0,0
370,2026-01-02 15:48:05.005303,6.716720245534042,6.7269830245640625,67.43848691942561,62.576318656108185,58.21752624506408,58.02202919676496,58.18881261561581,6.893812466632045,67.43848635682423,58.022029060049974,0.0,0.0,0.0,306.2014049537225,1.0,1.0,49.82744314645515,1.0,188.16136771647507,1.0,45.724166856189186,1.0,0
371,2026-01-02 15:48:07.634919,6.770087486016909,6.775955494239578,67.45006647466683,62.60445173883706,58.26762670544126,58.071001400009564,58.23911508926419,6.9441149416782,67.4500659133357,58.071001263721676,0.0,0.0,0.0,305.5910825335086,1.0,1.0,49.35995943242233,1.0,187.7365294944866,1.0,45.58132372494583,1.0,0
372,2026-01-02 15:48:10.070115,6.8229540334397765,6.824774966310796,67.29510884824938,62.142673795362846,58.16724391459019,58.1197850930404,58.142636668807725,6.847636617398726,67.29510828872216,58.119785032877246,0.0,0.0,0.0,313.7584181189939,1.0,1.0,17.193677886666592,1.0,187.13321703444308,1.0,20.121495610396778,1.0,0
373,2026-01-02 15:48:12.654686,6.841369169612242,6.846325915021985,67.2996840857425,62.15511579422584,58.185848088501515,58.14133576209389,58.161215979249334,6.866215927655992,67.29968352667979,58.1413357028361,0.0,0.0,0.0,313.51727154974367,1.0,1.0,17.25533262344925,1.0,186.97786332268151,1.0,19.818697840605637,1.0,0
374,2026-01-02 15:48:15.323774,6.8598503423833765,6.86755255552831,67.30423933072552,62.16739818303775,58.20445960916199,58.16256214492004,58.17981038625757,6.884810334537385,67.30423877212854,58.162562086506966,0.0,0.0,0.0,313.2771787236569,1.0,1.0,17.297755022696037,1.0,186.82209819303353,1.0,19.536181234229844,1.0,0
375,2026-01-02 15:48:18.095643,6.878376944991675,6.88847660443022,67.30877359837902,62.17953042912368,58.22306234740696,58.18348595613365,58.198403144800245,6.903403093006106,67.30877304024851,58.18348589850909,0.0,0.0,0.0,313.03819154750585,1.0,1.0,17.322489350135584,1.0,186.66608968942455,1.0,19.272465266340078,1.0,0
376,2026-01-02 15:48:20.764667,6.896930045633226,6.9091182055052185,67.31328599214318,62.191521326151886,58.24164186659694,58.20412733759329,58.21697919915827,6.921979147338458,67.31328543447947,58.20412728070553,0.0,0.0,0.0,312.8003572761775,1.0,1.0,17.331074076878394,1.0,186.50997108807132,1.0,19.026046233534544,1.0,0
377,2026-01-02 15:48:23.767979,6.915492332589078,6.929495886287115,67.31777582956288,62.20337904060023,58.26018551521546,58.22450481504493,58.23552529248936,6.940525240687665,67.3177752723658,58.22450475884661,0.0,0.0,0.0,312.5637118797631,1.0,1.0,17.325015803635324,1.0,186.35390463828116,1.0,18.795463892047337,1.0,0
378,2026-01-02 15:48:26.590849,6.9340481390570305,6.949626602949863,67.32224228760948,62.215110941487524,58.27868208721616,58.24463534299454,58.25402962817711,6.95902957643294,67.32224173087859,58.24463528744259,0.0,0.0,0.0,312.32829873754895,1.0,1.0,17.305774774172278,1.0,186.1979888485621,1.0,18.579284073894087,1.0,0
379,2026-01-02 15:48:29.586628,6.952583334782383,6.969525785087881,67.32668521528018,62.22672405601132,58.297121897869346,58.264534349483306,58.27248195647181,6.977481904820408,67.32668465901473,58.264534294538755,0.0,0.0,0.0,312.09412580842275,1.0,1.0,17.274750388764915,1.0,186.04232222742212,1.0,18.376139249198786,1.0,0
380,2026-01-02 15:48:32.900741,6.971085306343783,6.989207386485962,67.33110241997869,62.238223046401195,58.31549396498342,58.284215786899004,58.290871076625635,6.995871025100623,67.33110186417743,58.28421573252418,0.0,0.0,0.0,311.86130865732986,1.0,1.0,17.23247864958921,1.0,185.8870786134048,1.0,18.185594821602535,1.0,0
381,2026-01-02 15:48:35.960827,6.989541997601286,7.0086849063771055,67.33549694198173,62.24961695936942,58.33379592136655,58.30369315300559,58.30919339219946,7.014193340825424,67.33549638664358,58.30369309917236,0.0,0.0,0.0,311.62968704072085,1.0,1.0,17.181987244612174,1.0,185.73218847109274,1.0,18.004460853831006,1.0,0
382,2026-01-02 15:48:39.154497,7.0079446122291,7.027968428275108,67.3398669963335,62.2609088761345,58.35201932331168,58.32297653032082,58.327440423214426,7.03244037201566,67.33986644145698,58.322976477001,0.0,0.0,0.0,311.39935503807715,1.0,1.0,17.12336599041464,1.0,185.57779666593888,1.0,17.832751832429494,1.0,0
383,2026-01-02 15:48:41.800394,7.0262844460686855,7.047068035644367,56.95439357383479,56.9749135693639,57.06578461504033,58.341733797458815,57.07069120490421,5.775691632976494,56.954393625667464,58.34173419595066,0.0,0.0,0.0,0.0,0.0,0.0,-143.1682701633008,1.0,-17.335376580831507,1.0,-133.27512734122138,1.0,0
384,2026-01-02 15:48:44.530631,6.872945329747979,6.904324888316056,57.55859973266355,57.56922058134738,57.60687102114307,58.19917166139845,57.60901060995466,6.314010887072512,57.55859976566341,58.19917192285769,0.0,0.0,0.0,0.0,0.0,0.0,-92.68173846010086,1.0,-11.03676285936217,1.0,-87.44473064837166,1.0,0
385,2026-01-02 15:48:47.204355,6.773679372696717,6.810667978331252,57.46160228561331,57.47257714385706,57.509341213960454,58.10551425245661,57.511460693098144,6.216460969756253,57.46160231841614,58.105514514375564,0.0,0.0,0.0,0.0,0.0,0.0,-92.52797826832193,1.0,-10.970869359425706,1.0,-87.59848504553247,1.0,0
386,2026-01-02 15:48:49.832090,6.6745780926176925,6.71684638748197,57.364628912207785,57.37594149845618,57.41186969556096,58.01169219193472,57.41397035144612,6.118970627672075,57.36462894482537,58.01169245428582,0.0,0.0,0.0,0.0,0.0,0.0,-92.38344600589699,1.0,-10.908913302500878,1.0,-87.74301441064836,1.0,0
387,2026-01-02 15:48:52.737241,6.575631616037539,6.622870005610535,57.267678775704084,57.27931328443306,57.31445334687713,57.91771536789737,57.3165363778447,6.021536653664386,57.26767880814746,57.917715630654726,0.0,0.0,0.0,0.0,0.0,0.0,-92.24756800563227,1.0,-10.850648417317643,1.0,-87.87888661629495,1.0,0
388,2026-01-02 15:48:55.733161,6.476830671834072,6.528748096221273,57.1707512848195,57.1826923876764,57.21708928384038,57.82359304219666,57.21915580428879,5.924156079726485,57.17075131709901,57.82359330533605,0.0,0.0,0.0,0.0,0.0,0.0,-92.11981116266088,1.0,-10.795842919151255,1.0,-88.00665504850258,1.0,0
389,2026-01-02 15:48:58.458570,6.37816656156177,6.434489343494031,57.07384604983741,57.08607889244084,57.11977503320041,57.72933389750649,57.121826081420444,5.826826356498863,57.07384608196276,57.72933416100512,0.0,0.0,0.0,0.0,0.0,0.0,-91.99965106404306,1.0,-10.744288201749441,1.0,-88.12680355788416,1.0,0
390,2026-01-02 15:49:00.957601,6.279631149334253,6.340101905270674,56.9769621586157,56.98947243194142,57.02250782882256,57.63494609019704,57.024544372759216,5.729544647499698,56.97696219059602,57.63494635403357,0.0,0.0,0.0,0.0,0.0,0.0,-91.88662993494745,1.0,-10.695781453478048,1.0,-88.2398159950526,1.0,0
391,2026-01-02 15:49:03.711673,6.181216784038724,6.245593428631361,56.88009869381205,56.89287264182233,56.92528510504745,57.54043726598744,56.927308048894325,5.632308323316959,56.8800987256559,57.54043753014183,0.0,0.0,0.0,0.0,0.0,0.0,-91.78032476825138,1.0,-10.650137246557279,1.0,-88.34612405905773,1.0,0
392,2026-01-02 15:49:06.317117,6.082916276095005,6.150971090000343,56.783255111247165,56.79627949171788,56.82810463360482,57.445814600023226,56.83011482058466,5.535115094708246,56.78325514296258,57.44581486447669,0.0,0.0,0.0,0.0,0.0,0.0,-91.68030965952312,1.0,-10.607184639752631,1.0,-88.44614785971316,1.0,0
393,2026-01-02 15:49:08.838884,5.984722888928989,6.056241625472563,56.68643065777884,56.69969276416273,56.73096417687295,57.35108482722815,56.73296239462406,5.437962668466261,56.686430689373424,57.35108509196298,0.0,0.0,0.0,0.0,0.0,0.0,-91.58619926665779,1.0,-10.566770075683962,1.0,-88.54025245796038,1.0,0
394,2026-01-02 15:49:11.315669,5.886630297620846,5.961411368916524,67.34575401806626,62.378581262868714,57.55298440109617,57.256488442528976,57.51968415299562,6.224683941767718,67.34575343688779,57.256488262178976,0.0,0.0,0.0,311.0890683926114,1.0,1.0,70.64492454446736,1.0,194.37444997720377,1.0,60.31784594995315,1.0,0
395,2026-01-02 15:49:13.985510,5.9622939227129,6.026014264409194,67.36114920708702,62.41522493808796,57.62202060531483,57.32109110707394,57.58905029480905,6.294050085715,67.36114862762966,57.32109092701625,0.0,0.0,0.0,310.27763575749935,1.0,1.0,69.9312564796628,1.0,193.79882999714937,1.0,60.220082050364,1.0,0
396,2026-01-02 15:49:16.972982,6.037193179533774,6.090512450172587,67.40069527141596,62.518426953074965,57.72519090479116,57.3855970557027,57.69212001789343,6.397119799392432,67.4006946940057,57.3855968660305,0.0,0.0,0.0,308.1932854358857,1.0,1.0,73.07740092755921,1.0,193.11417848257406,1.0,63.43564602332208,1.0,0
397,2026-01-02 15:49:19.934823,6.1154620857832995,6.158454641089145,67.41677981354864,62.556791163102574,57.79673900956597,57.453538892486264,57.76399261701743,6.468992400621727,67.41677923792794,57.45353870324358,0.0,0.0,0.0,307.3455191376163,1.0,1.0,72.37328818803235,1.0,192.5156639663328,1.0,63.29199164554211,1.0,0
398,2026-01-02 15:49:22.646569,6.1929768539788155,6.2262429677457325,67.43279799620083,62.59505846278076,57.867735604288995,57.521326835620556,57.83530503204293,6.540304817705497,67.43279742235875,57.521326646844,0.0,0.0,0.0,306.50125044162104,1.0,1.0,71.68490204207956,1.0,191.9208058541244,1.0,63.13609613698645,1.0,0
399,2026-01-02 15:49:25.794580,6.269754333951012,6.293864326936086,67.44874995413628,62.633223317313735,57.93818708893004,57.5889477839509,57.906064102094184,6.611063889770227,67.44874938206199,57.58894759567478,0.0,0.0,0.0,305.6604722449208,1.0,1.0,71.01149788127259,1.0,191.3295693782402,1.0,62.968727284555825,1.0,0
400,2026-01-02 15:49:28.539798,6.3458105786028245,6.361306426997356,67.46463509234047,62.67128011792973,58.0080995580942,57.65638944776583,57.97627632971081,6.681276119357633,67.46463452202325,57.6563892600223,0.0,0.0,0.0,304.82321590888193,1.0,1.0,70.35237165951003,1.0,190.74191977097144,1.0,62.790603620896945,1.0,0
401,2026-01-02 15:49:31.294813,6.42116086627693,6.42855774693563,67.4804532391209,62.70922382223924,58.07747932315706,57.723640307893234,58.04594840778187,6.750948199358771,67.48045267055016,57.723640120712474,0.0,0.0,0.0,303.9894904828857,1.0,1.0,69.70685989301728,1.0,190.1578164699913,1.0,62.60238283516628,1.0,0
402,2026-01-02 15:49:34.221904,6.495819786514599,6.49560748165859,67.4962044099634,62.74704979630817,58.14633244501017,57.7906895609423,58.115086748103415,6.820086541571512,67.49620384312867,57.790689374352596,0.0,0.0,0.0,303.1592951507224,1.0,1.0,69.07435124958283,1.0,189.57720732373673,1.0,62.40470523266595,1.0,0
403,2026-01-02 15:49:37.006725,6.569801261717212,6.562445491614438,67.51188803711537,62.78475335453388,58.214665066333296,57.857527068943654,58.18369782615009,6.888697621472217,67.51188747200634,57.85752688297159,0.0,0.0,0.0,302.3326598368663,1.0,1.0,68.45427206201293,1.0,189.00005176988088,1.0,62.19813578866251,1.0,0
404,2026-01-02 15:49:39.761651,6.643118610781591,6.629062253266015,67.5275043054296,62.82233049967777,58.282483111574514,57.9241433099052,58.251787871505066,6.956787668645648,67.52750374203602,57.9241431245757,0.0,0.0,0.0,301.5095747983051,1.0,1.0,67.84609212274972,1.0,188.42632083533317,1.0,61.98323078649537,1.0,0
405,2026-01-02 15:49:42.597725,6.715784569439219,6.695448845806352,67.54305332933093,62.859777448446394,58.34979254943101,57.99052936436212,58.31936314079013,7.024362939715106,67.54305276764276,57.99052917969865,0.0,0.0,0.0,300.69003400405677,1.0,1.0,67.24930440270782,1.0,187.85594498467617,1.0,61.760479871395546,1.0,0
406,2026-01-02 15:49:45.416682,6.787811344033826,6.761596864884816,67.55853476551026,62.89709037441194,58.41659908669237,58.05667682929775,58.386429610409515,7.091429411086247,67.55853420551747,58.05667664532231,0.0,0.0,0.0,299.8740555488805,1.0,1.0,66.66343084589244,1.0,187.28892421790988,1.0,61.53036979128501,1.0,0
407,2026-01-02 15:49:48.222821,6.859210622247936,6.827498422391366,67.57394850432692,62.93426580186875,58.48290850363481,58.12257781788309,58.45299331562394,7.157993118021113,67.5739479460197,58.12257763461633,0.0,0.0,0.0,299.06164521159525,1.0,1.0,66.0880339586356,1.0,186.725194794235,1.0,61.29335252637702,1.0,0
408,2026-01-02 15:49:50.969884,6.929993626910284,6.8931461267996275,67.54074258586853,62.83852348190722,58.4838329299217,58.18820983771173,58.45509302283938,7.160092851230165,67.54074202869404,58.18820967500114,0.0,0.0,0.0,300.8118261206883,1.0,1.0,57.39449877410152,1.0,186.34634845625442,1.0,54.41836552449786,1.0,0
409,2026-01-02 15:49:53.186590,6.991465501343385,6.951430437232706,67.55428805618652,62.871599226030995,58.541585065212615,58.24649363167842,58.51305050796743,7.218050337778528,67.55428750048216,58.2464934696822,0.0,0.0,0.0,300.0978864178921,1.0,1.0,56.91947626189631,1.0,185.85466931426708,1.0,54.179444727537884,1.0,0
410,2026-01-02 15:49:56.095907,7.052428603256557,7.00945885051759,67.56777035458417,62.90453408967636,58.598916318475105,58.3045215203008,58.57058297134236,7.275582802549694,67.56776980034128,58.30452135903305,0.0,0.0,0.0,299.38727631096833,1.0,1.0,56.452508268876045,1.0,185.36587589210285,1.0,53.93581000873837,1.0,0
411,2026-01-02 15:49:59.106551,7.112891565727507,7.067226321149389,57.70860916678679,57.71568120726294,57.76929738680917,58.36206594536214,57.77193477583769,6.476935072961967,57.70860920412862,58.36206621334413,0.0,0.0,0.0,0.0,0.0,0.0,-99.3728622290746,1.0,-12.488931824918836,1.0,-89.62625950459824,1.0,0
412,2026-01-02 15:50:02.109952,7.006459140520124,6.97123290541822,57.60659773821399,57.61420842073057,57.666217445313684,58.26607160168953,57.668814606012496,6.373814902300092,57.60659777519908,58.2660718705082,0.0,0.0,0.0,0.0,0.0,0.0,-99.09303722281493,1.0,-12.369617740546346,1.0,-89.90608451085791,1.0,0
413,2026-01-02 15:50:05.051661,6.9003264192418285,6.874939785457057,57.504608769147694,57.51274106382569,57.563229999085294,58.16977760698602,57.56578958082488,6.2707898763257,57.50460880579703,58.169777876591446,0.0,0.0,0.0,0.0,0.0,0.0,-98.82990071673703,1.0,-12.257326733333684,1.0,-90.16921811962675,1.0,0
414,2026-01-02 15:50:07.626660,6.794475522504471,6.778364838533147,57.402642031010906,57.411279683575515,57.46033069716391,58.07320183539997,57.46285516556605,6.167855460326908,57.402642067344274,58.073202105745345,0.0,0.0,0.0,0.0,0.0,0.0,-98.58242126881578,1.0,-12.151650282703486,1.0,-90.41669177292988,1.0,0
415,2026-01-02 15:50:10.543674,6.6888896925601244,6.681524839252454,57.30069854923194,57.30982469084469,57.35751568940033,57.9763610585075,57.36000732743614,6.065007621500868,57.300698585267874,57.976361329549036,0.0,0.0,0.0,0.0,0.0,0.0,-98.3495993074257,1.0,-12.052176970769324,1.0,-90.64951952893807,1.0,0
416,2026-01-02 15:50:13.500094,6.583553224231011,6.584435474396242,57.19877941271936,57.20837675080383,57.25478152874096,57.87927096032064,57.25724245234746,5.962242745757078,57.198779448475264,57.879271232017274,0.0,0.0,0.0,0.0,0.0,0.0,-98.13049900174065,1.0,-11.958518558117248,1.0,-90.86861693731407,1.0,0
417,2026-01-02 15:50:16.615963,6.4784514217184785,6.4871114425748635,57.09688490897386,57.10693596803456,57.15212450001532,57.78194623684731,57.154556673659634,5.859556966452623,57.096884944466034,57.78194650916059,0.0,0.0,0.0,0.0,0.0,0.0,-97.92426854289715,1.0,-11.870315778423901,1.0,-91.07485319077568,1.0,0
418,2026-01-02 15:50:19.529065,6.373570496273333,6.389566521561487,56.995015635604354,57.005502859807265,57.0495413286926,57.68440066346463,57.051946575805005,5.75694686801742,56.99501567084811,57.68440093635844,0.0,0.0,0.0,0.0,0.0,0.0,-97.73009668435861,1.0,-11.787235441147459,1.0,-91.26901346007799,1.0,0
419,2026-01-02 15:50:23.003426,6.268897535721678,6.291813646343583,56.89317159080428,56.90407751308457,56.94702859077268,57.586647172823895,56.94940860670824,5.654408898373925,56.893171625814,57.58664744626443,0.0,0.0,0.0,0.0,0.0,0.0,-97.5472446123149,1.0,-11.708958842291395,1.0,-91.45186263481264,1.0,0
420,2026-01-02 15:50:25.993950,6.164420421628166,6.193864938877795,57.141454515741266,57.14791294653382,57.1658486572029,57.48878250187008,57.16693773499227,5.871937930334298,57.14145453856922,57.488782688898894,0.0,0.0,0.0,0.0,0.0,0.0,-65.33191162418461,1.0,-7.6347831242173925,1.0,-62.5515669315746,1.0,0
421,2026-01-02 15:50:29.031155,6.094447252471879,6.126869633204628,57.07266694494274,57.07932452438829,57.09678593017649,57.4217869311345,57.09786459522718,5.802864790244407,57.07266696763129,57.42178711848812,0.0,0.0,0.0,0.0,0.0,0.0,-65.22328281562295,1.0,-7.5881596268345675,1.0,-62.66019863744532,1.0,0
422,2026-01-02 15:50:31.648493,6.024590430259471,6.0597579786860685,57.003899262898884,57.01074270233768,57.02776610941045,57.35467503226597,57.02883522889165,5.733835423609864,57.00389928545906,57.354675219918605,0.0,0.0,0.0,0.0,0.0,0.0,-65.12327639882187,1.0,-7.545224403884276,1.0,-62.76020215693734,1.0,0
423,2026-01-02 15:50:34.663654,5.95484071925592,5.992539218877119,56.9351505070071,56.942167221429976,56.95878614873268,57.28745604713201,56.95984651240809,5.664846706850964,56.93515052944901,57.28745623505999,0.0,0.0,0.0,0.0,0.0,0.0,-65.03118832767996,1.0,-7.50567034060623,1.0,-62.852290228079255,1.0,0
424,2026-01-02 15:50:37.186553,5.8851896401335635,5.9252218214685595,67.49637752576268,62.77871479028222,57.784535433664296,57.22035696302479,57.74897562984867,6.453975350104149,67.49637694718251,57.22035671872248,0.0,0.0,0.0,303.15017075419723,1.0,1.0,93.56022574536382,1.0,193.5054542764192,1.0,81.70661874828511,1.0,0
425,2026-01-02 15:50:40.768212,5.985396494604893,6.012732981609619,67.51675820624116,62.82707745355165,57.87507829269034,57.30786736595254,57.839912191072905,6.544911913799564,67.51675762992171,57.30786712239091,0.0,0.0,0.0,302.0759683365645,1.0,1.0,92.73374226040687,1.0,192.7493609150588,1.0,81.45889882371193,1.0,0
426,2026-01-02 15:50:44.183669,6.0847181514192945,6.099978819234436,67.53706690366043,62.87529593865982,57.96496034538722,57.39511241979345,57.930179707380645,6.635179432539113,67.5370663295902,57.39511217700052,0.0,0.0,0.0,301.0055599225872,1.0,1.0,91.9204270451246,1.0,191.99710938551107,1.0,81.20180900164087,1.0,0
427,2026-01-02 15:50:47.713495,6.18316871551615,6.186949298988016,67.55730338467593,62.923365936964316,58.05418707754877,57.48208209083554,58.01978396569655,6.7247836932488445,67.55730281284353,57.48208184883794,0.0,0.0,0.0,299.9389578111323,1.0,1.0,91.11981363275845,1.0,191.24867071468543,1.0,80.93580995421235,1.0,0
428,2026-01-02 15:50:50.731442,6.280761792953796,6.273634883343784,67.57746725587687,62.97128324933406,58.14276428087707,57.568766843142335,58.10873104881092,6.813730778720258,67.57746668627101,57.56876660196535,0.0,0.0,0.0,298.8761827376613,1.0,1.0,90.33150219465824,1.0,190.50401013487317,1.0,80.66135655894868,1.0,0
429,2026-01-02 15:50:53.592656,6.377510551646495,6.360026516702818,67.59755825111151,63.01904394728035,58.230697482368136,57.65515762255036,58.1970267550359,6.902026487266762,67.5975576837209,57.65515738221807,0.0,0.0,0.0,297.81724873020863,1.0,1.0,89.55507262101037,1.0,189.76312185145616,1.0,80.37885154180913,1.0,0
430,2026-01-02 15:50:56.254720,6.4734277194015135,6.446115573522395,67.61757596489176,63.066644196239636,58.31799224249336,57.74124580497537,58.28467690405764,6.9896766385756575,67.61757539970523,57.741245565510624,0.0,0.0,0.0,296.76217716079134,1.0,1.0,88.79013667240088,1.0,189.02596530210758,1.0,80.08870052606198,1.0,0
431,2026-01-02 15:50:58.825056,6.56852561294578,6.531893869302471,67.63752062440963,63.11408070996235,58.4046541213988,57.82702320724687,58.371687299396655,7.0766870361685115,67.63752006141615,57.82702296867141,0.0,0.0,0.0,295.7109560548238,1.0,1.0,88.03634087712453,1.0,188.2925057191187,1.0,79.79128016188497,1.0,0
432,2026-01-02 15:51:01.870771,6.662816161779882,6.617353617848414,67.39325445421699,62.439835319592504,58.12422622522609,57.91239662389809,58.096622710247566,6.801622579625402,67.39325389003396,57.912396492334764,0.0,0.0,0.0,308.5854678182536,1.0,1.0,43.686428551268364,1.0,188.6903468152923,1.0,44.00119800209268,1.0,0
433,2026-01-02 15:51:04.601786,6.70960613000332,6.664480714783931,67.40384941478055,62.46670437018785,58.16914741703555,57.959523249493735,58.14167001269483,6.846669882960725,67.40384885172665,57.95952311871205,0.0,0.0,0.0,308.02704032785886,1.0,1.0,43.389419604977775,1.0,188.3127115524985,1.0,43.739779600286965,1.0,0
434,2026-01-02 15:51:07.403406,6.7560779890341385,6.711327820091964,67.41439164105978,62.493424373322696,58.213778088136976,58.00636988588327,58.186425362459836,6.891425233605535,67.41439107912909,58.00636975588317,0.0,0.0,0.0,307.47139229793567,1.0,1.0,43.09516889691167,1.0,187.93705804910132,1.0,43.47837858233561,1.0,0
435,2026-01-02 15:51:09.866693,6.802234689370766,6.757894952505204,67.42488147796853,62.51999546594221,58.25812043625856,58.05293655193483,58.2308909980113,6.9358908700288096,67.42488091715518,58.052936422716044,0.0,0.0,0.0,306.9185055491416,1.0,1.0,42.80359240510734,1.0,187.56336312662825,1.0,43.21707027827415,1.0,0
436,2026-01-02 15:51:12.818657,6.84807909951001,6.804182211266214,67.43531874750404,62.54641753074921,58.3021765750524,58.09922334700948,58.275069073450766,6.980068946332311,67.43531818780217,58.09922321857154,0.0,0.0,0.0,306.36838946345085,1.0,1.0,42.514617696838286,1.0,187.1916325796974,1.0,42.95591553159284,1.0,0
437,2026-01-02 15:51:15.152853,6.893614003249722,6.850189767537869,67.4457041711246,62.57269098066465,58.345948609525294,58.14523044239453,58.318961728964446,7.023961602702483,67.44570361252843,58.145230314736736,0.0,0.0,0.0,305.82100601503583,1.0,1.0,42.228163647450856,1.0,186.82182584598195,1.0,42.69499836425439,1.0,0
438,2026-01-02 15:51:18.007944,6.9388421106167435,6.895917869481433,67.4560372413661,62.5988155818748,58.3894385265053,58.19095808634633,58.36257098890494,7.067570863492104,67.45603668386988,58.190957959467816,0.0,0.0,0.0,305.2763819507549,1.0,1.0,41.94417520807292,1.0,186.45395451471813,1.0,42.434368030512815,1.0,0
439,2026-01-02 15:51:20.908543,6.983766047883736,6.941366825938566,67.4663183217158,62.624791610019,58.43264832621731,58.236406587795756,58.40589888649924,7.110898761928413,67.46631776531375,58.23640646169551,0.0,0.0,0.0,304.7344981123236,1.0,1.0,41.6625654594327,1.0,186.08800699666972,1.0,42.17407957924024,1.0,0
440,2026-01-02 15:51:23.422988,7.02838837285742,6.986537004098014,67.47654778718434,62.650619372912274,58.475579992190404,58.28157631402993,58.44894743719306,7.153947313457268,67.4765472318708,58.281576188706715,0.0,0.0,0.0,304.1953347340938,1.0,1.0,41.3832909418943,1.0,185.72396011336423,1.0,41.914199648545036,1.0,0
441,2026-01-02 15:51:25.938816,7.072711582646842,7.031428836349351,57.44258237116488,57.453043596972066,57.521582340223794,58.32621305091357,57.52502723311954,6.230027579011813,57.44258241422045,58.32621336550503,0.0,0.0,0.0,0.0,0.0,0.0,-115.68326357860315,1.0,-14.399886782712201,1.0,-105.21474125312125,1.0,0
442,2026-01-02 15:51:28.824801,6.9488100365335495,6.918739512326009,57.32339254029909,57.334454337380805,57.401258697769656,58.21352273021753,57.40466091141267,6.109661256520674,57.323392583019896,58.21352304559324,0.0,0.0,0.0,0.0,0.0,0.0,-115.4209643948434,1.0,-14.287923171423245,1.0,-105.47703753957194,1.0,0
443,2026-01-02 15:51:31.420115,6.825189426570373,6.805769255115854,57.20422556879663,57.215871217326665,57.28102335522423,58.100551526237716,57.284385336282014,5.98938568064654,57.20422561119993,58.10055184235692,0.0,0.0,0.0,0.0,0.0,0.0,-115.17230863944405,1.0,-14.181733897089543,1.0,-105.72569329497128,1.0,0
444,2026-01-02 15:51:33.951724,6.70183514059421,6.692532680684536,57.69145466438707,57.69516507992232,57.71724585428871,57.98746055847228,57.7183731303394,6.423373320568177,57.6914546879119,57.987460732464015,0.0,0.0,0.0,0.0,0.0,0.0,-63.6217894384572,1.0,-7.867854254186568,1.0,-58.191331198145235,1.0,0
445,2026-01-02 15:51:36.328336,6.63369358726837,6.630207372733977,57.62573915701155,57.62977214905818,57.65094926693532,57.92513473318753,57.65205465713914,6.357054846694408,57.625739180248694,57.92513490785275,0.0,0.0,0.0,0.0,0.0,0.0,-63.39653524833011,1.0,-7.77163462032604,1.0,-58.416579593654205,1.0,0
446,2026-01-02 15:51:39.100598,6.565793289855923,6.567640807264238,57.560047130221626,57.5643859721662,57.584730858536304,57.86256769325345,57.585816410352656,6.290816599292124,57.56004715319552,57.86256786853447,0.0,0.0,0.0,0.0,0.0,0.0,-63.190582931156314,1.0,-7.683591192630956,1.0,-58.62252901351894,1.0,0
447,2026-01-02 15:51:41.933948,6.498113571010723,6.504853664070137,57.49437914015545,57.49900694969284,57.51858549754154,57.799780114793286,57.519653046876364,6.224653235252557,57.49437916288837,57.79978029063759,0.0,0.0,0.0,0.0,0.0,0.0,-63.00219410150021,1.0,-7.602996746527424,1.0,-58.81092074048411,1.0,0
448,2026-01-02 15:51:44.928468,6.430635630498088,6.441864744693006,57.42873526840338,57.43363522792702,57.452508246861164,57.736790796016955,57.45355944184238,6.1585596297030385,57.4287352909156,57.736790972376795,0.0,0.0,0.0,0.0,0.0,0.0,-62.82977523937916,1.0,-7.529184900931796,1.0,-58.983339602605156,1.0,0
449,2026-01-02 15:51:47.677900,6.363342350628691,6.378691158604666,57.36311557968105,57.36827112632053,57.38649463002568,57.673616843349215,57.38753095194397,6.092531139332588,57.363115601991076,57.6736170201811,0.0,0.0,0.0,0.0,0.0,0.0,-62.671900868735975,1.0,-7.461561707486908,1.0,-59.14121397324834,1.0,0
450,2026-01-02 15:51:51.023880,6.296218163094703,6.31534848375735,57.29751938852949,57.30291442702765,57.32054008699787,57.61027383198625,57.321562870916836,6.026563057873073,57.29751941065421,57.6102740092505,0.0,0.0,0.0,0.0,0.0,0.0,-62.527293276275486,1.0,-7.399585369398665,1.0,-59.28582156570883,1.0,0
451,2026-01-02 15:51:53.937606,6.229248855884217,6.251850924794114,57.23194621665322,57.23756519335219,57.25464057165716,57.54677596407014,57.25565102150329,5.9606512080632985,57.23194623860804,57.5467761417306,0.0,0.0,0.0,0.0,0.0,0.0,-62.394773257210545,1.0,-7.342763344126979,1.0,-59.41832999553753,1.0,0
452,2026-01-02 15:51:56.477821,6.1624214810188835,6.188211450241466,57.16639498164012,57.17222301438928,57.18879201932726,57.48313620577919,57.18979122468054,5.894791410877377,57.16639500343914,57.48313638380282,0.0,0.0,0.0,0.0,0.0,0.0,-62.27331226682509,1.0,-7.2906581380038915,1.0,-59.53979388323205,1.0,0
453,2026-01-02 15:51:59.312398,6.095724200193501,6.124441879051892,57.1008649262981,57.10688780699571,57.122990792174136,57.41936637397076,57.12397973759172,5.828979923455524,57.10086494795422,57.41936655232743,0.0,0.0,0.0,0.0,0.0,0.0,-62.16193101465706,1.0,-7.242864127761095,1.0,-59.65117803270914,1.0,0
454,2026-01-02 15:52:02.214223,6.0291462070843025,6.06055301038257,57.035355066845604,57.04155930777596,57.05723343675563,57.35547726593017,57.05821301446143,5.7632132000198055,57.035355088370586,57.35547744459225,0.0,0.0,0.0,0.0,0.0,0.0,-62.05978058915207,1.0,-7.199004663220876,1.0,-59.75332266359601,1.0,0
455,2026-01-02 15:52:05.044502,5.9626776257386,5.996554737003523,56.96986428570004,56.97623714474416,56.99151670363714,57.29147877263375,56.99248772430911,5.697487909587275,56.9698643071047,57.29147895157605,0.0,0.0,0.0,0.0,0.0,0.0,-61.96606423031881,1.0,-7.158763937695767,1.0,-59.84704191973833,1.0,0
456,2026-01-02 15:52:08.073046,5.896309423080307,5.932456090416659,67.53893881551858,62.889573940425656,57.8631696880171,57.227607375693744,57.82702263492774,6.532022337864999,67.53893823809977,57.22760711603011,0.0,0.0,0.0,300.90689725792583,1.0,1.0,99.35228264282614,1.0,193.11703522930657,1.0,86.84419670771604,1.0,0
457,2026-01-02 15:52:10.538218,6.002719808601423,6.025469801500361,67.56054483565512,62.94068096756699,57.95898151378027,57.32062019775353,57.92324845878478,6.628248164301323,67.56054426063166,57.32061993891558,0.0,0.0,0.0,299.76811098969506,1.0,1.0,98.48964363811774,1.0,192.3159176851641,1.0,86.5680454893436,1.0,0
458,2026-01-02 15:52:12.712134,6.1082062719640104,6.118187742529853,67.58207818765328,62.99163161914938,58.0541012612687,57.41333722384214,58.018773973667095,6.723773681725036,67.58207761501362,57.41333696585631,0.0,0.0,0.0,298.63315483351545,1.0,1.0,97.63967746323488,1.0,191.51865935668866,1.0,86.2830574783402,1.0,0
459,2026-01-02 15:52:15.582917,6.212782382811119,6.210600450322814,67.60353840215011,63.04242171993521,58.148534552958985,57.50574899231925,58.113605085788436,6.81860479635106,67.60353783188278,57.50574873521072,0.0,0.0,0.0,297.5020535280533,1.0,1.0,96.80198718683641,1.0,190.72523706540778,1.0,85.98964409259224,1.0,0
460,2026-01-02 15:52:18.008795,6.3164612954232,6.302698897799254,67.62492498897788,63.09304725854225,58.242286817215685,57.59784647763413,58.20774749087836,6.912747203910101,67.6249244210714,57.5978462214269,0.0,0.0,0.0,296.3748329085264,1.0,1.0,95.97619615874464,1.0,189.93565081132147,1.0,85.68820516074993,1.0,0
461,2026-01-02 15:52:20.789201,6.41925575421718,6.394474492464386,67.64623803345171,63.14350473667662,58.335363508867296,57.68962108870838,58.301206895672436,7.006206611138773,67.64623746789478,57.68962083342533,0.0,0.0,0.0,295.2514884782432,1.0,1.0,95.16194800994526,1.0,189.14984844286664,1.0,85.37911443568191,1.0,0
462,2026-01-02 15:52:23.501879,6.521178117605735,6.485919041357172,67.66747693371427,63.19379041431037,58.427770083381006,57.781064633898225,58.3939889993274,7.098988717194866,67.66747637049559,57.78106437956117,0.0,0.0,0.0,294.1320519592327,1.0,1.0,94.3588921660421,1.0,188.36781837080707,1.0,85.06272538909343,1.0,0
463,2026-01-02 15:52:26.290157,6.622240379090679,6.57702472044112,67.6886418273385,63.24390113375185,58.519511884371276,57.872169290519345,58.486099372878904,7.191099093114999,67.68864126644687,57.87216903714907,0.0,0.0,0.0,293.0165161004518,1.0,1.0,93.56670702572956,1.0,187.5895432112884,1.0,84.73938859538066,1.0,0
464,2026-01-02 15:52:28.977480,6.722454175991807,6.667784089288711,67.70973193922197,63.29383335730443,58.61059432657191,57.96292761934139,58.577543653991505,7.282543376564669,67.70973138064628,57.96292736695776,0.0,0.0,0.0,291.904921755146,1.0,1.0,92.78507678232017,1.0,186.81497660736568,1.0,84.40940827199483,1.0,0
465,2026-01-02 15:52:31.647189,6.821830816632534,6.758190041618577,67.73074740046228,63.34358421313098,58.70102273105061,58.05333251530857,58.66832737138893,7.373327096268495,67.73074684419144,58.05333226393042,0.0,0.0,0.0,290.7972620135658,1.0,1.0,92.0137059102899,1.0,186.04412435365703,1.0,84.0731234040959,1.0,0
466,2026-01-02 15:52:34.240117,6.920381289238509,6.848235817874116,67.75168799889671,63.393150768172134,58.7908023126676,58.14337721994881,58.75845593894441,7.463455666100553,67.75168744491975,58.143376969594186,0.0,0.0,0.0,289.69354805815067,1.0,1.0,91.2523046787328,1.0,185.2769400932175,1.0,83.73080633873542,1.0,0
467,2026-01-02 15:52:36.828899,7.018116269990956,6.937914960220413,67.77255365064383,63.44253028605236,58.87993832887387,58.233055276527715,58.84793480523441,7.552934534638135,67.77255309894984,58.23305502721379,0.0,0.0,0.0,288.59378431003057,1.0,1.0,90.50060363790635,1.0,184.51340644219272,1.0,83.3827497041284,1.0,0
468,2026-01-02 15:52:39.542056,7.115046145475829,7.027221320928425,57.77310066138315,57.77713328559931,57.8316248455409,58.322084169885805,57.83413856733417,6.5391388489645506,57.77310069799983,58.32208441614461,0.0,0.0,0.0,0.0,0.0,0.0,-94.19094674910866,1.0,-12.24640677548905,1.0,-82.36096730740883,1.0,0
469,2026-01-02 15:52:41.892385,7.014163759439496,6.939009333441568,57.677756967816165,57.68233586256653,57.73491693940319,58.23387105629625,57.73737942362703,6.4423797041668385,57.67775700396934,58.23387130364563,0.0,0.0,0.0,0.0,0.0,0.0,-93.82620740893799,1.0,-12.09138625426931,1.0,-82.7257066475795,1.0,0
470,2026-01-02 15:52:44.460965,6.913672025835713,6.850406692239648,57.58241963784617,57.58753770585947,57.6383157651833,58.14526735837655,57.64073077531323,6.345731054833342,57.58241967356552,58.14526760674563,0.0,0.0,0.0,0.0,0.0,0.0,-93.48517095418174,1.0,-11.946291913886853,1.0,-83.06674599964481,1.0,0
471,2026-01-02 15:52:47.327582,6.8135455591476495,6.761438783828092,57.487092795552165,57.49274056685378,57.54181752202972,58.05629845813781,57.54418850909453,6.249188787660757,57.48709283086535,58.05629870746076,0.0,0.0,0.0,0.0,0.0,0.0,-93.16614535634926,1.0,-11.810454475948973,1.0,-83.38576580285917,1.0,0
472,2026-01-02 15:52:50.066962,6.713760779736288,6.672129195948763,57.39178051937461,57.3979460876712,57.44541846940319,57.96698793911159,57.44774859455168,6.152748872225219,57.39178055430738,57.96698818932721,0.0,0.0,0.0,0.0,0.0,0.0,-92.86758634971193,1.0,-11.683222045917319,1.0,-83.68431901487838,1.0,0
473,2026-01-02 15:52:52.676226,6.614295773055392,6.582499842211777,57.29648590648554,57.30315551849005,57.3491147276232,57.87735771102294,57.35140689197621,6.05640716881395,57.2964859410619,57.87735796207434,0.0,0.0,0.0,0.0,0.0,0.0,-92.58805397166725,1.0,-11.564020956598142,1.0,-83.96384559830494,1.0,0
474,2026-01-02 15:52:55.365924,6.515130150465715,6.492571108221116,57.20121151159877,57.2083700257225,57.25290253445625,57.78742815582111,57.25515940468401,5.960159680738932,57.20121154584108,57.787428407655334,0.0,0.0,0.0,0.0,0.0,0.0,-92.32624443313853,1.0,-11.45230071927017,1.0,-84.22565803414273,1.0,0
475,2026-01-02 15:52:58.197681,6.416244943059895,6.402361959947014,57.10595901927537,57.113590317375,57.15677784866929,57.69721823617815,57.159001878390484,5.864002153711966,57.10595905320446,57.69721848874581,0.0,0.0,0.0,0.0,0.0,0.0,-92.0809437616299,1.0,-11.34754561292084,1.0,-84.4709558083423,1.0,0
476,2026-01-02 15:53:01.212714,6.317622463342839,6.311890090865336,57.01072975359823,57.01881704889685,57.06073686236434,57.6067456423343,57.06293031356123,5.767930588195274,57.010729787233615,57.60674589558942,0.0,0.0,0.0,0.0,0.0,0.0,-91.8510306985354,1.0,-11.249315246573133,1.0,-84.70087466605491,1.0,0
477,2026-01-02 15:53:04.066102,6.219246226102837,6.221171965110553,56.915524779848035,56.92405085819867,56.96477586984646,57.516026835621815,56.96694082892654,5.671941102916067,56.91552481320789,57.5160270895214,0.0,0.0,0.0,0.0,0.0,0.0,-91.6354738018299,1.0,-11.157163434631912,1.0,-84.91641707621511,1.0,0
478,2026-01-02 15:53:06.781930,6.121100861066594,6.130222983719635,56.82034437407491,56.82929185351294,56.868890947852066,57.42507721424111,56.87102934272266,5.576029616107765,56.82034440717624,57.42507746874513,0.0,0.0,0.0,0.0,0.0,0.0,-91.43332565145101,1.0,-11.070701937683225,1.0,-85.11856812390306,1.0,0
479,2026-01-02 15:53:09.658396,6.023172000643194,6.039057489232496,56.72518909287854,56.734540536481326,56.773078681529036,57.33391111824357,56.77519229462215,5.480192567440276,56.725189125737245,57.333911373314564,0.0,0.0,0.0,0.0,0.0,0.0,-91.24369967082657,1.0,-10.98955410554936,1.0,-85.3081941045275,1.0,0
480,2026-01-02 15:53:12.607580,5.925446246320233,5.947688897755883,56.69475957190184,56.703594372560275,56.73670326784594,57.242557595203266,56.7385594200388,5.44355967582823,56.694759602490656,57.242557835730345,0.0,0.0,0.0,0.0,0.0,0.0,-85.5484737394363,1.0,-10.230392493895124,1.0,-80.44399753600828,1.0,0
481,2026-01-02 15:53:15.463157,5.833820304258534,5.861530062517595,67.37019921727176,62.43862407598859,57.55293753119105,57.15662483570449,57.519258861978514,6.2242586336633865,67.37019863530888,57.156624634033605,0.0,0.0,0.0,309.8006378069005,1.0,1.0,76.3597246958625,1.0,194.63679551790847,1.0,67.44859001173609,1.0,0
482,2026-01-02 15:53:18.079703,5.915604713795035,5.93377027494726,67.38701849108031,62.4791377465271,57.62783993645001,57.22886455173899,57.59448442172641,6.2994841954903125,67.38701791097913,57.228864350639704,0.0,0.0,0.0,308.91414608219776,1.0,1.0,75.66439659740354,1.0,194.01415800643917,1.0,67.25741686807396,1.0,0
483,2026-01-02 15:53:20.623617,5.996644401179306,6.005805734673978,67.40377003115746,62.519532636085685,57.7021820914405,57.30089949067282,57.6691420749222,6.37414185072481,67.40376945290724,57.30089929017473,0.0,0.0,0.0,308.03122439226894,1.0,1.0,74.98255257530673,1.0,193.39510736358534,1.0,67.05634651666514,1.0,0
484,2026-01-02 15:53:23.100967,6.07695380417181,6.077625844411443,67.42045347210164,62.55980400998611,57.775970005132216,57.372719056857335,57.74323817269655,6.448237950499266,67.42045289569172,57.37271885698834,0.0,0.0,0.0,307.15189199629805,1.0,1.0,74.31361896237831,1.0,192.77961461625637,1.0,66.84594972739433,1.0,0
485,2026-01-02 15:53:25.763006,6.156546753153749,6.149220605135398,67.43706861507634,62.59994747924802,57.849209548315336,57.444313252907094,57.816778904386304,6.521778684152132,67.43706804049621,57.44431305369344,0.0,0.0,0.0,306.27615937433876,1.0,1.0,73.65705975644232,1.0,192.16764499674355,1.0,66.62677119436466,1.0,0
486,2026-01-02 15:53:28.151272,6.235436500400062,6.220580619242769,67.45361545374561,62.63995901697753,57.921906649073975,57.51567268268378,57.889770497693405,6.594770279386804,67.45361488098487,57.515672484150215,0.0,0.0,0.0,305.4040268603385,1.0,1.0,73.01238531226772,1.0,191.55915214810193,1.0,66.39931504935248,1.0,0
487,2026-01-02 15:53:30.810270,6.313635769689336,6.291697021227425,67.47009365807222,62.67983463383561,57.99406706387003,57.586788482118656,57.962218990572254,6.667218774159147,67.47009308712057,57.58678828428848,0.0,0.0,0.0,304.53551184953795,1.0,1.0,72.37910888193255,1.0,190.9541013026228,1.0,66.16406804027974,1.0,0
488,2026-01-02 15:53:33.541607,6.3911567756225445,6.362561469430036,67.48650334837515,62.71957081739311,58.06569659891197,57.657652310821824,58.03413045389829,6.739130239345881,67.48650277922245,57.65765211371701,0.0,0.0,0.0,303.6706080002949,1.0,1.0,71.75680166369602,1.0,190.35245189797934,1.0,65.92147055812347,1.0,0
489,2026-01-02 15:53:35.701839,6.4680112685584055,6.433166079113368,67.50284446815488,62.759164145136275,58.13680076229015,57.728256285345374,58.10551064259776,6.810510429874514,67.50284390079096,57.72825608898664,0.0,0.0,0.0,302.80931829052577,1.0,1.0,71.14503775312642,1.0,189.7541923449353,1.0,65.67194561000633,1.0,0
490,2026-01-02 15:53:38.325943,6.544210534495574,6.503503434193052,67.51911679186574,62.79861129427677,58.20738518698434,57.798592990805176,58.17636542665199,6.881365215727572,67.5191162262807,57.79859279521203,0.0,0.0,0.0,301.9516546080411,1.0,1.0,70.54342311619166,1.0,189.15924731345513,1.0,65.41589592188757,1.0,0
491,2026-01-02 15:53:40.876129,6.619765447653913,6.57356655347172,67.53532036868272,62.8379092810992,58.27745527051599,57.86865544707155,58.246700423620496,6.95170021446566,67.53531980486665,57.86865525226239,0.0,0.0,0.0,301.0976143609813,1.0,1.0,69.95158689733216,1.0,188.56761680353884,1.0,65.15369234932678,1.0,0
492,2026-01-02 15:53:43.694810,6.694686474277672,6.64334883824498,67.43425861976984,62.55305721991921,58.19288446013165,57.93840110025709,58.164700033985696,6.869699885948819,67.43425805649628,57.93840095407055,0.0,0.0,0.0,306.4242655062696,1.0,1.0,49.51075857434262,1.0,188.38617572100702,1.0,48.891913640431994,1.0,0
493,2026-01-02 15:53:46.314634,6.747714537474517,6.695714090440166,67.44612953832053,62.58281213280165,58.2433871795412,57.99076583453324,58.21535838364531,6.9203582366941445,67.44612897631961,57.99076568913175,0.0,0.0,0.0,305.7985862302435,1.0,1.0,49.14764462455423,1.0,187.9605436363363,1.0,48.62935659616596,1.0,0
494,2026-01-02 15:53:49.038047,6.8003536911430045,6.747798132730378,67.4579428529733,62.61241635932324,58.29354784947255,58.042849358212756,58.26567232929673,6.970672183417548,67.45794229223807,58.04284921360099,0.0,0.0,0.0,305.1759430769073,1.0,1.0,48.789120012315834,1.0,187.53723519353116,1.0,48.36523500500789,1.0,0
495,2026-01-02 15:53:51.886952,6.852608844993977,6.799599289363513,67.46969898984185,62.641869340206355,58.3433697483131,58.094649995900866,58.31564523302786,7.020645088207449,67.46969843036545,58.094649852083016,0.0,0.0,0.0,304.5563135871288,1.0,1.0,48.43501379639292,1.0,187.1162156248829,1.0,48.09970821895604,1.0,0
496,2026-01-02 15:53:54.845059,6.90448474088168,6.851116056346793,67.48139797151828,62.671170365491186,58.39285598658679,58.146166243939504,58.36528028504875,7.070280141274355,67.48139741329388,58.14616610091933,0.0,0.0,0.0,303.9396965701487,1.0,1.0,48.08517531671441,1.0,186.69749072500963,1.0,47.832926898081496,1.0,0
497,2026-01-02 15:53:57.520654,6.9559859469559555,6.902347092053827,67.49304003341553,62.70031891452037,58.442009651341664,58.197396760996476,58.41458064813514,7.1195805053944365,67.4930394764364,58.19739661877733,0.0,0.0,0.0,303.3260796180818,1.0,1.0,47.739459707827336,1.0,186.2810141369664,1.0,47.56502431860099,1.0,0
498,2026-01-02 15:54:00.166354,7.007116877113929,6.953291197702761,67.50462512079491,62.72931436683303,58.4908337160309,58.24834034857129,58.46354936849369,7.168549226774762,67.5046245650543,58.248340207156104,0.0,0.0,0.0,302.7154656160327,1.0,1.0,47.39772789889685,1.0,185.86679165537134,1.0,47.29614244865843,1.0,0
499,2026-01-02 15:54:03.046981,7.057881792726654,7.003947312815118,57.51794515381468,57.526424494577086,57.59036716826561,58.298755738262464,57.593514817521225,6.298515144506117,57.51794519489583,58.29875603326136,0.0,0.0,0.0,0.0,0.0,0.0,-109.35970982075105,1.0,-13.739543691144718,1.0,-98.6620335271482,1.0,0
500,2026-01-02 15:54:05.563545,6.940753035850244,6.89827621299384,57.40567075799119,57.41473958333058,57.47691871433956,58.19308362000989,57.480022195735835,6.185022521874384,57.405670798711384,58.193083915855134,0.0,0.0,0.0,0.0,0.0,0.0,-109.07665141758116,1.0,-13.61882151456939,1.0,-98.94509482762714,1.0,0
