iteration,timestamp,PU1F,PU2F,J280,J269,PU1,PU2,ScadaCommand_PU1,ScadaCommand_PU2,ScadaCommand_PU3,ScadaCommand_PU4,ScadaCommand_PU5,ScadaCommand_PU6,ScadaCommand_PU7,ScadaCommand_PU8,ScadaCommand_PU9,ScadaCommand_PU10,ScadaCommand_PU11,ScadaCommand_v1,ScadaCommand_V45,ScadaCommand_V47,ScadaCommand_V2,T1,T2,V2F,J300,J256,J289,J415,J14,J422,PU4F,PU5F,PU6F,PU7F,V2,PU4,PU5,PU6,PU7,T3,PU8F,PU10F,PU11F,J302,J306,J307,J317,PU8,PU10,PU11,T4,T5,T6,T7
0.0,2025-02-20 01:18:08.588810,0.0,0.0,0.0,0.0,0.0,1.0,1,1,0.0,0,0,1,1,1,0.0,1,1,0.0,0.0,0.0,0,3.0,0.5,0.0,0.0,0.0,0.0,0.0,0.0,0.0,0.0,0.0,0.0,0.0,0.0,0.0,0.0,0.0,0.0,3.0,0.0,0.0,0.0,0.0,0.0,0.0,0.0,0.0,0.0,0.0,2.5,1.0,5.199999809265137,2.5
1.0,2025-02-20 01:19:30.716550,90.69136047363281,90.70864868164062,2.977940559387207,37.93561935424805,1.0,1.0,1,1,,0,0,1,1,1,,1,1,,,,0,3.0319082736968994,0.4572477638721466,0.0,23.6336727142334,72.27549743652344,23.595626831054688,84.10872650146484,41.47626495361328,24.997587203979492,0.0,0.0,0.0,48.330650329589844,0.0,0.0,0.0,0.0,1.0,2.974067449569702,38.16952133178711,0.0,0.0,29.259435653686523,85.42058563232422,29.259435653686523,57.58793258666992,1.0,0.0,0.0,2.519460916519165,1.0542067289352417,5.170016765594482,2.3851161003112793
2.0,2025-02-20 01:20:56.685479,96.12450408935547,96.14336395263672,2.975430727005005,35.05415344238281,1.0,1.0,1,1,,1,0,1,1,1,,1,1,,,,1,3.026608943939209,0.47850215435028076,107.00462341308594,25.347410202026367,89.2158432006836,25.408830642700195,84.6187744140625,28.445703506469727,27.545703887939453,33.94999694824219,0.0,0.0,49.027156829833984,1.0,1.0,0.0,0.0,1.0,3.0169243812561035,37.464908599853516,0.0,0.0,27.103832244873047,84.59273529052734,27.103832244873047,57.49189376831055,1.0,0.0,0.0,2.5408856868743896,1.1065096855163574,5.1398444175720215,2.270519495010376
3.0,2025-02-20 01:22:27.388761,96.12698364257812,96.14584350585938,2.9754295349121094,35.052825927734375,1.0,1.0,1,1,,1,0,1,1,1,,1,1,,,,1,3.0213685035705566,0.4996526539325714,106.87598419189453,25.364639282226562,89.24871826171875,25.426010131835938,84.6390380859375,28.461795806884766,27.56179428100586,33.940391540527344,0.0,0.0,49.02553176879883,1.0,1.0,0.0,0.0,1.0,3.0597620010375977,37.44768142700195,0.0,0.0,27.102659225463867,84.6236801147461,27.102659225463867,57.3701171875,1.0,0.0,0.0,2.5623056888580322,1.1587661504745483,5.109411239624023,2.153568983078003
4.0,2025-02-20 01:23:55.726022,96.12942504882812,96.14828491210938,2.975428342819214,35.051517486572266,1.0,1.0,1,1,,1,0,1,1,1,,1,1,,,,1,3.016186475753784,0.520699679851532,106.7478256225586,25.381799697875977,89.28155517578125,25.44312286376953,84.6592788696289,28.477825164794922,27.577823638916016,33.9309196472168,0.0,0.0,49.02387619018555,1.0,1.0,0.0,0.0,1.0,3.1025803089141846,37.43046951293945,0.0,0.0,27.101518630981445,84.65460205078125,27.101518630981445,57.271575927734375,1.0,0.0,0.0,2.5837209224700928,1.210976004600525,5.078786373138428,2.036879539489746
5.0,2025-02-20 01:25:22.773770,96.13182830810547,96.15068817138672,2.9754271507263184,35.05023193359375,1.0,1.0,1,1,,1,0,1,1,1,,1,1,,,,1,3.0110628604888916,0.5416436791419983,106.62022399902344,25.398897171020508,89.31434631347656,25.46017074584961,84.67948913574219,28.49379539489746,27.593793869018555,33.92142868041992,0.0,0.0,49.0222053527832,1.0,1.0,0.0,0.0,1.0,3.1453795433044434,37.413272857666016,0.0,0.0,27.100412368774414,84.68551635742188,27.100412368774414,57.17326736450195,1.0,0.0,0.0,2.6051316261291504,1.2631394863128662,5.047971725463867,1.9204483032226562
6.0,2025-02-20 01:26:51.384152,96.13418579101562,96.15304565429688,2.975426197052002,35.04896926879883,1.0,1.0,1,1,,1,0,1,1,1,,1,1,,,,1,3.0059971809387207,0.5624852180480957,106.49317932128906,25.415931701660156,89.34709930419922,25.477153778076172,84.69970703125,28.509706497192383,27.609704971313477,33.91191864013672,0.0,0.0,49.0204963684082,1.0,1.0,0.0,0.0,1.0,3.188159227371216,37.39609146118164,0.0,0.0,27.099342346191406,84.71641540527344,27.099342346191406,57.07497787475586,1.0,0.0,0.0,2.626537322998047,1.3152564764022827,5.016968727111816,1.8042733669281006
7.0,2025-02-20 01:28:18.925811,96.1364974975586,96.15535736083984,2.9754250049591064,35.0477294921875,1.0,1.0,1,1,,1,0,1,1,1,,1,1,,,,1,3.0009894371032715,0.5832247734069824,106.36668395996094,25.432899475097656,89.37982177734375,25.49407386779785,84.71987915039062,28.525556564331055,27.62555503845215,33.90238571166992,0.0,0.0,49.018775939941406,1.0,1.0,0.0,0.0,1.0,3.23091983795166,37.37893295288086,0.0,0.0,27.098308563232422,84.7472915649414,27.098308563232422,56.976715087890625,1.0,0.0,0.0,2.6479382514953613,1.367327094078064,4.98577880859375,1.6883525848388672
8.0,2025-02-20 01:29:44.832704,96.1387710571289,96.15763854980469,2.97542405128479,35.0465087890625,1.0,1.0,1,1,,1,0,1,1,1,,1,1,,,,1,2.9960391521453857,0.6038629412651062,106.2407455444336,25.449804306030273,89.41250610351562,25.510929107666016,84.74003601074219,28.54134750366211,27.641347885131836,33.8928337097168,0.0,0.0,49.01702880859375,1.0,1.0,0.0,0.0,1.0,3.2736611366271973,37.36178970336914,0.0,0.0,27.09731101989746,84.77816009521484,27.09731101989746,56.878482818603516,1.0,0.0,0.0,2.6693344116210938,1.4193514585494995,4.954404354095459,1.5726838111877441
9.0,2025-02-20 01:31:10.349457,96.14099884033203,96.15986633300781,2.9754228591918945,35.04531478881836,1.0,1.0,1,1,,1,0,1,1,1,,1,1,,,,1,2.9911463260650635,0.62440025806427,106.1153564453125,25.466646194458008,89.44515228271484,25.527721405029297,84.76016235351562,28.55708122253418,27.657079696655273,33.88326644897461,0.0,0.0,49.01526641845703,1.0,1.0,0.0,0.0,1.0,3.316382884979248,37.344661712646484,0.0,0.0,27.096349716186523,84.80901336669922,27.096349716186523,56.780277252197266,1.0,0.0,0.0,2.690725326538086,1.4713295698165894,4.922845840454102,1.45726478099823
10.0,2025-02-20 01:32:39.296780,96.57588958740234,96.59487915039062,2.9752166271209717,34.81208801269531,1.0,1.0,1,1,,1,0,1,1,1,,1,1,,,,1,2.976238965988159,0.6430361866950989,103.90392303466797,25.41635513305664,89.45162963867188,25.47728157043457,84.76193237304688,28.489578247070312,27.589576721191406,33.8488655090332,0.0,0.0,48.98765182495117,1.0,1.0,0.0,0.0,1.0,3.359035015106201,35.27935028076172,30.832210540771484,0.0,20.89031410217285,82.38082122802734,20.77827262878418,68.05255126953125,1.0,1.0,0.0,2.712038516998291,1.5177273750305176,4.943634033203125,1.5043299198150635
11.0,2025-02-20 01:34:01.021963,96.58541870117188,96.60441589355469,2.9752120971679688,34.806968688964844,1.0,1.0,1,1,,1,0,1,1,1,,1,1,,,,1,2.961408853530884,0.661547839641571,103.75018310546875,25.430694580078125,89.4832534790039,25.491567611694336,84.78133392333984,28.502593994140625,27.60259246826172,33.8383903503418,0.0,0.0,48.984947204589844,1.0,1.0,0.0,0.0,1.0,3.401665687561035,35.26192092895508,30.824054718017578,0.0,20.8861026763916,82.40690612792969,20.77411651611328,68.07535552978516,1.0,1.0,0.0,2.733344078063965,1.5640782117843628,4.964427947998047,1.548603892326355
12.0,2025-02-20 01:35:26.486309,96.5948715209961,96.6138687133789,2.975207567214966,34.80189514160156,1.0,1.0,1,1,,1,0,1,1,1,,1,1,,,,1,2.9466564655303955,0.6799357533454895,103.59709930419922,25.444969177246094,89.51483154296875,25.505788803100586,84.80069732666016,28.515552520751953,27.615550994873047,33.8278923034668,0.0,0.0,48.98222732543945,1.0,1.0,0.0,0.0,1.0,3.444275379180908,35.244659423828125,30.814050674438477,0.0,20.88237762451172,82.43315124511719,20.770458221435547,68.10508728027344,1.0,1.0,0.0,2.7546417713165283,1.610382318496704,4.985249996185303,1.5927653312683105
13.0,2025-02-20 01:36:54.516958,96.03691101074219,96.05574035644531,2.9754722118377686,35.1010856628418,1.0,1.0,1,1,,1,0,1,1,1,,1,1,,,,1,2.9354751110076904,0.7007529735565186,104.98123168945312,25.571748733520508,90.38505554199219,25.631427764892578,86.6161880493164,28.635786056518555,27.73578453063965,33.37332534790039,0.0,0.0,48.07457733154297,1.0,1.0,0.0,0.0,1.0,3.4889702796936035,35.00343322753906,30.665294647216797,0.0,21.273569107055664,83.24134826660156,21.162649154663086,68.9918441772461,1.0,1.0,0.0,2.8044397830963135,1.6646676063537598,5.009856700897217,1.6558098793029785
14.0,2025-02-20 01:38:20.174605,96.0431900024414,96.06201934814453,2.9754691123962402,35.097721099853516,1.0,1.0,1,1,,1,0,1,1,1,,1,1,,,,1,2.924368143081665,0.7214580774307251,104.83145141601562,25.588407516479492,90.41851043701172,25.648048400878906,86.65596008300781,28.651039123535156,27.751039505004883,33.36296844482422,0.0,0.0,48.061954498291016,1.0,1.0,0.0,0.0,1.0,3.533643960952759,34.984554290771484,30.6552734375,0.0,21.272811889648438,83.27310180664062,21.161958694458008,69.02436065673828,1.0,1.0,0.0,2.8542020320892334,1.7189017534255981,5.034485816955566,1.7165299654006958
15.0,2025-02-20 01:39:45.790823,96.04938507080078,96.06822204589844,2.975466251373291,35.09440231323242,1.0,1.0,1,1,,1,0,1,1,1,,1,1,,,,1,2.9133362770080566,0.7420516014099121,104.68228149414062,25.60500717163086,90.45194244384766,25.664609909057617,86.69569396972656,28.666242599487305,27.7662410736084,33.352596282958984,0.0,0.0,48.04930877685547,1.0,1.0,0.0,0.0,1.0,3.5782968997955322,34.96586227416992,30.643125534057617,0.0,21.272598266601562,83.30504608154297,21.16182518005371,69.064453125,1.0,1.0,0.0,2.903928756713867,1.7730854749679565,5.059157371520996,1.777100682258606
16.0,2025-02-20 01:41:08.517871,96.05553436279297,96.07437133789062,2.975463390350342,35.09110641479492,1.0,1.0,1,1,,1,0,1,1,1,,1,1,,,,1,2.902379035949707,0.7625340819358826,104.53369140625,25.621536254882812,90.4853286743164,25.681102752685547,86.73534393310547,28.681381225585938,27.78137969970703,33.342201232910156,0.0,0.0,48.03667068481445,1.0,1.0,0.0,0.0,1.0,3.6229286193847656,34.947181701660156,30.631025314331055,0.0,21.27240753173828,83.33696746826172,21.16171646118164,69.10438537597656,1.0,1.0,0.0,2.9536197185516357,1.8272186517715454,5.083871364593506,1.8375234603881836
17.0,2025-02-20 01:42:36.619146,96.06163787841797,96.08047485351562,2.9754605293273926,35.08783721923828,1.0,1.0,1,1,,1,0,1,1,1,,1,1,,,,1,2.891496181488037,0.7829060554504395,104.38569641113281,25.637998580932617,90.51866912841797,25.697525024414062,86.7750015258789,28.696455001831055,27.79645347595215,33.331783294677734,0.0,0.0,48.02398681640625,1.0,1.0,0.0,0.0,1.0,3.667539119720459,34.92852020263672,30.618946075439453,0.0,21.272249221801758,83.3688735961914,21.161640167236328,69.14425659179688,1.0,1.0,0.0,3.003274917602539,1.8813014030456543,5.108626842498779,1.897798776626587
18.0,2025-02-20 01:43:58.860597,96.06769561767578,96.08654022216797,2.9754576683044434,35.084590911865234,1.0,1.0,1,1,,1,0,1,1,1,,1,1,,,,1,2.880687713623047,0.8031681180000305,104.23829650878906,25.654390335083008,90.5519790649414,25.71388053894043,86.8145751953125,28.71146583557129,27.811466217041016,33.32134246826172,0.0,0.0,48.01129913330078,1.0,1.0,0.0,0.0,1.0,3.7121286392211914,34.90987777709961,30.606882095336914,0.0,21.272125244140625,83.4007568359375,21.161596298217773,69.18408966064453,1.0,1.0,0.0,3.0528945922851562,1.9353338479995728,5.133423805236816,1.9579269886016846
19.0,2025-02-20 01:45:22.560824,96.07369995117188,96.09254455566406,2.975454807281494,35.08137512207031,1.0,1.0,1,1,,1,0,1,1,1,,1,1,,,,1,2.869952917098999,0.823320746421814,104.09149932861328,25.67071533203125,90.58524322509766,25.730165481567383,86.8541030883789,28.726415634155273,27.826414108276367,33.310882568359375,0.0,0.0,47.998600006103516,1.0,1.0,0.0,0.0,1.0,3.756696939468384,34.89125442504883,30.594839096069336,0.0,21.27203369140625,83.43262481689453,21.161584854125977,69.22386932373047,1.0,1.0,0.0,3.10247802734375,1.9893159866333008,5.158262252807617,2.017909049987793
20.0,2025-02-20 01:46:51.049388,96.07966613769531,96.0985107421875,2.975451946258545,35.07817840576172,1.0,1.0,1,1,,1,0,1,1,1,,1,1,,,,1,2.8592917919158936,0.8433646559715271,103.9452896118164,25.68697166442871,90.61846923828125,25.74638557434082,86.89360809326172,28.741300582885742,27.841299057006836,33.3004035949707,0.0,0.0,47.985870361328125,1.0,1.0,0.0,0.0,1.0,3.801244020462036,34.87264633178711,30.58281135559082,0.0,21.271974563598633,83.4644775390625,21.161605834960938,69.26359558105469,1.0,1.0,0.0,3.1520259380340576,2.043247699737549,5.183141708374023,2.077744960784912
21.0,2025-02-20 01:48:16.238455,96.08557891845703,96.10443115234375,2.9754490852355957,35.075008392333984,1.0,1.0,1,1,,1,0,1,1,1,,1,1,,,,1,2.8487040996551514,0.8633002638816833,103.79966735839844,25.703161239624023,90.65164947509766,25.762537002563477,86.93304443359375,28.75612449645996,27.856122970581055,33.28989791870117,0.0,0.0,47.97313690185547,1.0,1.0,0.0,0.0,1.0,3.8457696437835693,34.85405731201172,30.570802688598633,0.0,21.271947860717773,83.49630737304688,21.161659240722656,69.30327606201172,1.0,1.0,0.0,3.201537609100342,2.0971293449401855,5.208061695098877,2.1374359130859375
22.0,2025-02-20 01:49:42.092494,96.09144592285156,96.11029052734375,2.9754464626312256,35.071868896484375,1.0,1.0,1,1,,1,0,1,1,1,,1,1,,,,1,2.8381893634796143,0.8831281661987305,103.6546401977539,25.719282150268555,90.68479919433594,25.77861976623535,86.97244262695312,28.770885467529297,27.87088394165039,33.27937698364258,0.0,0.0,47.96037673950195,1.0,1.0,0.0,0.0,1.0,3.8902740478515625,34.83548355102539,30.558813095092773,0.0,21.271953582763672,83.52812957763672,21.161745071411133,69.34291076660156,1.0,1.0,0.0,3.2510135173797607,2.150960683822632,5.233022212982178,2.19698166847229
23.0,2025-02-20 01:51:10.880730,96.0972671508789,96.11611938476562,2.9754436016082764,35.068748474121094,1.0,1.0,1,1,,1,0,1,1,1,,1,1,,,,1,2.827747344970703,0.9028489589691162,103.51020050048828,25.735336303710938,90.71790313720703,25.794635772705078,87.01179504394531,28.78558349609375,27.885581970214844,33.26883316040039,0.0,0.0,47.947601318359375,1.0,1.0,0.0,0.0,1.0,3.9347572326660156,34.81692886352539,30.54684066772461,0.0,21.271991729736328,83.55992889404297,21.161863327026367,69.38249206542969,1.0,1.0,0.0,3.3004534244537354,2.204741954803467,5.258022785186768,2.2563834190368652
24.0,2025-02-20 01:52:35.843742,96.1030502319336,96.12190246582031,2.975440740585327,35.065650939941406,1.0,1.0,1,1,,1,0,1,1,1,,1,1,,,,1,2.817377805709839,0.9224631190299988,103.36634826660156,25.751323699951172,90.7509765625,25.810585021972656,87.05110168457031,28.800220489501953,27.90022087097168,33.25826644897461,0.0,0.0,47.934810638427734,1.0,1.0,0.0,0.0,1.0,3.9792187213897705,34.79839324951172,30.53488540649414,0.0,21.272062301635742,83.59170532226562,21.162012100219727,69.42202758789062,1.0,1.0,0.0,3.3498570919036865,2.2584731578826904,5.283062934875488,2.315641403198242
25.0,2025-02-20 01:54:03.923521,95.97220611572266,95.99102783203125,2.9755027294158936,35.13573455810547,1.0,1.0,1,1,,1,0,1,1,1,,1,1,,,,1,2.8079872131347656,0.942716121673584,103.55994415283203,25.803361892700195,91.55209350585938,25.86020851135254,87.21260833740234,28.845706939697266,27.945707321166992,32.791053771972656,0.0,0.0,47.87346267700195,1.0,1.0,0.0,0.0,1.0,4.025552272796631,34.67824935913086,30.506258010864258,0.0,21.369598388671875,83.89448547363281,21.259740829467773,69.61396789550781,1.0,1.0,0.0,3.400827169418335,2.3149971961975098,5.308737277984619,2.378997325897217
26.0,2025-02-20 01:55:31.081726,95.97711181640625,95.99593353271484,2.9755003452301025,35.13311004638672,1.0,1.0,1,1,,1,0,1,1,1,,1,1,,,,1,2.7986674308776855,0.962864875793457,103.41786193847656,25.81987953186035,91.58617401123047,25.876686096191406,87.25309753417969,28.860877990722656,27.96087646484375,32.780006408691406,0.0,0.0,47.86028289794922,1.0,1.0,0.0,0.0,1.0,4.071863174438477,34.65898132324219,30.495624542236328,0.0,21.370248794555664,83.92796325683594,21.260461807250977,69.64966583251953,1.0,1.0,0.0,3.4517600536346436,2.371469020843506,5.334438323974609,2.4406440258026123
27.0,2025-02-20 01:56:59.686875,95.98194885253906,96.00077056884766,2.9754981994628906,35.13051986694336,1.0,1.0,1,1,,1,0,1,1,1,,1,1,,,,1,2.789418935775757,0.9829099178314209,103.27633666992188,25.836339950561523,91.62022399902344,25.89310646057129,87.29351806640625,28.875995635986328,27.975994110107422,32.76893997192383,0.0,0.0,47.847103118896484,1.0,1.0,0.0,0.0,1.0,4.118151664733887,34.63984680175781,30.483440399169922,0.0,21.371295928955078,83.96157836914062,21.26158905029297,69.69084167480469,1.0,1.0,0.0,3.5026559829711914,2.427889108657837,5.3601813316345215,2.502143144607544
28.0,2025-02-20 01:58:30.979749,95.98674774169922,96.00556945800781,2.9754958152770996,35.12794876098633,1.0,1.0,1,1,,1,0,0,1,1,,1,1,,,,1,2.7802412509918213,1.0028517246246338,103.13538360595703,25.852733612060547,91.65422821044922,25.909461975097656,87.33390045166016,28.89105224609375,27.991050720214844,32.75785446166992,0.0,0.0,47.83389663696289,1.0,1.0,0.0,0.0,1.0,4.164417743682861,34.6207275390625,30.471290588378906,0.0,21.37236976623535,83.99517059326172,21.262746810913086,69.7319107055664,1.0,1.0,0.0,3.553514242172241,2.484257698059082,5.385965347290039,2.563494920730591
29.0,2025-02-20 01:59:56.420502,95.99150085449219,96.01032257080078,2.9754936695098877,35.125404357910156,1.0,1.0,1,1,,1,0,0,1,1,,1,1,,,,1,2.7711341381073,1.0226908922195435,102.9949951171875,25.869064331054688,91.68819427490234,25.925750732421875,87.3742446899414,28.906049728393555,28.00604820251465,32.74674987792969,0.0,0.0,47.820674896240234,1.0,1.0,0.0,0.0,1.0,4.2106614112854,34.601627349853516,30.45915985107422,0.0,21.373477935791016,84.02873992919922,21.263935089111328,69.7729263305664,1.0,1.0,0.0,3.6043355464935303,2.540574550628662,5.411789894104004,2.6247003078460693
30.0,2025-02-20 02:01:19.265435,95.99620819091797,96.01502990722656,2.9754912853240967,35.12288284301758,1.0,1.0,1,1,,1,0,0,1,1,,1,1,,,,1,2.7620973587036133,1.042427897453308,102.85517120361328,25.88532829284668,91.72212219238281,25.94197654724121,87.41455078125,28.920988082885742,28.020986557006836,32.73562240600586,0.0,0.0,47.807430267333984,1.0,1.0,0.0,0.0,1.0,4.256882190704346,34.582542419433594,30.44704818725586,0.0,21.374616622924805,84.06229400634766,21.265153884887695,69.81388854980469,1.0,1.0,0.0,3.6551194190979004,2.5968399047851562,5.437655448913574,2.685760021209717
31.0,2025-02-20 02:02:42.610861,96.00086975097656,96.01969146728516,2.9754891395568848,35.12038803100586,1.0,1.0,1,1,,1,0,0,1,1,,1,1,,,,1,2.7531306743621826,1.0620633363723755,102.7159194946289,25.90152931213379,91.7560043334961,25.95813751220703,87.45478820800781,28.93586540222168,28.035863876342773,32.72447967529297,0.0,0.0,47.794185638427734,1.0,1.0,0.0,0.0,1.0,4.303081035614014,34.5634765625,30.434953689575195,0.0,21.375789642333984,84.09583282470703,21.266407012939453,69.85479736328125,1.0,1.0,0.0,3.7058660984039307,2.6530537605285645,5.463561058044434,2.746674060821533
32.0,2025-02-20 02:05:28.602284,96.01004791259766,96.02887725830078,2.975484848022461,35.11547088623047,1.0,1.0,1,1,,1,0,0,1,1,,1,1,,,,1,2.740673542022705,1.0894359350204468,102.43911743164062,25.93373680114746,91.82366180419922,25.990264892578125,87.5351333618164,28.965442657470703,28.065441131591797,32.702125549316406,0.0,0.0,47.767635345458984,1.0,1.0,0.0,0.0,1.0,4.3678717613220215,34.52539825439453,30.41082000732422,0.0,21.37822914123535,84.16284942626953,21.269006729125977,69.93647766113281,1.0,1.0,0.0,3.777012586593628,2.7318475246429443,5.5,2.831895112991333
33.0,2025-02-20 02:06:51.762542,95.99707794189453,96.01589965820312,2.9754910469055176,35.12241744995117,1.0,1.0,1,1,,1,0,0,1,1,,1,1,,,,1,2.735650062561035,1.10104501247406,102.45677947998047,25.942541122436523,91.83824157714844,25.999055862426758,87.55203247070312,28.974271774291992,28.07427215576172,32.69847869873047,0.0,0.0,47.76316452026367,1.0,1.0,0.0,0.0,1.0,4.395405292510986,34.61073684692383,29.235273361206055,0.0,21.651987075805664,84.2872085571289,21.55045509338379,73.96403503417969,1.0,1.0,0.0,3.807239294052124,2.7654645442962646,5.5,2.8850369453430176
34.0,2025-02-20 02:08:19.914675,95.99959564208984,96.01841735839844,2.975489854812622,35.121070861816406,1.0,1.0,1,1,,1,0,0,1,1,,1,1,,,,1,2.7272720336914062,1.1204428672790527,102.37564086914062,25.952129364013672,91.85840606689453,26.00861930847168,87.57597351074219,28.98308753967285,28.083086013793945,32.691810607910156,0.0,0.0,47.755245208740234,1.0,1.0,0.0,0.0,1.0,4.441537857055664,34.599483489990234,29.227153778076172,0.0,21.65304946899414,84.3073959350586,21.551570892333984,73.98947143554688,1.0,1.0,0.0,3.8578760623931885,2.8217756748199463,5.5,2.972160816192627
35.0,2025-02-20 02:09:45.744606,96.00370025634766,96.02252197265625,2.9754879474639893,35.11886978149414,1.0,1.0,1,1,,1,0,0,1,1,,1,1,,,,1,2.7189645767211914,1.1397424936294556,102.24031829833984,25.96817398071289,91.89217376708984,26.02462387084961,87.61607360839844,28.997840881347656,28.09783935546875,32.68062210083008,0.0,0.0,47.741966247558594,1.0,1.0,0.0,0.0,1.0,4.48764705657959,34.581092834472656,29.207807540893555,0.0,21.656208038330078,84.34176635742188,21.554851531982422,74.05265808105469,1.0,1.0,0.0,3.908475399017334,2.878037214279175,5.5,3.0591394901275635
36.0,2025-02-20 02:11:12.513057,96.00776672363281,96.0265884399414,2.9754860401153564,35.11669158935547,1.0,1.0,1,1,,1,0,0,1,1,,1,0,,,,1,2.7107274532318115,1.1589446067810059,102.10547637939453,25.984159469604492,91.92591094970703,26.040569305419922,87.65612030029297,29.01253890991211,28.112539291381836,32.66941833496094,0.0,0.0,47.728675842285156,1.0,1.0,0.0,0.0,1.0,4.533734321594238,34.562713623046875,29.188507080078125,0.0,21.65938377380371,84.37611389160156,21.55815315246582,74.11563873291016,1.0,1.0,0.0,3.9590370655059814,2.934248924255371,5.5,3.1459739208221436
37.0,2025-02-20 02:12:38.280762,95.61597442626953,95.63468170166016,2.97567081451416,35.32638168334961,1.0,1.0,1,1,,1,0,0,1,1,,1,0,,,,1,2.7055861949920654,1.1799890995025635,102.90807342529297,26.09029769897461,92.859619140625,26.14500617980957,89.10812377929688,29.108646392822266,28.20864486694336,32.141883850097656,0.0,0.0,46.97603225708008,1.0,1.0,0.0,0.0,1.0,4.58194637298584,34.19230651855469,28.45987319946289,0.0,22.095714569091797,85.4354019165039,21.999113082885742,76.76912689208984,1.0,1.0,0.0,4.0276031494140625,3.000490665435791,5.5,3.2644598484039307
38.0,2025-02-20 02:14:03.056851,95.61734008789062,95.63605499267578,2.975670337677002,35.325653076171875,1.0,1.0,1,1,,1,0,0,1,1,,1,0,,,,1,2.7005133628845215,1.2009451389312744,102.7774887084961,26.108171463012695,92.89501953125,26.16284942626953,89.16033172607422,29.125198364257812,28.22519874572754,32.130611419677734,0.0,0.0,46.95659255981445,1.0,1.0,0.0,0.0,1.0,4.630135536193848,34.171714782714844,28.437726974487305,0.0,22.102245330810547,85.47640991210938,22.005783081054688,76.84185028076172,1.0,1.0,0.0,4.096114635467529,3.0666768550872803,5.5,3.3814966678619385
39.0,2025-02-20 02:15:24.176094,95.61864471435547,95.6373519897461,2.9756696224212646,35.324954986572266,1.0,1.0,1,1,,1,0,0,1,1,,1,0,,,,1,2.695510149002075,1.221813440322876,102.64744567871094,26.12599754333496,92.93038177490234,26.18064308166504,89.21247100830078,29.141708374023438,28.241708755493164,32.119319915771484,0.0,0.0,46.9371452331543,1.0,1.0,0.0,0.0,1.0,4.678301811218262,34.15137481689453,28.412460327148438,0.0,22.10950469970703,85.51768493652344,22.013200759887695,76.92450714111328,1.0,1.0,0.0,4.1645708084106445,3.132807970046997,5.5,3.4983441829681396
40.0,2025-02-20 02:16:49.911000,95.6198959350586,95.63861083984375,2.9756691455841064,35.324283599853516,1.0,1.0,1,1,,1,0,0,1,1,,1,0,,,,1,2.6905760765075684,1.2425943613052368,102.51793670654297,26.143766403198242,92.96570587158203,26.198381423950195,89.26454162597656,29.158166885375977,28.258167266845703,32.108009338378906,0.0,0.0,46.91769027709961,1.0,1.0,0.0,0.0,1.0,4.726445198059082,34.131046295166016,28.387229919433594,0.0,22.116788864135742,85.5589370727539,22.02064323425293,77.0069808959961,1.0,1.0,0.0,4.232972145080566,3.1988842487335205,5.5,3.6150026321411133
41.0,2025-02-20 02:18:17.861728,95.62110137939453,95.63981628417969,2.975668430328369,35.323638916015625,1.0,1.0,1,1,,1,0,0,1,1,,1,0,,,,1,2.685711145401001,1.2632883787155151,102.38895416259766,26.161479949951172,93.00099182128906,26.216064453125,89.31657409667969,29.174575805664062,28.274574279785156,32.09668731689453,0.0,0.0,46.898216247558594,1.0,1.0,0.0,0.0,1.0,4.774566173553467,34.11073684692383,28.362018585205078,0.0,22.124103546142578,85.60017395019531,22.028118133544922,77.0893325805664,1.0,1.0,0.0,4.301319122314453,3.2649054527282715,5.5,3.7314720153808594
42.0,2025-02-20 02:19:41.588687,95.62226867675781,95.64098358154297,2.975667953491211,35.32301712036133,1.0,1.0,1,1,,1,0,0,1,1,,1,0,,,,1,2.680914878845215,1.2838960886001587,102.260498046875,26.179140090942383,93.03624725341797,26.233692169189453,89.3685302734375,29.190935134887695,28.29093360900879,32.08534622192383,0.0,0.0,46.87873840332031,1.0,1.0,0.0,0.0,1.0,4.8226637840271,34.0904426574707,28.336830139160156,0.0,22.13144874572754,85.64138793945312,22.035619735717773,77.17155456542969,1.0,1.0,0.0,4.369610786437988,3.330872058868408,5.5,3.847752809524536
43.0,2025-02-20 02:21:06.363537,95.62338256835938,95.64209747314453,2.9756674766540527,35.322418212890625,1.0,1.0,1,1,,1,0,0,1,1,,1,0,,,,1,2.6761868000030518,1.3044179677963257,102.132568359375,26.196744918823242,93.07145690917969,26.251264572143555,89.42046356201172,29.207242965698242,28.307241439819336,32.07398986816406,0.0,0.0,46.85923385620117,1.0,1.0,0.0,0.0,1.0,4.8707380294799805,34.070167541503906,28.311660766601562,0.0,22.138824462890625,85.68257904052734,22.043153762817383,77.25364685058594,1.0,1.0,0.0,4.437847137451172,3.3967838287353516,5.5,3.9638450145721436
44.0,2025-02-20 02:22:32.292509,95.62446594238281,95.64317321777344,2.9756669998168945,35.321842193603516,1.0,1.0,1,1,,1,0,0,1,1,,1,0,,,,1,2.67152738571167,1.3248544931411743,102.00516510009766,26.21429443359375,93.10663604736328,26.268783569335938,89.4723129272461,29.223499298095703,28.32349967956543,32.06261444091797,0.0,0.0,46.83972930908203,1.0,1.0,0.0,0.0,1.0,4.918789386749268,34.049903869628906,28.28651237487793,0.0,22.146228790283203,85.72374725341797,22.050716400146484,77.33562469482422,1.0,1.0,0.0,4.50602912902832,3.4626407623291016,5.5,4.079748630523682
45.0,2025-02-20 02:23:53.475858,95.30887603759766,95.32749938964844,2.975815534591675,35.49052810668945,1.0,1.0,1,1,,1,0,0,0,1,,1,0,,,,1,2.6713123321533203,1.3753806352615356,89.98551177978516,28.451189041137695,94.07901000976562,28.54582405090332,69.62799072265625,31.03628921508789,30.136289596557617,32.86697769165039,0.0,0.0,0.0,1.0,1.0,0.0,0.0,0.0,4.968471050262451,34.05197525024414,28.273099899291992,0.0,22.21813201904297,85.7921371459961,22.12270164489746,77.44720458984375,1.0,1.0,0.0,4.442162036895752,3.52850341796875,5.5,4.196717739105225
46.0,2025-02-20 02:25:17.557271,95.3030776977539,95.32170104980469,2.975818157196045,35.49362564086914,1.0,1.0,1,1,,1,0,0,0,1,,1,0,,,,1,2.671196937561035,1.4257111549377441,89.75870513916016,28.485240936279297,94.1220932006836,28.579845428466797,69.56415557861328,31.06881332397461,30.168811798095703,32.8613166809082,0.0,0.0,0.0,1.0,1.0,0.0,0.0,0.0,5.01814079284668,34.03270721435547,28.25159454345703,0.0,22.228363037109375,85.83448028564453,22.133068084716797,77.5211181640625,1.0,1.0,0.0,4.378295421600342,3.594313859939575,5.5,4.312359809875488
47.0,2025-02-20 02:26:44.335300,95.29718017578125,95.3157958984375,2.975821018218994,35.49677658081055,1.0,1.0,1,1,,1,0,0,0,1,,1,0,,,,1,2.67118239402771,1.4758466482162476,89.532470703125,28.51922035217285,94.1651382446289,28.613794326782227,69.50028228759766,31.10127067565918,30.201271057128906,32.855628967285156,0.0,0.0,0.0,1.0,1.0,0.0,0.0,0.0,5.067799091339111,34.013671875,28.22728157043457,0.0,22.23927116394043,85.87706756591797,22.144126892089844,77.60391998291016,1.0,1.0,0.0,4.314428806304932,3.6600728034973145,5.5,4.42781925201416
48.0,2025-02-20 02:28:09.004168,95.2911605834961,95.30977630615234,2.9758236408233643,35.49999237060547,1.0,1.0,1,1,,1,0,0,0,1,,1,0,,,,1,2.6712677478790283,1.5257878303527832,89.30714416503906,28.553125381469727,94.2081527709961,28.64767074584961,69.43641662597656,31.133665084838867,30.23366355895996,32.84991455078125,0.0,0.0,0.0,1.0,1.0,0.0,0.0,0.0,5.117445468902588,33.99467086791992,28.203012466430664,0.0,22.25026512145996,85.91966247558594,22.155271530151367,77.68656921386719,1.0,1.0,0.0,4.2505621910095215,3.725780725479126,5.5,4.543097019195557
49.0,2025-02-20 02:29:36.364850,95.05103302001953,95.069580078125,2.9759364128112793,35.628204345703125,1.0,1.0,1,1,,1,0,0,0,1,,1,0,,,,1,2.6731555461883545,1.576148271560669,89.52999114990234,28.640851974487305,94.69441986083984,28.73406219482422,69.65558624267578,31.220294952392578,30.320293426513672,32.59870910644531,0.0,0.0,0.0,1.0,1.0,0.0,0.0,0.0,5.168086528778076,34.146507263183594,28.186138153076172,0.0,22.304046630859375,85.71957397460938,22.20915985107422,77.79008483886719,1.0,1.0,0.0,4.190919399261475,3.788541316986084,5.5,4.659177303314209
50.0,2025-02-20 02:30:59.249342,95.04216003417969,95.06070709228516,2.975940704345703,35.632938385009766,1.0,1.0,1,1,,1,0,0,0,1,,1,0,,,,1,2.6751351356506348,1.6263246536254883,89.31610107421875,28.67574691772461,94.73833465576172,28.7689266204834,69.595947265625,31.25374984741211,30.353750228881836,32.59300231933594,0.0,0.0,0.0,1.0,1.0,0.0,0.0,0.0,5.218715667724609,34.12910842895508,28.164644241333008,0.0,22.316665649414062,85.76127624511719,22.221912384033203,77.86608123779297,1.0,1.0,0.0,4.131276607513428,3.851255178451538,5.5,4.774167537689209
51.0,2025-02-20 02:32:25.457365,95.03312683105469,95.05166625976562,2.975944757461548,35.637760162353516,1.0,1.0,1,1,,1,0,0,0,1,,1,0,,,,1,2.677206516265869,1.6763176918029785,89.1031265258789,28.710599899291992,94.78221893310547,28.803749084472656,69.53630065917969,31.287174224853516,30.38717269897461,32.5872802734375,0.0,0.0,0.0,1.0,1.0,0.0,0.0,0.0,5.269333362579346,34.111915588378906,28.140926361083984,0.0,22.329893112182617,85.80320739746094,22.235288619995117,77.94912719726562,1.0,1.0,0.0,4.071633815765381,3.9139223098754883,5.5,4.888979911804199
52.0,2025-02-20 02:33:49.109672,94.66211700439453,94.68054962158203,2.976118564605713,35.835609436035156,1.0,1.0,1,1,,1,0,0,0,1,,0,0,,,,1,2.6887502670288086,1.7274736166000366,90.4531021118164,28.858642578125,94.87447357177734,28.95197868347168,69.4766616821289,31.444316864013672,30.544315338134766,32.622589111328125,0.0,0.0,0.0,1.0,1.0,0.0,0.0,0.0,5.3200225830078125,35.86600112915039,0.0,0.0,27.641164779663086,88.03791046142578,27.641164779663086,61.55131149291992,1.0,0.0,0.0,4.011991024017334,3.9813289642333984,5.48451566696167,4.815237522125244
53.0,2025-02-20 02:35:12.350668,94.09378051757812,94.11204528808594,2.9763834476470947,36.13814926147461,1.0,1.0,1,1,,0,0,0,0,1,,0,0,,,,1,2.70432448387146,1.79728364944458,78.91841125488281,30.924152374267578,76.83756256103516,30.924152374267578,69.41703033447266,33.26143264770508,32.36143112182617,0.0,0.0,0.0,0.0,1.0,0.0,0.0,0.0,0.0,5.304612159729004,35.9260368347168,0.0,0.0,27.891294479370117,88.18148803710938,27.891294479370117,61.49204635620117,1.0,0.0,0.0,3.952348470687866,4.048897743225098,5.468822002410889,4.7417778968811035
54.0,2025-02-20 02:36:35.411069,93.08924102783203,93.10722351074219,2.9768481254577637,36.671295166015625,1.0,1.0,1,1,,0,0,0,0,0,,0,0,,,,1,2.7317001819610596,1.8703203201293945,82.56617736816406,31.360265731811523,76.82215118408203,31.360265731811523,69.35737609863281,33.71913146972656,32.819129943847656,0.0,0.0,0.0,0.0,1.0,0.0,0.0,0.0,0.0,5.289201259613037,0.0,0.0,0.0,31.674448013305664,65.14862060546875,31.674448013305664,61.43362045288086,0.0,0.0,0.0,3.8927059173583984,4.019399166107178,5.452914714813232,4.668629169464111
55.0,2025-02-20 02:38:04.146760,93.04985809326172,93.06782531738281,2.9768662452697754,36.692161560058594,1.0,1.0,1,1,,0,0,0,0,0,,0,0,,,,1,2.7591147422790527,1.9431993961334229,82.38805389404297,31.415071487426758,76.8067398071289,31.415071487426758,69.29774475097656,33.77286148071289,32.872859954833984,0.0,0.0,0.0,0.0,1.0,0.0,0.0,0.0,0.0,5.2737908363342285,0.0,0.0,0.0,31.705713272094727,65.1191177368164,31.705713272094727,61.3676643371582,0.0,0.0,0.0,3.8330633640289307,3.989900827407837,5.436759948730469,4.5945844650268555
56.0,2025-02-20 02:39:26.044733,93.01046752929688,93.0284194946289,2.976884365081787,36.71302032470703,1.0,1.0,1,1,,0,0,0,0,0,,0,0,,,,1,2.7865676879882812,2.015921115875244,82.21012115478516,31.469789505004883,76.79133605957031,31.469789505004883,69.23809814453125,33.82651138305664,32.926509857177734,0.0,0.0,0.0,0.0,1.0,0.0,0.0,0.0,0.0,5.258379936218262,0.0,0.0,0.0,31.73697280883789,65.0896224975586,31.73697280883789,61.308067321777344,0.0,0.0,0.0,3.773420572280884,3.960402727127075,5.420394420623779,4.520826816558838
57.0,2025-02-20 02:40:50.589973,92.97106170654297,92.98899841308594,2.976902723312378,36.733890533447266,1.0,1.0,1,1,,0,0,0,0,0,,0,0,,,,1,2.814059257507324,2.0884859561920166,82.03263854980469,31.52442741394043,76.77591705322266,31.52442741394043,69.17845916748047,33.88008499145508,32.98008346557617,0.0,0.0,0.0,0.0,1.0,0.0,0.0,0.0,0.0,5.242969512939453,0.0,0.0,0.0,31.76825523376465,65.06012725830078,31.76825523376465,61.248477935791016,0.0,0.0,0.0,3.713778257369995,3.9309043884277344,5.4038214683532715,4.447351455688477
58.0,2025-02-20 02:42:18.037970,92.93161010742188,92.94954681396484,2.9769208431243896,36.7547721862793,1.0,1.0,1,1,,0,0,0,0,0,,0,0,,,,1,2.8415892124176025,2.1608941555023193,81.85560607910156,31.57899284362793,76.76051330566406,31.57899284362793,69.11881256103516,33.93358612060547,33.03358459472656,0.0,0.0,0.0,0.0,1.0,0.0,0.0,0.0,0.0,5.227558612823486,0.0,0.0,0.0,31.799564361572266,65.03062438964844,31.799564361572266,61.1888542175293,0.0,0.0,0.0,3.6541354656219482,3.9014060497283936,5.387044906616211,4.3741536140441895
59.0,2025-02-20 02:43:39.931699,92.89215087890625,92.91007232666016,2.9769389629364014,36.775665283203125,1.0,1.0,1,1,,0,0,0,0,0,,0,0,,,,1,2.869157075881958,2.2331459522247314,81.67902374267578,31.63347625732422,76.74510192871094,31.63347625732422,69.0591812133789,33.98701477050781,33.087013244628906,0.0,0.0,0.0,0.0,1.0,0.0,0.0,0.0,0.0,5.212148189544678,0.0,0.0,0.0,31.830894470214844,65.00112915039062,31.830894470214844,61.12920379638672,0.0,0.0,0.0,3.5944931507110596,3.8719077110290527,5.3700666427612305,4.301229953765869
60.0,2025-02-20 02:45:07.221091,92.8526611328125,92.87056732177734,2.976957082748413,36.796566009521484,1.0,1.0,1,1,,0,0,0,0,0,,0,0,,,,1,2.8967628479003906,2.3052420616149902,81.50289154052734,31.687883377075195,76.72969055175781,31.687883377075195,68.9995346069336,34.04037094116211,33.1403694152832,0.0,0.0,0.0,0.0,1.0,0.0,0.0,0.0,0.0,5.196737289428711,0.0,0.0,0.0,31.862247467041016,64.97162628173828,31.862247467041016,61.06953430175781,0.0,0.0,0.0,3.534850597381592,3.842409372329712,5.352890491485596,4.228575706481934
61.0,2025-02-20 02:46:29.525690,92.989990234375,93.0079345703125,2.976893901824951,36.7238655090332,1.0,1.0,1,1,,0,0,0,0,0,,0,0,,,,1,2.923691987991333,2.376755475997925,80.84410858154297,31.693538665771484,76.42027282714844,31.693538665771484,68.97210693359375,34.042110443115234,33.14210891723633,0.0,0.0,0.0,0.0,1.0,0.0,0.0,0.0,0.0,5.179635524749756,0.0,0.0,0.0,31.823244094848633,64.91017150878906,31.823244094848633,60.94029235839844,0.0,0.0,0.0,3.4757049083709717,3.8121917247772217,5.335151672363281,4.154900550842285
62.0,2025-02-20 02:47:58.988061,92.95120239257812,92.9691390991211,2.976911783218384,36.74440383911133,1.0,1.0,1,1,,0,0,0,0,0,,0,0,,,,1,2.95065975189209,2.4481124877929688,80.66728973388672,31.747278213500977,76.40316772460938,31.747278213500977,68.9129638671875,34.09480285644531,33.194801330566406,0.0,0.0,0.0,0.0,1.0,0.0,0.0,0.0,0.0,5.162533760070801,0.0,0.0,0.0,31.853960037231445,64.87995910644531,31.853960037231445,60.87285232543945,0.0,0.0,0.0,3.4165594577789307,3.7819740772247314,5.317190170288086,4.080449104309082
63.0,2025-02-20 02:49:27.136656,92.91236877441406,92.93029022216797,2.9769296646118164,36.76496124267578,1.0,1.0,1,1,,0,0,0,0,0,,0,0,,,,1,2.977666139602661,2.519313335418701,80.49082946777344,31.80094337463379,76.38606262207031,31.80094337463379,68.85381317138672,34.14742660522461,33.2474250793457,0.0,0.0,0.0,0.0,1.0,0.0,0.0,0.0,0.0,5.145431995391846,0.0,0.0,0.0,31.884706497192383,64.84973907470703,31.884706497192383,60.81134033203125,0.0,0.0,0.0,3.3574140071868896,3.751756191253662,5.299036026000977,4.006259441375732
64.0,2025-02-20 02:50:49.700869,92.8735122680664,92.89142608642578,2.976947546005249,36.78553009033203,1.0,1.0,1,1,,0,0,0,0,0,,0,0,,,,1,3.0047106742858887,2.5903584957122803,80.31482696533203,31.85453224182129,76.36896514892578,31.85453224182129,68.79467010498047,34.19997787475586,33.29997634887695,0.0,0.0,0.0,0.0,1.0,0.0,0.0,0.0,0.0,5.128330707550049,0.0,0.0,0.0,31.915477752685547,64.81951904296875,31.915477752685547,60.7498664855957,0.0,0.0,0.0,3.2982683181762695,3.721538543701172,5.2806925773620605,3.93232798576355
65.0,2025-02-20 02:52:14.534882,92.83463287353516,92.8525390625,2.9769654273986816,36.80610275268555,1.0,1.0,1,1,,0,0,0,0,0,,0,0,,,,1,3.0317935943603516,2.6612484455108643,80.13926696777344,31.908044815063477,76.35186004638672,31.908044815063477,68.73551940917969,34.25245666503906,33.352455139160156,0.0,0.0,0.0,0.0,1.0,0.0,0.0,0.0,0.0,5.111228942871094,0.0,0.0,0.0,31.946269989013672,64.789306640625,31.946269989013672,60.688392639160156,0.0,0.0,0.0,3.2391228675842285,3.6913208961486816,5.262161731719971,3.8586511611938477
66.0,2025-02-20 02:53:39.451161,92.79573822021484,92.81362915039062,2.9769833087921143,36.82668685913086,1.0,1.0,1,1,,0,0,0,0,0,,0,0,,,,1,3.0589141845703125,2.7319834232330322,79.96416473388672,31.96147918701172,76.33476257324219,31.96147918701172,68.67638397216797,34.30486297607422,33.40486145019531,0.0,0.0,0.0,0.0,1.0,0.0,0.0,0.0,0.0,5.094127178192139,0.0,0.0,0.0,31.977087020874023,64.75908660888672,31.977087020874023,60.62692642211914,0.0,0.0,0.0,3.1799774169921875,3.6611032485961914,5.2434468269348145,3.7852258682250977
67.0,2025-02-20 02:55:07.544759,92.75680541992188,92.77468872070312,2.977001190185547,36.847286224365234,1.0,1.0,1,1,,0,0,0,0,0,,0,0,,,,1,3.0860726833343506,2.8025639057159424,79.78952026367188,32.01483917236328,76.31765747070312,32.01483917236328,68.61723327636719,34.35719680786133,33.45719528198242,0.0,0.0,0.0,0.0,1.0,0.0,0.0,0.0,0.0,5.077025413513184,0.0,0.0,0.0,32.00792694091797,64.72886657714844,32.00792694091797,60.56547164916992,0.0,0.0,0.0,3.1208319664001465,3.630885601043701,5.224549293518066,3.712048292160034
68.0,2025-02-20 02:56:32.900734,92.71784973144531,92.7357177734375,2.9770190715789795,36.86789321899414,1.0,1.0,1,1,,0,0,0,0,0,,0,0,,,,1,3.1132686138153076,2.872990369796753,79.61534118652344,32.068119049072266,76.30055236816406,32.068119049072266,68.5580825805664,34.40945816040039,33.509456634521484,0.0,0.0,0.0,0.0,1.0,0.0,0.0,0.0,0.0,5.0599236488342285,0.0,0.0,0.0,32.038787841796875,64.69865417480469,32.038787841796875,60.504032135009766,0.0,0.0,0.0,3.0616862773895264,3.600667953491211,5.205471992492676,3.639115571975708
69.0,2025-02-20 02:58:00.166639,92.67887115478516,92.69673156738281,2.977036952972412,36.88850784301758,1.0,1.0,1,1,,0,0,0,0,0,,0,0,,,,1,3.1405019760131836,2.943263292312622,79.44161987304688,32.12132263183594,76.28345489501953,32.12132263183594,68.49895477294922,34.461647033691406,33.5616455078125,0.0,0.0,0.0,0.0,1.0,0.0,0.0,0.0,0.0,5.042821884155273,0.0,0.0,0.0,32.069671630859375,64.6684341430664,32.069671630859375,60.44261169433594,0.0,0.0,0.0,3.0025408267974854,3.5704503059387207,5.186216831207275,3.566424608230591
70.0,2025-02-20 02:59:28.954868,92.6398696899414,92.65771484375,2.9770548343658447,36.90913772583008,1.0,1.0,1,1,,0,0,0,0,0,,0,0,,,,1,3.1677722930908203,3.01338267326355,79.26834106445312,32.1744499206543,76.26634979248047,32.1744499206543,68.43981170654297,34.51376724243164,33.613765716552734,0.0,0.0,0.0,0.0,1.0,0.0,0.0,0.0,0.0,5.025720119476318,0.0,0.0,0.0,32.100582122802734,64.63821411132812,32.100582122802734,60.3812141418457,0.0,0.0,0.0,2.9433956146240234,3.5402324199676514,5.1667866706848145,3.4939723014831543
71.0,2025-02-20 03:00:52.847754,93.5150375366211,93.53313446044922,2.976651668548584,36.445560455322266,1.0,1.0,1,1,,0,0,0,1,0,,0,0,,,,1,3.189842939376831,3.0540733337402344,94.3558120727539,29.3836727142334,76.24925231933594,29.34558868408203,89.81141662597656,31.992019653320312,31.092018127441406,0.0,0.0,0.0,48.356197357177734,1.0,0.0,0.0,0.0,1.0,5.0086188316345215,0.0,0.0,0.0,31.655471801757812,64.60800170898438,31.655471801757812,60.32893753051758,0.0,0.0,0.0,3.020573616027832,3.510014772415161,5.147221565246582,3.4231491088867188
72.0,2025-02-20 03:02:19.819829,93.48709106445312,93.50518035888672,2.9766645431518555,36.460391998291016,1.0,1.0,1,1,,0,0,0,1,0,,0,0,,,,1,3.2119269371032715,3.0946967601776123,94.26509857177734,29.419757843017578,76.23214721679688,29.381694793701172,89.87532043457031,32.02738952636719,31.127389907836914,0.0,0.0,0.0,48.34117889404297,1.0,0.0,0.0,0.0,1.0,4.991517066955566,0.0,0.0,0.0,31.678665161132812,64.5777816772461,31.678665161132812,60.259674072265625,0.0,0.0,0.0,3.0977091789245605,3.479797124862671,5.1274518966674805,3.351158857345581
73.0,2025-02-20 03:03:45.656466,93.79342651367188,93.81159973144531,2.97652268409729,36.29777526855469,1.0,1.0,1,1,,0,0,0,1,0,,0,0,,,,1,3.2324841022491455,3.1339104175567627,93.38243865966797,29.35810661315918,75.74478912353516,29.319000244140625,88.48102569580078,31.96457290649414,31.064573287963867,0.0,0.0,0.0,49.05250930786133,1.0,0.0,0.0,0.0,1.0,4.971972465515137,0.0,0.0,0.0,31.57794952392578,64.38980865478516,31.57794952392578,59.32780456542969,0.0,0.0,0.0,3.157717704772949,3.4462223052978516,5.103722095489502,3.2567012310028076
74.0,2025-02-20 03:05:11.546637,93.76718139648438,93.78535461425781,2.9765350818634033,36.31171417236328,1.0,1.0,1,1,,0,0,0,1,0,,0,0,,,,1,3.2530558109283447,3.1730525493621826,93.29226684570312,29.392518997192383,75.72525024414062,29.353425979614258,88.53321075439453,31.998319625854492,31.098318099975586,0.0,0.0,0.0,49.043094635009766,1.0,0.0,0.0,0.0,1.0,4.952428340911865,0.0,0.0,0.0,31.599655151367188,64.35623168945312,31.599655151367188,59.23713684082031,0.0,0.0,0.0,3.2177000045776367,3.4126474857330322,5.0797576904296875,3.161041498184204
75.0,2025-02-20 03:06:34.619710,93.74092864990234,93.75909423828125,2.9765472412109375,36.32565689086914,1.0,1.0,1,1,,0,0,0,1,0,,0,0,,,,1,3.2736423015594482,3.2121236324310303,93.20245361328125,29.426889419555664,75.70570373535156,29.38780975341797,88.58534240722656,32.03202438354492,31.13202476501465,0.0,0.0,0.0,49.03371810913086,1.0,0.0,0.0,0.0,1.0,4.932884216308594,0.0,0.0,0.0,31.621366500854492,64.32266235351562,31.621366500854492,59.1573600769043,0.0,0.0,0.0,3.277655839920044,3.379072427749634,5.055600643157959,3.065643548965454
76.0,2025-02-20 03:08:01.713077,93.71466827392578,93.73282623291016,2.9765594005584717,36.339599609375,1.0,1.0,1,1,,0,0,0,1,0,,0,0,,,,1,3.294243097305298,3.2511236667633057,93.11292266845703,29.461212158203125,75.6861572265625,29.422147750854492,88.63742065429688,32.0656852722168,31.165685653686523,0.0,0.0,0.0,49.02434539794922,1.0,0.0,0.0,0.0,1.0,4.913339614868164,0.0,0.0,0.0,31.643083572387695,64.2890853881836,31.643083572387695,59.07766342163086,0.0,0.0,0.0,3.337585210800171,3.3454976081848145,5.031252861022949,2.970505475997925
77.0,2025-02-20 03:09:27.264682,93.68840789794922,93.70655822753906,2.976571559906006,36.35354232788086,1.0,1.0,1,1,,0,0,0,1,0,,0,0,,,,1,3.3148579597473145,3.290053129196167,93.02366638183594,29.49549102783203,75.66661071777344,29.456439971923828,88.68949890136719,32.09930419921875,31.199304580688477,0.0,0.0,0.0,49.01494598388672,1.0,0.0,0.0,0.0,1.0,4.893795490264893,0.0,0.0,0.0,31.664806365966797,64.25550842285156,31.664806365966797,58.99797439575195,0.0,0.0,0.0,3.3974881172180176,3.311922788619995,5.006716728210449,2.875624179840088
78.0,2025-02-20 03:10:54.403207,93.66214752197266,93.68029022216797,2.97658371925354,36.367488861083984,1.0,1.0,1,1,,0,0,0,1,0,,0,0,,,,1,3.3354873657226562,3.3289122581481934,92.93468475341797,29.529722213745117,75.6470718383789,29.490686416625977,88.74153900146484,32.13288116455078,31.232879638671875,0.0,0.0,0.0,49.00553512573242,1.0,0.0,0.0,0.0,1.0,4.874250888824463,0.0,0.0,0.0,31.686534881591797,64.22193145751953,31.686534881591797,58.91830825805664,0.0,0.0,0.0,3.457364320755005,3.278347969055176,4.981993675231934,2.7809970378875732
79.0,2025-02-20 03:12:19.357580,93.63587188720703,93.65400695800781,2.976595878601074,36.38143539428711,1.0,1.0,1,1,,0,0,0,1,0,,0,0,,,,1,3.356130838394165,3.3677010536193848,92.84599304199219,29.56390953063965,75.62752532958984,29.524885177612305,88.79353332519531,32.166412353515625,31.26641082763672,0.0,0.0,0.0,48.996124267578125,1.0,0.0,0.0,0.0,1.0,4.854706764221191,0.0,0.0,0.0,31.708269119262695,64.18836212158203,31.708269119262695,58.83865737915039,0.0,0.0,0.0,3.517214298248291,3.2447731494903564,4.957085609436035,2.6866214275360107
80.0,2025-02-20 03:13:44.165727,93.6095962524414,93.62772369384766,2.9766080379486084,36.395381927490234,1.0,1.0,1,1,,0,0,0,1,0,,0,0,,,,1,3.3767881393432617,3.4064202308654785,92.75758361816406,29.59804916381836,75.60797882080078,29.559040069580078,88.8454818725586,32.19990158081055,31.29990005493164,0.0,0.0,0.0,48.98670959472656,1.0,0.0,0.0,0.0,1.0,4.83516263961792,0.0,0.0,0.0,31.730009078979492,64.15478515625,31.730009078979492,58.759029388427734,0.0,0.0,0.0,3.5770373344421387,3.211198091506958,4.931994915008545,2.5924949645996094
81.0,2025-02-20 03:15:08.566010,93.58332061767578,93.6014404296875,2.9766201972961426,36.40932846069336,1.0,1.0,1,1,,0,0,0,1,0,,0,0,,,,1,3.3974592685699463,3.4450695514678955,92.66944122314453,29.632144927978516,75.58843994140625,29.593149185180664,88.89742279052734,32.23334503173828,31.333345413208008,0.0,0.0,0.0,48.977272033691406,1.0,0.0,0.0,0.0,1.0,4.81561803817749,0.0,0.0,0.0,31.75175666809082,64.12120819091797,31.75175666809082,58.67942428588867,0.0,0.0,0.0,3.636833906173706,3.1776232719421387,4.9067230224609375,2.49861478805542
82.0,2025-02-20 03:16:31.511671,93.55703735351562,93.57514953613281,2.9766323566436768,36.423274993896484,1.0,1.0,1,1,,0,0,0,1,0,,0,0,,,,1,3.4181442260742188,3.483649730682373,92.58158111572266,29.666194915771484,75.56889343261719,29.627214431762695,88.94933319091797,32.266746520996094,31.36674690246582,0.0,0.0,0.0,48.96782302856445,1.0,0.0,0.0,0.0,1.0,4.796073913574219,0.0,0.0,0.0,31.773508071899414,64.08763885498047,31.773508071899414,58.599849700927734,0.0,0.0,0.0,3.696603775024414,3.1440484523773193,4.881272315979004,2.4049787521362305
83.0,2025-02-20 03:18:00.172162,93.53074645996094,93.5488510131836,2.976644515991211,36.437225341796875,1.0,1.0,1,1,,0,0,0,1,0,,0,0,,,,1,3.438843011856079,3.522160530090332,92.49400329589844,29.700199127197266,75.54935455322266,29.661231994628906,89.0011978149414,32.300106048583984,31.400104522705078,0.0,0.0,0.0,48.9583740234375,1.0,0.0,0.0,0.0,1.0,4.776529312133789,0.0,0.0,0.0,31.79526710510254,64.05406188964844,31.79526710510254,58.520301818847656,0.0,0.0,0.0,3.756347179412842,3.1104736328125,4.8556437492370605,2.31158447265625
84.0,2025-02-20 03:19:24.026157,93.50446319580078,93.5225601196289,2.976656675338745,36.451175689697266,1.0,1.0,1,1,,0,0,0,1,0,,0,0,,,,1,3.459555149078369,3.5606026649475098,92.40669250488281,29.734159469604492,75.5298080444336,29.695205688476562,89.05302429199219,32.33342361450195,31.433422088623047,0.0,0.0,0.0,48.948917388916016,1.0,0.0,0.0,0.0,1.0,4.756985187530518,0.0,0.0,0.0,31.81702995300293,64.0204849243164,31.81702995300293,58.4407844543457,0.0,0.0,0.0,3.81606388092041,3.0768988132476807,4.82983922958374,2.2184293270111084
85.0,2025-02-20 03:20:53.282535,94.02166748046875,94.0399169921875,2.976416826248169,36.176490783691406,1.0,1.0,1,1,,0,0,0,1,0,,0,0,,,,1,3.4776930809020996,3.597350835800171,90.67752838134766,29.660043716430664,74.85894012451172,29.62081527709961,88.62681579589844,32.24917221069336,31.349172592163086,0.0,0.0,0.0,49.134742736816406,1.0,0.0,0.0,0.0,1.0,4.734434604644775,0.0,0.0,0.0,31.64290428161621,63.279518127441406,31.64290428161621,58.303489685058594,0.0,0.0,0.0,3.8698441982269287,3.0308542251586914,4.803637981414795,2.1253390312194824
86.0,2025-02-20 03:22:20.762155,93.99806213378906,94.01630401611328,2.9764277935028076,36.18904113769531,1.0,1.0,1,1,,0,0,0,1,0,,0,0,,,,1,3.4958481788635254,3.6340255737304688,90.58657836914062,29.692115783691406,74.83638763427734,29.65289878845215,88.67406463623047,32.28059768676758,31.380598068237305,0.0,0.0,0.0,49.12675857543945,1.0,0.0,0.0,0.0,1.0,4.711884021759033,0.0,0.0,0.0,31.66225242614746,63.23347473144531,31.66225242614746,58.210426330566406,0.0,0.0,0.0,3.9236018657684326,2.984809637069702,4.7772216796875,2.030866861343384
87.0,2025-02-20 03:23:47.396892,93.97441864013672,93.9926528930664,2.9764387607574463,36.20160675048828,1.0,1.0,1,1,,0,0,0,1,0,,0,0,,,,1,3.5140202045440674,3.6706268787384033,90.49571228027344,29.724132537841797,74.81383514404297,29.684926986694336,88.72127532958984,32.31196975708008,31.41196632385254,0.0,0.0,0.0,49.11875915527344,1.0,0.0,0.0,0.0,1.0,4.689333438873291,0.0,0.0,0.0,31.68161392211914,63.18743133544922,31.68161392211914,58.12957000732422,0.0,0.0,0.0,3.977337121963501,2.938765287399292,4.750633239746094,1.9366296529769897
88.0,2025-02-20 03:25:12.150030,93.9507827758789,93.96900939941406,2.976449728012085,36.214168548583984,1.0,1.0,1,1,,0,0,0,1,0,,0,0,,,,1,3.5322091579437256,3.707155466079712,90.40514373779297,29.756101608276367,74.7912826538086,29.716909408569336,88.76844787597656,32.343292236328125,31.44329261779785,0.0,0.0,0.0,49.110755920410156,1.0,0.0,0.0,0.0,1.0,4.666782855987549,0.0,0.0,0.0,31.70098304748535,63.14138412475586,31.70098304748535,58.048831939697266,0.0,0.0,0.0,4.031049728393555,2.8927206993103027,4.723873138427734,1.842625617980957
89.0,2025-02-20 03:26:35.599890,93.9271240234375,93.94534301757812,2.9764606952667236,36.226741790771484,1.0,1.0,1,1,,0,0,0,1,0,,0,0,,,,1,3.550414800643921,3.7436110973358154,90.31490325927734,29.788022994995117,74.76873779296875,29.748844146728516,88.81558990478516,32.37457275390625,31.474573135375977,0.0,0.0,0.0,49.10274124145508,1.0,0.0,0.0,0.0,1.0,4.644232273101807,0.0,0.0,0.0,31.720361709594727,63.095340728759766,31.720361709594727,57.968135833740234,0.0,0.0,0.0,4.084739685058594,2.8466761112213135,4.696943759918213,1.7488523721694946
90.0,2025-02-20 03:27:57.582670,93.90347290039062,93.92168426513672,2.9764716625213623,36.23931121826172,1.0,1.0,1,1,,0,0,0,1,0,,0,0,,,,1,3.5686371326446533,3.779994249343872,90.2249526977539,29.819900512695312,74.74618530273438,29.780731201171875,88.86272430419922,32.40581130981445,31.505809783935547,0.0,0.0,0.0,49.094703674316406,1.0,0.0,0.0,0.0,1.0,4.6216816902160645,0.0,0.0,0.0,31.739749908447266,63.04929733276367,31.739749908447266,57.887481689453125,0.0,0.0,0.0,4.138407230377197,2.8006317615509033,4.669846057891846,1.6553077697753906
91.0,2025-02-20 03:29:21.729535,93.87980651855469,93.89801025390625,2.976482629776001,36.251888275146484,1.0,1.0,1,1,,0,0,0,1,0,,0,0,,,,1,3.5868756771087646,3.816305160522461,90.13533020019531,29.851730346679688,74.72364044189453,29.812572479248047,88.90979766845703,32.43700408935547,31.537002563476562,0.0,0.0,0.0,49.086666107177734,1.0,0.0,0.0,0.0,1.0,4.599131107330322,0.0,0.0,0.0,31.759145736694336,63.00325393676758,31.759145736694336,57.80686950683594,0.0,0.0,0.0,4.192051887512207,2.754587173461914,4.642581939697266,1.5619897842407227
92.0,2025-02-20 03:30:39.269974,93.85613250732422,93.87433624267578,2.9764938354492188,36.26446533203125,1.0,1.0,1,1,,0,0,0,1,0,,0,0,,,,1,3.605130910873413,3.8525443077087402,90.04601287841797,29.883512496948242,74.70108795166016,29.84436798095703,88.95687103271484,32.4681510925293,31.56814956665039,0.0,0.0,0.0,49.07861328125,1.0,0.0,0.0,0.0,1.0,4.57658052444458,0.0,0.0,0.0,31.778549194335938,62.957210540771484,31.778549194335938,57.72630310058594,0.0,0.0,0.0,4.245673656463623,2.708542823791504,4.6151533126831055,1.4688962697982788
93.0,2025-02-20 03:32:00.190486,94.45392608642578,94.47229766845703,2.9762156009674072,35.94650650024414,1.0,1.0,1,1,,0,0,0,1,0,,1,0,,,,1,3.6123952865600586,3.886153221130371,87.00625610351562,29.757884979248047,74.67853546142578,29.71883773803711,88.95648193359375,32.32262420654297,31.422622680664062,0.0,0.0,0.0,49.01251983642578,1.0,0.0,0.0,0.0,1.0,4.554029941558838,0.0,32.4251823425293,0.0,28.6706600189209,62.911163330078125,28.54766273498535,70.30794525146484,0.0,1.0,0.0,4.29910945892334,2.6624982357025146,4.644275188446045,1.5439727306365967
94.0,2025-02-20 03:33:20.352894,94.44114685058594,94.45951080322266,2.9762215614318848,35.95331573486328,1.0,1.0,1,1,,0,0,0,1,0,,1,0,,,,1,3.619703769683838,3.9196553230285645,86.87615203857422,29.785194396972656,74.6559829711914,29.74616050720215,89.00203704833984,32.34904861450195,31.449047088623047,0.0,0.0,0.0,49.00287628173828,1.0,0.0,0.0,0.0,1.0,4.531479358673096,0.0,32.41654586791992,0.0,28.68085289001465,62.86511993408203,28.55791664123535,70.3491439819336,0.0,1.0,0.0,4.352517604827881,2.6164536476135254,4.673426628112793,1.6167495250701904
95.0,2025-02-20 03:34:48.431696,94.42827606201172,94.44664001464844,2.9762275218963623,35.96017074584961,1.0,1.0,1,1,,0,0,0,1,0,,1,0,,,,1,3.627056837081909,3.9530515670776367,86.74671173095703,29.812458038330078,74.63343811035156,29.773439407348633,89.04757690429688,32.375431060791016,31.475431442260742,0.0,0.0,0.0,48.99321746826172,1.0,0.0,0.0,0.0,1.0,4.5089287757873535,0.0,32.40553283691406,0.0,28.69145393371582,62.81907653808594,28.56859588623047,70.39928436279297,0.0,1.0,0.0,4.4058990478515625,2.5704092979431152,4.702629089355469,1.6893740892410278
96.0,2025-02-20 03:36:12.916682,94.41536712646484,94.43372344970703,2.976233720779419,35.967041015625,1.0,1.0,1,1,,0,0,0,1,0,,1,0,,,,1,3.6344544887542725,3.986342191696167,86.61784362792969,29.839664459228516,74.61088562011719,29.8006591796875,89.09306335449219,32.401763916015625,31.50176239013672,0.0,0.0,0.0,48.98355484008789,1.0,0.0,0.0,0.0,1.0,4.486378192901611,0.0,32.394561767578125,0.0,28.702089309692383,62.77302932739258,28.579307556152344,70.44927215576172,0.0,1.0,0.0,4.459252834320068,2.524364709854126,4.731882572174072,1.7618476152420044
97.0,2025-02-20 03:37:36.730129,94.80607604980469,94.82454681396484,2.976051092147827,35.758872985839844,1.0,1.0,1,1,,0,0,0,1,0,,1,0,,,,1,3.6391751766204834,4.018311023712158,85.40931701660156,29.794042587280273,73.56491088867188,29.754615783691406,88.50434112548828,32.350528717041016,31.45052719116211,0.0,0.0,0.0,49.269412994384766,1.0,0.0,0.0,0.0,1.0,4.459693908691406,0.0,32.774192810058594,0.0,28.510665893554688,62.19923400878906,28.385204315185547,68.88505554199219,0.0,1.0,0.0,4.503971099853516,2.470646619796753,4.754670143127441,1.8051694631576538
98.0,2025-02-20 03:39:03.103779,94.18685150146484,94.20514678955078,2.9763400554656982,36.08864974975586,1.0,1.0,1,1,,0,0,0,0,0,,1,0,,,,1,3.6496212482452393,4.079737186431885,69.44090270996094,32.32964324951172,73.5382308959961,32.32964324951172,67.1222152709961,34.6147575378418,33.71475601196289,0.0,0.0,0.0,0.0,1.0,0.0,0.0,0.0,0.0,4.433009624481201,0.0,32.818904876708984,0.0,28.74302864074707,62.14551544189453,28.617250442504883,68.9541015625,0.0,1.0,0.0,4.409794807434082,2.41692852973938,4.777585506439209,1.8492724895477295
99.0,2025-02-20 03:40:28.281804,94.16567993164062,94.18396759033203,2.9763498306274414,36.09991455078125,1.0,1.0,1,1,,0,0,0,0,0,,1,0,,,,1,3.660139799118042,4.140964984893799,69.21626281738281,32.37123489379883,73.51155090332031,32.37123489379883,67.02761840820312,34.65517807006836,33.75517654418945,0.0,0.0,0.0,0.0,1.0,0.0,0.0,0.0,0.0,4.406325340270996,0.0,32.81599426269531,0.0,28.757593154907227,62.091800689697266,28.6318359375,68.97930145263672,0.0,1.0,0.0,4.315614700317383,2.363210439682007,4.800507068634033,1.8905274868011475
100.0,2025-02-20 03:41:55.721883,94.14436340332031,94.16264343261719,2.9763598442077637,36.11125183105469,1.0,1.0,1,1,,0,0,0,0,0,,1,0,,,,1,3.6707305908203125,4.2019944190979,68.9923324584961,32.41276550292969,73.48486328125,32.41276550292969,66.9334487915039,34.695552825927734,33.79555130004883,0.0,0.0,0.0,0.0,1.0,0.0,0.0,0.0,0.0,4.379641532897949,0.0,32.81129837036133,0.0,28.772525787353516,62.038082122802734,28.64680290222168,69.01139068603516,0.0,1.0,0.0,4.221434593200684,2.309492349624634,4.823454856872559,1.931712031364441
101.0,2025-02-20 03:43:21.962703,94.12298583984375,94.14126586914062,2.976369857788086,36.12261962890625,1.0,1.0,1,1,,0,0,0,0,0,,1,0,,,,1,3.681393623352051,4.262826442718506,68.76913452148438,32.454219818115234,73.45818328857422,32.454219818115234,66.83927917480469,34.7358512878418,33.83584976196289,0.0,0.0,0.0,0.0,1.0,0.0,0.0,0.0,0.0,4.352957248687744,0.0,32.806671142578125,0.0,28.787521362304688,61.9843635559082,28.661828994750977,69.04327392578125,0.0,1.0,0.0,4.127254486083984,2.2557742595672607,4.8464274406433105,1.972827672958374
102.0,2025-02-20 03:44:49.256005,94.10153198242188,94.11980438232422,2.976379871368408,36.134029388427734,1.0,1.0,1,1,,0,0,0,0,0,,1,0,,,,1,3.6921286582946777,4.323462009429932,68.54669952392578,32.4955940246582,73.4314956665039,32.4955940246582,66.74508666992188,34.77608108520508,33.87607955932617,0.0,0.0,0.0,0.0,1.0,0.0,0.0,0.0,0.0,4.326272964477539,0.0,32.80207061767578,0.0,28.802583694458008,61.93064498901367,28.676925659179688,69.07514190673828,0.0,1.0,0.0,4.033074378967285,2.2020561695098877,4.869425296783447,2.0138747692108154
103.0,2025-02-20 03:46:13.364183,94.07999420166016,94.09825897216797,2.9763898849487305,36.14548110961914,1.0,1.0,1,1,,0,0,0,0,0,,1,0,,,,1,3.702934741973877,4.383901119232178,68.32500457763672,32.536895751953125,73.40481567382812,32.536895751953125,66.65091705322266,34.81624221801758,33.91624069213867,0.0,0.0,0.0,0.0,1.0,0.0,0.0,0.0,0.0,4.299588680267334,0.0,32.797489166259766,0.0,28.81771469116211,61.876930236816406,28.692089080810547,69.10699462890625,0.0,1.0,0.0,3.938894748687744,2.1483380794525146,4.8924479484558105,2.0548534393310547
104.0,2025-02-20 03:47:37.804056,94.05840301513672,94.07666015625,2.9763998985290527,36.15696334838867,1.0,1.0,1,1,,0,0,0,0,0,,1,0,,,,1,3.7138121128082275,4.4441447257995605,68.10404968261719,32.5781135559082,73.37812805175781,32.5781135559082,66.5567398071289,34.856327056884766,33.95632553100586,0.0,0.0,0.0,0.0,1.0,0.0,0.0,0.0,0.0,4.272904396057129,0.0,32.792930603027344,0.0,28.83291244506836,61.823211669921875,28.707319259643555,69.13882446289062,0.0,1.0,0.0,3.844714641571045,2.0946199893951416,4.9154953956604,2.095764398574829
105.0,2025-02-20 03:49:04.969271,94.03672790527344,94.05497741699219,2.976409912109375,36.168487548828125,1.0,1.0,1,1,,0,0,0,0,0,,1,0,,,,1,3.7247602939605713,4.5041937828063965,67.88383483886719,32.619258880615234,73.35144805908203,32.619258880615234,66.46256256103516,34.89634323120117,33.99634552001953,0.0,0.0,0.0,0.0,1.0,0.0,0.0,0.0,0.0,4.246220111846924,0.0,32.788394927978516,0.0,28.84817886352539,61.769493103027344,28.72261619567871,69.17064666748047,0.0,1.0,0.0,3.750534772872925,2.0409018993377686,4.938567638397217,2.1366076469421387
106.0,2025-02-20 03:50:31.274502,94.0149917602539,94.03323364257812,2.9764199256896973,36.1800422668457,1.0,1.0,1,1,,0,0,0,0,0,,1,0,,,,1,3.73577880859375,4.564048767089844,67.66436004638672,32.66032028198242,73.32476043701172,32.66032028198242,66.36837768554688,34.9362907409668,34.03628921508789,0.0,0.0,0.0,0.0,1.0,0.0,0.0,0.0,0.0,4.219536304473877,0.0,32.783878326416016,0.0,28.863510131835938,61.71577453613281,28.737979888916016,69.20244598388672,0.0,1.0,0.0,3.6563549041748047,1.987183928489685,4.961664199829102,2.1773838996887207
107.0,2025-02-20 03:51:57.660871,93.99317932128906,94.01141357421875,2.9764301776885986,36.1916389465332,1.0,1.0,1,1,,0,0,0,0,0,,1,0,,,,1,3.7468671798706055,4.623709678649902,67.44562530517578,32.7013053894043,73.29808044433594,32.7013053894043,66.27420806884766,34.976165771484375,34.07616424560547,0.0,0.0,0.0,0.0,1.0,0.0,0.0,0.0,0.0,4.192852020263672,0.0,32.779388427734375,0.0,28.87890625,61.66205978393555,28.753408432006836,69.2342300415039,0.0,1.0,0.0,3.5621750354766846,1.933465838432312,4.984785556793213,2.218093156814575
108.0,2025-02-20 03:53:22.424200,93.97128295898438,93.98951721191406,2.976440191268921,36.20327377319336,1.0,1.0,1,1,,0,0,0,0,0,,1,0,,,,1,3.7580254077911377,4.683178424835205,67.22764587402344,32.74221420288086,73.27139282226562,32.74221420288086,66.18002319335938,35.015968322753906,34.115966796875,0.0,0.0,0.0,0.0,1.0,0.0,0.0,0.0,0.0,4.166167736053467,0.0,32.7749137878418,0.0,28.89436912536621,61.608341217041016,28.768903732299805,69.26599884033203,0.0,1.0,0.0,3.4679951667785645,1.879747748374939,5.007930755615234,2.2587358951568604
109.0,2025-02-20 03:54:46.204578,94.67327117919922,94.69170379638672,2.9761133193969727,35.82966613769531,1.0,1.0,1,1,,0,0,0,0,0,,1,0,,,,1,3.765044927597046,4.740702152252197,65.02893829345703,32.615455627441406,71.67501831054688,32.615455627441406,64.48233032226562,34.87823486328125,33.978233337402344,0.0,0.0,0.0,0.0,1.0,0.0,0.0,0.0,0.0,4.134034633636475,0.0,32.93120193481445,0.0,28.601966857910156,61.32059097290039,28.47538948059082,68.40181732177734,0.0,1.0,0.0,3.358200788497925,1.822912335395813,5.026706218719482,2.2824172973632812
110.0,2025-02-20 03:56:08.947015,94.65646362304688,94.67489624023438,2.976121187210083,35.838623046875,1.0,1.0,1,1,,0,0,0,0,0,,1,0,,,,1,3.772144079208374,4.7980170249938965,64.79329681396484,32.6533317565918,71.64287567138672,32.6533317565918,64.37252044677734,34.91495132446289,34.014949798583984,0.0,0.0,0.0,0.0,1.0,0.0,0.0,0.0,0.0,4.101901531219482,0.0,32.92887496948242,0.0,28.612483978271484,61.263755798339844,28.485923767089844,68.4208755493164,0.0,1.0,0.0,3.248406171798706,1.7660768032073975,5.045483112335205,2.3053972721099854
111.0,2025-02-20 03:57:31.857479,94.63956451416016,94.65798950195312,2.9761290550231934,35.847625732421875,1.0,1.0,1,1,,0,0,0,0,0,,1,0,,,,1,3.779322862625122,4.855124473571777,64.55851745605469,32.691131591796875,71.61074829101562,32.691131591796875,64.26290130615234,34.951602935791016,34.05160140991211,0.0,0.0,0.0,0.0,1.0,0.0,0.0,0.0,0.0,4.06976842880249,0.0,32.92633819580078,0.0,28.62312126159668,61.2069206237793,28.496580123901367,68.4408187866211,0.0,1.0,0.0,3.138613224029541,1.7092413902282715,5.064263343811035,2.3283491134643555
112.0,2025-02-20 03:58:53.182825,94.6225814819336,94.64099884033203,2.9761369228363037,35.8566780090332,1.0,1.0,1,1,,0,0,0,0,0,,1,0,,,,1,3.7865803241729736,4.912024974822998,64.3245849609375,32.728851318359375,71.57862091064453,32.728851318359375,64.15328979492188,34.988182067871094,34.08818054199219,0.0,0.0,0.0,0.0,1.0,0.0,0.0,0.0,0.0,4.037635326385498,0.0,32.923828125,0.0,28.63384246826172,61.15008544921875,28.507320404052734,68.46076202392578,0.0,1.0,0.0,3.0288214683532715,1.6524059772491455,5.083047389984131,2.3512730598449707
113.0,2025-02-20 04:00:17.545101,94.60549926757812,94.62391662597656,2.976145029067993,35.86577606201172,1.0,1.0,1,1,,0,0,0,0,0,,1,0,,,,1,3.7939162254333496,4.968719482421875,64.09149169921875,32.76649856567383,71.5464859008789,32.76649856567383,64.043701171875,35.02469253540039,34.124691009521484,0.0,0.0,0.0,0.0,1.0,0.0,0.0,0.0,0.0,4.005502223968506,0.0,32.92133712768555,0.0,28.6446475982666,61.0932502746582,28.51814079284668,68.48070526123047,0.0,1.0,0.0,2.9190316200256348,1.5955705642700195,5.101835250854492,2.374169111251831
114.0,2025-02-20 04:01:47.795971,95.11751556396484,95.13607788085938,2.975905179977417,35.59272003173828,1.0,1.0,1,1,,0,0,0,1,0,,1,0,,,,1,3.7955729961395264,4.994523525238037,79.72394561767578,30.444091796875,71.51435089111328,30.402742385864258,86.6533203125,32.97508239746094,32.07508087158203,0.0,0.0,0.0,50.55300521850586,1.0,0.0,0.0,0.0,1.0,3.9733693599700928,0.0,32.87982177734375,0.0,28.48972511291504,61.036415100097656,28.363513946533203,68.47797393798828,0.0,1.0,0.0,2.9517149925231934,1.5387351512908936,5.12055778503418,2.397563934326172
115.0,2025-02-20 04:03:13.357910,95.11210632324219,95.13067626953125,2.975907802581787,35.595603942871094,1.0,1.0,1,1,,0,0,0,1,0,,1,0,,,,1,3.797278642654419,5.020213603973389,79.59054565429688,30.464488983154297,71.48221588134766,30.423145294189453,86.68258666992188,32.994667053222656,32.09466552734375,0.0,0.0,0.0,50.54853439331055,1.0,0.0,0.0,0.0,1.0,3.9412362575531006,0.0,32.876888275146484,0.0,28.492673873901367,60.979583740234375,28.366485595703125,68.4916763305664,0.0,1.0,0.0,2.9843854904174805,1.481899619102478,5.139264106750488,2.417782783508301
116.0,2025-02-20 04:04:40.147776,95.41643524169922,95.43508911132812,2.975764751434326,35.43305969238281,1.0,1.0,1,1,,0,0,0,1,1,,1,0,,,,1,3.786627769470215,5.044315814971924,77.7659912109375,30.41693878173828,71.45008850097656,30.375638961791992,86.69294738769531,32.93635559082031,32.036354064941406,0.0,0.0,0.0,50.51939392089844,1.0,0.0,0.0,0.0,1.0,3.9091031551361084,35.81452560424805,31.188121795654297,0.0,21.55526351928711,82.10787200927734,21.440814971923828,67.51679992675781,1.0,1.0,0.0,3.0169742107391357,1.5218300819396973,5.154730319976807,2.432927131652832
117.0,2025-02-20 04:06:07.904724,95.4209213256836,95.4395751953125,2.9757628440856934,35.4306640625,1.0,1.0,1,1,,0,0,0,1,1,,1,0,,,,1,3.7760579586029053,5.068262100219727,77.58477020263672,30.434091567993164,71.41795349121094,30.392799377441406,86.72123718261719,32.952430725097656,32.05242919921875,0.0,0.0,0.0,50.51378631591797,1.0,0.0,0.0,0.0,1.0,3.8769702911376953,35.79996871948242,31.18468475341797,0.0,21.552709579467773,82.13107299804688,21.438283920288086,67.52593231201172,1.0,1.0,0.0,3.049546718597412,1.5617212057113647,5.1701741218566895,2.4449081420898438
118.0,2025-02-20 04:07:35.747412,95.42534637451172,95.44400024414062,2.9757606983184814,35.42829895019531,1.0,1.0,1,1,,0,0,0,1,1,,1,0,,,,1,3.7655694484710693,5.0920538902282715,77.40410614013672,30.451168060302734,71.38582611083984,30.40988540649414,86.74951171875,32.96843719482422,32.06843566894531,0.0,0.0,0.0,50.508148193359375,1.0,0.0,0.0,0.0,1.0,3.844837188720703,35.78548049926758,31.180665969848633,0.0,21.550331115722656,82.1543197631836,21.43593406677246,67.53721618652344,1.0,1.0,0.0,3.082103729248047,1.60157310962677,5.185603141784668,2.456878900527954
119.0,2025-02-20 04:09:00.500994,95.42972564697266,95.4483871459961,2.9757585525512695,35.42595672607422,1.0,1.0,1,1,,0,0,0,1,1,,1,0,,,,1,3.7551615238189697,5.115691661834717,77.22418975830078,30.468158721923828,71.35369110107422,30.426883697509766,86.7777328491211,32.98435974121094,32.0843620300293,0.0,0.0,0.0,50.50249099731445,1.0,0.0,0.0,0.0,1.0,3.812704086303711,35.770999908447266,31.176738739013672,0.0,21.547971725463867,82.17754364013672,21.4335994720459,67.54820251464844,1.0,1.0,0.0,3.1146445274353027,1.6413859128952026,5.201016902923584,2.468841791152954
120.0,2025-02-20 04:10:30.842841,95.4340591430664,95.45271301269531,2.9757566452026367,35.423641204833984,1.0,1.0,1,1,,0,0,0,1,1,,1,0,,,,1,3.7448339462280273,5.139175891876221,77.0450210571289,30.485065460205078,71.3215560913086,30.44379997253418,86.80593872070312,33.00020980834961,32.1002082824707,0.0,0.0,0.0,50.49679946899414,1.0,0.0,0.0,0.0,1.0,3.7805709838867188,35.75654220581055,31.172821044921875,0.0,21.5456485748291,82.20075225830078,21.431303024291992,67.55919647216797,1.0,1.0,0.0,3.147169351577759,1.6811596155166626,5.216414451599121,2.4807963371276855
121.0,2025-02-20 04:11:53.560663,95.56658172607422,95.58528137207031,2.975694179534912,35.3527946472168,1.0,1.0,1,1,,0,0,0,1,1,,1,0,,,,1,3.7337160110473633,5.161796569824219,76.548828125,30.46782112121582,70.0639419555664,30.425827026367188,85.82846069335938,32.983489990234375,32.08348846435547,0.0,0.0,0.0,50.976959228515625,1.0,0.0,0.0,0.0,1.0,3.744680166244507,36.0339469909668,31.188207626342773,0.0,21.3979434967041,81.5607681274414,21.28349494934082,67.35919189453125,1.0,1.0,0.0,3.1616671085357666,1.7123305797576904,5.230403900146484,2.4894344806671143
122.0,2025-02-20 04:13:18.249652,95.57164764404297,95.59034729003906,2.975691795349121,35.3500862121582,1.0,1.0,1,1,,0,0,0,1,1,,1,0,,,,1,3.722676992416382,5.18425989151001,76.3715591430664,30.48373794555664,70.0280532836914,30.441741943359375,85.84333038330078,32.99840545654297,32.09840393066406,0.0,0.0,0.0,50.97743225097656,1.0,0.0,0.0,0.0,1.0,3.708789348602295,36.021915435791016,31.185047149658203,0.0,21.394264221191406,81.57852172851562,21.279836654663086,67.36625671386719,1.0,1.0,0.0,3.176166296005249,1.7434691190719604,5.244367599487305,2.4955508708953857
123.0,2025-02-20 04:14:45.391066,95.57666778564453,95.59536743164062,2.97568941116333,35.34740447998047,1.0,1.0,1,1,,0,0,0,1,1,,1,0,,,,1,3.711716890335083,5.206566333770752,76.1948471069336,30.499576568603516,69.9921646118164,30.457578659057617,85.85816955566406,33.01325225830078,32.113250732421875,0.0,0.0,0.0,50.97792434692383,1.0,0.0,0.0,0.0,1.0,3.672898530960083,36.00991439819336,31.18179702758789,0.0,21.39063835144043,81.59626770019531,21.276233673095703,67.3736801147461,1.0,1.0,0.0,3.190666675567627,1.774575114250183,5.25830602645874,2.501676321029663
124.0,2025-02-20 04:16:16.589960,95.58163452148438,95.60033416748047,2.975687026977539,35.344749450683594,1.0,1.0,1,1,,0,0,0,1,1,,1,0,,,,1,3.7008349895477295,5.228716850280762,76.0188980102539,30.51532745361328,69.95626831054688,30.473329544067383,85.87300109863281,33.02801513671875,32.128013610839844,0.0,0.0,0.0,50.9783821105957,1.0,0.0,0.0,0.0,1.0,3.637007474899292,35.9979248046875,31.178607940673828,0.0,21.387035369873047,81.61400604248047,21.27265167236328,67.38091278076172,1.0,1.0,0.0,3.2051682472229004,1.8056488037109375,5.272219657897949,2.507812261581421
125.0,2025-02-20 04:17:42.580906,95.5865707397461,95.60527038574219,2.975684642791748,35.34210968017578,1.0,1.0,1,1,,0,0,0,1,1,,1,0,,,,1,3.6900312900543213,5.250711917877197,75.84371185302734,30.530990600585938,69.92037200927734,30.48899269104004,85.88780212402344,33.04269790649414,32.142696380615234,0.0,0.0,0.0,50.97880935668945,1.0,0.0,0.0,0.0,1.0,3.60111665725708,35.98595428466797,31.17542839050293,0.0,21.383468627929688,81.6317367553711,21.269107818603516,67.38815307617188,1.0,1.0,0.0,3.2196712493896484,1.836690068244934,5.286108016967773,2.513958692550659
126.0,2025-02-20 04:19:10.106752,95.59144592285156,95.61015319824219,2.975682497024536,35.33949661254883,1.0,1.0,1,1,,0,0,0,1,1,,1,0,,,,1,3.679305076599121,5.272552490234375,75.66930389404297,30.546566009521484,69.88449096679688,30.504568099975586,85.90258026123047,33.05730056762695,32.15729904174805,0.0,0.0,0.0,50.97920608520508,1.0,0.0,0.0,0.0,1.0,3.565225839614868,35.974002838134766,31.172256469726562,0.0,21.37993812561035,81.64946746826172,21.26559829711914,67.39540100097656,1.0,1.0,0.0,3.234175205230713,1.867699146270752,5.299971580505371,2.520115375518799
127.0,2025-02-20 04:20:39.513634,95.5962905883789,95.61499786376953,2.975680112838745,35.336910247802734,1.0,1.0,1,1,,0,0,0,1,1,,1,0,,,,1,3.668656349182129,5.294239044189453,75.49565887451172,30.562055587768555,69.84859466552734,30.520057678222656,85.91734313964844,33.07181930541992,32.17182159423828,0.0,0.0,0.0,50.97956466674805,1.0,0.0,0.0,0.0,1.0,3.5293350219726562,35.96207046508789,31.16909408569336,0.0,21.37644386291504,81.66718292236328,21.26212501525879,67.40264892578125,1.0,1.0,0.0,3.248680353164673,1.8986759185791016,5.313809871673584,2.526282548904419
128.0,2025-02-20 04:22:02.921605,95.6010971069336,95.61980438232422,2.975677967071533,35.3343391418457,1.0,1.0,1,1,,0,0,0,1,1,,1,0,,,,1,3.6580848693847656,5.315772533416748,75.3227767944336,30.57745933532715,69.81270599365234,30.535459518432617,85.93206787109375,33.08626174926758,32.18626022338867,0.0,0.0,0.0,50.97990417480469,1.0,0.0,0.0,0.0,1.0,3.4934439659118652,35.950157165527344,31.165939331054688,0.0,21.372983932495117,81.68489837646484,21.258686065673828,67.40990447998047,1.0,1.0,0.0,3.26318621635437,1.9296205043792725,5.32762336730957,2.5324599742889404
129.0,2025-02-20 04:23:31.002715,95.60585021972656,95.62455749511719,2.975675582885742,35.3317985534668,1.0,1.0,1,1,,0,0,0,1,1,,1,0,,,,1,3.647589683532715,5.337153434753418,75.15067291259766,30.592777252197266,69.77681732177734,30.5507755279541,85.94678497314453,33.10062026977539,32.200618743896484,0.0,0.0,0.0,50.980201721191406,1.0,0.0,0.0,0.0,1.0,3.4575531482696533,35.938262939453125,31.16279411315918,0.0,21.36956024169922,81.70260620117188,21.25528335571289,67.41716766357422,1.0,1.0,0.0,3.277693033218384,1.9605329036712646,5.341411590576172,2.538647413253784
130.0,2025-02-20 04:24:57.804899,95.61056518554688,95.6292724609375,2.9756734371185303,35.32927703857422,1.0,1.0,1,1,,0,0,0,1,1,,1,0,,,,1,3.6371710300445557,5.358382701873779,74.97933197021484,30.608007431030273,69.74092864990234,30.566007614135742,85.96147918701172,33.11490249633789,32.214900970458984,0.0,0.0,0.0,50.98046875,1.0,0.0,0.0,0.0,1.0,3.4216623306274414,35.926387786865234,31.159656524658203,0.0,21.36617088317871,81.72030639648438,21.251916885375977,67.42443084716797,1.0,1.0,0.0,3.2922003269195557,1.9914132356643677,5.355175495147705,2.5448453426361084
131.0,2025-02-20 04:26:28.853093,95.615234375,95.63394165039062,2.9756712913513184,35.326778411865234,1.0,1.0,1,1,,0,0,0,1,1,,1,0,,,,1,3.62682843208313,5.379460334777832,74.80876922607422,30.623153686523438,69.70503997802734,30.581151962280273,85.97616577148438,33.12910079956055,32.22909927368164,0.0,0.0,0.0,50.98069381713867,1.0,0.0,0.0,0.0,1.0,3.3857715129852295,35.91453170776367,31.15652847290039,0.0,21.362817764282227,81.73799896240234,21.248584747314453,67.43170166015625,1.0,1.0,0.0,3.306708574295044,2.022261619567871,5.368914604187012,2.551053285598755
132.0,2025-02-20 04:27:51.495448,95.61986541748047,95.63858032226562,2.9756691455841064,35.324302673339844,1.0,1.0,1,1,,0,0,0,1,1,,1,0,,,,1,3.6165614128112793,5.400388240814209,74.63896942138672,30.638212203979492,69.66915130615234,30.596210479736328,85.99081420898438,33.14322280883789,32.243221282958984,0.0,0.0,0.0,50.980899810791016,1.0,0.0,0.0,0.0,1.0,3.3498806953430176,35.90269470214844,31.153409957885742,0.0,21.359500885009766,81.75568389892578,21.24528694152832,67.43897247314453,1.0,1.0,0.0,3.3212172985076904,2.0530779361724854,5.38262939453125,2.5572712421417236
133.0,2025-02-20 04:29:12.384770,95.46129608154297,95.47996520996094,2.9757437705993652,35.40908432006836,1.0,1.0,1,1,,0,0,0,1,1,,1,0,,,,1,3.6073319911956787,5.421516418457031,75.04692840576172,30.665935516357422,70.01300048828125,30.623659133911133,85.65275573730469,33.17447280883789,32.274471282958984,0.0,0.0,0.0,51.161888122558594,1.0,0.0,0.0,0.0,1.0,3.315117120742798,35.94688415527344,31.2568302154541,0.0,21.396921157836914,81.71499633789062,21.282005310058594,67.12448120117188,1.0,1.0,0.0,3.3280367851257324,2.0828146934509277,5.393711090087891,2.55550217628479
134.0,2025-02-20 04:30:35.766725,95.46515655517578,95.48381805419922,2.9757418632507324,35.407020568847656,1.0,1.0,1,1,,0,0,0,1,1,,1,0,,,,1,3.598174571990967,5.4424967765808105,74.88238525390625,30.681079864501953,69.97824096679688,30.638797760009766,85.66165924072266,33.188724517822266,32.28872299194336,0.0,0.0,0.0,51.16496658325195,1.0,0.0,0.0,0.0,1.0,3.280353546142578,35.935482025146484,31.255477905273438,0.0,21.393760681152344,81.73210144042969,21.278854370117188,67.12593078613281,1.0,1.0,0.0,3.334864854812622,2.112520456314087,5.404751300811768,2.551076889038086
135.0,2025-02-20 04:31:58.226957,95.4689712524414,95.48764038085938,2.9757401943206787,35.40497970581055,1.0,1.0,1,1,,0,0,0,1,1,,1,0,,,,1,3.5890889167785645,5.463328838348389,74.7183609008789,30.696149826049805,69.9434814453125,30.65386199951172,85.67057800292969,33.20290756225586,32.30290603637695,0.0,0.0,0.0,51.167999267578125,1.0,0.0,0.0,0.0,1.0,3.2455902099609375,35.924076080322266,31.254350662231445,0.0,21.39057731628418,81.74918365478516,21.275678634643555,67.12659454345703,1.0,1.0,0.0,3.3417015075683594,2.142195701599121,5.415747165679932,2.546704053878784
136.0,2025-02-20 04:33:23.340857,95.47274017333984,95.49140930175781,2.975738286972046,35.4029655456543,1.0,1.0,1,1,,0,0,0,1,1,,1,0,,,,1,3.5800750255584717,5.484014511108398,74.55512237548828,30.71113395690918,69.9087142944336,30.668842315673828,85.6794662475586,33.217010498046875,32.31700897216797,0.0,0.0,0.0,51.1710090637207,1.0,0.0,0.0,0.0,1.0,3.2108266353607178,35.91269302368164,31.253158569335938,0.0,21.387447357177734,81.7662582397461,21.27255630493164,67.12752532958984,1.0,1.0,0.0,3.3485465049743652,2.171839952468872,5.426699638366699,2.5423812866210938
137.0,2025-02-20 04:34:52.490519,95.47648620605469,95.49515533447266,2.975736618041992,35.400962829589844,1.0,1.0,1,1,,0,0,0,1,1,,1,0,,,,1,3.571131944656372,5.504553318023682,74.39263153076172,30.726036071777344,69.87395477294922,30.683740615844727,85.68834686279297,33.23103332519531,32.331031799316406,0.0,0.0,0.0,51.17397689819336,1.0,0.0,0.0,0.0,1.0,3.176063060760498,35.901329040527344,31.251968383789062,0.0,21.38435173034668,81.78333282470703,21.269468307495117,67.12848663330078,1.0,1.0,0.0,3.3554000854492188,2.201453685760498,5.43760871887207,2.5381081104278564
138.0,2025-02-20 04:36:18.432529,92.19393157958984,92.2116470336914,2.9772589206695557,37.144744873046875,1.0,1.0,1,1,,0,0,0,1,1,,1,0,,,,0,3.5884246826171875,5.460026264190674,0.0,28.492223739624023,69.83918762207031,28.451200485229492,85.1300048828125,40.449729919433594,29.86974334716797,0.0,0.0,0.0,50.33674240112305,0.0,0.0,0.0,0.0,1.0,3.1412997245788574,36.206565856933594,31.48318862915039,0.0,22.296789169311523,82.15217590332031,22.180328369140625,67.24836730957031,1.0,1.0,0.0,3.359893321990967,2.2318918704986572,5.44896936416626,2.5383832454681396
139.0,2025-02-20 04:37:40.312162,92.17607116699219,92.19377899169922,2.977267026901245,37.1541748046875,1.0,1.0,1,1,,0,0,0,1,1,,1,0,,,,0,3.6057040691375732,5.415515422821045,0.0,28.449033737182617,69.8044204711914,28.408037185668945,85.12248229980469,40.46476745605469,29.82642936706543,0.0,0.0,0.0,50.31868362426758,0.0,0.0,0.0,0.0,1.0,3.1065361499786377,36.201820373535156,31.486351013183594,0.0,22.31340789794922,82.17731475830078,22.196924209594727,67.25408935546875,1.0,1.0,0.0,3.364335775375366,2.262317419052124,5.460305690765381,2.5352847576141357
140.0,2025-02-20 04:39:11.036901,92.15821838378906,92.1759262084961,2.9772751331329346,37.163597106933594,1.0,1.0,1,1,,0,0,0,1,1,,1,0,,,,0,3.62296986579895,5.371020793914795,0.0,28.405858993530273,69.76966094970703,28.36488914489746,85.11490631103516,40.47978210449219,29.78312873840332,0.0,0.0,0.0,50.30064010620117,0.0,0.0,0.0,0.0,1.0,3.071772575378418,36.1970329284668,31.48999786376953,0.0,22.329891204833984,82.202392578125,22.213382720947266,67.25801086425781,1.0,1.0,0.0,3.368727207183838,2.2927298545837402,5.4716105461120605,2.532256603240967
141.0,2025-02-20 04:40:35.832896,92.14039611816406,92.1581039428711,2.977283477783203,37.17300033569336,1.0,1.0,1,1,,0,0,0,1,1,,1,0,,,,0,3.6402223110198975,5.326541900634766,0.0,28.362695693969727,69.73489379882812,28.321754455566406,85.10729217529297,40.49478530883789,29.739843368530273,0.0,0.0,0.0,50.282615661621094,0.0,0.0,0.0,0.0,1.0,3.0370090007781982,36.1922492980957,31.49354362487793,0.0,22.346385955810547,82.22747039794922,22.2298526763916,67.26228332519531,1.0,1.0,0.0,3.373067855834961,2.323129653930664,5.482885360717773,2.5292961597442627
142.0,2025-02-20 04:43:23.595921,92.1047592163086,92.12245178222656,2.977299690246582,37.191810607910156,1.0,1.0,1,1,,0,0,0,1,1,,1,0,,,,0,3.666476011276245,5.25881814956665,0.0,28.276418685913086,69.66537475585938,28.235530853271484,85.09197998046875,40.52476119995117,29.653316497802734,0.0,0.0,0.0,50.24660110473633,0.0,0.0,0.0,0.0,1.0,2.9840526580810547,36.18268966674805,31.500600814819336,0.0,22.379350662231445,82.277587890625,22.26276969909668,67.27091979980469,1.0,1.0,0.0,3.3795759677886963,2.3694119453430176,5.5,2.52492356300354
143.0,2025-02-20 04:44:47.231938,92.08434295654297,92.1020278930664,2.977308988571167,37.20258331298828,1.0,1.0,1,1,,0,0,0,1,1,,1,0,,,,0,3.6747443675994873,5.2233476638793945,0.0,24.94282341003418,86.82386016845703,25.010841369628906,84.28008270263672,40.54193878173828,26.725261688232422,35.12712478637695,0.0,0.0,48.99580383300781,0.0,1.0,0.0,0.0,1.0,3.001408815383911,36.21327590942383,31.119911193847656,0.0,22.48567008972168,82.32762908935547,22.371685028076172,68.67877960205078,1.0,1.0,0.0,3.379915952682495,2.383929491043091,5.5,2.531157970428467
144.0,2025-02-20 04:46:11.939455,92.07579803466797,92.0934829711914,2.9773128032684326,37.20709228515625,1.0,1.0,1,1,,0,0,0,1,1,,1,0,,,,0,3.6920840740203857,5.148962020874023,0.0,24.911026000976562,86.82369232177734,24.978958129882812,84.27230072021484,40.54911804199219,26.69302749633789,35.10874938964844,0.0,0.0,48.98305892944336,0.0,1.0,0.0,0.0,1.0,3.037782669067383,36.21099090576172,31.121740341186523,0.0,22.4935302734375,82.33959197998047,22.379533767700195,68.68043518066406,1.0,1.0,0.0,3.3805928230285645,2.414379835128784,5.5,2.540757417678833
145.0,2025-02-20 04:47:35.708973,93.03250122070312,93.05046081542969,2.976874351501465,36.701351165771484,1.0,1.0,1,1,,0,0,0,1,1,,1,0,,,,0,3.7049012184143066,5.075146675109863,0.0,24.912755966186523,87.54589080810547,24.97865104675293,84.693115234375,40.03082275390625,26.685518264770508,34.687007904052734,0.0,0.0,48.7593879699707,0.0,1.0,0.0,0.0,1.0,3.076120376586914,36.14867401123047,31.105438232421875,0.0,22.05733299255371,82.01493835449219,21.943445205688477,68.29947662353516,1.0,1.0,0.0,3.3915719985961914,2.441784143447876,5.5,2.5465688705444336
146.0,2025-02-20 04:48:58.282623,93.01902770996094,93.03697967529297,2.9768805503845215,36.70848846435547,1.0,1.0,1,1,,0,0,0,1,1,,1,0,,,,0,3.7177090644836426,5.001392841339111,0.0,24.847015380859375,87.54601287841797,24.912738800048828,84.68380737304688,40.04217529296875,26.61882781982422,34.64818572998047,0.0,0.0,48.729209899902344,0.0,1.0,0.0,0.0,1.0,3.114379644393921,36.14366912841797,31.10755157470703,0.0,22.070255279541016,82.03682708740234,21.95635414123535,68.30524444580078,1.0,1.0,0.0,3.402466058731079,2.469174861907959,5.5,2.5496129989624023
147.0,2025-02-20 04:50:22.339755,93.00556945800781,93.02352142333984,2.976886749267578,36.715614318847656,1.0,1.0,1,1,,0,0,0,1,1,,1,0,,,,0,3.7305073738098145,4.927700042724609,0.0,24.78133201599121,87.54611206054688,24.846879959106445,84.67445373535156,40.05351638793945,26.552196502685547,34.60933303833008,0.0,0.0,48.699039459228516,0.0,1.0,0.0,0.0,1.0,3.152559995651245,36.13865280151367,31.10974884033203,0.0,22.083147048950195,82.05870056152344,21.96923065185547,68.3106918334961,1.0,1.0,0.0,3.4132750034332275,2.496551990509033,5.5,2.552673578262329
148.0,2025-02-20 04:51:46.296019,92.99212646484375,93.01007080078125,2.9768929481506348,36.72273254394531,1.0,1.0,1,1,,0,0,0,1,1,,1,0,,,,0,3.7432963848114014,4.854067802429199,0.0,24.715700149536133,87.54618835449219,24.781076431274414,84.66504669189453,40.06484603881836,26.48561668395996,34.570472717285156,0.0,0.0,48.66890335083008,0.0,1.0,0.0,0.0,1.0,3.190661668777466,36.13363265991211,31.112043380737305,0.0,22.096004486083984,82.0805435180664,21.982072830200195,68.3157730102539,1.0,1.0,0.0,3.423999071121216,2.5239155292510986,5.5,2.5557515621185303
149.0,2025-02-20 04:53:13.274708,92.97868347167969,92.99662780761719,2.9768991470336914,36.72985076904297,1.0,1.0,1,1,,0,0,0,1,1,,1,0,,,,0,3.7560760974884033,4.780497074127197,0.0,24.65011978149414,87.5462417602539,24.71532440185547,84.65557861328125,40.076168060302734,26.419090270996094,34.53160858154297,0.0,0.0,48.638797760009766,0.0,1.0,0.0,0.0,1.0,3.228684663772583,36.12861251831055,31.11433219909668,0.0,22.108854293823242,82.10237884521484,21.99490737915039,68.32086944580078,1.0,1.0,0.0,3.434638023376465,2.5512657165527344,5.5,2.5588464736938477
150.0,2025-02-20 04:54:41.037308,92.96524810791016,92.98319244384766,2.976905345916748,36.736961364746094,1.0,1.0,1,1,,0,0,0,1,1,,1,0,,,,0,3.768846273422241,4.706987380981445,0.0,24.5845947265625,87.54627227783203,24.649627685546875,84.6460952758789,40.087486267089844,26.352619171142578,34.492740631103516,0.0,0.0,48.60869598388672,0.0,1.0,0.0,0.0,1.0,3.2666287422180176,36.12359619140625,31.116613388061523,0.0,22.1216983795166,82.12420654296875,22.007736206054688,68.32598114013672,1.0,1.0,0.0,3.445192337036133,2.5786020755767822,5.5,2.5619583129882812
151.0,2025-02-20 04:56:03.987567,92.95183563232422,92.96977233886719,2.9769115447998047,36.74406433105469,1.0,1.0,1,1,,0,0,0,1,1,,1,0,,,,0,3.781606912612915,4.633538246154785,0.0,24.519121170043945,87.54627990722656,24.583982467651367,84.63653564453125,40.098793029785156,26.28620147705078,34.4538688659668,0.0,0.0,48.578636169433594,0.0,1.0,0.0,0.0,1.0,3.3044941425323486,36.11857604980469,31.1188907623291,0.0,22.134532928466797,82.1460189819336,22.02055549621582,68.33110046386719,1.0,1.0,0.0,3.4556620121002197,2.6059250831604004,5.5,2.5650875568389893
152.0,2025-02-20 04:57:32.985882,92.93841552734375,92.95635223388672,2.9769177436828613,36.75117111206055,1.0,1.0,1,1,,0,0,0,1,1,,1,0,,,,0,3.794358253479004,4.560150623321533,0.0,24.45370101928711,87.5462646484375,24.518390655517578,84.62693786621094,40.11009216308594,26.219837188720703,34.41498947143555,0.0,0.0,48.54859161376953,0.0,1.0,0.0,0.0,1.0,3.342280864715576,36.11355972290039,31.12116050720215,0.0,22.147361755371094,82.1678237915039,22.033369064331055,68.33623504638672,1.0,1.0,0.0,3.4660468101501465,2.6332345008850098,5.5,2.5682334899902344
153.0,2025-02-20 04:58:53.554654,92.92501831054688,92.94294738769531,2.976923704147339,36.758262634277344,1.0,1.0,1,1,,0,0,0,1,1,,1,0,,,,0,3.807100296020508,4.486823558807373,0.0,24.388334274291992,87.54622650146484,24.452852249145508,84.6172866821289,40.12138366699219,26.153528213500977,34.37610626220703,0.0,0.0,48.51858139038086,0.0,1.0,0.0,0.0,1.0,3.379988670349121,36.10854721069336,31.123424530029297,0.0,22.16018295288086,82.18961334228516,22.046173095703125,68.34137725830078,1.0,1.0,0.0,3.476346969604492,2.6605303287506104,5.5,2.571396589279175
154.0,2025-02-20 05:00:16.150748,92.91161346435547,92.9295425415039,2.9769299030303955,36.765357971191406,1.0,1.0,1,1,,0,0,0,1,1,,1,0,,,,0,3.8198328018188477,4.413557529449463,0.0,24.323020935058594,87.5461654663086,24.387367248535156,84.60758209228516,40.132667541503906,26.087270736694336,34.33721923828125,0.0,0.0,48.48859405517578,0.0,1.0,0.0,0.0,1.0,3.4176177978515625,36.10353469848633,31.125682830810547,0.0,22.172996520996094,82.21138763427734,22.058971405029297,68.3465347290039,1.0,1.0,0.0,3.486562728881836,2.687812566757202,5.5,2.5745766162872314
155.0,2025-02-20 05:01:39.221718,92.89822387695312,92.91614532470703,2.976936101913452,36.77244567871094,1.0,1.0,1,1,,0,0,0,1,1,,1,0,,,,0,3.8325562477111816,4.340352535247803,0.0,24.25775909423828,87.54607391357422,24.32193374633789,84.59783935546875,40.143943786621094,26.021068572998047,34.29832458496094,0.0,0.0,48.45862579345703,0.0,1.0,0.0,0.0,1.0,3.4551680088043213,36.0985221862793,31.1279354095459,0.0,22.185802459716797,82.23316192626953,22.07176399230957,68.3517074584961,1.0,1.0,0.0,3.4966940879821777,2.715081214904785,5.5,2.577773332595825
156.0,2025-02-20 05:03:05.370518,92.88484954833984,92.90277099609375,2.976942300796509,36.77952575683594,1.0,1.0,1,1,,0,0,0,1,1,,1,0,,,,0,3.8452701568603516,4.267208099365234,0.0,24.192550659179688,87.54596710205078,24.256553649902344,84.5880355834961,40.155208587646484,25.95492172241211,34.25942611694336,0.0,0.0,48.42869186401367,0.0,1.0,0.0,0.0,1.0,3.4926393032073975,36.093509674072266,31.13018035888672,0.0,22.19860076904297,82.25491333007812,22.08454704284668,68.35688781738281,1.0,1.0,0.0,3.5067408084869385,2.7423365116119385,5.5,2.580986976623535
157.0,2025-02-20 05:04:33.088743,92.28412628173828,92.30187225341797,2.977217674255371,37.09712219238281,1.0,1.0,1,1,,0,0,0,1,1,,1,0,,,,0,3.8607776165008545,4.1934309005737305,0.0,24.03624725341797,86.78369903564453,24.101728439331055,83.76995849609375,40.486106872558594,25.808177947998047,34.61954879760742,0.0,0.0,48.784141540527344,0.0,1.0,0.0,0.0,1.0,3.527834177017212,35.9490966796875,31.211246490478516,0.0,22.50956916809082,82.82353973388672,22.39496421813965,68.39244079589844,1.0,1.0,0.0,3.4946818351745605,2.776155710220337,5.5,2.5868752002716064
158.0,2025-02-20 05:06:00.628479,92.26792907714844,92.2856674194336,2.9772250652313232,37.105674743652344,1.0,1.0,1,1,,0,0,0,1,1,,1,0,,,,0,3.8762736320495605,4.1197075843811035,0.0,23.969633102416992,86.78278350830078,24.034929275512695,83.74469757080078,40.499725341796875,25.740699768066406,34.58073043823242,0.0,0.0,48.76189422607422,0.0,1.0,0.0,0.0,1.0,3.562950372695923,35.94281005859375,31.213953018188477,0.0,22.525123596191406,82.85028076171875,22.410499572753906,68.3987808227539,1.0,1.0,0.0,3.482560157775879,2.809957981109619,5.5,2.5900001525878906
159.0,2025-02-20 05:07:23.272824,92.25175476074219,92.26948547363281,2.9772324562072754,37.114219665527344,1.0,1.0,1,1,,0,0,0,1,1,,1,0,,,,0,3.891758680343628,4.0460381507873535,0.0,23.903059005737305,86.78185272216797,23.968172073364258,83.71939849853516,40.513328552246094,25.673263549804688,34.54187774658203,0.0,0.0,48.73978805541992,0.0,1.0,0.0,0.0,1.0,3.5979878902435303,35.93651580810547,31.216737747192383,0.0,22.540647506713867,82.87699890136719,22.42600440979004,68.40483093261719,1.0,1.0,0.0,3.4703762531280518,2.843743085861206,5.5,2.5931456089019775
160.0,2025-02-20 05:08:47.912943,92.23558044433594,92.25331115722656,2.9772398471832275,37.12275695800781,1.0,1.0,1,1,,0,0,0,1,1,,1,0,,,,0,3.9072325229644775,3.9724230766296387,0.0,23.836532592773438,86.78089141845703,23.90146255493164,83.69405364990234,40.52692413330078,25.605876922607422,34.503013610839844,0.0,0.0,48.71771240234375,0.0,1.0,0.0,0.0,1.0,3.632946491241455,35.93021774291992,31.219614028930664,0.0,22.55613899230957,82.90369415283203,22.441476821899414,68.4105224609375,1.0,1.0,0.0,3.458130121231079,2.877511501312256,5.5,2.5963127613067627
161.0,2025-02-20 05:10:19.798975,92.21941375732422,92.23713684082031,2.9772472381591797,37.13129425048828,1.0,1.0,1,1,,0,0,0,1,1,,1,0,,,,0,3.9226949214935303,3.8988614082336426,0.0,23.770051956176758,86.77991485595703,23.83479881286621,83.66868591308594,40.54051208496094,25.538536071777344,34.46414566040039,0.0,0.0,48.69566345214844,0.0,1.0,0.0,0.0,1.0,3.6678264141082764,35.923919677734375,31.222484588623047,0.0,22.57162094116211,82.93037414550781,22.456939697265625,68.41622924804688,1.0,1.0,0.0,3.445821762084961,2.9112625122070312,5.5,2.599501609802246
162.0,2025-02-20 05:11:42.611392,92.20326232910156,92.22098541259766,2.977254629135132,37.13982009887695,1.0,1.0,1,1,,0,0,0,1,1,,1,0,,,,0,3.9381461143493652,3.8253538608551025,0.0,23.70362091064453,86.77890014648438,23.7681827545166,83.64327239990234,40.55408477783203,25.471242904663086,34.42526626586914,0.0,0.0,48.673641204833984,0.0,1.0,0.0,0.0,1.0,3.702627658843994,35.91762161254883,31.2253475189209,0.0,22.587093353271484,82.95704650878906,22.472393035888672,68.42195129394531,1.0,1.0,0.0,3.4334511756896973,2.9449968338012695,5.5,2.6027116775512695
163.0,2025-02-20 05:13:08.612743,92.18711853027344,92.204833984375,2.977262020111084,37.14834213256836,1.0,1.0,1,1,,0,0,0,1,1,,1,0,,,,0,3.9535861015319824,3.7518999576568604,0.0,23.637235641479492,86.77787017822266,23.701614379882812,83.61783599853516,40.56765365600586,25.40399932861328,34.386383056640625,0.0,0.0,48.65164566040039,0.0,1.0,0.0,0.0,1.0,3.7373499870300293,35.91132736206055,31.22820281982422,0.0,22.602558135986328,82.98369598388672,22.487836837768555,68.42769622802734,1.0,1.0,0.0,3.4210188388824463,2.9787139892578125,5.5,2.605943202972412
164.0,2025-02-20 05:14:34.400709,92.17098236083984,92.1886978149414,2.977269411087036,37.156856536865234,1.0,1.0,1,1,,0,0,0,1,1,,1,0,,,,0,3.9690146446228027,3.678500175476074,0.0,23.57089614868164,86.77681732177734,23.63509178161621,83.59234619140625,40.58121109008789,25.336801528930664,34.34748840332031,0.0,0.0,48.62969207763672,0.0,1.0,0.0,0.0,1.0,3.771993637084961,35.90503692626953,31.231050491333008,0.0,22.618013381958008,83.01033782958984,22.503273010253906,68.4334487915039,1.0,1.0,0.0,3.408524513244629,3.0124142169952393,5.5,2.6091959476470947
165.0,2025-02-20 05:15:56.201855,92.15486145019531,92.17256927490234,2.9772768020629883,37.165367126464844,1.0,1.0,1,1,,0,0,0,1,1,,1,0,,,,0,3.9844322204589844,3.605154037475586,0.0,23.50460433959961,86.7757339477539,23.568618774414062,83.56683349609375,40.594757080078125,25.2696533203125,34.30858612060547,0.0,0.0,48.607749938964844,0.0,1.0,0.0,0.0,1.0,3.80655837059021,35.89874267578125,31.233890533447266,0.0,22.633460998535156,83.0369644165039,22.518701553344727,68.43921661376953,1.0,1.0,0.0,3.395968198776245,3.0460972785949707,5.5,2.6124701499938965
166.0,2025-02-20 05:17:17.618762,92.13875579833984,92.15645599365234,2.9772841930389404,37.17387008666992,1.0,1.0,1,1,,0,0,0,1,1,,1,0,,,,0,3.999838352203369,3.5318615436553955,0.0,23.4383602142334,86.77462768554688,23.5021915435791,83.5412826538086,40.60829544067383,25.202550888061523,34.26968002319336,0.0,0.0,48.585845947265625,0.0,1.0,0.0,0.0,1.0,3.8410441875457764,35.892452239990234,31.236722946166992,0.0,22.64889907836914,83.0635757446289,22.534120559692383,68.44499969482422,1.0,1.0,0.0,3.383350372314453,3.079763412475586,5.5,2.6157655715942383
167.0,2025-02-20 05:18:46.201723,92.12264251708984,92.14034271240234,2.9772915840148926,37.182369232177734,1.0,1.0,1,1,,0,0,0,1,1,,1,0,,,,0,4.015233516693115,3.458623170852661,0.0,23.372163772583008,86.77349090576172,23.435810089111328,83.51569366455078,40.621826171875,25.135498046875,34.23076248168945,0.0,0.0,48.563968658447266,0.0,1.0,0.0,0.0,1.0,3.8754513263702393,35.886165618896484,31.23954963684082,0.0,22.664329528808594,83.09017944335938,22.549530029296875,68.4508056640625,1.0,1.0,0.0,3.3706705570220947,3.113412618637085,5.5,2.619081974029541
168.0,2025-02-20 05:20:13.355687,92.10655212402344,92.1242446899414,2.9772987365722656,37.19086456298828,1.0,1.0,1,1,,0,0,0,1,1,,1,0,,,,0,4.0306172370910645,3.3854382038116455,0.0,23.306013107299805,86.7723388671875,23.369478225708008,83.49008178710938,40.635345458984375,25.068492889404297,34.191837310791016,0.0,0.0,48.542118072509766,0.0,1.0,0.0,0.0,1.0,3.9097795486450195,35.879878997802734,31.242366790771484,0.0,22.67974853515625,83.11676025390625,22.564931869506836,68.45661926269531,1.0,1.0,0.0,3.3579294681549072,3.1470448970794678,5.5,2.622419595718384
169.0,2025-02-20 05:21:36.758454,92.47137451171875,92.48917388916016,2.9771320819854736,36.998207092285156,1.0,1.0,1,1,,0,0,0,1,1,,1,0,,,,0,4.0442585945129395,3.3128013610839844,0.0,23.303720474243164,87.1042709350586,23.366689682006836,84.26104736328125,40.44357681274414,25.058591842651367,33.99082946777344,0.0,0.0,48.123924255371094,0.0,1.0,0.0,0.0,1.0,3.9450156688690186,35.83321762084961,31.02672004699707,0.0,22.579113006591797,83.09800720214844,22.46575927734375,69.08744049072266,1.0,1.0,0.0,3.367365598678589,3.1805508136749268,5.5,2.640363931655884
170.0,2025-02-20 05:23:02.572924,92.45696258544922,92.4747543334961,2.9771385192871094,37.005821228027344,1.0,1.0,1,1,,0,0,0,1,1,,1,0,,,,0,4.057890892028809,3.240224838256836,0.0,23.238990783691406,87.1036376953125,23.30179214477539,84.2508316040039,40.455692291259766,24.99293327331543,33.9521598815918,0.0,0.0,48.094058990478516,0.0,1.0,0.0,0.0,1.0,3.980173349380493,35.82665252685547,31.027305603027344,0.0,22.593626022338867,83.12415313720703,22.480266571044922,69.09996795654297,1.0,1.0,0.0,3.3767175674438477,3.2140393257141113,5.5,2.655704975128174
171.0,2025-02-20 05:24:30.329145,92.44253540039062,92.4603271484375,2.977145195007324,37.01344680786133,1.0,1.0,1,1,,0,0,0,1,1,,1,0,,,,0,4.07151460647583,3.1677088737487793,0.0,23.1743106842041,87.10298919677734,23.236942291259766,84.24058532714844,40.46781539916992,24.927324295043945,33.9134521484375,0.0,0.0,48.064292907714844,0.0,1.0,0.0,0.0,1.0,4.015252590179443,35.820159912109375,31.027082443237305,0.0,22.608333587646484,83.15035247802734,22.494976043701172,69.11543273925781,1.0,1.0,0.0,3.3859856128692627,3.2475101947784424,5.5,2.671044111251831
172.0,2025-02-20 05:25:58.019549,92.4281234741211,92.44590759277344,2.977151870727539,37.021060943603516,1.0,1.0,1,1,,0,0,0,1,1,,1,0,,,,0,4.085129737854004,3.0952537059783936,0.0,23.109683990478516,87.10231018066406,23.17214584350586,84.23027801513672,40.47993087768555,24.86176872253418,33.87473678588867,0.0,0.0,48.03456115722656,0.0,1.0,0.0,0.0,1.0,4.050253868103027,35.813663482666016,31.02692985534668,0.0,22.623014450073242,83.1765365600586,22.509658813476562,69.13063049316406,1.0,1.0,0.0,3.395169734954834,3.28096342086792,5.5,2.686382293701172
173.0,2025-02-20 05:27:24.534079,92.41371154785156,92.4314956665039,2.977158308029175,37.0286750793457,1.0,1.0,1,1,,0,0,0,1,1,,1,0,,,,0,4.09873628616333,3.0228588581085205,0.0,23.045108795166016,87.10161590576172,23.10740089416504,84.21992492675781,40.49203872680664,24.796268463134766,33.83601760864258,0.0,0.0,48.00484848022461,0.0,1.0,0.0,0.0,1.0,4.08517599105835,35.807167053222656,31.026775360107422,0.0,22.63768768310547,83.20271301269531,22.52433204650879,69.14582061767578,1.0,1.0,0.0,3.4042704105377197,3.314399003982544,5.5,2.701719284057617
174.0,2025-02-20 05:28:45.288557,92.39930725097656,92.41708374023438,2.9771649837493896,37.036285400390625,1.0,1.0,1,1,,0,0,0,1,1,,1,0,,,,0,4.11233377456665,2.9505245685577393,0.0,22.9805850982666,87.10089111328125,23.042709350585938,84.20952606201172,40.50414276123047,24.730819702148438,33.79729461669922,0.0,0.0,47.97516632080078,0.0,1.0,0.0,0.0,1.0,4.120019912719727,35.8006706237793,31.026620864868164,0.0,22.65235137939453,83.22886657714844,22.538999557495117,69.1610107421875,1.0,1.0,0.0,3.4132871627807617,3.3478171825408936,5.5,2.717055082321167
175.0,2025-02-20 05:30:09.701842,92.38491821289062,92.4026870727539,2.9771716594696045,37.043888092041016,1.0,1.0,1,1,,0,0,0,1,1,,1,0,,,,0,4.125923156738281,2.87825083732605,0.0,22.916114807128906,87.10014343261719,22.978071212768555,84.1990737915039,40.5162353515625,24.665424346923828,33.758567810058594,0.0,0.0,47.94551086425781,0.0,1.0,0.0,0.0,1.0,4.154785633087158,35.7941780090332,31.02646255493164,0.0,22.667007446289062,83.2550048828125,22.55365562438965,69.17620086669922,1.0,1.0,0.0,3.422220230102539,3.3812179565429688,5.5,2.7323896884918213
176.0,2025-02-20 05:31:33.371917,92.37052917480469,92.38829803466797,2.9771780967712402,37.05148696899414,1.0,1.0,1,1,,0,0,0,1,1,,1,0,,,,0,4.139503479003906,2.806037425994873,0.0,22.851696014404297,87.09938049316406,22.913484573364258,84.18856811523438,40.5283203125,24.600082397460938,33.71982955932617,0.0,0.0,47.9158821105957,0.0,1.0,0.0,0.0,1.0,4.189472675323486,35.787689208984375,31.026304244995117,0.0,22.681655883789062,83.28113555908203,22.56830596923828,69.1913833618164,1.0,1.0,0.0,3.431069850921631,3.4146008491516113,5.5,2.74772310256958
177.0,2025-02-20 05:32:56.913914,92.35615539550781,92.37391662597656,2.977184772491455,37.05908203125,1.0,1.0,1,1,,0,0,0,1,1,,1,0,,,,0,4.153075695037842,2.733884572982788,0.0,22.78733253479004,87.09858703613281,22.84895133972168,84.17803192138672,40.54039764404297,24.5347957611084,33.68109130859375,0.0,0.0,47.886268615722656,0.0,1.0,0.0,0.0,1.0,4.224081039428711,35.78120040893555,31.02614402770996,0.0,22.69629669189453,83.3072509765625,22.58294677734375,69.2065658569336,1.0,1.0,0.0,3.439836025238037,3.4479665756225586,5.5,2.7630553245544434
178.0,2025-02-20 05:34:23.494135,92.34178161621094,92.35954284667969,2.97719144821167,37.066673278808594,1.0,1.0,1,1,,0,0,0,1,1,,1,0,,,,0,4.1666388511657715,2.661792278289795,0.0,22.723018646240234,87.0977783203125,22.78447151184082,84.16743469238281,40.55247116088867,24.469560623168945,33.6423454284668,0.0,0.0,47.856693267822266,0.0,1.0,0.0,0.0,1.0,4.25861120223999,35.774715423583984,31.025981903076172,0.0,22.710927963256836,83.3333511352539,22.597579956054688,69.22174072265625,1.0,1.0,0.0,3.448518753051758,3.4813144207000732,5.5,2.778386354446411
179.0,2025-02-20 05:35:47.558667,92.3274154663086,92.34517669677734,2.9771978855133057,37.07426071166992,1.0,1.0,1,1,,0,0,0,1,1,,1,0,,,,0,4.1801934242248535,2.5897603034973145,0.0,22.65876007080078,87.09693908691406,22.720043182373047,84.15679931640625,40.564537048339844,24.404380798339844,33.60359573364258,0.0,0.0,47.8271369934082,0.0,1.0,0.0,0.0,1.0,4.293062686920166,35.76823043823242,31.02581787109375,0.0,22.725553512573242,83.35943603515625,22.612205505371094,69.2369155883789,1.0,1.0,0.0,3.457118272781372,3.5146448612213135,5.5,2.7937161922454834
180.0,2025-02-20 05:37:09.536664,92.31306457519531,92.33081817626953,2.9772045612335205,37.08184051513672,1.0,1.0,1,1,,0,0,0,1,1,,1,0,,,,0,4.193739414215088,2.5177886486053467,0.0,22.59455108642578,87.09608459472656,22.65566635131836,84.14610290527344,40.57659149169922,24.339252471923828,33.56483840942383,0.0,0.0,47.79761505126953,0.0,1.0,0.0,0.0,1.0,4.3274359703063965,35.76174545288086,31.025653839111328,0.0,22.74016761779785,83.38551330566406,22.626821517944336,69.25209045410156,1.0,1.0,0.0,3.465634346008301,3.5479578971862793,5.5,2.809044599533081
181.0,2025-02-20 05:38:32.786242,92.05775451660156,92.075439453125,2.977321147918701,37.216609954833984,1.0,1.0,1,1,,0,0,0,1,1,,1,0,,,,0,4.208395957946777,2.4451918601989746,0.0,22.441909790039062,86.4598617553711,22.504032135009766,83.24056243896484,40.71843719482422,24.19558334350586,33.859371185302734,0.0,0.0,48.20986557006836,0.0,1.0,0.0,0.0,1.0,4.359775066375732,35.995418548583984,30.89325714111328,0.0,22.843225479125977,83.07356262207031,22.73077392578125,69.80067443847656,1.0,1.0,0.0,3.447484016418457,3.5759072303771973,5.5,2.8358616828918457
182.0,2025-02-20 05:39:57.549010,92.04232788085938,92.06000518798828,2.977328062057495,37.22475051879883,1.0,1.0,1,1,,0,0,0,1,1,,1,0,,,,0,4.2230424880981445,2.372647285461426,0.0,22.376127243041992,86.45816040039062,22.438068389892578,83.21106719970703,40.73138427734375,24.12897300720215,33.820533752441406,0.0,0.0,48.1898193359375,0.0,1.0,0.0,0.0,1.0,4.392035484313965,35.991004943847656,30.892465591430664,0.0,22.85845947265625,83.09664916992188,22.74601173400879,69.81856536865234,1.0,1.0,0.0,3.429276943206787,3.60384464263916,5.5,2.8602240085601807
183.0,2025-02-20 05:41:17.814064,92.0268783569336,92.04454803466797,2.977335214614868,37.23290252685547,1.0,1.0,1,1,,0,0,0,1,1,,1,0,,,,0,4.2376790046691895,2.300154447555542,0.0,22.31037712097168,86.45642852783203,22.372133255004883,83.18154907226562,40.74435043334961,24.062397003173828,33.781654357910156,0.0,0.0,48.1700325012207,0.0,1.0,0.0,0.0,1.0,4.424217224121094,35.98670196533203,30.89037322998047,0.0,22.874011993408203,83.1198501586914,22.761579513549805,69.84113311767578,1.0,1.0,0.0,3.4110143184661865,3.631770372390747,5.5,2.884570837020874
184.0,2025-02-20 05:42:39.184605,92.01142883300781,92.02909851074219,2.977342128753662,37.241050720214844,1.0,1.0,1,1,,0,0,0,1,1,,1,0,,,,0,4.2523064613342285,2.2277133464813232,0.0,22.244670867919922,86.45468139648438,22.306243896484375,83.15198516845703,40.75730895996094,23.995866775512695,33.74276351928711,0.0,0.0,48.15028381347656,0.0,1.0,0.0,0.0,1.0,4.456320285797119,35.98239517211914,30.888341903686523,0.0,22.88953971862793,83.1430435180664,22.77712059020996,69.86347198486328,1.0,1.0,0.0,3.392695903778076,3.659684419631958,5.5,2.908902406692505
185.0,2025-02-20 05:44:03.536911,91.9959945678711,92.01365661621094,2.977349281311035,37.24919128417969,1.0,1.0,1,1,,0,0,0,1,1,,1,0,,,,0,4.266923904418945,2.1553244590759277,0.0,22.17901039123535,86.4529037475586,22.240400314331055,83.12239074707031,40.770259857177734,23.92938232421875,33.70386505126953,0.0,0.0,48.13056182861328,0.0,1.0,0.0,0.0,1.0,4.488344669342041,35.97808837890625,30.88631248474121,0.0,22.905057907104492,83.16621398925781,22.792652130126953,69.88579559326172,1.0,1.0,0.0,3.374321937561035,3.687586784362793,5.5,2.9332187175750732
186.0,2025-02-20 05:45:30.931929,91.9805679321289,91.99822235107422,2.977356195449829,37.25733184814453,1.0,1.0,1,1,,0,0,0,1,1,,1,0,,,,0,4.281532287597656,2.082987070083618,0.0,22.11339569091797,86.45110321044922,22.174602508544922,83.0927734375,40.783203125,23.862943649291992,33.66495895385742,0.0,0.0,48.110862731933594,0.0,1.0,0.0,0.0,1.0,4.520289897918701,35.97378158569336,30.88428497314453,0.0,22.920568466186523,83.18937683105469,22.808176040649414,69.90811157226562,1.0,1.0,0.0,3.3558924198150635,3.715477705001831,5.5,2.957520008087158
187.0,2025-02-20 05:46:57.341362,91.96515655517578,91.9828109741211,2.977363348007202,37.26546096801758,1.0,1.0,1,1,,0,0,0,1,1,,1,0,,,,0,4.296130657196045,2.0107016563415527,0.0,22.04782485961914,86.44927978515625,22.108848571777344,83.06312561035156,40.79613494873047,23.796550750732422,33.626041412353516,0.0,0.0,48.0911979675293,0.0,1.0,0.0,0.0,1.0,4.552156448364258,35.96947479248047,30.88225746154785,0.0,22.936067581176758,83.21253204345703,22.823688507080078,69.93040466308594,1.0,1.0,0.0,3.337407350540161,3.743356704711914,5.5,2.9818058013916016
188.0,2025-02-20 05:48:19.787699,91.94973754882812,91.9673843383789,2.977370262145996,37.273590087890625,1.0,1.0,1,1,,0,0,0,1,1,,1,0,,,,0,4.310719966888428,1.938468098640442,0.0,21.982301712036133,86.44743347167969,22.043142318725586,83.03343963623047,40.80906295776367,23.730205535888672,33.58711624145508,0.0,0.0,48.071563720703125,0.0,1.0,0.0,0.0,1.0,4.583943843841553,35.96516799926758,30.880231857299805,0.0,22.95155906677246,83.23567962646484,22.83919334411621,69.95269012451172,1.0,1.0,0.0,3.3188669681549072,3.7712242603302,5.5,3.0060765743255615
189.0,2025-02-20 05:49:46.936841,91.93433380126953,91.95198059082031,2.977377414703369,37.281715393066406,1.0,1.0,1,1,,0,0,0,1,1,,1,0,,,,0,4.325299263000488,1.866286277770996,0.0,21.91682243347168,86.445556640625,21.977479934692383,83.00373077392578,40.82197952270508,23.66390609741211,33.54818344116211,0.0,0.0,48.05195236206055,0.0,1.0,0.0,0.0,1.0,4.615652561187744,35.96086502075195,30.87820816040039,0.0,22.967039108276367,83.2588119506836,22.85468864440918,69.97496032714844,1.0,1.0,0.0,3.300271511077881,3.7990801334381104,5.5,3.030332088470459
190.0,2025-02-20 05:51:08.602661,91.91893768310547,91.93657684326172,2.977384328842163,37.289833068847656,1.0,1.0,1,1,,0,0,0,1,1,,1,0,,,,0,4.339869499206543,1.7941561937332153,0.0,21.851388931274414,86.44365692138672,21.911863327026367,82.97398376464844,40.83488845825195,23.597652435302734,33.509239196777344,0.0,0.0,48.03237533569336,0.0,1.0,0.0,0.0,1.0,4.647282600402832,35.95655822753906,30.876184463500977,0.0,22.982511520385742,83.28192901611328,22.870174407958984,69.9972152709961,1.0,1.0,0.0,3.281620740890503,3.8269243240356445,5.5,3.054572582244873
191.0,2025-02-20 05:52:33.031785,91.90355682373047,91.92118835449219,2.977391481399536,37.29794692993164,1.0,1.0,1,1,,0,0,0,1,1,,1,0,,,,0,4.354429721832275,1.7220778465270996,0.0,21.786001205444336,86.44173431396484,21.846294403076172,82.94420623779297,40.84779357910156,23.531444549560547,33.47028732299805,0.0,0.0,48.01282501220703,0.0,1.0,0.0,0.0,1.0,4.678833484649658,35.95225143432617,30.874160766601562,0.0,22.997974395751953,83.30504608154297,22.885650634765625,70.01946258544922,1.0,1.0,0.0,3.2629148960113525,3.854757070541382,5.5,3.0787978172302246
192.0,2025-02-20 05:53:57.251190,91.88818359375,91.90581512451172,2.97739839553833,37.306053161621094,1.0,1.0,1,1,,0,0,0,1,1,,1,0,,,,0,4.368980407714844,1.650051236152649,0.0,21.720659255981445,86.43978881835938,21.7807674407959,82.91439056396484,40.86068344116211,23.465282440185547,33.43132781982422,0.0,0.0,47.993309020996094,0.0,1.0,0.0,0.0,1.0,4.710305213928223,35.94794845581055,30.872140884399414,0.0,23.013427734375,83.32814025878906,22.9011173248291,70.04168701171875,1.0,1.0,0.0,3.2441539764404297,3.882578134536743,5.5,3.1030077934265137
193.0,2025-02-20 05:55:20.456725,92.45507049560547,92.47286224365234,2.977139472961426,37.00682067871094,1.0,1.0,1,1,,0,0,0,1,1,,1,0,,,,0,4.3805670738220215,1.5784263610839844,0.0,21.700950622558594,86.95960998535156,21.759435653686523,83.1126480102539,40.55671310424805,23.439067840576172,33.09757614135742,0.0,0.0,47.873016357421875,0.0,1.0,0.0,0.0,1.0,4.743355751037598,35.967262268066406,31.361164093017578,0.0,22.616514205932617,82.89875793457031,22.500886917114258,67.98778533935547,1.0,1.0,0.0,3.233502149581909,3.9054152965545654,5.5,3.090794801712036
194.0,2025-02-20 05:56:45.264704,92.44290924072266,92.46070098876953,2.977144956588745,37.013248443603516,1.0,1.0,1,1,,0,0,0,1,1,,1,0,,,,0,4.3921427726745605,1.506855845451355,0.0,21.63637351989746,86.95800018310547,21.69468116760254,83.08875274658203,40.566917419433594,23.37364387512207,33.05839920043945,0.0,0.0,47.850589752197266,0.0,1.0,0.0,0.0,1.0,4.776326656341553,35.96293640136719,31.367380142211914,0.0,22.626981735229492,82.91693878173828,22.511310577392578,67.97655487060547,1.0,1.0,0.0,3.2227869033813477,3.928241014480591,5.5,3.0757217407226562
195.0,2025-02-20 05:58:15.711513,92.4307632446289,92.44854736328125,2.9771506786346436,37.0196647644043,1.0,1.0,1,1,,0,0,0,1,1,,1,0,,,,0,4.4037089347839355,1.4353399276733398,0.0,21.57184410095215,86.95636749267578,21.629974365234375,83.06480407714844,40.577117919921875,23.308269500732422,33.019187927246094,0.0,0.0,47.82819366455078,0.0,1.0,0.0,0.0,1.0,4.809218406677246,35.95862579345703,31.37348175048828,0.0,22.637474060058594,82.93511962890625,22.52176284790039,67.96612548828125,1.0,1.0,0.0,3.212008476257324,3.9510550498962402,5.5,3.060694456100464
196.0,2025-02-20 05:59:43.342739,92.41861724853516,92.43639373779297,2.977156162261963,37.026084899902344,1.0,1.0,1,1,,0,0,0,1,1,,1,0,,,,0,4.41526460647583,1.3638783693313599,0.0,21.507366180419922,86.9547119140625,21.565317153930664,83.04083251953125,40.587310791015625,23.242942810058594,32.9799690246582,0.0,0.0,47.805816650390625,0.0,1.0,0.0,0.0,1.0,4.8420305252075195,35.95432662963867,31.379478454589844,0.0,22.647985458374023,82.95330047607422,22.5322322845459,67.9560775756836,1.0,1.0,0.0,3.201167106628418,3.9738574028015137,5.5,3.0457119941711426
197.0,2025-02-20 06:01:08.881771,92.40647888183594,92.42425537109375,2.9771616458892822,37.03249740600586,1.0,1.0,1,1,,0,0,0,1,1,,1,0,,,,0,4.426810264587402,1.2924714088439941,0.0,21.44293212890625,86.95303344726562,21.500707626342773,83.0168228149414,40.597496032714844,23.17766571044922,32.940738677978516,0.0,0.0,47.78347396850586,0.0,1.0,0.0,0.0,1.0,4.874763011932373,35.95002365112305,31.385459899902344,0.0,22.658489227294922,82.97148132324219,22.542695999145508,67.9460678100586,1.0,1.0,0.0,3.190262794494629,3.996648073196411,5.5,3.0307743549346924
198.0,2025-02-20 06:02:33.364692,92.39435577392578,92.4121322631836,2.9771673679351807,37.038902282714844,1.0,1.0,1,1,,0,0,0,1,0,,1,0,,,,0,4.438345909118652,1.2211188077926636,0.0,21.37854766845703,86.95133209228516,21.436145782470703,82.9927749633789,40.607669830322266,23.112436294555664,32.90150451660156,0.0,0.0,47.76116180419922,0.0,1.0,0.0,0.0,1.0,4.907416343688965,35.94572448730469,31.391427993774414,0.0,22.668989181518555,82.98963928222656,22.55315399169922,67.93608856201172,1.0,1.0,0.0,3.179295539855957,4.019427299499512,5.5,3.0158815383911133
199.0,2025-02-20 06:03:56.364707,91.28205871582031,91.29951477050781,2.9776737689971924,37.62526321411133,1.0,1.0,1,1,,0,0,0,1,0,,1,0,,,,0,4.462353229522705,1.1498208045959473,0.0,21.314212799072266,86.94961547851562,21.371633529663086,82.96868896484375,41.53783416748047,23.047256469726562,32.86222839355469,0.0,0.0,47.73887252807617,0.0,1.0,0.0,0.0,1.0,4.939990043640137,0.0,33.124473571777344,0.0,30.343658447265625,61.939796447753906,30.2157039642334,69.43111419677734,0.0,1.0,0.0,3.1682655811309814,3.9450862407684326,5.5,3.0176374912261963
200.0,2025-02-20 06:05:18.697905,91.2575912475586,91.27503967285156,2.977684736251831,37.63813400268555,1.0,1.0,1,1,,0,0,0,1,0,,1,0,,,,0,4.486339569091797,1.0785770416259766,0.0,21.249919891357422,86.9478530883789,21.307165145874023,82.94457244873047,41.5582275390625,22.98212242126465,32.823001861572266,0.0,0.0,47.71662521362305,0.0,1.0,0.0,0.0,1.0,4.972484111785889,0.0,33.12897491455078,0.0,30.364988327026367,61.866111755371094,30.237001419067383,69.435791015625,0.0,1.0,0.0,3.157172679901123,3.8707449436187744,5.5,3.0157630443573
201.0,2025-02-20 06:06:43.326832,91.23313903808594,91.2505874633789,2.977695941925049,37.65099334716797,1.0,1.0,1,1,,0,0,0,1,0,,1,0,,,,0,4.5103044509887695,1.007387638092041,0.0,21.185678482055664,86.94607543945312,21.24274444580078,82.92042541503906,41.57859420776367,22.917037963867188,32.78373718261719,0.0,0.0,47.69439697265625,0.0,1.0,0.0,0.0,1.0,5.004898548126221,0.0,33.133914947509766,0.0,30.3862247467041,61.79177474975586,30.258201599121094,69.43873596191406,0.0,1.0,0.0,3.14601731300354,3.7964038848876953,5.5,3.013925790786743
202.0,2025-02-20 06:08:08.502910,112.86894226074219,0.0,2.9908385276794434,25.836219787597656,1.0,0.0,1,0,,0,0,0,1,0,,1,0,,,,0,4.507241725921631,0.936252772808075,0.0,21.121484756469727,86.94428253173828,21.178375244140625,82.89622497558594,38.539554595947266,22.85200309753418,32.74443435668945,0.0,0.0,47.67219924926758,0.0,1.0,0.0,0.0,1.0,5.037233352661133,0.0,32.84219741821289,0.0,29.049362182617188,61.71743392944336,28.923419952392578,69.17530059814453,0.0,1.0,0.0,3.1347992420196533,3.722062587738037,5.5,3.0135676860809326
203.0,2025-02-20 06:09:35.540772,112.8733901977539,0.0,2.990837812423706,25.833694458007812,1.0,0.0,1,0,,0,0,0,1,0,,1,0,,,,0,4.504180908203125,0.8651721477508545,0.0,21.057336807250977,86.94245147705078,21.114049911499023,82.87200927734375,38.536590576171875,22.78701400756836,32.70518493652344,0.0,0.0,47.6500358581543,0.0,1.0,0.0,0.0,1.0,5.069488525390625,0.0,32.8418083190918,0.0,29.046384811401367,61.64309310913086,28.92044448852539,69.17375183105469,0.0,1.0,0.0,3.123518705368042,3.647721529006958,5.5,3.0095417499542236
204.0,2025-02-20 06:11:00.614355,112.87785339355469,0.0,2.9908370971679688,25.83116340637207,1.0,0.0,1,0,,0,0,0,1,0,,1,0,,,,0,4.501121997833252,0.7941458821296692,0.0,20.993236541748047,86.94060516357422,21.049772262573242,82.84774017333984,38.533626556396484,22.722074508666992,32.6658935546875,0.0,0.0,47.62790298461914,0.0,1.0,0.0,0.0,1.0,5.1016645431518555,0.0,32.842220306396484,0.0,29.043289184570312,61.56875228881836,28.917346954345703,69.16914367675781,0.0,1.0,0.0,3.112175703048706,3.573380470275879,5.5,3.005518913269043
205.0,2025-02-20 06:12:29.724495,112.49626159667969,0.0,2.9908945560455322,26.04744529724121,1.0,0.0,1,0,,0,0,0,1,0,,1,0,,,,0,4.501710414886475,0.7224197387695312,0.0,20.830886840820312,85.65319061279297,20.89105224609375,82.52745819091797,38.66747283935547,22.57164192199707,33.367801666259766,0.0,0.0,47.7171745300293,0.0,1.0,0.0,0.0,1.0,5.129437446594238,0.0,32.86616134643555,0.0,29.150358200073242,61.56364440917969,29.024246215820312,69.1886215209961,0.0,1.0,0.0,3.0899031162261963,3.499758720397949,5.5,3.0046002864837646
206.0,2025-02-20 06:13:50.348558,112.49540710449219,0.0,2.9908945560455322,26.04792594909668,1.0,0.0,1,0,,0,0,0,1,0,,1,0,,,,0,4.502297878265381,0.6507437825202942,0.0,20.76567268371582,85.65042877197266,20.825654983520508,82.49507904052734,38.66803741455078,22.505632400512695,33.32928466796875,0.0,0.0,47.69895553588867,0.0,1.0,0.0,0.0,1.0,5.157132625579834,0.0,32.86678695678711,0.0,29.150848388671875,61.490020751953125,29.024730682373047,69.18682861328125,0.0,1.0,0.0,3.0675792694091797,3.4261369705200195,5.5,3.0007615089416504
207.0,2025-02-20 06:15:17.849647,112.49456024169922,0.0,2.9908947944641113,26.04840660095215,1.0,0.0,1,0,,0,0,0,1,0,,1,0,,,,0,4.502885341644287,0.579118013381958,0.0,20.700502395629883,85.64765167236328,20.760305404663086,82.46266174316406,38.668601989746094,22.439668655395508,33.29075241088867,0.0,0.0,47.680763244628906,0.0,1.0,0.0,0.0,1.0,5.184750080108643,0.0,32.86784744262695,0.0,29.151273727416992,61.41640090942383,29.025148391723633,69.18336486816406,0.0,1.0,0.0,3.0452041625976562,3.35251522064209,5.5,2.9969308376312256
208.0,2025-02-20 06:16:44.416749,112.49371337890625,0.0,2.9908947944641113,26.048885345458984,1.0,0.0,1,0,,0,0,0,1,0,,1,0,,,,0,4.503471851348877,0.5075424313545227,0.0,20.635377883911133,85.64485168457031,20.694997787475586,82.43022918701172,38.669166564941406,22.373748779296875,33.25221252441406,0.0,0.0,47.662601470947266,0.0,1.0,0.0,0.0,1.0,5.212288856506348,0.0,32.8687858581543,0.0,29.151716232299805,61.34278106689453,29.025583267211914,69.18037414550781,0.0,1.0,0.0,3.022777795791626,3.2788937091827393,5.5,2.9931070804595947
209.0,2025-02-20 06:18:04.341173,112.49286651611328,0.0,2.9908950328826904,26.049365997314453,1.0,0.0,1,0,,0,0,0,1,0,,1,0,,,,0,4.50405740737915,0.4360169470310211,0.0,20.570295333862305,85.64202880859375,20.62973403930664,82.39775085449219,38.66973114013672,22.30787467956543,33.213661193847656,0.0,0.0,47.64447021484375,0.0,1.0,0.0,0.0,1.0,5.239749908447266,0.0,32.869720458984375,0.0,29.152158737182617,61.269161224365234,29.026020050048828,69.1773910522461,0.0,1.0,0.0,3.000300407409668,3.2052719593048096,5.5,2.989290237426758
210.0,2025-02-20 06:19:30.371697,117.22296142578125,0.0,2.99017333984375,23.350154876708984,1.0,0.0,1,0,,0,0,0,1,0,,1,0,,,,1,4.4681220054626465,0.44878578186035156,98.91062927246094,25.02109146118164,87.13420867919922,25.087623596191406,83.42686462402344,28.082216262817383,27.182214736938477,34.99199676513672,0.0,0.0,49.483890533447266,1.0,1.0,0.0,0.0,1.0,5.270813941955566,0.0,32.36045837402344,0.0,26.856185913085938,61.19553756713867,26.733644485473633,68.72560119628906,0.0,1.0,0.0,2.98300838470459,3.13165020942688,5.5,2.9853897094726562
211.0,2025-02-20 06:20:54.542813,117.25440979003906,0.0,2.990168333053589,23.332077026367188,1.0,0.0,1,0,,0,0,0,1,0,,1,0,,,,1,4.432281494140625,0.461370050907135,98.70307922363281,25.029102325439453,87.15756225585938,25.095569610595703,83.41549682617188,28.088729858398438,27.18872833251953,34.983036041259766,0.0,0.0,49.49394226074219,1.0,1.0,0.0,0.0,1.0,5.301860332489014,0.0,32.356082916259766,0.0,26.83264923095703,61.121917724609375,26.71013641357422,68.71772766113281,0.0,1.0,0.0,2.965744972229004,3.05802845954895,5.5,2.98065447807312
212.0,2025-02-20 06:22:21.337654,116.81053924560547,0.0,2.990237236022949,23.587080001831055,1.0,0.0,1,0,,0,0,0,1,0,,1,0,,,,1,4.398694038391113,0.49883145093917847,92.42774200439453,26.600725173950195,70.17526245117188,26.560089111328125,83.7461929321289,29.207813262939453,28.307811737060547,0.0,0.0,0.0,50.0786247253418,1.0,0.0,0.0,0.0,1.0,5.262023448944092,0.0,32.40825653076172,0.0,27.060644149780273,61.04829406738281,26.93776512145996,68.7586898803711,0.0,1.0,0.0,2.950129747390747,2.9844069480895996,5.5,2.977057456970215
213.0,2025-02-20 06:23:49.165868,116.83499145507812,0.0,2.9902334213256836,23.57303810119629,1.0,0.0,1,0,,0,0,0,1,0,,1,0,,,,1,4.3652262687683105,0.5360342860221863,92.14954376220703,26.62120246887207,70.13542938232422,26.58054542541504,83.73905181884766,29.226543426513672,28.326541900634766,0.0,0.0,0.0,50.09272384643555,1.0,0.0,0.0,0.0,1.0,5.22218656539917,0.0,32.40478515625,0.0,27.041465759277344,60.974674224853516,26.918611526489258,68.75196075439453,0.0,1.0,0.0,2.9345543384552,2.91078519821167,5.5,2.972688674926758
214.0,2025-02-20 06:25:12.735876,116.85942840576172,0.0,2.990229606628418,23.559009552001953,1.0,0.0,1,0,,0,0,0,1,0,,1,0,,,,1,4.3318772315979,0.5729789733886719,91.87178039550781,26.64154815673828,70.09559631347656,26.60087013244629,83.73190307617188,29.245147705078125,28.34514617919922,0.0,0.0,0.0,50.10675048828125,1.0,0.0,0.0,0.0,1.0,5.182350158691406,0.0,32.40147399902344,0.0,27.022310256958008,60.90105438232422,26.899478912353516,68.74468994140625,0.0,1.0,0.0,2.919018507003784,2.8371636867523193,5.5,2.9682962894439697
215.0,2025-02-20 06:26:35.770467,116.88381958007812,0.0,2.9902257919311523,23.545001983642578,1.0,0.0,1,0,,0,0,0,1,0,,1,0,,,,1,4.298647403717041,0.6096660494804382,91.5944595336914,26.661766052246094,70.05575561523438,26.621068954467773,83.7247543334961,29.263633728027344,28.363632202148438,0.0,0.0,0.0,50.120704650878906,1.0,0.0,0.0,0.0,1.0,5.142513275146484,0.0,32.39817428588867,0.0,27.003204345703125,60.827430725097656,26.88039779663086,68.73741912841797,0.0,1.0,0.0,2.903522253036499,2.7635419368743896,5.5,2.9638798236846924
216.0,2025-02-20 06:28:01.731367,116.9081802368164,0.0,2.9902219772338867,23.53101348876953,1.0,0.0,1,0,,0,0,0,1,0,,1,0,,,,1,4.265536308288574,0.646095871925354,91.31759643554688,26.681854248046875,70.01592254638672,26.641136169433594,83.71760559082031,29.28199577331543,28.381994247436523,0.0,0.0,0.0,50.134586334228516,1.0,0.0,0.0,0.0,1.0,5.1026763916015625,0.0,32.394893646240234,0.0,26.984148025512695,60.75381088256836,26.861364364624023,68.73013305664062,0.0,1.0,0.0,2.8880648612976074,2.689920425415039,5.5,2.959439992904663
217.0,2025-02-20 06:29:21.977800,117.5533676147461,0.0,2.990121841430664,23.160137176513672,1.0,0.0,1,0,,0,0,0,1,0,,1,0,,,,1,4.230212688446045,0.6806520819664001,89.11392974853516,26.601646423339844,69.33368682861328,26.56105613708496,83.8049545288086,29.186866760253906,28.286867141723633,0.0,0.0,0.0,50.04908752441406,1.0,0.0,0.0,0.0,1.0,5.061148643493652,0.0,31.997066497802734,0.0,26.689620971679688,60.28031539916992,26.56961441040039,69.85027313232422,0.0,1.0,0.0,2.8765904903411865,2.612222194671631,5.5,2.9768009185791016
218.0,2025-02-20 06:30:51.511920,117.5788345336914,0.0,2.9901180267333984,23.14548110961914,1.0,0.0,1,0,,0,0,0,1,0,,1,0,,,,1,4.195010662078857,0.714951753616333,88.83573150634766,26.6204833984375,69.29216003417969,26.579875946044922,83.80069732666016,29.203998565673828,28.303997039794922,0.0,0.0,0.0,50.060882568359375,1.0,0.0,0.0,0.0,1.0,5.0196213722229,0.0,31.988855361938477,0.0,26.67026138305664,60.20261764526367,26.550312042236328,69.85981750488281,0.0,1.0,0.0,2.8651492595672607,2.5345239639282227,5.5,2.9940969944000244
219.0,2025-02-20 06:32:23.774891,117.6042709350586,0.0,2.9901139736175537,23.130842208862305,1.0,0.0,1,0,,0,0,0,1,0,,1,0,,,,1,4.159930229187012,0.748995304107666,88.55799865722656,26.639192581176758,69.2506332397461,26.59856605529785,83.79644012451172,29.221006393432617,28.321006774902344,0.0,0.0,0.0,50.07261276245117,1.0,0.0,0.0,0.0,1.0,4.97809362411499,0.0,31.980703353881836,0.0,26.650943756103516,60.12491989135742,26.531051635742188,69.86921691894531,0.0,1.0,0.0,2.85374116897583,2.4568257331848145,5.5,3.01132869720459
220.0,2025-02-20 06:33:57.599718,117.62966918945312,0.0,2.990109920501709,23.11622428894043,1.0,0.0,1,0,,0,0,0,1,0,,1,0,,,,1,4.12497091293335,0.7827833294868469,88.28071594238281,26.657772064208984,69.2091064453125,26.617130279541016,83.79219055175781,29.23789405822754,28.337894439697266,0.0,0.0,0.0,50.084266662597656,1.0,0.0,0.0,0.0,1.0,4.93656587600708,0.0,31.97257423400879,0.0,26.631675720214844,60.04722213745117,26.511838912963867,69.87857818603516,0.0,1.0,0.0,2.8423659801483154,2.3791275024414062,5.5,3.0284957885742188
221.0,2025-02-20 06:35:28.794930,117.65504455566406,0.0,2.9901061058044434,23.101621627807617,1.0,0.0,1,0,,0,0,0,1,0,,1,0,,,,1,4.090132236480713,0.8163161873817444,88.0038833618164,26.676223754882812,69.1675796508789,26.635562896728516,83.78792572021484,29.25465965270996,28.354658126831055,0.0,0.0,0.0,50.09585952758789,1.0,0.0,0.0,0.0,1.0,4.89503812789917,0.0,31.964466094970703,0.0,26.61245346069336,59.96952438354492,26.492671966552734,69.88790130615234,0.0,1.0,0.0,2.8310232162475586,2.301429271697998,5.5,3.0455992221832275
222.0,2025-02-20 06:37:00.834420,117.68037414550781,0.0,2.9901020526885986,23.087039947509766,1.0,0.0,1,0,,0,0,0,1,0,,1,0,,,,1,4.05541467666626,0.8495944142341614,87.72750854492188,26.69454574584961,69.12605285644531,26.653867721557617,83.78366088867188,29.271303176879883,28.37130355834961,0.0,0.0,0.0,50.107383728027344,1.0,0.0,0.0,0.0,1.0,4.85351037979126,0.0,31.956378936767578,0.0,26.593278884887695,59.89182662963867,26.473554611206055,69.89718627929688,0.0,1.0,0.0,2.8197131156921387,2.22373104095459,5.5,3.062638521194458
223.0,2025-02-20 06:38:23.577531,117.7056884765625,0.0,2.990098237991333,23.072471618652344,1.0,0.0,1,0,,0,0,0,1,0,,1,0,,,,1,4.020817756652832,0.8826184272766113,87.45159149169922,26.712738037109375,69.08452606201172,26.672042846679688,83.77938842773438,29.287826538085938,28.38782501220703,0.0,0.0,0.0,50.118839263916016,1.0,0.0,0.0,0.0,1.0,4.81198263168335,0.0,31.948314666748047,0.0,26.57415008544922,59.81413269042969,26.45448112487793,69.90643310546875,0.0,1.0,0.0,2.8084354400634766,2.1460328102111816,5.5,3.0796139240264893
224.0,2025-02-20 06:39:47.619537,117.73094940185547,0.0,2.9900941848754883,23.057924270629883,1.0,0.0,1,0,,0,0,0,1,0,,1,0,,,,1,3.9863409996032715,0.9153887033462524,87.17613220214844,26.730804443359375,69.04299926757812,26.690092086791992,83.77510833740234,29.304227828979492,28.404226303100586,0.0,0.0,0.0,50.13022994995117,1.0,0.0,0.0,0.0,1.0,4.7704548835754395,0.0,31.940271377563477,0.0,26.555070877075195,59.73643493652344,26.435457229614258,69.91564178466797,0.0,1.0,0.0,2.797189950942993,2.0683345794677734,5.5,3.0965259075164795
225.0,2025-02-20 06:41:14.575909,117.75618743896484,0.0,2.9900903701782227,23.043394088745117,1.0,0.0,1,0,,0,0,0,1,0,,1,0,,,,1,3.951984405517578,0.9479056596755981,86.9011459350586,26.748741149902344,69.00147247314453,26.708011627197266,83.77082061767578,29.320507049560547,28.42050552368164,0.0,0.0,0.0,50.14155197143555,1.0,0.0,0.0,0.0,1.0,4.728927135467529,0.0,31.932249069213867,0.0,26.53603744506836,59.65873718261719,26.416479110717773,69.9248046875,0.0,1.0,0.0,2.7859761714935303,1.9906364679336548,5.5,3.1133744716644287
226.0,2025-02-20 06:42:41.557790,117.7813949584961,0.0,2.990086317062378,23.02888298034668,1.0,0.0,1,0,,0,0,0,1,0,,1,0,,,,1,3.917747974395752,0.9801698327064514,86.6266098022461,26.766550064086914,68.95994567871094,26.72580337524414,83.76653289794922,29.336666107177734,28.436664581298828,0.0,0.0,0.0,50.152809143066406,1.0,0.0,0.0,0.0,1.0,4.687399387359619,0.0,31.92424964904785,0.0,26.51704978942871,59.58103942871094,26.39754867553711,69.9339370727539,0.0,1.0,0.0,2.774794340133667,1.9129383563995361,5.5,3.130159854888916
227.0,2025-02-20 06:44:07.314637,117.80656433105469,0.0,2.9900825023651123,23.014389038085938,1.0,0.0,1,0,,0,0,0,1,0,,1,0,,,,1,3.8836312294006348,1.0121817588806152,86.35254669189453,26.784229278564453,68.91841888427734,26.743467330932617,83.76222229003906,29.352705001831055,28.45270347595215,0.0,0.0,0.0,50.16400909423828,1.0,0.0,0.0,0.0,1.0,4.645871639251709,0.0,31.916271209716797,0.0,26.498111724853516,59.50334167480469,26.378665924072266,69.94302368164062,0.0,1.0,0.0,2.763643741607666,1.835240125656128,5.5,3.1468820571899414
228.0,2025-02-20 06:45:30.869895,117.83170318603516,0.0,2.9900784492492676,22.99991226196289,1.0,0.0,1,0,,0,0,0,1,0,,1,0,,,,1,3.8496341705322266,1.0439417362213135,86.0789566040039,26.801782608032227,68.87689208984375,26.761003494262695,83.75791931152344,29.368621826171875,28.46862030029297,0.0,0.0,0.0,50.175132751464844,1.0,0.0,0.0,0.0,1.0,4.604343891143799,0.0,31.908313751220703,0.0,26.479219436645508,59.42564392089844,26.359827041625977,69.95207977294922,0.0,1.0,0.0,2.7525248527526855,1.7575420141220093,5.5,3.163541316986084
229.0,2025-02-20 06:46:56.209674,117.65918731689453,0.0,2.990105390548706,23.09923553466797,1.0,0.0,1,0,,0,0,0,1,0,,1,0,,,,1,3.8164966106414795,1.076023817062378,86.42504119873047,26.852081298828125,71.14199829101562,26.811328887939453,83.8437728881836,29.420963287353516,28.52096176147461,0.0,0.0,0.0,50.15703201293945,1.0,0.0,0.0,0.0,1.0,4.569204807281494,0.0,32.17500686645508,0.0,26.52618980407715,59.6785888671875,26.404943466186523,69.05713653564453,0.0,1.0,0.0,2.7440879344940186,1.6832010746002197,5.5,3.1630759239196777
230.0,2025-02-20 06:48:20.622521,117.68395233154297,0.0,2.9901015758514404,23.084980010986328,1.0,0.0,1,0,,0,0,0,1,0,,1,0,,,,1,3.7834768295288086,1.1078556776046753,86.15220642089844,26.869775772094727,71.10685729980469,26.829008102416992,83.84163665771484,29.4370174407959,28.537015914916992,0.0,0.0,0.0,50.16712951660156,1.0,0.0,0.0,0.0,1.0,4.534065246582031,0.0,32.17078399658203,0.0,26.507169723510742,59.604251861572266,26.385953903198242,69.05309295654297,0.0,1.0,0.0,2.7356796264648438,1.6088601350784302,5.5,3.16257905960083
231.0,2025-02-20 06:49:46.044792,117.70868682861328,0.0,2.990097761154175,23.070741653442383,1.0,0.0,1,0,,0,0,0,1,0,,1,0,,,,1,3.7505745887756348,1.1394377946853638,85.87983703613281,26.887340545654297,71.07172393798828,26.8465576171875,83.83949279785156,29.45294952392578,28.552949905395508,0.0,0.0,0.0,50.177162170410156,1.0,0.0,0.0,0.0,1.0,4.498925685882568,0.0,32.1666145324707,0.0,26.488191604614258,59.529911041259766,26.36700439453125,69.0489273071289,0.0,1.0,0.0,2.727299690246582,1.5345193147659302,5.5,3.16205096244812
232.0,2025-02-20 06:51:12.056758,117.73339080810547,0.0,2.990093946456909,23.056522369384766,1.0,0.0,1,0,,0,0,0,1,0,,1,0,,,,1,3.7177894115448,1.170770525932312,85.60794067382812,26.9047794342041,71.03658294677734,26.863981246948242,83.83731842041016,29.46876335144043,28.568763732910156,0.0,0.0,0.0,50.187137603759766,1.0,0.0,0.0,0.0,1.0,4.463786602020264,0.0,32.16246032714844,0.0,26.469261169433594,59.455570220947266,26.348102569580078,69.04474639892578,0.0,1.0,0.0,2.718947649002075,1.4601783752441406,5.5,3.161491870880127
233.0,2025-02-20 06:52:35.424719,119.460693359375,0.0,2.98982310295105,22.05948257446289,1.0,0.0,1,0,,0,0,0,1,1,,1,0,,,,1,3.6754043102264404,1.195780634880066,78.35033416748047,26.612056732177734,71.0014419555664,26.57142448425293,83.76046752929688,29.13178253173828,28.231782913208008,0.0,0.0,0.0,50.077125549316406,1.0,0.0,0.0,0.0,1.0,4.428647041320801,35.455684661865234,30.345544815063477,0.0,18.749065399169922,79.9300537109375,18.640277862548828,67.52116394042969,1.0,1.0,0.0,2.7102856636047363,1.4816337823867798,5.5,3.148082971572876
234.0,2025-02-20 06:53:59.415886,119.49183654785156,0.0,2.9898180961608887,22.041458129882812,1.0,0.0,1,0,,0,0,0,1,1,,1,0,,,,1,3.633151054382324,1.220525860786438,78.05926513671875,26.62476921081543,70.96630859375,26.584125518798828,83.7569580078125,29.14287757873535,28.242876052856445,0.0,0.0,0.0,50.08540725708008,1.0,0.0,0.0,0.0,1.0,4.393507957458496,35.44096755981445,30.344226837158203,0.0,18.72919273376465,79.93592834472656,18.62041473388672,67.50560760498047,1.0,1.0,0.0,2.7016468048095703,1.503049373626709,5.5,3.1339075565338135
235.0,2025-02-20 06:55:24.126985,119.52293395996094,0.0,2.9898133277893066,22.02345848083496,1.0,0.0,1,0,,0,0,0,1,1,,1,0,,,,1,3.5910298824310303,1.2450069189071655,77.76869201660156,26.637353897094727,70.9311752319336,26.596694946289062,83.75342559814453,29.15384864807129,28.253849029541016,0.0,0.0,0.0,50.093631744384766,1.0,0.0,0.0,0.0,1.0,4.358368396759033,35.42630386352539,30.342859268188477,0.0,18.709463119506836,79.94182586669922,18.600692749023438,67.4903564453125,1.0,1.0,0.0,2.6930313110351562,1.5244253873825073,5.5,3.119724750518799
236.0,2025-02-20 06:56:51.260888,119.55400085449219,0.0,2.9898083209991455,22.005477905273438,1.0,0.0,1,0,,0,0,0,1,1,,1,0,,,,1,3.5490405559539795,1.269223928451538,77.47854614257812,26.649803161621094,70.89602661132812,26.609132766723633,83.74988555908203,29.164695739746094,28.264694213867188,0.0,0.0,0.0,50.10178756713867,1.0,0.0,0.0,0.0,1.0,4.32322883605957,35.41166687011719,30.341503143310547,0.0,18.689775466918945,79.94772338867188,18.58101463317871,67.47509765625,1.0,1.0,0.0,2.684438705444336,1.5457618236541748,5.5,3.1055350303649902
237.0,2025-02-20 06:58:16.666013,119.58503723144531,0.0,2.9898033142089844,21.987510681152344,1.0,0.0,1,0,,0,0,0,1,1,,1,0,,,,1,3.5071825981140137,1.293177604675293,77.1888198852539,26.662118911743164,70.86088562011719,26.621437072753906,83.74633026123047,29.175413131713867,28.275413513183594,0.0,0.0,0.0,50.10988235473633,1.0,0.0,0.0,0.0,1.0,4.288089752197266,35.39704895019531,30.340158462524414,0.0,18.670129776000977,79.95360565185547,18.561378479003906,67.45984649658203,1.0,1.0,0.0,2.6758689880371094,1.567058801651001,5.5,3.0913381576538086
238.0,2025-02-20 06:59:37.602624,119.61604309082031,0.0,2.9897985458374023,21.969558715820312,1.0,0.0,1,0,,0,0,0,1,1,,1,0,,,,1,3.465456008911133,1.3168683052062988,76.8995132446289,26.674301147460938,70.82575225830078,26.633607864379883,83.74275970458984,29.186006546020508,28.2860050201416,0.0,0.0,0.0,50.117916107177734,1.0,0.0,0.0,0.0,1.0,4.252950191497803,35.38245391845703,30.338829040527344,0.0,18.650527954101562,79.95948028564453,18.541784286499023,67.4446029663086,1.0,1.0,0.0,2.6673219203948975,1.5883163213729858,5.5,3.077134370803833
239.0,2025-02-20 07:01:04.256031,119.64701843261719,0.0,2.989793539047241,21.951622009277344,1.0,0.0,1,0,,0,0,0,1,1,,1,0,,,,1,3.423860549926758,1.3402963876724243,76.61063385009766,26.686349868774414,70.79061126708984,26.64564323425293,83.73917388916016,29.196474075317383,28.296472549438477,0.0,0.0,0.0,50.12588882446289,1.0,0.0,0.0,0.0,1.0,4.217811107635498,35.367881774902344,30.337509155273438,0.0,18.63096809387207,79.96534729003906,18.522232055664062,67.42935943603516,1.0,1.0,0.0,2.658797264099121,1.609534502029419,5.5,3.0629236698150635
240.0,2025-02-20 07:02:30.814754,119.67797088623047,0.0,2.989788770675659,21.933698654174805,1.0,0.0,1,0,,0,0,0,1,1,,1,0,,,,1,3.3823962211608887,1.363462209701538,76.32218170166016,26.698265075683594,70.75547790527344,26.657546997070312,83.7355728149414,29.20681381225586,28.306812286376953,0.0,0.0,0.0,50.133792877197266,1.0,0.0,0.0,0.0,1.0,4.182671546936035,35.35333251953125,30.336200714111328,0.0,18.6114501953125,79.97120666503906,18.502723693847656,67.41411590576172,1.0,1.0,0.0,2.6502950191497803,1.6307133436203003,5.5,3.048706531524658
241.0,2025-02-20 07:03:57.397388,120.38949584960938,0.0,2.989675998687744,21.52121925354004,1.0,0.0,1,0,,0,0,0,1,1,,1,0,,,,1,3.3387598991394043,1.3840341567993164,73.47599792480469,26.613414764404297,70.9080581665039,26.572566986083984,83.48111724853516,29.106760025024414,28.206758499145508,0.0,0.0,0.0,50.22010803222656,1.0,0.0,0.0,0.0,1.0,4.148096084594727,35.07060623168945,30.326087951660156,0.0,18.23551368713379,80.0860595703125,18.126853942871094,67.07124328613281,1.0,1.0,0.0,2.634084939956665,1.6554447412490845,5.5,3.028046131134033
242.0,2025-02-20 07:05:24.639017,120.4217300415039,0.0,2.989670991897583,21.502511978149414,1.0,0.0,1,0,,0,0,0,1,1,,1,0,,,,1,3.295255422592163,1.4043409824371338,73.18667602539062,26.623558044433594,70.87348175048828,26.58269500732422,83.47106170654297,29.11539649963379,28.215394973754883,0.0,0.0,0.0,50.230369567871094,1.0,0.0,0.0,0.0,1.0,4.11352014541626,35.05439376831055,30.32611083984375,0.0,18.214969635009766,80.0935287475586,18.10630989074707,67.05062103271484,1.0,1.0,0.0,2.617903709411621,1.680132269859314,5.5,3.0073907375335693
243.0,2025-02-20 07:06:51.523674,120.45393371582031,0.0,2.9896657466888428,21.48381996154785,1.0,0.0,1,0,,0,0,0,1,1,,1,0,,,,1,3.251882791519165,1.424383282661438,72.89781188964844,26.63356590270996,70.83890533447266,26.592687606811523,83.46100616455078,29.123905181884766,28.223905563354492,0.0,0.0,0.0,50.240562438964844,1.0,0.0,0.0,0.0,1.0,4.078944683074951,35.038204193115234,30.32614517211914,0.0,18.194467544555664,80.10098266601562,18.0858097076416,67.0300064086914,1.0,1.0,0.0,2.6017513275146484,1.7047760486602783,5.5,2.9867401123046875
244.0,2025-02-20 07:08:18.303610,120.48611450195312,0.0,2.9896607398986816,21.46514320373535,1.0,0.0,1,0,,0,0,0,1,1,,1,0,,,,1,3.208641767501831,1.4441615343093872,72.60938262939453,26.643442153930664,70.80432891845703,26.602548599243164,83.45095825195312,29.13228988647461,28.232288360595703,0.0,0.0,0.0,50.25068283081055,1.0,0.0,0.0,0.0,1.0,4.044368743896484,35.022037506103516,30.326189041137695,0.0,18.17401123046875,80.10842895507812,18.065351486206055,67.00940704345703,1.0,1.0,0.0,2.585627555847168,1.729376196861267,5.5,2.9660942554473877
245.0,2025-02-20 07:09:42.051756,120.51825714111328,0.0,2.9896554946899414,21.44647979736328,1.0,0.0,1,0,,0,0,0,1,1,,1,0,,,,1,3.165532350540161,1.46367609500885,72.3213882446289,26.65318489074707,70.76976013183594,26.612276077270508,83.44087219238281,29.140546798706055,28.24054718017578,0.0,0.0,0.0,50.26074981689453,1.0,0.0,0.0,0.0,1.0,4.009793281555176,35.005889892578125,30.326242446899414,0.0,18.153594970703125,80.11585998535156,18.04493522644043,66.98881530761719,1.0,1.0,0.0,2.5695319175720215,1.7539327144622803,5.5,2.94545316696167
246.0,2025-02-20 07:11:08.174976,120.55038452148438,0.0,2.9896504878997803,21.427831649780273,1.0,0.0,1,0,,0,0,0,1,1,,1,0,,,,1,3.122553825378418,1.4829274415969849,72.03382110595703,26.66279411315918,70.73517608642578,26.621870040893555,83.4307861328125,29.148679733276367,28.24867820739746,0.0,0.0,0.0,50.2707405090332,1.0,0.0,0.0,0.0,1.0,3.975217580795288,34.989768981933594,30.326305389404297,0.0,18.133222579956055,80.12328338623047,18.024560928344727,66.9682388305664,1.0,1.0,0.0,2.553464651107788,1.7784457206726074,5.5,2.9248173236846924
247.0,2025-02-20 07:12:34.084796,120.58247375488281,0.0,2.98964524269104,21.409196853637695,1.0,0.0,1,0,,0,0,0,1,1,,1,0,,,,1,3.0797064304351807,1.5019160509109497,71.74668884277344,26.672271728515625,70.70060729980469,26.631332397460938,83.42069244384766,29.156686782836914,28.256685256958008,0.0,0.0,0.0,50.280670166015625,1.0,0.0,0.0,0.0,1.0,3.9406418800354004,34.97366714477539,30.326377868652344,0.0,18.112892150878906,80.13069152832031,18.004230499267578,66.94766998291016,1.0,1.0,0.0,2.5374255180358887,1.802915096282959,5.5,2.904186487197876
248.0,2025-02-20 07:13:58.397711,120.61454010009766,0.0,2.989640235900879,21.39057731628418,1.0,0.0,1,0,,0,0,0,1,1,,1,0,,,,1,3.03698992729187,1.5206422805786133,71.4599838256836,26.681615829467773,70.66603088378906,26.640663146972656,83.41059112548828,29.164567947387695,28.26456642150879,0.0,0.0,0.0,50.29053497314453,1.0,0.0,0.0,0.0,1.0,3.9060661792755127,34.95758819580078,30.326457977294922,0.0,18.092601776123047,80.13809204101562,17.98394203186035,66.92711639404297,1.0,1.0,0.0,2.521414041519165,1.827341079711914,5.5,2.8835608959198
249.0,2025-02-20 07:15:21.289563,120.6465835571289,0.0,2.9896352291107178,21.371967315673828,1.0,0.0,1,0,,0,0,0,1,1,,1,0,,,,1,2.9944040775299072,1.5391066074371338,71.17371368408203,26.690828323364258,70.63145446777344,26.649860382080078,83.40047454833984,29.17232322692871,28.272323608398438,0.0,0.0,0.0,50.30033493041992,1.0,0.0,0.0,0.0,1.0,3.871490478515625,34.941532135009766,30.326547622680664,0.0,18.072355270385742,80.1454849243164,17.963693618774414,66.90657806396484,1.0,1.0,0.0,2.505429983139038,1.8517236709594727,5.5,2.8629403114318848
250.0,2025-02-20 07:16:46.550908,120.67860412597656,0.0,2.9896299839019775,21.353374481201172,1.0,0.0,1,0,,0,0,0,1,1,,1,0,,,,1,2.951948642730713,1.5573095083236694,70.88788604736328,26.699909210205078,70.59688568115234,26.658926010131836,83.3903579711914,29.179954528808594,28.279953002929688,0.0,0.0,0.0,50.310062408447266,1.0,0.0,0.0,0.0,1.0,3.8369147777557373,34.925498962402344,30.326648712158203,0.0,18.052152633666992,80.15286254882812,17.94348907470703,66.88604736328125,1.0,1.0,0.0,2.489473581314087,1.8760629892349243,5.5,2.84232497215271
251.0,2025-02-20 07:18:12.926925,120.71058654785156,0.0,2.9896249771118164,21.334794998168945,1.0,0.0,1,0,,0,0,0,1,1,,1,0,,,,1,2.909623622894287,1.5752514600753784,70.60250091552734,26.7088565826416,70.56230163574219,26.66786003112793,83.38021850585938,29.18745994567871,28.287460327148438,0.0,0.0,0.0,50.31973648071289,1.0,0.0,0.0,0.0,1.0,3.8023390769958496,34.90948486328125,30.32675552368164,0.0,18.03199005126953,80.16023254394531,17.92332649230957,66.86553192138672,1.0,1.0,0.0,2.4735443592071533,1.900359034538269,5.5,2.8217151165008545
252.0,2025-02-20 07:19:38.664017,120.74254608154297,0.0,2.9896199703216553,21.31622886657715,1.0,0.0,1,0,,0,0,0,1,1,,1,0,,,,1,2.8674283027648926,1.5929328203201294,70.31755065917969,26.71767234802246,70.5277328491211,26.676660537719727,83.37007141113281,29.194841384887695,28.29483985900879,0.0,0.0,0.0,50.32933807373047,1.0,0.0,0.0,0.0,1.0,3.767763376235962,34.893497467041016,30.326873779296875,0.0,18.011871337890625,80.16759490966797,17.90320587158203,66.84503173828125,1.0,1.0,0.0,2.4576423168182373,1.9246118068695068,5.5,2.8011105060577393
253.0,2025-02-20 07:21:01.725542,119.79833221435547,0.0,2.989769697189331,21.86398696899414,1.0,0.0,1,0,,0,0,0,1,1,,1,0,,,,1,2.8288609981536865,1.6137371063232422,73.9091567993164,26.850893020629883,70.1151351928711,26.80978775024414,83.38236999511719,29.3477840423584,28.447782516479492,0.0,0.0,0.0,50.39052200317383,1.0,0.0,0.0,0.0,1.0,3.732060432434082,34.956512451171875,29.98521614074707,0.0,18.669273376464844,80.71533966064453,18.562864303588867,68.61034393310547,1.0,1.0,0.0,2.441664218902588,1.9538309574127197,5.5,2.8168272972106934
254.0,2025-02-20 07:22:27.659510,119.82787322998047,0.0,2.989764928817749,21.846872329711914,1.0,0.0,1,0,,0,0,0,1,1,,1,0,,,,1,2.7904226779937744,1.6342862844467163,73.63109588623047,26.861555099487305,70.07942962646484,26.8204345703125,83.37261199951172,29.356992721557617,28.456993103027344,0.0,0.0,0.0,50.400840759277344,1.0,0.0,0.0,0.0,1.0,3.696357488632202,34.940303802490234,29.977876663208008,0.0,18.65306854248047,80.72701263427734,18.546709060668945,68.61774444580078,1.0,1.0,0.0,2.425715208053589,1.983006238937378,5.5,2.831833839416504
255.0,2025-02-20 07:23:56.602912,119.85736083984375,0.0,2.989760398864746,21.82978630065918,1.0,0.0,1,0,,0,0,0,1,1,,1,0,,,,1,2.7521135807037354,1.6545809507369995,73.35362243652344,26.872089385986328,70.04373168945312,26.83095359802246,83.36285400390625,29.3660831451416,28.466083526611328,0.0,0.0,0.0,50.41109085083008,1.0,0.0,0.0,0.0,1.0,3.6606545448303223,34.924163818359375,29.970355987548828,0.0,18.63705062866211,80.73872375488281,18.530738830566406,68.62590789794922,1.0,1.0,0.0,2.4097952842712402,2.0121378898620605,5.5,2.8467814922332764
256.0,2025-02-20 07:25:25.364893,119.88682556152344,0.0,2.989755630493164,21.812713623046875,1.0,0.0,1,0,,0,0,0,1,1,,1,0,,,,1,2.713933229446411,1.67462158203125,73.07659912109375,26.88249397277832,70.00802612304688,26.84134292602539,83.35308074951172,29.375049591064453,28.47504997253418,0.0,0.0,0.0,50.42128372192383,1.0,0.0,0.0,0.0,1.0,3.6249513626098633,34.908050537109375,29.962854385375977,0.0,18.621070861816406,80.75042724609375,18.51481056213379,68.634033203125,1.0,1.0,0.0,2.393903970718384,2.0412261486053467,5.5,2.8616700172424316
257.0,2025-02-20 07:26:53.262544,119.91627502441406,0.0,2.989751100540161,21.7956485748291,1.0,0.0,1,0,,0,0,0,1,1,,1,0,,,,1,2.6758816242218018,1.6944085359573364,72.80001831054688,26.89276695251465,69.97232818603516,26.851598739624023,83.34329986572266,29.383892059326172,28.4838924407959,0.0,0.0,0.0,50.4314079284668,1.0,0.0,0.0,0.0,1.0,3.5892484188079834,34.8919563293457,29.95537567138672,0.0,18.605133056640625,80.76211547851562,18.498920440673828,68.64212799072266,1.0,1.0,0.0,2.3780410289764404,2.0702707767486572,5.5,2.876499891281128
258.0,2025-02-20 07:28:21.757491,119.9456787109375,0.0,2.989746332168579,21.778606414794922,1.0,0.0,1,0,,0,0,0,1,1,,1,0,,,,1,2.6379587650299072,1.7139424085617065,72.52397155761719,26.902912139892578,69.9366226196289,26.861730575561523,83.3335189819336,29.392614364624023,28.492612838745117,0.0,0.0,0.0,50.44146728515625,1.0,0.0,0.0,0.0,1.0,3.5535454750061035,34.87588119506836,29.94791603088379,0.0,18.5892276763916,80.77378845214844,18.483064651489258,68.65018463134766,1.0,1.0,0.0,2.3622066974639893,2.0992720127105713,5.5,2.8912711143493652
259.0,2025-02-20 07:29:47.978160,119.97502899169922,0.0,2.989741802215576,21.761598587036133,1.0,0.0,1,0,,0,0,0,1,1,,1,0,,,,1,2.600163698196411,1.7332239151000977,72.24858856201172,26.912933349609375,69.90091705322266,26.871736526489258,83.32372283935547,29.401220321655273,28.501218795776367,0.0,0.0,0.0,50.45146942138672,1.0,0.0,0.0,0.0,1.0,3.5178425312042236,34.85982131958008,29.940475463867188,0.0,18.573352813720703,80.78545379638672,18.467239379882812,68.65819549560547,1.0,1.0,0.0,2.346400260925293,2.128229856491089,5.5,2.9059839248657227
260.0,2025-02-20 07:31:16.973013,120.00431060791016,0.0,2.989737033843994,21.744626998901367,1.0,0.0,1,0,,0,0,0,1,1,,1,0,,,,1,2.5624969005584717,1.752253532409668,71.97386169433594,26.92283058166504,69.86521911621094,26.88161849975586,83.31391906738281,29.409709930419922,28.50971031188965,0.0,0.0,0.0,50.46140670776367,1.0,0.0,0.0,0.0,1.0,3.4821393489837646,34.84378433227539,29.933053970336914,0.0,18.557506561279297,80.7970962524414,18.451440811157227,68.66617584228516,1.0,1.0,0.0,2.3306221961975098,2.15714430809021,5.5,2.9206383228302
261.0,2025-02-20 07:32:43.706568,120.03353118896484,0.0,2.989732503890991,21.727684020996094,1.0,0.0,1,0,,0,0,0,1,1,,1,0,,,,1,2.5249574184417725,1.7710319757461548,71.69977569580078,26.93260383605957,69.82952117919922,26.891376495361328,83.30410766601562,29.41808319091797,28.518081665039062,0.0,0.0,0.0,50.47127914428711,1.0,0.0,0.0,0.0,1.0,3.4464364051818848,34.8277587890625,29.925649642944336,0.0,18.541690826416016,80.80873107910156,18.435672760009766,68.67411041259766,1.0,1.0,0.0,2.3148717880249023,2.1860156059265137,5.5,2.935234546661377
262.0,2025-02-20 07:34:11.651828,120.06270599365234,0.0,2.989727735519409,21.710773468017578,1.0,0.0,1,0,,0,0,0,1,1,,1,0,,,,1,2.4875452518463135,1.7895599603652954,71.42633819580078,26.942251205444336,69.79381561279297,26.901010513305664,83.29428100585938,29.426340103149414,28.526338577270508,0.0,0.0,0.0,50.48109817504883,1.0,0.0,0.0,0.0,1.0,3.410733461380005,34.8117561340332,29.918264389038086,0.0,18.525903701782227,80.82034301757812,18.41993522644043,68.68201446533203,1.0,1.0,0.0,2.2991487979888916,2.214843511581421,5.5,2.949772834777832
263.0,2025-02-20 07:35:38.484648,120.09180450439453,0.0,2.9897232055664062,21.693899154663086,1.0,0.0,1,0,,0,0,0,1,1,,1,0,,,,1,2.4502604007720947,1.807837963104248,71.15354919433594,26.951778411865234,69.75811004638672,26.910520553588867,83.28446960449219,29.434480667114258,28.534481048583984,0.0,0.0,0.0,50.4908447265625,1.0,0.0,0.0,0.0,1.0,3.375030517578125,34.79576873779297,29.91089630126953,0.0,18.510147094726562,80.83194732666016,18.404226303100586,68.68988037109375,1.0,1.0,0.0,2.2834537029266357,2.2436282634735107,5.5,2.9642531871795654
264.0,2025-02-20 07:37:02.920983,120.12085723876953,0.0,2.9897186756134033,21.67705535888672,1.0,0.0,1,0,,0,0,0,1,1,,1,0,,,,1,2.4131019115448,1.8258665800094604,70.88140869140625,26.961179733276367,69.722412109375,26.91990852355957,83.27464294433594,29.442506790161133,28.542505264282227,0.0,0.0,0.0,50.50053024291992,1.0,0.0,0.0,0.0,1.0,3.339327573776245,34.77980041503906,29.903547286987305,0.0,18.49441909790039,80.8435287475586,18.388547897338867,68.69770050048828,1.0,1.0,0.0,2.2677857875823975,2.272369861602783,5.5,2.9786758422851562
265.0,2025-02-20 07:38:28.364450,119.6598892211914,0.0,2.9897916316986084,21.944168090820312,1.0,0.0,1,0,,0,0,0,1,1,,1,0,,,,1,2.3778915405273438,1.8456687927246094,72.38838195800781,27.047544479370117,70.90641784667969,27.007022857666016,84.34188079833984,29.533493041992188,28.63349151611328,0.0,0.0,0.0,50.00253677368164,1.0,0.0,0.0,0.0,1.0,3.307382345199585,35.07475280761719,30.224170684814453,0.0,18.626235961914062,80.46923828125,18.518253326416016,67.79429626464844,1.0,1.0,0.0,2.2807791233062744,2.2942347526550293,5.5,2.9749538898468018
266.0,2025-02-20 07:39:52.651678,119.68766021728516,0.0,2.9897871017456055,21.928089141845703,1.0,0.0,1,0,,0,0,0,1,1,,1,0,,,,1,2.3428046703338623,1.865230679512024,72.11571502685547,27.058250427246094,70.87447357177734,27.017730712890625,84.35427856445312,29.542726516723633,28.642724990844727,0.0,0.0,0.0,50.00167465209961,1.0,0.0,0.0,0.0,1.0,3.275437355041504,35.06096649169922,30.221080780029297,0.0,18.609790802001953,80.47660064697266,18.501827239990234,67.78790283203125,1.0,1.0,0.0,2.2937698364257812,2.3160624504089355,5.5,2.9705119132995605
267.0,2025-02-20 07:41:19.408701,119.71537017822266,0.0,2.9897828102111816,21.91204261779785,1.0,0.0,1,0,,0,0,0,1,1,,1,0,,,,1,2.3078413009643555,1.8845525979995728,71.84371948242188,27.06883430480957,70.842529296875,27.028316497802734,84.36663055419922,29.551843643188477,28.651844024658203,0.0,0.0,0.0,50.00076675415039,1.0,0.0,0.0,0.0,1.0,3.2434921264648438,35.04722213745117,30.218154907226562,0.0,18.59343147277832,80.48397064208984,18.48548698425293,67.78105163574219,1.0,1.0,0.0,2.306757926940918,2.337852954864502,5.5,2.9660489559173584
268.0,2025-02-20 07:42:41.561388,119.74301147460938,0.0,2.989778518676758,21.89603042602539,1.0,0.0,1,0,,0,0,0,1,1,,1,0,,,,1,2.2730014324188232,1.9036355018615723,71.57237243652344,27.079296112060547,70.81058502197266,27.038780212402344,84.37895965576172,29.560848236083984,28.660846710205078,0.0,0.0,0.0,49.99980926513672,1.0,0.0,0.0,0.0,1.0,3.2115468978881836,35.03349304199219,30.21524429321289,0.0,18.577106475830078,80.4913330078125,18.469181060791016,67.7741928100586,1.0,1.0,0.0,2.3197433948516846,2.3596062660217285,5.5,2.9615652561187744
269.0,2025-02-20 07:44:07.424793,119.7706069946289,0.0,2.989773988723755,21.880046844482422,1.0,0.0,1,0,,0,0,0,1,1,,1,0,,,,1,2.2382843494415283,1.9224797487258911,71.30164337158203,27.08963394165039,70.77864074707031,27.04911994934082,84.3912582397461,29.56973648071289,28.669734954833984,0.0,0.0,0.0,49.998809814453125,1.0,0.0,0.0,0.0,1.0,3.1796019077301025,35.01978302001953,30.212345123291016,0.0,18.560813903808594,80.49868774414062,18.45290756225586,67.76732635498047,1.0,1.0,0.0,2.332726001739502,2.3813226222991943,5.5,2.9570605754852295
270.0,2025-02-20 07:45:31.013845,119.79814910888672,0.0,2.989769697189331,21.864093780517578,1.0,0.0,1,0,,0,0,0,1,1,,1,0,,,,1,2.2036900520324707,1.941085934638977,71.03154754638672,27.099851608276367,70.74669647216797,27.059337615966797,84.40351104736328,29.578510284423828,28.678508758544922,0.0,0.0,0.0,49.99776840209961,1.0,0.0,0.0,0.0,1.0,3.1476566791534424,35.00609588623047,30.209461212158203,0.0,18.544553756713867,80.50602722167969,18.43666648864746,67.76045227050781,1.0,1.0,0.0,2.34570574760437,2.4030020236968994,5.5,2.952535390853882
271.0,2025-02-20 07:46:55.566982,119.82563018798828,0.0,2.9897654056549072,21.848169326782227,1.0,0.0,1,0,,0,0,0,1,1,,1,0,,,,1,2.169218063354492,1.9594547748565674,70.76209259033203,27.109943389892578,70.71475219726562,27.069433212280273,84.41574096679688,29.587169647216797,28.68716812133789,0.0,0.0,0.0,49.996673583984375,1.0,0.0,0.0,0.0,1.0,3.1157114505767822,34.99242401123047,30.206586837768555,0.0,18.52832794189453,80.51335906982422,18.420459747314453,67.7535629272461,1.0,1.0,0.0,2.35868239402771,2.4246444702148438,5.5,2.9479894638061523
272.0,2025-02-20 07:48:16.962399,119.85306549072266,0.0,2.9897611141204834,21.832275390625,1.0,0.0,1,0,,0,0,0,1,1,,1,0,,,,1,2.1348683834075928,1.9775868654251099,70.49327850341797,27.119915008544922,70.68281555175781,27.079404830932617,84.42793273925781,29.595712661743164,28.69571304321289,0.0,0.0,0.0,49.99553680419922,1.0,0.0,0.0,0.0,1.0,3.083766460418701,34.9787712097168,30.20372772216797,0.0,18.512134552001953,80.52068328857422,18.404285430908203,67.74666595458984,1.0,1.0,0.0,2.3716559410095215,2.4462499618530273,5.5,2.94342303276062
273.0,2025-02-20 07:49:41.783158,119.88043975830078,0.0,2.9897568225860596,21.8164119720459,1.0,0.0,1,0,,0,0,0,1,1,,1,0,,,,1,2.100640296936035,1.9954826831817627,70.22510528564453,27.129764556884766,70.65086364746094,27.089256286621094,84.44007873535156,29.604143142700195,28.70414161682129,0.0,0.0,0.0,49.994361877441406,1.0,0.0,0.0,0.0,1.0,3.051821231842041,34.96514129638672,30.20088005065918,0.0,18.495973587036133,80.52799224853516,18.388145446777344,67.73976135253906,1.0,1.0,0.0,2.3846259117126465,2.4678187370300293,5.5,2.9388363361358643
274.0,2025-02-20 07:51:05.648873,119.90776824951172,0.0,2.9897522926330566,21.800579071044922,1.0,0.0,1,0,,0,0,0,1,1,,1,0,,,,1,2.0665340423583984,2.0131430625915527,69.95758056640625,27.139490127563477,70.61891174316406,27.098983764648438,84.45220184326172,29.612457275390625,28.71245574951172,0.0,0.0,0.0,49.993133544921875,1.0,0.0,0.0,0.0,1.0,3.01987624168396,34.9515266418457,30.19804573059082,0.0,18.479846954345703,80.53529357910156,18.372037887573242,67.73284149169922,1.0,1.0,0.0,2.397592544555664,2.4893507957458496,5.5,2.9342291355133057
275.0,2025-02-20 07:52:35.069973,119.93504333496094,0.0,2.989748001098633,21.784772872924805,1.0,0.0,1,0,,0,0,0,1,1,,1,0,,,,1,2.0325489044189453,2.0305683612823486,69.69068908691406,27.14909553527832,70.58697509765625,27.108591079711914,84.46429443359375,29.620656967163086,28.720657348632812,0.0,0.0,0.0,49.99186325073242,1.0,0.0,0.0,0.0,1.0,2.9879310131073,34.93793487548828,30.195222854614258,0.0,18.46375274658203,80.5425796508789,18.355960845947266,67.72591400146484,1.0,1.0,0.0,2.410555601119995,2.510845899581909,5.5,2.9296019077301025
276.0,2025-02-20 07:53:52.206863,120.1600112915039,0.0,2.9897124767303467,21.65435218811035,1.0,0.0,1,0,,1,0,0,1,1,,1,0,,,,1,1.9976372718811035,2.0194761753082275,72.37648010253906,26.290027618408203,88.02070617675781,26.35748863220215,84.27709197998047,29.192129135131836,28.292129516601562,35.21435546875,0.0,0.0,49.70163345336914,1.0,1.0,0.0,0.0,1.0,3.0273373126983643,34.886348724365234,30.16655731201172,0.0,18.342695236206055,80.51009368896484,18.235092163085938,67.69792175292969,1.0,1.0,0.0,2.4227006435394287,2.5322017669677734,5.5,2.925520420074463
277.0,2025-02-20 07:55:15.270567,119.89710235595703,0.0,2.9897539615631104,21.806758880615234,1.0,0.0,1,0,,1,0,0,1,1,,1,0,,,,1,1.964056134223938,2.009167194366455,73.61265563964844,26.290376663208008,87.28589630126953,26.360349655151367,84.41876220703125,29.205385208129883,28.305383682250977,35.63732147216797,0.0,0.0,49.62977600097656,1.0,1.0,0.0,0.0,1.0,3.0645945072174072,34.50953674316406,29.721988677978516,0.0,18.702857971191406,81.5118408203125,18.598173141479492,69.48566436767578,1.0,1.0,0.0,2.437624454498291,2.566927671432495,5.5,2.9541618824005127
278.0,2025-02-20 07:56:37.750091,119.934326171875,0.0,2.989748239517212,21.785188674926758,1.0,0.0,1,0,,1,0,0,1,1,,1,0,,,,1,1.9305387735366821,1.9987753629684448,73.49118041992188,26.27867317199707,87.30567932128906,26.34855842590332,84.42659759521484,29.192609786987305,28.2926082611084,35.619327545166016,0.0,0.0,49.61960220336914,1.0,1.0,0.0,0.0,1.0,3.1018149852752686,34.48830032348633,29.710826873779297,0.0,18.67833709716797,81.52328491210938,18.573726654052734,69.49642181396484,1.0,1.0,0.0,2.452519655227661,2.601595878601074,5.5,2.980419397354126
279.0,2025-02-20 07:58:02.339086,119.9704360961914,0.0,2.9897425174713135,21.764259338378906,1.0,0.0,1,0,,1,0,0,1,1,,1,0,,,,1,1.8970921039581299,1.9883067607879639,73.3761215209961,26.26699447631836,87.32545471191406,26.3367919921875,84.43444061279297,29.179895401000977,28.27989387512207,35.601341247558594,0.0,0.0,49.60943603515625,1.0,1.0,0.0,0.0,1.0,3.1389992237091064,34.46928405761719,29.69999885559082,0.0,18.65997886657715,81.53710174560547,18.555437088012695,69.51243591308594,1.0,1.0,0.0,2.467386245727539,2.6362130641937256,5.5,3.0065956115722656
280.0,2025-02-20 07:59:28.007637,120.00652313232422,0.0,2.989736795425415,21.743345260620117,1.0,0.0,1,0,,1,0,0,1,1,,1,0,,,,1,1.863715648651123,1.9777618646621704,73.26172637939453,26.25524139404297,87.34517669677734,26.324951171875,84.44223022460938,29.167112350463867,28.26711082458496,35.58332824707031,0.0,0.0,49.5992546081543,1.0,1.0,0.0,0.0,1.0,3.1761467456817627,34.45027542114258,29.689247131347656,0.0,18.64161491394043,81.55089569091797,18.53714370727539,69.52819061279297,1.0,1.0,0.0,2.482224225997925,2.670778751373291,5.5,3.032691478729248
281.0,2025-02-20 08:00:54.511960,120.0425796508789,0.0,2.9897310733795166,21.722442626953125,1.0,0.0,1,0,,1,0,0,1,1,,1,0,,,,1,1.8304091691970825,1.9671413898468018,73.14800262451172,26.24341583251953,87.36485290527344,26.313039779663086,84.4499740600586,29.154260635375977,28.25425910949707,35.56528854370117,0.0,0.0,49.589054107666016,1.0,1.0,0.0,0.0,1.0,3.2132577896118164,34.431278228759766,29.678510665893555,0.0,18.62326431274414,81.56465911865234,18.518863677978516,69.54388427734375,1.0,1.0,0.0,2.4970333576202393,2.7052931785583496,5.5,3.058706760406494
282.0,2025-02-20 08:02:23.449736,120.07859802246094,0.0,2.989725351333618,21.70155906677246,1.0,0.0,1,0,,1,0,0,1,1,,1,0,,,,1,1.7971724271774292,1.9564459323883057,73.03495025634766,26.231521606445312,87.38448333740234,26.301055908203125,84.45767974853516,29.141342163085938,28.241342544555664,35.54722595214844,0.0,0.0,49.578834533691406,1.0,1.0,0.0,0.0,1.0,3.2503323554992676,34.41229248046875,29.66779327392578,0.0,18.60492706298828,81.5783920288086,18.500595092773438,69.55952453613281,1.0,1.0,0.0,2.5118136405944824,2.7397561073303223,5.5,3.084641695022583
283.0,2025-02-20 08:03:45.736564,120.11459350585938,0.0,2.9897196292877197,21.680688858032227,1.0,0.0,1,0,,1,0,0,1,1,,1,0,,,,1,1.7640050649642944,1.9456760883331299,72.92256927490234,26.219554901123047,87.40406799316406,26.289003372192383,84.46534729003906,29.12835693359375,28.228357315063477,35.52914047241211,0.0,0.0,49.56859588623047,1.0,1.0,0.0,0.0,1.0,3.287370204925537,34.39331817626953,29.657093048095703,0.0,18.58660316467285,81.59210205078125,18.482341766357422,69.57510375976562,1.0,1.0,0.0,2.5265650749206543,2.774167776107788,5.5,3.1104965209960938
284.0,2025-02-20 08:05:12.408814,120.15055084228516,0.0,2.9897139072418213,21.65983772277832,1.0,0.0,1,0,,1,0,0,1,1,,1,0,,,,1,1.7309068441390991,1.9348325729370117,72.81085205078125,26.20751953125,87.4236068725586,26.276880264282227,84.47298431396484,29.115306854248047,28.215307235717773,35.51103210449219,0.0,0.0,49.55833053588867,1.0,1.0,0.0,0.0,1.0,3.324371337890625,34.37435531616211,29.646408081054688,0.0,18.56829261779785,81.60578918457031,18.464099884033203,69.59062194824219,1.0,1.0,0.0,2.541287660598755,2.808528423309326,5.5,3.1362712383270264
285.0,2025-02-20 08:06:35.892244,120.18648529052734,0.0,2.989708185195923,21.63899803161621,1.0,0.0,1,0,,1,0,0,1,1,,1,0,,,,1,1.6978775262832642,1.923915982246399,72.69978332519531,26.195415496826172,87.44309997558594,26.264686584472656,84.4805679321289,29.102191925048828,28.202190399169922,35.492897033691406,0.0,0.0,49.548057556152344,1.0,1.0,0.0,0.0,1.0,3.3613357543945312,34.35540008544922,29.635740280151367,0.0,18.54999351501465,81.61944580078125,18.445871353149414,69.60609436035156,1.0,1.0,0.0,2.555981159210205,2.8428378105163574,5.5,3.16196608543396
286.0,2025-02-20 08:07:58.599771,120.22238159179688,0.0,2.9897024631500244,21.61817741394043,1.0,0.0,1,0,,1,0,0,1,1,,1,0,,,,1,1.664916753768921,1.9129267930984497,72.5893783569336,26.183242797851562,87.46253967285156,26.252426147460938,84.48812103271484,29.089012145996094,28.189010620117188,35.4747428894043,0.0,0.0,49.53776168823242,1.0,1.0,0.0,0.0,1.0,3.398263454437256,34.33646011352539,29.625089645385742,0.0,18.53171157836914,81.63307189941406,18.427658081054688,69.62149810791016,1.0,1.0,0.0,2.570645570755005,2.877095937728882,5.5,3.1875810623168945
287.0,2025-02-20 08:09:27.176714,120.25825500488281,0.0,2.989696741104126,21.597370147705078,1.0,0.0,1,0,,1,0,0,1,1,,1,0,,,,1,1.6320242881774902,1.9018657207489014,72.47962188720703,26.171003341674805,87.48194122314453,26.24009895324707,84.49562072753906,29.075769424438477,28.17576789855957,35.45656204223633,0.0,0.0,49.5274543762207,1.0,1.0,0.0,0.0,1.0,3.4351541996002197,34.31753158569336,29.61445426940918,0.0,18.513439178466797,81.64668273925781,18.409456253051758,69.63685607910156,1.0,1.0,0.0,2.5852808952331543,2.9113028049468994,5.5,3.213116407394409
288.0,2025-02-20 08:10:49.908280,120.29408264160156,0.0,2.9896912574768066,21.576581954956055,1.0,0.0,1,0,,1,0,0,1,1,,1,0,,,,1,1.599199891090393,1.8907334804534912,72.37052154541016,26.15869903564453,87.50129699707031,26.227705001831055,84.50310516357422,29.062463760375977,28.162464141845703,35.43836212158203,0.0,0.0,49.51711654663086,1.0,1.0,0.0,0.0,1.0,3.472007989883423,34.298614501953125,29.603837966918945,0.0,18.495182037353516,81.6602554321289,18.391267776489258,69.65215301513672,1.0,1.0,0.0,2.5998873710632324,2.9454588890075684,5.5,3.238572120666504
289.0,2025-02-20 08:12:16.623228,119.54435729980469,0.0,2.98980975151062,22.01106071472168,1.0,0.0,1,0,,1,0,0,1,1,,1,0,,,,1,1.569819688796997,1.883580207824707,75.40837860107422,26.247230529785156,89.33767700195312,26.311145782470703,85.42316436767578,29.14630126953125,28.246299743652344,34.41622543334961,0.0,0.0,49.07886505126953,1.0,1.0,0.0,0.0,1.0,3.5137827396392822,34.21766662597656,28.92586898803711,0.0,19.14034652709961,82.43911743164062,19.040796279907227,72.40486907958984,1.0,1.0,0.0,2.6310269832611084,2.9872190952301025,5.5,3.307230234146118
290.0,2025-02-20 08:13:41.681523,119.57611083984375,0.0,2.989804744720459,21.99267578125,1.0,0.0,1,0,,1,0,0,1,1,,1,0,,,,1,1.5405082702636719,1.8763501644134521,75.28848266601562,26.239301681518555,89.36044311523438,26.303138732910156,85.4432601928711,29.137250900268555,28.23724937438965,34.39796829223633,0.0,0.0,49.06403732299805,1.0,1.0,0.0,0.0,1.0,3.5555202960968018,34.196868896484375,28.90941047668457,0.0,19.123899459838867,82.4575424194336,19.02445411682129,72.43875122070312,1.0,1.0,0.0,2.6621248722076416,3.028923273086548,5.5,3.3736729621887207
291.0,2025-02-20 08:15:08.989554,119.6072769165039,0.0,2.989799976348877,21.97463607788086,1.0,0.0,1,0,,1,0,0,1,1,,1,0,,,,1,1.511269211769104,1.869046688079834,75.17233276367188,26.231334686279297,89.38317108154297,26.29509162902832,85.46331787109375,29.128183364868164,28.228181838989258,34.37969207763672,0.0,0.0,49.04920196533203,1.0,1.0,0.0,0.0,1.0,3.5972208976745605,34.17731475830078,28.89043426513672,0.0,19.110944747924805,82.47733306884766,19.011619567871094,72.4837646484375,1.0,1.0,0.0,2.693180799484253,3.0705747604370117,5.5,3.4399735927581787
292.0,2025-02-20 08:16:34.271847,119.6384048461914,0.0,2.989794969558716,21.95661163330078,1.0,0.0,1,0,,1,0,0,1,1,,1,0,,,,1,1.482102394104004,1.8616703748703003,75.0568618774414,26.22329330444336,89.40584564208984,26.286972045898438,85.48331451416016,29.119047164916992,28.21904754638672,34.361392974853516,0.0,0.0,49.03435134887695,1.0,1.0,0.0,0.0,1.0,3.6388843059539795,34.15776443481445,28.871519088745117,0.0,19.097990036010742,82.4970932006836,18.9987850189209,72.52852630615234,1.0,1.0,0.0,2.7241950035095215,3.112173080444336,5.5,3.5061323642730713
293.0,2025-02-20 08:17:55.682293,119.66950225830078,0.0,2.9897899627685547,21.93860626220703,1.0,0.0,1,0,,1,0,0,1,1,,1,0,,,,1,1.4530073404312134,1.8542218208312988,74.94208526611328,26.215181350708008,89.42847442626953,26.27878189086914,85.50328063964844,29.109844207763672,28.209842681884766,34.34307098388672,0.0,0.0,49.01947021484375,1.0,1.0,0.0,0.0,1.0,3.6805107593536377,34.13822937011719,28.852622985839844,0.0,19.085050582885742,82.51683044433594,18.9859676361084,72.57318878173828,1.0,1.0,0.0,2.755167245864868,3.153718948364258,5.5,3.5721495151519775
294.0,2025-02-20 08:19:19.840871,119.7005615234375,0.0,2.9897851943969727,21.920616149902344,1.0,0.0,1,0,,1,0,0,1,1,,1,0,,,,1,1.4239839315414429,1.8467018604278564,74.82798767089844,26.206998825073242,89.45105743408203,26.270519256591797,85.5231704711914,29.100574493408203,28.20057487487793,34.32472229003906,0.0,0.0,49.00458526611328,1.0,1.0,0.0,0.0,1.0,3.722100019454956,34.11870574951172,28.83374786376953,0.0,19.072126388549805,82.53653717041016,18.973161697387695,72.61775207519531,1.0,1.0,0.0,2.786097526550293,3.195211887359619,5.5,3.6380252838134766
295.0,2025-02-20 08:20:41.341148,119.7315902709961,0.0,2.9897801876068115,21.902645111083984,1.0,0.0,1,0,,1,0,0,1,1,,1,0,,,,1,1.3950318098068237,1.8391109704971313,74.71456146240234,26.198747634887695,89.47358703613281,26.26218605041504,85.54302978515625,29.09123992919922,28.191238403320312,34.30635070800781,0.0,0.0,48.98967361450195,1.0,1.0,0.0,0.0,1.0,3.7636518478393555,34.09919357299805,28.814891815185547,0.0,19.059215545654297,82.55621337890625,18.960371017456055,72.66221618652344,1.0,1.0,0.0,2.816985845565796,3.236652135848999,5.5,3.7037596702575684
296.0,2025-02-20 08:22:10.452985,119.76258850097656,0.0,2.9897754192352295,21.88469123840332,1.0,0.0,1,0,,1,0,0,1,1,,1,0,,,,1,1.3661506175994873,1.8314498662948608,74.601806640625,26.1904239654541,89.4960708618164,26.2537841796875,85.56282806396484,29.081838607788086,28.18183708190918,34.28795623779297,0.0,0.0,48.97475051879883,1.0,1.0,0.0,0.0,1.0,3.805166482925415,34.07969284057617,28.79605484008789,0.0,19.04631805419922,82.57586669921875,18.947593688964844,72.70658874511719,1.0,1.0,0.0,2.847831964492798,3.2780396938323975,5.5,3.769352912902832
297.0,2025-02-20 08:23:36.777835,119.7935562133789,0.0,2.9897704124450684,21.86675453186035,1.0,0.0,1,0,,1,0,0,1,1,,1,0,,,,1,1.3373401165008545,1.8237190246582031,74.48973083496094,26.18203353881836,89.51850128173828,26.24531364440918,85.58258056640625,29.072372436523438,28.17237091064453,34.269535064697266,0.0,0.0,48.95980453491211,1.0,1.0,0.0,0.0,1.0,3.8466439247131348,34.06020736694336,28.777238845825195,0.0,19.033435821533203,82.59549713134766,18.934831619262695,72.7508544921875,1.0,1.0,0.0,2.878635883331299,3.3193745613098145,5.5,3.8348052501678467
298.0,2025-02-20 08:25:02.674434,119.8244857788086,0.0,2.9897656440734863,21.84883689880371,1.0,0.0,1,0,,1,0,0,1,1,,1,0,,,,1,1.3086000680923462,1.815919280052185,74.37831115722656,26.17357635498047,89.5408935546875,26.23677635192871,85.60227966308594,29.062843322753906,28.162843704223633,34.25109100341797,0.0,0.0,48.944847106933594,1.0,1.0,0.0,0.0,1.0,3.8880839347839355,34.04072952270508,28.758440017700195,0.0,19.020570755004883,82.61509704589844,18.922082901000977,72.79502868652344,1.0,1.0,0.0,2.909397840499878,3.36065673828125,5.5,3.9001166820526123
299.0,2025-02-20 08:26:32.528348,119.85537719726562,0.0,2.989760637283325,21.830936431884766,1.0,0.0,1,0,,1,0,0,1,1,,1,0,,,,1,1.2799302339553833,1.8080511093139648,74.26754760742188,26.165050506591797,89.563232421875,26.22817039489746,85.6219253540039,29.053251266479492,28.15325164794922,34.232627868652344,0.0,0.0,48.929874420166016,1.0,1.0,0.0,0.0,1.0,3.9294865131378174,34.021263122558594,28.73966407775879,0.0,19.00771713256836,82.6346664428711,18.909351348876953,72.83910369873047,1.0,1.0,0.0,2.940117359161377,3.401886463165283,5.5,3.965287446975708
300.0,2025-02-20 08:27:55.889047,119.88623809814453,0.0,2.989755868911743,21.813053131103516,1.0,0.0,1,0,,1,0,0,1,1,,1,0,,,,1,1.2513301372528076,1.8001151084899902,74.15744018554688,26.15645980834961,89.58552551269531,26.219499588012695,85.64153289794922,29.043598175048828,28.143596649169922,34.21413803100586,0.0,0.0,48.91488265991211,1.0,1.0,0.0,0.0,1.0,3.9708516597747803,34.00181198120117,28.720905303955078,0.0,18.99488067626953,82.65421295166016,18.896631240844727,72.8830795288086,1.0,1.0,0.0,2.970794677734375,3.443063497543335,5.5,4.030317783355713
301.0,2025-02-20 08:29:22.360567,119.78911590576172,0.0,2.9897711277008057,21.86932373046875,1.0,0.0,1,0,,1,0,0,1,1,,1,0,,,,1,1.2234300374984741,1.7940170764923096,74.42330932617188,26.203134536743164,91.65758514404297,26.260286331176758,86.75318145751953,29.066020965576172,28.166019439697266,32.975555419921875,0.0,0.0,48.341609954833984,1.0,1.0,0.0,0.0,1.0,4.017359733581543,33.8264045715332,28.455686569213867,0.0,19.15836524963379,83.10840606689453,19.061790466308594,73.84429931640625,1.0,1.0,0.0,3.018160343170166,3.4891977310180664,5.5,4.108971118927002
302.0,2025-02-20 08:30:48.746057,119.8189468383789,0.0,2.9897663593292236,21.85204315185547,1.0,0.0,1,0,,1,0,0,1,1,,1,0,,,,1,1.1956000328063965,1.7878472805023193,74.30219268798828,26.196548461914062,91.68231964111328,26.253623962402344,86.78438568115234,29.058244705200195,28.15824317932129,32.95594024658203,0.0,0.0,48.32110595703125,1.0,1.0,0.0,0.0,1.0,4.063828468322754,33.80474090576172,28.436338424682617,0.0,19.144128799438477,83.13001251220703,19.04767608642578,73.88787078857422,1.0,1.0,0.0,3.0654680728912354,3.5352730751037598,5.5,4.186056137084961
303.0,2025-02-20 08:32:16.146923,119.84822845458984,0.0,2.9897618293762207,21.835079193115234,1.0,0.0,1,0,,1,0,0,1,1,,1,0,,,,1,1.1678435802459717,1.7816089391708374,74.18453216552734,26.189926147460938,91.7070083618164,26.24692726135254,86.81553649902344,29.05045509338379,28.150453567504883,32.93635177612305,0.0,0.0,48.30063247680664,1.0,1.0,0.0,0.0,1.0,4.110257148742676,33.784210205078125,28.415143966674805,0.0,19.13306427001953,83.15287780761719,19.036745071411133,73.94005584716797,1.0,1.0,0.0,3.112718343734741,3.5812933444976807,5.5,4.262982368469238
304.0,2025-02-20 08:33:41.866831,119.87747192382812,0.0,2.9897572994232178,21.818134307861328,1.0,0.0,1,0,,1,0,0,1,1,,1,0,,,,1,1.140160322189331,1.7753026485443115,74.06758880615234,26.183237075805664,91.73165130615234,26.240163803100586,86.84661865234375,29.042600631713867,28.142601013183594,32.916744232177734,0.0,0.0,48.28014373779297,1.0,1.0,0.0,0.0,1.0,4.156646251678467,33.76368713378906,28.39398956298828,0.0,19.12200927734375,83.17570495605469,19.025821685791016,73.99205017089844,1.0,1.0,0.0,3.1599106788635254,3.627257823944092,5.5,4.339750289916992
305.0,2025-02-20 08:35:05.773121,119.90666961669922,0.0,2.9897525310516357,21.80121612548828,1.0,0.0,1,0,,1,0,0,1,1,,1,0,,,,1,1.112549901008606,1.7689290046691895,73.95136260986328,26.176481246948242,91.7562484741211,26.233333587646484,86.87763977050781,29.034685134887695,28.134685516357422,32.89710998535156,0.0,0.0,48.259639739990234,1.0,1.0,0.0,0.0,1.0,4.202995777130127,33.74317932128906,28.37285614013672,0.0,19.1109676361084,83.19850158691406,19.01491355895996,74.04393768310547,1.0,1.0,0.0,3.207045078277588,3.6731669902801514,5.5,4.416359901428223
306.0,2025-02-20 08:36:27.402366,119.93582153320312,0.0,2.989748001098633,21.784320831298828,1.0,0.0,1,0,,1,0,0,1,1,,1,0,,,,1,1.0850123167037964,1.7624887228012085,73.8358383178711,26.169658660888672,91.7807846069336,26.2264347076416,86.90859985351562,29.026708602905273,28.126707077026367,32.8774528503418,0.0,0.0,48.239112854003906,1.0,1.0,0.0,0.0,1.0,4.249305248260498,33.722679138183594,28.35173988342285,0.0,19.099943161010742,83.22127532958984,19.00402069091797,74.09571838378906,1.0,1.0,0.0,3.254121780395508,3.7190208435058594,5.5,4.49281120300293
307.0,2025-02-20 08:37:54.696011,119.96492767333984,0.0,2.989743232727051,21.767452239990234,1.0,0.0,1,0,,1,0,0,1,1,,1,0,,,,1,1.057546854019165,1.755982518196106,73.72103118896484,26.162771224975586,91.80528259277344,26.219472885131836,86.93949890136719,29.0186710357666,28.118669509887695,32.85777282714844,0.0,0.0,48.21857833862305,1.0,1.0,0.0,0.0,1.0,4.295575141906738,33.70219421386719,28.330644607543945,0.0,19.088932037353516,83.24402618408203,18.993141174316406,74.14739227294922,1.0,1.0,0.0,3.301140546798706,3.7648191452026367,5.5,4.569104194641113
308.0,2025-02-20 08:39:18.612791,119.99398803710938,0.0,2.989738702774048,21.7506103515625,1.0,0.0,1,0,,1,0,0,1,1,,1,0,,,,1,1.030153512954712,1.74941086769104,73.60693359375,26.155818939208984,91.82971954345703,26.212446212768555,86.97032928466797,29.01057243347168,28.110570907592773,32.83807373046875,0.0,0.0,48.19803237915039,1.0,1.0,0.0,0.0,1.0,4.341804504394531,33.68172073364258,28.3095703125,0.0,19.077938079833984,83.2667465209961,18.98227882385254,74.1989517211914,1.0,1.0,0.0,3.3481011390686035,3.8105623722076416,5.5,4.645239353179932
309.0,2025-02-20 08:40:42.003080,120.02301025390625,0.0,2.989734172821045,21.73378562927246,1.0,0.0,1,0,,1,0,0,1,1,,1,0,,,,1,1.0028319358825684,1.7427746057510376,73.49351501464844,26.1488037109375,91.85411071777344,26.20535659790039,87.00111389160156,29.00241470336914,28.102415084838867,32.8183479309082,0.0,0.0,48.17745590209961,1.0,1.0,0.0,0.0,1.0,4.387994289398193,33.661258697509766,28.288515090942383,0.0,19.066957473754883,83.28943634033203,18.9714298248291,74.25040435791016,1.0,1.0,0.0,3.3950037956237793,3.856250286102295,5.5,4.721216678619385
310.0,2025-02-20 08:42:06.446768,120.05198669433594,0.0,2.989729642868042,21.716989517211914,1.0,0.0,1,0,,1,0,0,1,1,,1,0,,,,1,0.9755817651748657,1.7360743284225464,73.38079071044922,26.141725540161133,91.87845611572266,26.19820213317871,87.03182220458984,28.994199752807617,28.09419822692871,32.79860305786133,0.0,0.0,48.15687561035156,1.0,1.0,0.0,0.0,1.0,4.434144020080566,33.64080810546875,28.267478942871094,0.0,19.055992126464844,83.31209564208984,18.96059799194336,74.30174255371094,1.0,1.0,0.0,3.4418485164642334,3.9018826484680176,5.5,4.797036647796631
311.0,2025-02-20 08:43:31.592742,97.83348846435547,97.85284423828125,2.9746155738830566,34.13553237915039,1.0,1.0,1,1,,1,0,0,1,1,,1,0,,,,1,0.9714008569717407,1.7433058023452759,89.17845153808594,26.252077102661133,91.95093536376953,26.308645248413086,87.09771728515625,29.199161529541016,28.29916000366211,32.82239532470703,0.0,0.0,48.18107986450195,1.0,1.0,0.0,0.0,1.0,4.480341911315918,34.04655456542969,28.529088973999023,0.0,20.23326301574707,83.81723022460938,20.136226654052734,74.69944763183594,1.0,1.0,0.0,3.4887616634368896,3.9486114978790283,5.5,4.876422882080078
312.0,2025-02-20 08:46:27.556257,97.56468200683594,97.58396911621094,2.9747445583343506,34.28040313720703,1.0,1.0,1,1,,1,0,0,1,1,,0,0,,,,1,0.9661182165145874,1.7548977136611938,89.95242309570312,26.275392532348633,91.80553436279297,26.332563400268555,87.17057800292969,29.228864669799805,28.3288631439209,32.92817306518555,0.0,0.0,48.15447998046875,1.0,1.0,0.0,0.0,1.0,4.552063941955566,33.9072380065918,28.454261779785156,0.0,20.384723663330078,84.20056915283203,20.288158416748047,75.07490539550781,1.0,1.0,0.0,3.561861038208008,4.0233964920043945,5.5,5.0
313.0,2025-02-20 08:47:52.305237,97.0376205444336,97.05674743652344,2.97499680519104,34.56405258178711,1.0,1.0,1,1,,1,0,0,1,0,,0,0,,,,1,0.9721758365631104,1.7595436573028564,93.04344177246094,26.333192825317383,91.84422302246094,26.390411376953125,87.2062759399414,29.307323455810547,28.40732192993164,32.94013214111328,0.0,0.0,48.16652297973633,1.0,1.0,0.0,0.0,1.0,4.572152614593506,0.0,17.676586151123047,0.0,28.019805908203125,64.50927734375,27.97981834411621,106.7967529296875,0.0,1.0,0.0,3.582484722137451,4.005163669586182,5.5,5.0
314.0,2025-02-20 08:49:17.660791,97.03144836425781,97.05057525634766,2.9749996662139893,34.56736755371094,1.0,1.0,1,1,,1,0,0,1,0,,0,0,,,,1,0.9859369993209839,1.7701159715652466,93.04676818847656,26.338279724121094,91.85820007324219,26.395477294921875,87.22224426269531,29.31228256225586,28.412282943725586,32.9345703125,0.0,0.0,48.16059494018555,1.0,1.0,0.0,0.0,1.0,4.617796897888184,0.0,17.676586151123047,0.0,28.025493621826172,64.49104309082031,27.98550796508789,106.80243682861328,0.0,1.0,0.0,3.6293399333953857,3.9637250900268555,5.5,5.0
315.0,2025-02-20 08:50:41.669834,97.01741027832031,97.03653717041016,2.975006341934204,34.574913024902344,1.0,1.0,1,1,,1,0,0,1,0,,0,0,,,,1,0.9996843934059143,1.7807179689407349,93.05424499511719,26.349851608276367,91.88996887207031,26.407001495361328,87.2585220336914,29.32356834411621,28.423566818237305,32.92193603515625,0.0,0.0,48.14713668823242,1.0,1.0,0.0,0.0,1.0,4.663415431976318,0.0,17.67658805847168,0.0,28.038421630859375,64.44960021972656,27.99843406677246,106.81536865234375,0.0,1.0,0.0,3.676157236099243,3.9222865104675293,5.5,5.0
316.0,2025-02-20 08:52:08.154015,97.0033950805664,97.02251434326172,2.975013017654419,34.58245086669922,1.0,1.0,1,1,,1,0,0,1,0,,0,0,,,,1,1.0134179592132568,1.7913494110107422,93.06149291992188,26.3614501953125,91.9217300415039,26.418550491333008,87.29476165771484,29.334877014160156,28.43487548828125,32.9093132019043,0.0,0.0,48.13370132446289,1.0,1.0,0.0,0.0,1.0,4.709008693695068,0.0,17.67658805847168,0.0,28.051340103149414,64.40816497802734,28.011354446411133,106.82828521728516,0.0,1.0,0.0,3.7229366302490234,3.8808481693267822,5.5,5.0
317.0,2025-02-20 08:53:35.135425,96.98937225341797,97.00848388671875,2.975019693374634,34.589988708496094,1.0,1.0,1,1,,1,0,0,1,0,,0,0,,,,1,1.0271378755569458,1.8020100593566895,93.06851959228516,26.373075485229492,91.9534912109375,26.43012809753418,87.33100891113281,29.34621238708496,28.446210861206055,32.89670181274414,0.0,0.0,48.120277404785156,1.0,1.0,0.0,0.0,1.0,4.754576206207275,0.0,17.67658805847168,0.0,28.064252853393555,64.36672973632812,28.02426528930664,106.84119415283203,0.0,1.0,0.0,3.7696781158447266,3.839409589767456,5.5,5.0
318.0,2025-02-20 08:55:01.634775,96.97535705566406,96.99446105957031,2.9750263690948486,34.5975227355957,1.0,1.0,1,1,,1,0,0,1,0,,0,0,,,,1,1.040844202041626,1.812699794769287,93.07532501220703,26.384723663330078,91.98524475097656,26.441728591918945,87.36721801757812,29.35757064819336,28.457569122314453,32.88410186767578,0.0,0.0,48.106876373291016,1.0,1.0,0.0,0.0,1.0,4.800118446350098,0.0,17.676589965820312,0.0,28.07715606689453,64.32528686523438,28.037168502807617,106.85409545898438,0.0,1.0,0.0,3.8163816928863525,3.797971248626709,5.5,5.0
319.0,2025-02-20 08:56:25.553039,96.9613265991211,96.98043060302734,2.9750330448150635,34.605064392089844,1.0,1.0,1,1,,1,0,0,1,0,,0,0,,,,1,1.054537057876587,1.823418378829956,93.08192443847656,26.396398544311523,92.0169906616211,26.45335578918457,87.40341186523438,29.368953704833984,28.468952178955078,32.871517181396484,0.0,0.0,48.0934944152832,1.0,1.0,0.0,0.0,1.0,4.845634937286377,0.0,17.676589965820312,0.0,28.090051651000977,64.28385162353516,28.050064086914062,106.86698913574219,0.0,1.0,0.0,3.8630478382110596,3.756532669067383,5.5,5.0
320.0,2025-02-20 08:57:51.986022,96.94731903076172,96.96641540527344,2.9750397205352783,34.61259460449219,1.0,1.0,1,1,,1,0,0,1,0,,0,0,,,,1,1.0682164430618286,1.8341654539108276,93.08830261230469,26.408098220825195,92.04873657226562,26.465007781982422,87.43959045410156,29.380359649658203,28.480358123779297,32.85894775390625,0.0,0.0,48.08012771606445,1.0,1.0,0.0,0.0,1.0,4.8911261558532715,0.0,17.676589965820312,0.0,28.10293960571289,64.2424087524414,28.062952041625977,106.87987518310547,0.0,1.0,0.0,3.9096760749816895,3.7150943279266357,5.5,5.0
321.0,2025-02-20 08:59:14.204050,96.93330383300781,96.95240020751953,2.975046396255493,34.62012481689453,1.0,1.0,1,1,,1,0,0,1,0,,0,0,,,,1,1.0818824768066406,1.8449409008026123,93.0944595336914,26.419822692871094,92.08047485351562,26.4766845703125,87.47574615478516,29.39179039001465,28.491788864135742,32.84638977050781,0.0,0.0,48.06678009033203,1.0,1.0,0.0,0.0,1.0,4.936591625213623,0.0,17.676591873168945,0.0,28.115819931030273,64.20097351074219,28.07583236694336,106.89276123046875,0.0,1.0,0.0,3.9562668800354004,3.6736557483673096,5.5,5.0
322.0,2025-02-20 09:00:38.552978,96.9192886352539,96.9383773803711,2.975053071975708,34.62765884399414,1.0,1.0,1,1,,1,0,0,1,0,,0,0,,,,1,1.0955352783203125,1.8557446002960205,93.10041046142578,26.431570053100586,92.1122055053711,26.488384246826172,87.51187133789062,29.403244018554688,28.50324249267578,32.83384323120117,0.0,0.0,48.0534553527832,1.0,1.0,0.0,0.0,1.0,4.98203182220459,0.0,17.676591873168945,0.0,28.128692626953125,64.15953826904297,28.08870506286621,106.90563201904297,0.0,1.0,0.0,4.002820014953613,3.6322174072265625,5.5,5.0
323.0,2025-02-20 09:02:03.509839,96.90528106689453,96.92436981201172,2.975059747695923,34.63518524169922,1.0,1.0,1,1,,1,0,0,1,0,,0,0,,,,1,1.1091749668121338,1.866576075553894,93.10614776611328,26.443342208862305,92.14392852783203,26.500110626220703,87.5479965209961,29.41472053527832,28.514719009399414,32.82130813598633,0.0,0.0,48.040138244628906,1.0,1.0,0.0,0.0,1.0,5.027446746826172,0.0,17.676591873168945,0.0,28.141557693481445,64.11809539794922,28.10157012939453,106.91849517822266,0.0,1.0,0.0,4.049335479736328,3.5907790660858154,5.5,5.0
324.0,2025-02-20 09:03:27.125758,96.89127349853516,96.91036224365234,2.9750664234161377,34.64270782470703,1.0,1.0,1,1,,1,0,0,1,0,,0,0,,,,1,1.1228015422821045,1.877435326576233,93.11167907714844,26.45513916015625,92.17565155029297,26.511859893798828,87.5840835571289,29.42622184753418,28.526220321655273,32.80878829956055,0.0,0.0,48.026851654052734,1.0,1.0,0.0,0.0,1.0,5.072835922241211,0.0,17.676593780517578,0.0,28.154415130615234,64.07666015625,28.11442756652832,106.93135070800781,0.0,1.0,0.0,4.095813274383545,3.5493404865264893,5.5,5.0
325.0,2025-02-20 09:04:56.115304,96.92271423339844,96.94181060791016,2.9750514030456543,34.62581253051758,1.0,1.0,1,1,,1,0,0,1,0,,0,0,,,,1,1.13621985912323,1.8885865211486816,92.88916015625,26.47972297668457,92.58837890625,26.535585403442383,88.16797637939453,29.44232749938965,28.542327880859375,32.563812255859375,0.0,0.0,47.71938705444336,1.0,1.0,0.0,0.0,1.0,5.119134902954102,0.0,17.51881217956543,0.0,28.16558837890625,64.12816619873047,28.12626075744629,107.18217468261719,0.0,1.0,0.0,4.149872779846191,3.5095112323760986,5.5,5.0
326.0,2025-02-20 09:06:20.801594,96.9087905883789,96.9278793334961,2.975058078765869,34.633296966552734,1.0,1.0,1,1,,1,0,0,1,0,,0,0,,,,1,1.1496262550354004,1.8997652530670166,92.89163970947266,26.491880416870117,92.62059783935547,26.547700881958008,88.20914459228516,29.454139709472656,28.554140090942383,32.55109786987305,0.0,0.0,47.7033576965332,1.0,1.0,0.0,0.0,1.0,5.165407657623291,0.0,17.518814086914062,0.0,28.178308486938477,64.08833312988281,28.138978958129883,107.19490051269531,0.0,1.0,0.0,4.203886985778809,3.469681978225708,5.5,5.0
327.0,2025-02-20 09:07:48.644718,96.89486694335938,96.91394805908203,2.975064754486084,34.64078140258789,1.0,1.0,1,1,,1,0,0,1,0,,0,0,,,,1,1.1630209684371948,1.9109714031219482,92.89390563964844,26.50406265258789,92.6528091430664,26.559839248657227,88.25028991699219,29.46597671508789,28.565975189208984,32.53839111328125,0.0,0.0,47.687339782714844,1.0,1.0,0.0,0.0,1.0,5.2116546630859375,0.0,17.518814086914062,0.0,28.191020965576172,64.04850769042969,28.15169334411621,107.20761108398438,0.0,1.0,0.0,4.257856369018555,3.4298527240753174,5.5,5.0
328.0,2025-02-20 09:09:17.060622,96.88093566894531,96.90001678466797,2.975071430206299,34.64826583862305,1.0,1.0,1,1,,1,0,0,1,0,,0,0,,,,1,1.1764039993286133,1.9222047328948975,92.8959732055664,26.516267776489258,92.68502044677734,26.57200050354004,88.29139709472656,29.477834701538086,28.57783317565918,32.52569580078125,0.0,0.0,47.671348571777344,1.0,1.0,0.0,0.0,1.0,5.257876396179199,0.0,17.518814086914062,0.0,28.20372772216797,64.00867462158203,28.164400100708008,107.2203140258789,0.0,1.0,0.0,4.311779975891113,3.3900234699249268,5.5,5.0
329.0,2025-02-20 09:10:45.264717,96.86701965332031,96.88610076904297,2.9750781059265137,34.65574264526367,1.0,1.0,1,1,,1,0,0,1,0,,0,0,,,,1,1.1897754669189453,1.9334651231765747,92.89784240722656,26.52849769592285,92.71722412109375,26.584184646606445,88.33248138427734,29.489713668823242,28.58971405029297,32.51301574707031,0.0,0.0,47.65537643432617,1.0,1.0,0.0,0.0,1.0,5.30407190322876,0.0,17.518815994262695,0.0,28.216426849365234,63.96884536743164,28.177099227905273,107.23301696777344,0.0,1.0,0.0,4.365659236907959,3.350194215774536,5.5,5.0
330.0,2025-02-20 09:12:09.870824,96.58003234863281,96.5990219116211,2.975214719772339,34.80986404418945,1.0,1.0,1,1,,0,0,0,1,0,,0,0,,,,1,1.2052074670791626,1.9678936004638672,87.03898620605469,27.89425277709961,76.02921295166016,27.85651397705078,88.76058197021484,30.453216552734375,29.55321502685547,0.0,0.0,0.0,48.1185417175293,1.0,0.0,0.0,0.0,1.0,5.284389972686768,0.0,17.518821716308594,0.0,28.35826873779297,63.92901611328125,28.318941116333008,107.37484741210938,0.0,1.0,0.0,4.420844078063965,3.3103649616241455,5.5,5.0
331.0,2025-02-20 09:13:37.354872,96.55937194824219,96.57836151123047,2.975224494934082,34.82094955444336,1.0,1.0,1,1,,0,0,0,1,0,,0,0,,,,1,1.2206603288650513,2.002246379852295,86.94393157958984,27.924135208129883,76.00952911376953,27.886409759521484,88.80799102783203,30.48243522644043,29.582433700561523,0.0,0.0,0.0,48.109004974365234,1.0,0.0,0.0,0.0,1.0,5.264707565307617,0.0,17.518821716308594,0.0,28.375078201293945,63.88918685913086,28.335750579833984,107.39165496826172,0.0,1.0,0.0,4.476001739501953,3.270535707473755,5.5,5.0
332.0,2025-02-20 09:15:01.315887,96.1310043334961,96.14986419677734,2.9754276275634766,35.05067443847656,1.0,1.0,1,1,,0,0,0,1,0,,0,0,,,,1,1.2418787479400635,2.0382304191589355,88.8182601928711,28.059551239013672,75.9898452758789,28.02178192138672,88.88775634765625,30.629974365234375,29.72997283935547,0.0,0.0,0.0,48.1392707824707,1.0,0.0,0.0,0.0,1.0,5.245025634765625,0.0,0.0,0.0,29.637969970703125,63.849361419677734,29.637969970703125,60.57878875732422,0.0,0.0,0.0,4.53124475479126,3.2307064533233643,5.479489803314209,4.898359298706055
333.0,2025-02-20 09:16:24.266700,95.2355728149414,95.2541732788086,2.9758498668670654,35.52968215942383,1.0,1.0,1,1,,0,0,0,0,0,,0,0,,,,1,1.2681853771209717,2.103668689727783,73.9764175415039,30.76122283935547,75.97016906738281,30.76122283935547,68.38314819335938,33.07059097290039,32.17059326171875,0.0,0.0,0.0,0.0,1.0,0.0,0.0,0.0,0.0,5.225343227386475,0.0,0.0,0.0,30.109500885009766,63.809532165527344,30.109500885009766,60.480552673339844,0.0,0.0,0.0,4.450776100158691,3.1908771991729736,5.458677291870117,4.7971320152282715
334.0,2025-02-20 09:17:51.332819,95.19847869873047,95.21707153320312,2.97586727142334,35.54949188232422,1.0,1.0,1,1,,0,0,0,0,0,,0,0,,,,1,1.294527530670166,2.1689610481262207,73.81124114990234,30.81126594543457,75.95048522949219,30.81126594543457,68.30269622802734,33.119728088378906,32.219730377197266,0.0,0.0,0.0,0.0,1.0,0.0,0.0,0.0,0.0,5.205660820007324,0.0,0.0,0.0,30.139223098754883,63.76970291137695,30.139223098754883,60.3875846862793,0.0,0.0,0.0,4.370306968688965,3.151047945022583,5.4375786781311035,4.69460391998291
335.0,2025-02-20 09:19:16.585999,95.1613540649414,95.179931640625,2.9758846759796143,35.56931686401367,1.0,1.0,1,1,,0,0,0,0,0,,0,0,,,,1,1.3209049701690674,2.234107494354248,73.64642333984375,30.86124038696289,75.9308090209961,30.86124038696289,68.22221374511719,33.168800354003906,32.268798828125,0.0,0.0,0.0,0.0,1.0,0.0,0.0,0.0,0.0,5.185978889465332,0.0,0.0,0.0,30.168970108032227,63.72987365722656,30.168970108032227,60.306427001953125,0.0,0.0,0.0,4.2898383140563965,3.1112186908721924,5.416247367858887,4.592392921447754
336.0,2025-02-20 09:20:42.338729,95.12420654296875,95.14276885986328,2.9759020805358887,35.589149475097656,1.0,1.0,1,1,,0,0,0,0,0,,0,0,,,,1,1.3473175764083862,2.2991085052490234,73.48207092285156,30.91114044189453,75.91112518310547,30.91114044189453,68.1417465209961,33.217803955078125,32.31780242919922,0.0,0.0,0.0,0.0,1.0,0.0,0.0,0.0,0.0,5.166296482086182,0.0,0.0,0.0,30.198740005493164,63.69004440307617,30.198740005493164,60.225284576416016,0.0,0.0,0.0,4.20936918258667,3.0713894367218018,5.394685745239258,4.490495204925537
337.0,2025-02-20 09:22:07.594944,95.23216247558594,95.25076293945312,2.975851535797119,35.53150177001953,1.0,1.0,1,1,,0,0,0,0,0,,0,0,,,,1,1.3731679916381836,2.363589286804199,72.89385986328125,30.921831130981445,75.69579315185547,30.921831130981445,68.0274429321289,33.22529220581055,32.32529067993164,0.0,0.0,0.0,0.0,1.0,0.0,0.0,0.0,0.0,5.14567756652832,0.0,0.0,0.0,30.171180725097656,63.311279296875,30.171180725097656,60.23625946044922,0.0,0.0,0.0,4.128498077392578,3.025928258895874,5.373294353485107,4.392134666442871
338.0,2025-02-20 09:23:35.062635,95.19560241699219,95.21419525146484,2.9758687019348145,35.551029205322266,1.0,1.0,1,1,,0,0,0,0,0,,0,0,,,,1,1.3990540504455566,2.427924394607544,72.72918701171875,30.971155166625977,75.67517852783203,30.971155166625977,67.9465560913086,33.27372360229492,32.373722076416016,0.0,0.0,0.0,0.0,1.0,0.0,0.0,0.0,0.0,5.125058174133301,0.0,0.0,0.0,30.200422286987305,63.26581954956055,30.200422286987305,60.14645004272461,0.0,0.0,0.0,4.047626972198486,2.9804670810699463,5.351640224456787,4.292727947235107
339.0,2025-02-20 09:24:55.841885,95.15901184082031,95.17758178710938,2.9758858680725098,35.5705680847168,1.0,1.0,1,1,,0,0,0,0,0,,0,0,,,,1,1.4249756336212158,2.4921140670776367,72.56487274169922,31.020410537719727,75.65455627441406,31.020410537719727,67.8656997680664,33.32209014892578,32.422088623046875,0.0,0.0,0.0,0.0,1.0,0.0,0.0,0.0,0.0,5.104438781738281,0.0,0.0,0.0,30.22968864440918,63.220359802246094,30.22968864440918,60.06650924682617,0.0,0.0,0.0,3.9667558670043945,2.9350056648254395,5.329765319824219,4.1936211585998535
340.0,2025-02-20 09:26:19.959616,95.12239074707031,95.14096069335938,2.975903034210205,35.59011459350586,1.0,1.0,1,1,,0,0,0,0,0,,0,0,,,,1,1.4509326219558716,2.5561587810516357,72.40103149414062,31.069591522216797,75.6339340209961,31.069591522216797,67.78482818603516,33.37038803100586,32.47038650512695,0.0,0.0,0.0,0.0,1.0,0.0,0.0,0.0,0.0,5.08381986618042,0.0,0.0,0.0,30.25897789001465,63.17490005493164,30.25897789001465,59.98658752441406,0.0,0.0,0.0,3.8858847618103027,2.8895444869995117,5.307672500610352,4.094810962677002
341.0,2025-02-20 09:27:44.851317,95.08576202392578,95.10431671142578,2.9759202003479004,35.60966873168945,1.0,1.0,1,1,,0,0,0,0,0,,0,0,,,,1,1.4769247770309448,2.620059013366699,72.2376480102539,31.11870002746582,75.61331176757812,31.11870002746582,67.70394897460938,33.418617248535156,32.51861572265625,0.0,0.0,0.0,0.0,1.0,0.0,0.0,0.0,0.0,5.0632004737854,0.0,0.0,0.0,30.288284301757812,63.12943649291992,30.288284301757812,59.90662384033203,0.0,0.0,0.0,3.805013656616211,2.844083309173584,5.285364627838135,3.996293544769287
342.0,2025-02-20 09:29:07.167746,95.04911804199219,95.06765747070312,2.9759373664855957,35.62922668457031,1.0,1.0,1,1,,0,0,0,0,0,,0,0,,,,1,1.502951741218567,2.6838152408599854,72.0747299194336,31.167734146118164,75.59269714355469,31.167734146118164,67.62308502197266,33.466773986816406,32.5667724609375,0.0,0.0,0.0,0.0,1.0,0.0,0.0,0.0,0.0,5.042581081390381,0.0,0.0,0.0,30.31761360168457,63.08397674560547,30.31761360168457,59.826629638671875,0.0,0.0,0.0,3.724142551422119,2.7986221313476562,5.262844085693359,3.8980658054351807
343.0,2025-02-20 09:30:33.985603,95.01244354248047,95.03097534179688,2.975954532623291,35.64879608154297,1.0,1.0,1,1,,0,0,0,0,0,,0,0,,,,1,1.5290135145187378,2.7474277019500732,71.91228485107422,31.216697692871094,75.57208251953125,31.216697692871094,67.5422134399414,33.51486587524414,32.614864349365234,0.0,0.0,0.0,0.0,1.0,0.0,0.0,0.0,0.0,5.021961688995361,0.0,0.0,0.0,30.346961975097656,63.038516998291016,30.346961975097656,59.746604919433594,0.0,0.0,0.0,3.6432714462280273,2.7531609535217285,5.240113735198975,3.800123929977417
344.0,2025-02-20 09:32:01.335742,94.97575378417969,94.99427795410156,2.9759716987609863,35.668373107910156,1.0,1.0,1,1,,0,0,0,0,0,,0,0,,,,1,1.5551097393035889,2.810896873474121,71.75031280517578,31.265586853027344,75.55146026611328,31.265586853027344,67.46134948730469,33.56288528442383,32.66288757324219,0.0,0.0,0.0,0.0,1.0,0.0,0.0,0.0,0.0,5.0013427734375,0.0,0.0,0.0,30.37632942199707,62.9930534362793,30.37632942199707,59.66655731201172,0.0,0.0,0.0,3.5624005794525146,2.7076995372772217,5.217175006866455,3.702465057373047
345.0,2025-02-20 09:33:26.849580,94.93904876708984,94.95755767822266,2.9759888648986816,35.68795394897461,1.0,1.0,1,1,,0,0,0,0,0,,0,0,,,,1,1.5812404155731201,2.874223232269287,71.58879852294922,31.314403533935547,75.53083801269531,31.314403533935547,67.38047790527344,33.61083984375,32.710838317871094,0.0,0.0,0.0,0.0,1.0,0.0,0.0,0.0,0.0,4.9807233810424805,0.0,0.0,0.0,30.405715942382812,62.947593688964844,30.405715942382812,59.58649444580078,0.0,0.0,0.0,3.481529474258423,2.662238359451294,5.194031238555908,3.605085611343384
346.0,2025-02-20 09:34:49.949892,94.90232849121094,94.92082977294922,2.976006031036377,35.70754623413086,1.0,1.0,1,1,,0,0,0,0,0,,0,0,,,,1,1.607405185699463,2.9374070167541504,71.4277572631836,31.36314582824707,75.51022338867188,31.36314582824707,67.29960632324219,33.658721923828125,32.758724212646484,0.0,0.0,0.0,0.0,1.0,0.0,0.0,0.0,0.0,4.960103988647461,0.0,0.0,0.0,30.435121536254883,62.90213394165039,30.435121536254883,59.50641632080078,0.0,0.0,0.0,3.40065860748291,2.616777181625366,5.170684337615967,3.5079824924468994
347.0,2025-02-20 09:36:20.214014,94.8655776977539,94.88407135009766,2.9760234355926514,35.727142333984375,1.0,1.0,1,1,,0,0,0,0,0,,0,0,,,,1,1.6336039304733276,3.0004489421844482,71.26717376708984,31.41181755065918,75.4896011352539,31.41181755065918,67.21875762939453,33.706539154052734,32.80653762817383,0.0,0.0,0.0,0.0,1.0,0.0,0.0,0.0,0.0,4.9394850730896,0.0,0.0,0.0,30.464548110961914,62.85667037963867,30.464548110961914,59.42633056640625,0.0,0.0,0.0,3.3197877407073975,2.5713160037994385,5.14713716506958,3.4111528396606445
348.0,2025-02-20 09:37:46.691655,94.82881927490234,94.84730529785156,2.9760406017303467,35.74674606323242,1.0,1.0,1,1,,0,0,0,0,0,,0,0,,,,1,1.6598364114761353,3.0633490085601807,71.10704803466797,31.460416793823242,75.46898651123047,31.460416793823242,67.13787078857422,33.75428771972656,32.854286193847656,0.0,0.0,0.0,0.0,1.0,0.0,0.0,0.0,0.0,4.91886568069458,0.0,0.0,0.0,30.49399185180664,62.81121063232422,30.49399185180664,59.34624099731445,0.0,0.0,0.0,3.2389166355133057,2.5258548259735107,5.1233906745910645,3.3145933151245117
349.0,2025-02-20 09:39:13.833927,95.19483947753906,95.21342468261719,2.9758689403533936,35.55143356323242,1.0,1.0,1,1,,0,0,0,0,0,,0,0,,,,1,1.684427261352539,3.1250476837158203,69.74884796142578,31.40192985534668,74.81526947021484,31.40192985534668,66.29596710205078,33.68864822387695,32.78865051269531,0.0,0.0,0.0,0.0,1.0,0.0,0.0,0.0,0.0,4.895434856414795,0.0,0.0,0.0,30.365097045898438,62.5685920715332,30.365097045898438,58.09364318847656,0.0,0.0,0.0,3.149409055709839,2.4773764610290527,5.095074653625488,3.1942873001098633
350.0,2025-02-20 09:40:41.105458,95.1597671508789,95.1783447265625,2.9758853912353516,35.570159912109375,1.0,1.0,1,1,,0,0,0,0,0,,0,0,,,,1,1.7090541124343872,3.1866023540496826,69.58586120605469,31.449180603027344,74.79183959960938,31.449180603027344,66.20514678955078,33.735050201416016,32.83504867553711,0.0,0.0,0.0,0.0,1.0,0.0,0.0,0.0,0.0,4.872004508972168,0.0,0.0,0.0,30.39299774169922,62.520111083984375,30.39299774169922,57.97642135620117,0.0,0.0,0.0,3.0598886013031006,2.4288980960845947,5.066490173339844,3.072392463684082
351.0,2025-02-20 09:42:03.002712,95.12466430664062,95.14323425292969,2.9759018421173096,35.58890151977539,1.0,1.0,1,1,,0,0,0,0,0,,0,0,,,,1,1.7337172031402588,3.2480130195617676,69.4232406616211,31.496362686157227,74.7684097290039,31.496362686157227,66.1156234741211,33.7813835144043,32.88138198852539,0.0,0.0,0.0,0.0,1.0,0.0,0.0,0.0,0.0,4.848574161529541,0.0,0.0,0.0,30.420923233032227,62.47163391113281,30.420923233032227,57.876434326171875,0.0,0.0,0.0,2.9703683853149414,2.3804197311401367,5.037693023681641,2.950786828994751
352.0,2025-02-20 09:43:28.811657,95.92757415771484,95.94638061523438,2.9755239486694336,35.159637451171875,1.0,1.0,1,1,,0,0,0,1,0,,0,0,,,,1,1.753342628479004,3.278609275817871,83.94982147216797,28.977977752685547,74.7449722290039,28.93841552734375,87.51234436035156,31.526094436645508,30.6260929107666,0.0,0.0,0.0,49.36152267456055,1.0,0.0,0.0,0.0,1.0,4.825143814086914,0.0,0.0,0.0,30.023317337036133,62.42315673828125,30.023317337036133,57.801570892333984,0.0,0.0,0.0,3.020005941390991,2.3319413661956787,5.00875997543335,2.8319783210754395
353.0,2025-02-20 09:44:57.016271,95.90397644042969,95.92276763916016,2.9755349159240723,35.172271728515625,1.0,1.0,1,1,,0,0,0,1,0,,0,0,,,,1,1.772973895072937,3.3091578483581543,83.88771057128906,29.00599479675293,74.72154235839844,28.966442108154297,87.55555725097656,31.553674697875977,30.653675079345703,0.0,0.0,0.0,49.3535041809082,1.0,0.0,0.0,0.0,1.0,4.801712989807129,0.0,0.0,0.0,30.043384552001953,62.37467956542969,30.043384552001953,57.678794860839844,0.0,0.0,0.0,3.0696208477020264,2.2834630012512207,4.979548931121826,2.7109358310699463
354.0,2025-02-20 09:46:20.577114,95.88037872314453,95.89916229248047,2.97554612159729,35.184906005859375,1.0,1.0,1,1,,0,0,0,1,0,,0,0,,,,1,1.7926108837127686,3.339658498764038,83.82582092285156,29.03396987915039,74.69811248779297,28.994430541992188,87.59874725341797,31.581218719482422,30.68121910095215,0.0,0.0,0.0,49.345558166503906,1.0,0.0,0.0,0.0,1.0,4.778282642364502,0.0,0.0,0.0,30.063451766967773,62.32619857788086,30.063451766967773,57.57869338989258,0.0,0.0,0.0,3.119213104248047,2.2349846363067627,4.950131416320801,2.590174913406372
355.0,2025-02-20 09:47:48.883839,95.8567886352539,95.87556457519531,2.975557327270508,35.19753646850586,1.0,1.0,1,1,,0,0,0,1,0,,0,0,,,,1,1.8122535943984985,3.3701117038726807,83.7641372680664,29.061912536621094,74.6746826171875,29.022384643554688,87.64189147949219,31.608732223510742,30.708730697631836,0.0,0.0,0.0,49.337608337402344,1.0,0.0,0.0,0.0,1.0,4.754852294921875,0.0,0.0,0.0,30.08351707458496,62.2777214050293,30.08351707458496,57.478782653808594,0.0,0.0,0.0,3.168782949447632,2.186506509780884,4.920508861541748,2.4696929454803467
356.0,2025-02-20 09:49:11.631076,95.83319091796875,95.85196685791016,2.9755685329437256,35.21016311645508,1.0,1.0,1,1,,0,0,0,1,0,,0,0,,,,1,1.8319017887115479,3.400517702102661,83.70264434814453,29.08982276916504,74.65125274658203,29.05030632019043,87.68504333496094,31.636211395263672,30.736209869384766,0.0,0.0,0.0,49.32964324951172,1.0,0.0,0.0,0.0,1.0,4.73142147064209,0.0,0.0,0.0,30.10358238220215,62.229244232177734,30.10358238220215,57.378875732421875,0.0,0.0,0.0,3.2183306217193604,2.138028144836426,4.890683174133301,2.349487543106079
357.0,2025-02-20 09:50:37.734421,95.80960083007812,95.82836151123047,2.9755795001983643,35.22279357910156,1.0,1.0,1,1,,0,0,0,1,0,,0,0,,,,1,1.8515554666519165,3.4308762550354004,83.64137268066406,29.117698669433594,74.62782287597656,29.07819366455078,87.72816467285156,31.663660049438477,30.76365852355957,0.0,0.0,0.0,49.32167053222656,1.0,0.0,0.0,0.0,1.0,4.707991123199463,0.0,0.0,0.0,30.123647689819336,62.18076705932617,30.123647689819336,57.278968811035156,0.0,0.0,0.0,3.267855644226074,2.0895497798919678,4.860656261444092,2.229556083679199
358.0,2025-02-20 09:52:01.737834,95.7860107421875,95.80477142333984,2.975590705871582,35.235416412353516,1.0,1.0,1,1,,0,0,0,1,0,,0,0,,,,1,1.8712146282196045,3.4611880779266357,83.58029174804688,29.145540237426758,74.6043930053711,29.106046676635742,87.77122497558594,31.69107437133789,30.791074752807617,0.0,0.0,0.0,49.31370544433594,1.0,0.0,0.0,0.0,1.0,4.684560775756836,0.0,0.0,0.0,30.143712997436523,62.13228988647461,30.143712997436523,57.17906951904297,0.0,0.0,0.0,3.3173580169677734,2.0410714149475098,4.830430030822754,2.109895944595337
359.0,2025-02-20 09:53:22.758269,95.76242065429688,95.78117370605469,2.9756019115448,35.24803924560547,1.0,1.0,1,1,,0,0,0,1,0,,0,0,,,,1,1.8908790349960327,3.491453170776367,83.51941680908203,29.173349380493164,74.58096313476562,29.133867263793945,87.8143081665039,31.71845817565918,30.818458557128906,0.0,0.0,0.0,49.30571365356445,1.0,0.0,0.0,0.0,1.0,4.661129951477051,0.0,0.0,0.0,30.16377830505371,62.08380889892578,30.16377830505371,57.07917785644531,0.0,0.0,0.0,3.366837978363037,1.9925931692123413,4.800005912780762,1.9905052185058594
360.0,2025-02-20 09:54:54.368544,95.73883056640625,95.75757598876953,2.9756128787994385,35.26066207885742,1.0,1.0,1,1,,0,0,0,1,0,,0,0,,,,1,1.9105486869812012,3.5216715335845947,83.45875549316406,29.20112419128418,74.55753326416016,29.16165542602539,87.85734558105469,31.74580955505371,30.845809936523438,0.0,0.0,0.0,49.297725677490234,1.0,0.0,0.0,0.0,1.0,4.637699604034424,0.0,0.0,0.0,30.1838436126709,62.03533172607422,30.1838436126709,56.97930145263672,0.0,0.0,0.0,3.4162955284118652,1.9441149234771729,4.769385814666748,1.871381163597107
361.0,2025-02-20 09:56:23.408701,96.49763488769531,96.5166015625,2.9752538204193115,34.85408401489258,1.0,1.0,1,1,,0,0,0,1,0,,0,0,,,,1,1.9263840913772583,3.549164056777954,80.94037628173828,29.084556579589844,73.79182434082031,29.044248580932617,86.6557388305664,31.617944717407227,30.717945098876953,0.0,0.0,0.0,49.86058807373047,1.0,0.0,0.0,0.0,1.0,4.611301898956299,0.0,0.0,0.0,29.925365447998047,61.47003173828125,29.925365447998047,55.559593200683594,0.0,0.0,0.0,3.4474263191223145,1.8883954286575317,4.734511852264404,1.7299268245697021
362.0,2025-02-20 09:57:46.960798,96.47796630859375,96.49693298339844,2.9752631187438965,34.8646354675293,1.0,1.0,1,1,,0,0,0,1,0,,0,0,,,,1,1.9422292709350586,3.57660174369812,80.8756332397461,29.109298706054688,73.76542663574219,29.068994522094727,86.68507385253906,31.642288208007812,30.742286682128906,0.0,0.0,0.0,49.858184814453125,1.0,0.0,0.0,0.0,1.0,4.584903717041016,0.0,0.0,0.0,29.94184684753418,61.414310455322266,29.94184684753418,55.41304016113281,0.0,0.0,0.0,3.4785501956939697,1.8326759338378906,4.6993560791015625,1.5862373113632202
363.0,2025-02-20 09:59:12.616704,96.45830535888672,96.47725677490234,2.9752724170684814,34.875186920166016,1.0,1.0,1,1,,0,0,0,1,0,,0,0,,,,1,1.9580844640731812,3.6039843559265137,80.81106567382812,29.133991241455078,73.73902893066406,29.093690872192383,86.71440124511719,31.666582107543945,30.76658058166504,0.0,0.0,0.0,49.85580062866211,1.0,0.0,0.0,0.0,1.0,4.558506011962891,0.0,0.0,0.0,29.958324432373047,61.35859298706055,29.958324432373047,55.29384994506836,0.0,0.0,0.0,3.50966739654541,1.7769564390182495,4.6639909744262695,1.4428330659866333
364.0,2025-02-20 10:00:42.007929,96.97203826904297,96.99114227294922,2.9750280380249023,34.59930419921875,1.0,1.0,1,1,,0,0,0,1,0,,1,0,,,,1,1.9627901315689087,3.6287906169891357,77.85115051269531,29.037673950195312,73.71263122558594,28.99744415283203,86.70995330810547,31.552688598632812,30.652687072753906,0.0,0.0,0.0,49.80853271484375,1.0,0.0,0.0,0.0,1.0,4.532107830047607,0.0,32.58393859863281,0.0,26.78307342529297,61.30287170410156,26.658960342407227,67.84940338134766,0.0,1.0,0.0,3.540651559829712,1.7212369441986084,4.682750701904297,1.4732171297073364
365.0,2025-02-20 10:02:07.573813,96.96324157714844,96.98234558105469,2.975032091140747,34.604034423828125,1.0,1.0,1,1,,0,0,0,1,0,,1,0,,,,1,1.9675334692001343,3.6535019874572754,77.740234375,29.058141708374023,73.68622589111328,29.01791763305664,86.73799133300781,31.572492599487305,30.67249298095703,0.0,0.0,0.0,49.80463409423828,1.0,0.0,0.0,0.0,1.0,4.505710124969482,0.0,32.58080291748047,0.0,26.78934669494629,61.24715042114258,26.665252685546875,67.86581420898438,0.0,1.0,0.0,3.571624517440796,1.6655174493789673,4.701503276824951,1.5002659559249878
366.0,2025-02-20 10:03:29.961907,96.95439910888672,96.97350311279297,2.975036382675171,34.60878372192383,1.0,1.0,1,1,,0,0,0,1,0,,1,0,,,,1,1.972314476966858,3.67811918258667,77.62989044189453,29.07855987548828,73.65983581542969,29.038341522216797,86.76602935791016,31.592252731323242,30.69225311279297,0.0,0.0,0.0,49.80070877075195,1.0,0.0,0.0,0.0,1.0,4.479311943054199,0.0,32.57657241821289,0.0,26.79585075378418,61.19143295288086,26.67178726196289,67.88760375976562,0.0,1.0,0.0,3.602586269378662,1.6097980737686157,4.7202653884887695,1.5272696018218994
367.0,2025-02-20 10:05:00.958769,96.9455337524414,96.96463012695312,2.9750406742095947,34.61355209350586,1.0,1.0,1,1,,0,0,0,1,0,,1,0,,,,1,1.97713303565979,3.7026429176330566,77.5201187133789,29.098922729492188,73.63343811035156,29.0587100982666,86.79402160644531,31.611961364746094,30.71196174621582,0.0,0.0,0.0,49.79677963256836,1.0,0.0,0.0,0.0,1.0,4.452914237976074,0.0,32.57243347167969,0.0,26.802377700805664,61.13571548461914,26.678342819213867,67.90909576416016,0.0,1.0,0.0,3.6335370540618896,1.5540785789489746,4.7390360832214355,1.5542302131652832
368.0,2025-02-20 10:06:22.388725,96.93663024902344,96.95572662353516,2.9750449657440186,34.61833953857422,1.0,1.0,1,1,,0,0,0,1,0,,1,0,,,,1,1.9819889068603516,3.7270736694335938,77.41092681884766,29.119230270385742,73.60704040527344,29.079023361206055,86.82201385498047,31.63161849975586,30.731616973876953,0.0,0.0,0.0,49.792823791503906,1.0,0.0,0.0,0.0,1.0,4.426516532897949,0.0,32.56830596923828,0.0,26.808937072753906,61.079994201660156,26.684932708740234,67.93057250976562,0.0,1.0,0.0,3.6644768714904785,1.4983590841293335,4.757815837860107,1.5811480283737183
369.0,2025-02-20 10:07:50.191537,97.18822479248047,97.2073974609375,2.9749248027801514,34.483055114746094,1.0,1.0,1,1,,0,0,0,1,1,,1,0,,,,1,1.9745550155639648,3.7501230239868164,75.82431030273438,29.08249282836914,73.58064270019531,29.04232406616211,86.83403778076172,31.585731506347656,30.68572998046875,0.0,0.0,0.0,49.7676887512207,1.0,0.0,0.0,0.0,1.0,4.400118350982666,35.26134490966797,30.91809844970703,0.0,20.09331512451172,81.61547088623047,19.980693817138672,66.96737670898438,1.0,1.0,0.0,3.695345640182495,1.5379109382629395,4.773374080657959,1.603371262550354
370.0,2025-02-20 10:09:15.950065,97.1903305053711,97.20950317382812,2.974923849105835,34.4819221496582,1.0,1.0,1,1,,0,0,0,1,1,,1,0,,,,1,1.9671940803527832,3.7730305194854736,75.65879821777344,29.099435806274414,73.55424499511719,29.059274673461914,86.86102294921875,31.601709365844727,30.701709747314453,0.0,0.0,0.0,49.76251220703125,1.0,0.0,0.0,0.0,1.0,4.373720645904541,35.24736785888672,30.914440155029297,0.0,20.092710494995117,81.63915252685547,19.98011589050293,66.97905731201172,1.0,1.0,0.0,3.7261996269226074,1.5774248838424683,4.788918972015381,1.6223005056381226
371.0,2025-02-20 10:10:40.919717,97.19237518310547,97.2115478515625,2.9749228954315186,34.48081970214844,1.0,1.0,1,1,,0,0,0,1,1,,1,0,,,,1,1.9599063396453857,3.7957966327667236,75.49388122558594,29.11630630493164,73.52784729003906,29.076154708862305,86.88797760009766,31.617624282836914,30.717622756958008,0.0,0.0,0.0,49.75731658935547,1.0,0.0,0.0,0.0,1.0,4.347322463989258,35.233489990234375,30.909774780273438,0.0,20.09238052368164,81.66291809082031,19.979816436767578,66.99439239501953,1.0,1.0,0.0,3.7570393085479736,1.6169013977050781,4.8044633865356445,1.64119553565979
372.0,2025-02-20 10:12:07.670931,97.19438934326172,97.21356201171875,2.974921941757202,34.479740142822266,1.0,1.0,1,1,,0,0,0,1,1,,1,0,,,,1,1.9526913166046143,3.818422317504883,75.32969665527344,29.133098602294922,73.50144958496094,29.092952728271484,86.9148941040039,31.63346290588379,30.733463287353516,0.0,0.0,0.0,49.75209045410156,1.0,0.0,0.0,0.0,1.0,4.320924758911133,35.219627380371094,30.90519905090332,0.0,20.092065811157227,81.6866683959961,19.97953224182129,67.00943756103516,1.0,1.0,0.0,3.7878639698028564,1.656340479850769,4.820005893707275,1.6600582599639893
373.0,2025-02-20 10:13:34.449733,97.00482177734375,97.02394104003906,2.9750123023986816,34.58168029785156,1.0,1.0,1,1,,0,0,0,1,1,,1,0,,,,1,1.9467706680297852,3.8412797451019287,75.81620788574219,29.164134979248047,71.76756286621094,29.123653411865234,86.50946807861328,31.66875648498535,30.768754959106445,0.0,0.0,0.0,49.9764289855957,1.0,0.0,0.0,0.0,1.0,4.2885918617248535,35.191986083984375,31.072961807250977,0.0,20.14002799987793,81.78324127197266,20.0263614654541,66.49212646484375,1.0,1.0,0.0,3.8110742568969727,1.6965094804763794,4.831667423248291,1.6657518148422241
374.0,2025-02-20 10:14:58.441921,97.00586700439453,97.02498626708984,2.9750118255615234,34.581119537353516,1.0,1.0,1,1,,0,0,0,1,1,,1,0,,,,1,1.9409185647964478,3.863999605178833,75.6581802368164,29.18108558654785,71.7352294921875,29.140607833862305,86.53097534179688,31.684804916381836,30.78480339050293,0.0,0.0,0.0,49.974098205566406,1.0,0.0,0.0,0.0,1.0,4.256259441375732,35.17797088623047,31.071170806884766,0.0,20.139965057373047,81.80747985839844,20.026309967041016,66.49810028076172,1.0,1.0,0.0,3.834277868270874,1.736640453338623,4.84330415725708,1.6687108278274536
375.0,2025-02-20 10:16:24.197946,97.00687408447266,97.02599334716797,2.9750113487243652,34.58058166503906,1.0,1.0,1,1,,0,0,0,1,1,,1,0,,,,1,1.9351348876953125,3.886582136154175,75.50067138671875,29.197965621948242,71.7029037475586,29.157489776611328,86.55245971679688,31.700788497924805,30.8007869720459,0.0,0.0,0.0,49.971736907958984,1.0,0.0,0.0,0.0,1.0,4.223926544189453,35.16396713256836,31.069469451904297,0.0,20.13991355895996,81.83170318603516,20.026269912719727,66.50379943847656,1.0,1.0,0.0,3.8574748039245605,1.7767337560653687,4.854916572570801,1.6716909408569336
376.0,2025-02-20 10:17:50.908581,97.0078353881836,97.0269546508789,2.975010871887207,34.58005905151367,1.0,1.0,1,1,,0,0,0,1,1,,1,0,,,,1,1.9294190406799316,3.9090280532836914,75.34388732910156,29.214765548706055,71.67057800292969,29.17429542541504,86.57392120361328,31.716697692871094,30.816696166992188,0.0,0.0,0.0,49.96935272216797,1.0,0.0,0.0,0.0,1.0,4.191593647003174,35.14997863769531,31.06784439086914,0.0,20.13987922668457,81.85591125488281,20.026247024536133,66.50926208496094,1.0,1.0,0.0,3.880664825439453,1.816789150238037,4.86650276184082,1.6746941804885864
377.0,2025-02-20 10:19:18.663878,97.0087661743164,97.02788543701172,2.975010395050049,34.579559326171875,1.0,1.0,1,1,,0,0,0,1,1,,1,0,,,,1,1.9237709045410156,3.931338310241699,75.18783569335938,29.231489181518555,71.63823699951172,29.191020965576172,86.59535217285156,31.732534408569336,30.83253288269043,0.0,0.0,0.0,49.96693801879883,1.0,0.0,0.0,0.0,1.0,4.159261226654053,35.13600540161133,31.066225051879883,0.0,20.139881134033203,81.8801040649414,20.026260375976562,66.51473999023438,1.0,1.0,0.0,3.903848171234131,1.8568068742752075,4.878063678741455,1.677720308303833
378.0,2025-02-20 10:20:46.622120,97.00965881347656,97.02877807617188,2.9750099182128906,34.57908248901367,1.0,1.0,1,1,,0,0,0,1,1,,1,0,,,,1,1.9181901216506958,3.9535131454467773,75.03250885009766,29.248132705688477,71.60590362548828,29.207670211791992,86.61676025390625,31.7482967376709,30.848297119140625,0.0,0.0,0.0,49.96449661254883,1.0,0.0,0.0,0.0,1.0,4.126928329467773,35.12205505371094,31.064613342285156,0.0,20.13991928100586,81.904296875,20.026308059692383,66.52022552490234,1.0,1.0,0.0,3.9270248413085938,1.8967868089675903,4.889598369598389,1.6807692050933838
379.0,2025-02-20 10:22:14.953710,97.01051330566406,97.02963256835938,2.9750096797943115,34.5786247253418,1.0,1.0,1,1,,0,0,0,1,1,,1,0,,,,1,1.912676215171814,3.975553274154663,74.8779067993164,29.264699935913086,71.57357788085938,29.224241256713867,86.63813781738281,31.763988494873047,30.86398696899414,0.0,0.0,0.0,49.962032318115234,1.0,0.0,0.0,0.0,1.0,4.094595909118652,35.10811996459961,31.06300926208496,0.0,20.139991760253906,81.92847442626953,20.026391983032227,66.52572631835938,1.0,1.0,0.0,3.9501941204071045,1.9367291927337646,4.9011077880859375,1.6838407516479492
380.0,2025-02-20 10:23:37.275822,97.0113296508789,97.03044891357422,2.9750092029571533,34.57818603515625,1.0,1.0,1,1,,0,0,0,1,1,,1,0,,,,1,1.9072290658950806,3.997459650039673,74.72403717041016,29.28118896484375,71.54124450683594,29.240732192993164,86.65949249267578,31.77960777282715,30.879606246948242,0.0,0.0,0.0,49.959537506103516,1.0,0.0,0.0,0.0,1.0,4.062263011932373,35.094207763671875,31.061410903930664,0.0,20.140098571777344,81.95264434814453,20.02651023864746,66.53123474121094,1.0,1.0,0.0,3.9733567237854004,1.976633906364441,4.912591934204102,1.6869349479675293
381.0,2025-02-20 10:25:00.802911,97.0121078491211,97.0312271118164,2.975008964538574,34.57776641845703,1.0,1.0,1,1,,0,0,0,1,1,,1,0,,,,1,1.901848316192627,4.019232749938965,74.57088470458984,29.2976016998291,71.5089111328125,29.25714874267578,86.68081665039062,31.795154571533203,30.895153045654297,0.0,0.0,0.0,49.95702362060547,1.0,0.0,0.0,0.0,1.0,4.029930114746094,35.0803108215332,31.0598201751709,0.0,20.140239715576172,81.97679901123047,20.026662826538086,66.53675842285156,1.0,1.0,0.0,3.996511936187744,2.016500949859619,4.924050807952881,1.690051555633545
382.0,2025-02-20 10:26:31.251792,97.01284790039062,97.03197479248047,2.975008487701416,34.57736587524414,1.0,1.0,1,1,,0,0,0,1,1,,1,0,,,,1,1.8965336084365845,4.040873050689697,74.41846466064453,29.313936233520508,71.47657775878906,29.273487091064453,86.7021255493164,31.810630798339844,30.910629272460938,0.0,0.0,0.0,49.954471588134766,1.0,0.0,0.0,0.0,1.0,3.9975974559783936,35.066436767578125,31.05823516845703,0.0,20.140417098999023,82.0009536743164,20.0268497467041,66.54228973388672,1.0,1.0,0.0,4.019659996032715,2.056330680847168,4.935484409332275,1.6931904554367065
383.0,2025-02-20 10:27:52.372223,97.01355743408203,97.03267669677734,2.975008249282837,34.576988220214844,1.0,1.0,1,1,,0,0,0,1,1,,1,0,,,,1,1.891284465789795,4.062381744384766,74.26677703857422,29.3301944732666,71.44424438476562,29.289751052856445,86.72340393066406,31.826034545898438,30.92603302001953,0.0,0.0,0.0,49.951900482177734,1.0,0.0,0.0,0.0,1.0,3.9652647972106934,35.052581787109375,31.056659698486328,0.0,20.1406307220459,82.02509307861328,20.02707290649414,66.5478286743164,1.0,1.0,0.0,4.042801380157471,2.096122980117798,4.946893215179443,1.6963516473770142
384.0,2025-02-20 10:29:16.079022,97.01422119140625,97.03334045410156,2.9750077724456787,34.576629638671875,1.0,1.0,1,1,,0,0,0,1,1,,1,0,,,,1,1.8861007690429688,4.083759307861328,74.11581420898438,29.346376419067383,71.41191864013672,29.305936813354492,86.7446517944336,31.841367721557617,30.94136619567871,0.0,0.0,0.0,49.94930648803711,1.0,0.0,0.0,0.0,1.0,3.932932138442993,35.03874206542969,31.055089950561523,0.0,20.140878677368164,82.04922485351562,20.027332305908203,66.55338287353516,1.0,1.0,0.0,4.065934658050537,2.135877847671509,4.958277225494385,1.6995348930358887
385.0,2025-02-20 10:30:40.820729,97.27903747558594,97.29823303222656,2.974881410598755,34.43419647216797,1.0,1.0,1,1,,0,0,0,1,1,,1,0,,,,1,1.8790780305862427,4.104065895080566,73.16477966308594,29.32341194152832,70.20470428466797,29.282581329345703,86.2130355834961,31.814985275268555,30.91498374938965,0.0,0.0,0.0,50.2089729309082,1.0,0.0,0.0,0.0,1.0,3.8970072269439697,35.41946029663086,31.09086036682129,0.0,19.912628173828125,81.1598129272461,19.798839569091797,66.20414733886719,1.0,1.0,0.0,4.078334808349609,2.1635870933532715,4.966372966766357,1.693869709968567
386.0,2025-02-20 10:32:02.147745,97.2812271118164,97.30043029785156,2.9748802185058594,34.43301773071289,1.0,1.0,1,1,,0,0,0,1,1,,1,0,,,,1,1.8721210956573486,4.1242356300354,73.01121520996094,29.338397979736328,70.16878509521484,29.297565460205078,86.22610473632812,31.82914161682129,30.929140090942383,0.0,0.0,0.0,50.20994186401367,1.0,0.0,0.0,0.0,1.0,3.8610825538635254,35.40888214111328,31.090761184692383,0.0,19.910388946533203,81.17604064941406,19.796602249145508,66.20223236083984,1.0,1.0,0.0,4.090737819671631,2.191267490386963,4.974417686462402,1.6853135824203491
387.0,2025-02-20 10:33:22.801197,97.28337860107422,97.30258178710938,2.974879264831543,34.43185806274414,1.0,1.0,1,1,,0,0,0,1,1,,1,0,,,,1,1.8652294874191284,4.144268989562988,72.85822296142578,29.35331153869629,70.13285827636719,29.31247901916504,86.23916625976562,31.843233108520508,30.9432315826416,0.0,0.0,0.0,50.21088409423828,1.0,0.0,0.0,0.0,1.0,3.825157642364502,35.39833068847656,31.090652465820312,0.0,19.908184051513672,81.19226837158203,19.794395446777344,66.20039367675781,1.0,1.0,0.0,4.103143215179443,2.218919515609741,4.9824113845825195,1.6768254041671753
388.0,2025-02-20 10:34:45.119886,97.28549194335938,97.30469512939453,2.9748783111572266,34.430721282958984,1.0,1.0,1,1,,0,0,0,1,1,,1,0,,,,1,1.858403205871582,4.1641669273376465,72.70597076416016,29.368146896362305,70.09693145751953,29.327312469482422,86.252197265625,31.857250213623047,30.95724868774414,0.0,0.0,0.0,50.21179962158203,1.0,0.0,0.0,0.0,1.0,3.7892327308654785,35.3878059387207,31.090478897094727,0.0,19.906028747558594,81.20848846435547,19.7922420501709,66.1988296508789,1.0,1.0,0.0,4.115551471710205,2.2465431690216064,4.9903564453125,1.6684025526046753
389.0,2025-02-20 10:36:08.749226,97.2875747680664,97.30677795410156,2.97487735748291,34.42959976196289,1.0,1.0,1,1,,0,0,0,1,1,,1,0,,,,1,1.8516416549682617,4.183930397033691,72.5544662475586,29.382904052734375,70.0610122680664,29.34206771850586,86.26522064208984,31.871192932128906,30.97119140625,0.0,0.0,0.0,50.21268081665039,1.0,0.0,0.0,0.0,1.0,3.753308057785034,35.37730026245117,31.090307235717773,0.0,19.903907775878906,81.2247085571289,19.790122985839844,66.19729614257812,1.0,1.0,0.0,4.127962112426758,2.2741384506225586,4.998252868652344,1.6600446701049805
390.0,2025-02-20 10:37:33.168492,97.28962707519531,97.30883026123047,2.9748764038085938,34.428497314453125,1.0,1.0,1,1,,0,0,0,1,1,,1,0,,,,1,1.844944715499878,4.203559398651123,72.4037094116211,29.397581100463867,70.02509307861328,29.35674285888672,86.27820587158203,31.885061264038086,30.985061645507812,0.0,0.0,0.0,50.213539123535156,1.0,0.0,0.0,0.0,1.0,3.7173831462860107,35.36681365966797,31.09013557434082,0.0,19.901823043823242,81.24092864990234,19.78803825378418,66.19578552246094,1.0,1.0,0.0,4.140375137329102,2.3017053604125977,5.006100654602051,1.6517513990402222
391.0,2025-02-20 10:39:02.820296,97.29163360595703,97.31083679199219,2.9748754501342773,34.42741394042969,1.0,1.0,1,1,,0,0,0,1,1,,1,0,,,,1,1.838312029838562,4.223055362701416,72.25369262695312,29.412179946899414,69.9891586303711,29.371339797973633,86.29120635986328,31.89885711669922,30.998857498168945,0.0,0.0,0.0,50.214351654052734,1.0,0.0,0.0,0.0,1.0,3.6814584732055664,35.35634231567383,31.089963912963867,0.0,19.89977264404297,81.25714111328125,19.78598976135254,66.1943130493164,1.0,1.0,0.0,4.152790546417236,2.3292438983917236,5.0139007568359375,1.6435223817825317
392.0,2025-02-20 10:40:26.562311,97.29361724853516,97.31282043457031,2.974874496459961,34.42634963989258,1.0,1.0,1,1,,0,0,0,1,1,,1,0,,,,1,1.8317431211471558,4.24241828918457,72.10442352294922,29.426700592041016,69.95323944091797,29.385860443115234,86.30416870117188,31.912580490112305,31.01258087158203,0.0,0.0,0.0,50.215145111083984,1.0,0.0,0.0,0.0,1.0,3.645533561706543,35.34589385986328,31.08979606628418,0.0,19.897756576538086,81.27334594726562,19.783973693847656,66.19287109375,1.0,1.0,0.0,4.165207862854004,2.3567543029785156,5.021652698516846,1.6353572607040405
393.0,2025-02-20 10:41:53.100329,97.2955551147461,97.31475830078125,2.9748735427856445,34.4253044128418,1.0,1.0,1,1,,0,0,0,1,1,,1,0,,,,1,1.82523775100708,4.261649131774902,71.95589447021484,29.44114112854004,69.91731262207031,29.400300979614258,86.31712341308594,31.926231384277344,31.026229858398438,0.0,0.0,0.0,50.21590042114258,1.0,0.0,0.0,0.0,1.0,3.6096088886260986,35.3354606628418,31.089628219604492,0.0,19.89577293395996,81.28955078125,19.781993865966797,66.19145965576172,1.0,1.0,0.0,4.1776275634765625,2.3842363357543945,5.029356479644775,1.6272557973861694
394.0,2025-02-20 10:43:17.395516,97.2974624633789,97.3166732788086,2.974872589111328,34.424278259277344,1.0,1.0,1,1,,0,0,0,1,1,,1,0,,,,1,1.8187956809997559,4.2807488441467285,71.80811309814453,29.45550537109375,69.88139343261719,29.414663314819336,86.33003234863281,31.939807891845703,31.039806365966797,0.0,0.0,0.0,50.21664047241211,1.0,0.0,0.0,0.0,1.0,3.573683977127075,35.325050354003906,31.089460372924805,0.0,19.89382553100586,81.30574798583984,19.780048370361328,66.19007873535156,1.0,1.0,0.0,4.190049171447754,2.4116904735565186,5.037013530731201,1.6192175149917603
395.0,2025-02-20 10:44:38.756237,97.2993392944336,97.31854248046875,2.9748716354370117,34.42327117919922,1.0,1.0,1,1,,0,0,0,1,1,,1,0,,,,1,1.8124165534973145,4.299717426300049,71.66107177734375,29.469791412353516,69.84546661376953,29.4289493560791,86.34294891357422,31.953311920166016,31.05331039428711,0.0,0.0,0.0,50.21733474731445,1.0,0.0,0.0,0.0,1.0,3.5377590656280518,35.31465530395508,31.08929443359375,0.0,19.89191246032715,81.32194519042969,19.778135299682617,66.18872833251953,1.0,1.0,0.0,4.202473163604736,2.4391162395477295,5.044623374938965,1.6112421751022339
396.0,2025-02-20 10:46:04.003747,97.30117797851562,97.32038116455078,2.9748706817626953,34.422279357910156,1.0,1.0,1,1,,0,0,0,1,1,,1,0,,,,1,1.8061000108718872,4.318556308746338,71.51477813720703,29.48400115966797,69.80953979492188,29.44315528869629,86.35581970214844,31.96674346923828,31.066743850708008,0.0,0.0,0.0,50.218013763427734,1.0,0.0,0.0,0.0,1.0,3.5018343925476074,35.30427932739258,31.089130401611328,0.0,19.890033721923828,81.338134765625,19.776256561279297,66.1874008178711,1.0,1.0,0.0,4.214898586273193,2.4665141105651855,5.052186012268066,1.6033293008804321
397.0,2025-02-20 10:47:26.927157,97.54683685302734,97.56611633300781,2.9747531414031982,34.290016174316406,1.0,1.0,1,1,,0,0,0,1,1,,1,0,,,,1,1.7982808351516724,4.336315631866455,70.6150131225586,29.462230682373047,69.93283081054688,29.420902252197266,85.70004272460938,31.942413330078125,31.04241180419922,0.0,0.0,0.0,50.53865432739258,1.0,0.0,0.0,0.0,1.0,3.4663782119750977,35.264930725097656,30.987415313720703,0.0,19.806781768798828,81.32295989990234,19.693693161010742,66.44766235351562,1.0,1.0,0.0,4.211130619049072,2.4938058853149414,5.062430381774902,1.607987880706787
398.0,2025-02-20 10:48:51.236756,97.54991149902344,97.5691909790039,2.9747517108917236,34.28835678100586,1.0,1.0,1,1,,0,0,0,1,1,,1,0,,,,1,1.790526270866394,4.353939533233643,70.46826171875,29.475248336791992,69.89736938476562,29.433910369873047,85.70037078857422,31.954700469970703,31.054698944091797,0.0,0.0,0.0,50.54500198364258,1.0,0.0,0.0,0.0,1.0,3.430921792984009,35.2544059753418,30.985212326049805,0.0,19.804397583007812,81.33887481689453,19.69132423400879,66.45269012451172,1.0,1.0,0.0,4.207380294799805,2.521069049835205,5.072649955749512,1.6098672151565552
399.0,2025-02-20 10:50:20.245762,97.5529556274414,97.57223510742188,2.974750280380249,34.286720275878906,1.0,1.0,1,1,,0,0,0,1,1,,1,0,,,,1,1.782835841178894,4.371428489685059,70.32209014892578,29.48819351196289,69.8619155883789,29.44684600830078,85.70068359375,31.966920852661133,31.066919326782227,0.0,0.0,0.0,50.551353454589844,1.0,0.0,0.0,0.0,1.0,3.395465612411499,35.24388122558594,30.98316764831543,0.0,19.802003860473633,81.35476684570312,19.68894386291504,66.45719146728516,1.0,1.0,0.0,4.203648090362549,2.5483036041259766,5.082844257354736,1.6117665767669678
400.0,2025-02-20 10:51:49.369513,97.55596923828125,97.57524871826172,2.9747488498687744,34.28509521484375,1.0,1.0,1,1,,0,0,0,1,1,,1,0,,,,1,1.7752094268798828,4.3887834548950195,70.17668151855469,29.501060485839844,69.82646179199219,29.45970344543457,85.70100402832031,31.979066848754883,31.079065322875977,0.0,0.0,0.0,50.55766296386719,1.0,0.0,0.0,0.0,1.0,3.3600094318389893,35.222877502441406,30.979238510131836,0.0,19.797279357910156,81.38651275634766,19.684247970581055,66.4656982421875,1.0,1.0,0.0,4.1999335289001465,2.575510025024414,5.093011379241943,1.6136876344680786
