iteration,timestamp,T41_LEVEL,T42_LEVEL,J2_LEVEL,J13_LEVEL,J14_LEVEL,J19_LEVEL,J21_LEVEL,J41_LEVEL,J2U_LEVEL,J42_LEVEL,P79_FLOW,P79_STATUS,P1_FLOW,P1_STATUS,V41_FLOW,V41_STATUS,V_U_FLOW,V_U_STATUS,V42_FLOW,V42_STATUS,plc4AttackerUnit
0,2025-01-20 19:43:52.925996,3.0509999999999993,3.0509999999999993,-15.24,-15.24,-15.24,-15.24,-15.24,-66.535,-15.24,-15.24,1450.0,1.0,1450.0,1.0,80.06348877673588,1.0,55.59964498384435,1.0,80.06348877673588,1.0,0
1,2025-01-20 19:43:55.964776,3.1915778357466604,3.218631195574406,69.19931724726231,69.68925761839424,55.46338458656715,54.34645004776586,55.41070385227387,4.115703459826862,69.1993165495802,54.34644957979479,187.5702665615313,1.0,213.39350301929534,1.0,-131.25343723118021,1.0,233.33895721862064,1.0,156.51237173017307,1.0,0
2,2025-01-20 19:44:00.636838,3.331654673948265,3.3848068019055524,69.2178528705034,69.70538166302251,55.59667843738115,54.51407403614057,55.54426505888859,4.249264667840206,69.2178521759747,54.51407357223303,186.72041820931327,1.0,212.41654784260479,1.0,-130.78566958085958,1.0,232.28430774793196,1.0,155.15332807240156,1.0,0
3,2025-01-20 19:44:05.593792,3.4712241505644514,3.549538026136886,69.23635593956352,69.72145253090623,55.729401158960066,54.68024254370332,55.677257895145885,4.382257505513892,69.2363552481856,54.68024208382801,185.87337263826961,1.0,211.4413084957633,1.0,-130.31195954965824,1.0,231.2305332645792,1.0,153.80475239226143,1.0,0
4,2025-01-20 19:44:10.433895,3.61027995462266,3.71283608305259,69.2548255611276,69.73747008939755,55.861548010600195,54.84496677647414,55.809677570292564,4.514677182094581,69.25482487289764,54.84496632059977,185.02913683985625,1.0,210.46783206263623,1.0,-129.83235639183022,1.0,230.17769750936168,1.0,152.46664468975268,1.0,0
5,2025-01-20 19:44:15.188951,3.748815816802138,3.874712146677504,69.27326128254445,69.75343435893345,55.993114154433954,55.008257947886655,55.941519190483056,4.646518803736571,69.27326059745958,55.00825749598202,184.18770973690442,1.0,209.4961424010621,1.0,-129.34690646432045,1.0,229.12582366075185,1.0,151.1389701971666,1.0,0
6,2025-01-20 19:44:20.120582,3.886825539767537,4.035177387722097,69.29166240695028,69.76934527354763,56.124095210002245,55.17012723080739,56.07277832603484,4.777777940757167,69.29166172500744,55.1701267828413,183.34909480629142,1.0,208.52627624056905,1.0,-128.85566481600108,1.0,228.07497545954902,1.0,149.82172891450318,1.0,0
7,2025-01-20 19:44:25.000287,4.024302965206054,4.194242961884444,69.31002847999169,69.78520285782665,56.25448642221278,55.33058579474035,56.20345016357084,4.908449779779163,69.31002780118769,55.33058535068169,182.51329075213638,1.0,207.55825752871442,1.0,-128.35867490650799,1.0,227.02519346808003,1.0,148.5148947659809,1.0,0
8,2025-01-20 19:44:30.123445,4.161242002637036,4.351919995782797,69.32835869891174,69.8010070135977,56.38428346719153,55.48964479412009,56.33353032756631,5.038529945277629,69.32835802324325,55.48964435393776,181.68030274882398,1.0,206.59212857632426,1.0,-127.85599757933142,1.0,225.97652404328983,1.0,147.21845905967257,1.0,0
9,2025-01-20 19:44:35.084944,4.297636612856938,4.50821959686962,69.34665246181441,69.81675771674246,56.513481866021074,55.647315354358796,56.463014282148364,5.1680139013795445,69.34665178927801,55.647314918021806,180.8501320675565,1.0,205.6279211074711,1.0,-127.34768208872538,1.0,224.92900195288712,1.0,145.93238992517854,1.0,0
10,2025-01-20 19:44:39.825836,4.433480825495509,4.663152853391835,69.36490922568035,69.83245496686577,56.642077428817146,55.80360858171245,56.59189778279628,5.296897403563995,69.36490855627241,55.80360814918985,180.02277872916127,1.0,204.66566374301968,1.0,-126.83378927818012,1.0,223.88269673228933,1.0,144.65667287595352,1.0,0
11,2025-01-20 19:44:44.542046,4.568768720883665,4.816730818880822,69.3831282462825,69.84809869320932,56.77006578947096,55.95853556316967,56.72017640499621,5.425176027316985,69.38312757999927,55.95853513443058,179.19824646308786,1.0,203.7053957088688,1.0,-126.31437129925871,1.0,222.83763735458706,1.0,143.3912789389069,1.0,0
12,2025-01-20 19:44:49.603477,4.7034944466447675,4.968964531878651,69.40130918949151,69.86368897501004,56.89744285714355,56.11210735110561,56.84784599985568,5.552845623745829,69.40130852632915,56.11210692611923,178.37653109300572,1.0,202.7471346159386,1.0,-125.78949479006951,1.0,221.79387017672525,1.0,142.13619073018435,1.0,0
13,2025-01-20 19:44:54.565822,4.854797804866606,5.133510090103113,69.50458947027145,69.96060083697097,57.26949187646075,56.26439936498822,57.21851255214889,5.92351212975976,69.50458881484433,56.26439890563124,173.26860760999529,1.0,197.30355154103748,1.0,-141.26754560379595,1.0,219.20682814993597,1.0,153.63140059662328,1.0,0
14,2025-01-20 19:44:59.482352,5.005339624913014,5.29672721643611,69.52463498630128,69.97757783502279,57.409047441396595,56.42893844718667,57.35846815746638,6.063467737203221,69.52463433433888,56.428937991538234,172.37380272991925,1.0,196.24701460132664,1.0,-140.55651698754446,1.0,218.0480551862729,1.0,152.39107997217616,1.0,0
15,2025-01-20 19:45:04.174443,5.155116449069413,5.458624442654214,69.54463764773627,69.99450749487335,57.54783850962394,56.592149183366786,57.497659625797944,6.202659207670387,69.5446369992332,56.592148731403064,171.48149289952013,1.0,195.19273639431398,1.0,-139.84226656361898,1.0,216.89108434884474,1.0,151.15873274226033,1.0,0
16,2025-01-20 19:45:08.874063,5.304124886968129,5.6192102698084145,69.56459739682192,70.01139004608423,57.68586358683429,56.75404010437026,57.63608540862885,6.3410849926463975,69.5645967517728,56.75403965606753,170.5916660193188,1.0,194.14071996405866,1.0,-139.12484068896447,1.0,215.7359156376515,1.0,149.93431834454896,1.0,0
17,2025-01-20 19:45:13.687278,5.452361599465813,5.7784931525029135,69.58451358898681,70.02822536036217,57.823120784750145,56.914619710230454,57.77374356361916,6.478743149791104,69.58451294738612,56.91461926556513,169.70432885125507,1.0,193.09099928391856,1.0,-138.4043060016893,1.0,214.5825954096381,1.0,148.71779331940616,1.0,0
18,2025-01-20 19:45:18.720946,5.599823307528405,5.936481522857795,69.60438585405167,70.0450134084817,57.959608386625106,57.07389645465725,57.91063232020344,6.615631908538931,69.6043852158938,57.07389601360579,168.81948293571511,1.0,192.04359386489728,1.0,-137.6807088587384,1.0,213.43114684327702,1.0,147.50914028297757,1.0,0
19,2025-01-20 19:45:23.654020,5.746506807391002,6.093183759844172,69.62421359899339,70.06175407957542,58.09532494031329,57.23187876873941,58.04675017667219,6.751749767180192,69.62421296427266,57.231878331278395,167.93713411617153,1.0,190.99853496340032,1.0,-136.95411589822015,1.0,212.28159891165888,1.0,146.30832157024543,1.0,0
20,2025-01-20 19:45:28.407370,5.892408953529309,6.24860822109398,69.64399651640514,70.07844736600487,58.23026881179326,57.38857503057573,58.18209544412965,6.887095036818924,69.6439958851157,57.38857459668183,167.05728279522643,1.0,189.95583878188768,1.0,-136.22459086093386,1.0,211.13400376634672,1.0,145.115302413501,1.0,0
21,2025-01-20 19:45:33.360419,6.037526658485786,6.402763237717795,69.66373394288854,70.09509312923174,58.36443840976381,57.54399359690847,58.316666477802926,7.021666072682095,69.66373331502453,57.54399316655846,166.1799362748026,1.0,188.91554028602883,1.0,-135.49218300113353,1.0,209.98837879119492,1.0,143.93005383965374,1.0,0
22,2025-01-20 19:45:38.194353,6.181856915272533,6.555657083867133,69.68342569746277,70.11169140846553,58.49783250852629,57.698142797826,58.45046200062567,7.155461597703151,69.68342507301819,57.69814237099676,165.30509248829088,1.0,187.87764901476407,1.0,-134.75696185423658,1.0,208.84475295929406,1.0,142.75253528637677,1.0,0
23,2025-01-20 19:45:43.112381,6.325396775391188,6.707298007564843,69.70307116332941,70.12824208012691,58.63044963358675,57.85103090660941,58.58348048428159,7.288480083565596,69.70307054229815,57.85103048327791,164.43275794917227,1.0,186.8421974776199,1.0,-134.01899116104232,1.0,207.70317262758908,1.0,141.58272067788857,1.0,0
24,2025-01-20 19:45:47.801255,6.468143358671254,6.857694218537156,69.72266995966265,70.14474510762547,58.762288496010505,58.00266617036308,58.71572058655628,7.420720188054844,69.7226693420385,58.0026657505064,163.56293458601664,1.0,185.80920574674633,1.0,-133.27833466235006,1.0,206.5636667691706,1.0,140.42056945186232,1.0,0
25,2025-01-20 19:45:52.536459,6.602252990635793,7.000323400732964,69.70276828342459,70.12347175945224,58.78439410880852,58.15302796292023,58.73890262246392,7.443902248074008,69.70276766707971,58.15302756474652,164.68418674749054,1.0,186.85816133743114,1.0,-125.21426304942906,1.0,206.13581534576042,1.0,133.16872366601729,1.0,0
26,2025-01-20 19:45:57.460800,6.720989349438412,7.0894483580332945,67.79835918924451,63.61405236594611,58.71414844495919,58.295463190075715,58.676034982086634,7.381034650613842,67.79835863116378,58.29546294126819,0.0,0.0,287.23365445654366,1.0,-110.86068395741222,1.0,186.6494417515696,1.0,83.21338170844683,1.0,0
27,2025-01-20 19:46:02.092324,6.838409847701082,7.178596637467222,67.82125580074599,63.663994208549255,58.81637284980803,58.384588215074146,58.77886293586692,7.4838626080675645,67.82125524530201,58.38458796620153,0.0,0.0,286.0268451227502,1.0,-109.63210612658258,1.0,185.76758199856158,1.0,83.23515208871868,1.0,0
28,2025-01-20 19:46:07.188694,6.954546274162392,7.267739593223164,67.8440967737212,63.71391937053477,58.91783029862395,58.47373647905349,58.880905080762155,7.585904756547515,67.84409622090094,58.47373623019574,0.0,0.0,284.8229683230049,1.0,-108.43320253513866,1.0,184.8900855929969,1.0,83.23018320368192,1.0,0
29,2025-01-20 19:46:12.087121,7.069428626382618,7.356850506767622,67.86687922810792,63.76381454392296,59.018519853460724,58.5628793418078,58.982161585497714,7.687161264784029,67.86687867789814,58.56287909303949,0.0,0.0,283.6221758564501,1.0,-107.26231302498945,1.0,184.0170104810568,1.0,83.20026848764428,1.0,0
30,2025-01-20 19:46:16.960284,7.0310989850619965,7.295402216617081,58.26835843580607,58.30537112790842,58.268450830758056,58.651780250774245,58.268490055788476,6.9734901627922,58.268358436934506,58.651780422317614,0.0,0.0,0.0,0.0,35.78726887269568,1.0,-0.3774034780690272,1.0,-57.37247632794151,1.0,0
31,2025-01-20 19:46:21.661896,6.991767642495789,7.234955617854266,58.22503380386033,58.25818049048108,58.22540441379112,58.59033406455872,58.225465311830945,6.930465421631099,58.22503380624059,58.59033423330571,0.0,0.0,0.0,0.0,36.722531826285376,1.0,-0.7960762263792276,1.0,-56.43723075820617,1.0,0
32,2025-01-20 19:46:26.299916,6.951511337155719,7.175433980657968,58.1808524729377,58.210614236306895,58.18162240153675,58.52988938242525,58.18170712853606,6.8867072409184,58.18085247647017,58.52988954859004,0.0,0.0,0.0,0.0,37.58614142952865,1.0,-1.181429920507071,1.0,-55.573618257653834,1.0,0
33,2025-01-20 19:46:31.266550,6.910402187082938,7.116765194566675,58.135930263984925,58.162728360215475,58.137181719467975,58.470369490130224,58.13729158054763,6.8422916953108475,58.135930268576814,58.470369653914155,0.0,0.0,0.0,0.0,38.38242046754203,1.0,-1.5357534346094326,1.0,-54.77734211694951,1.0,0
34,2025-01-20 19:46:36.036881,6.868507905932387,7.058881548989358,58.09036588289459,58.114568999203364,58.09215221596807,58.41170229144582,58.09228784236482,6.797287959319846,58.09036588845928,58.41170245303788,0.0,0.0,0.0,0.0,39.11547152995354,1.0,-1.8611038581184403,1.0,-54.04427367068365,1.0,0
35,2025-01-20 19:46:41.001872,6.8258919293298295,7.001719594142177,58.04424419679972,58.06617491511085,58.04659684921902,58.35382008892658,58.04675834307983,6.751758462049609,58.04424420325652,58.35382024850392,0.0,0.0,0.0,0.0,39.78930159519223,1.0,-2.159468745048798,1.0,-53.37045229737214,1.0,0
36,2025-01-20 19:46:45.617785,6.782613576531452,6.945220013147143,57.9976388890739,58.01757924707247,58.00057239179747,58.296659444961605,58.00075944235104,6.705759563169929,57.997638896347674,58.29665960268981,0.0,0.0,0.0,0.0,40.407735111216425,1.0,-2.4327081678165996,1.0,-52.752010089420764,1.0,0
37,2025-01-20 19:46:50.609532,6.758569037503329,6.902575721876822,58.03726625187561,58.059497305838306,58.0371595746883,58.240184265068066,58.03716252271973,6.742162589844179,58.03726625066055,58.24018438411688,0.0,0.0,0.0,0.0,22.44969204582503,1.0,0.4063736713533217,1.0,-39.815733745740545,1.0,0
38,2025-01-20 19:46:55.449629,6.733417680287794,6.8610382519383935,58.00958663535633,58.02847516549953,58.009589346297005,58.197541670553036,58.0096020229022,6.714602093116511,58.00958663552543,58.19754178651196,0.0,0.0,0.0,0.0,23.48309265187254,1.0,-0.056555472838226706,1.0,-38.78232444776586,1.0,0
39,2025-01-20 19:47:00.402810,6.7072705162288875,6.820496581865177,57.981004386214465,57.99709862886264,57.981145941387226,58.15600569468177,57.98117248605595,6.686172559050229,57.98100438763002,58.15600580786075,0.0,0.0,0.0,0.0,24.4128507182495,1.0,-0.47343188953163917,1.0,-37.852577970625134,1.0,0
40,2025-01-20 19:47:05.395593,6.68023461284227,6.780843652224706,57.95155279403104,57.96533862105996,57.95196551712799,58.11546533196919,57.95200828024,6.657008355715331,57.95155279655373,58.11546544266711,0.0,0.0,0.0,0.0,25.242634238225037,1.0,-0.8437108846237606,1.0,-37.02278865603148,1.0,0
41,2025-01-20 19:47:10.391364,6.652407987890465,6.741981437009638,57.92139749560117,57.933275748118994,57.92215589976578,58.07581354474399,57.92221602131695,6.627216098999724,57.921397499105005,58.075813653234476,0.0,0.0,0.0,0.0,25.980912046179583,1.0,-1.1718543140659676,1.0,-36.28451664269505,1.0,0
42,2025-01-20 19:47:14.782386,6.623880121532273,6.703820474515715,57.89066846209306,57.90097024216674,57.89181067103146,58.03695232629678,57.89188843046862,6.5968885101090295,57.89066846646397,58.036952432829615,0.0,0.0,0.0,0.0,26.635640152790074,1.0,-1.4618459778148463,1.0,-35.62978274146644,1.0,0
43,2025-01-20 19:47:19.734313,6.5947323354527345,6.666279434545451,57.859471123879516,57.86846962764073,57.86101047138312,57.998792232098715,57.861105543516096,6.566105624887116,57.859471129014594,57.99879233690094,0.0,0.0,0.0,0.0,27.214441378191623,1.0,-1.7174205072478799,1.0,-35.050978618755835,1.0,0
44,2025-01-20 19:47:24.910889,6.565038169668567,6.629284763628415,57.82789154660087,57.8358118863738,57.82982440549301,57.961251947365106,57.82993605320411,6.534936136100439,57.82789155240754,57.961252050642045,0.0,0.0,0.0,0.0,27.724579276195982,1.0,-1.9420343920728556,1.0,-34.540849412678654,1.0,0
45,2025-01-20 19:47:29.820635,6.534863814574392,6.592770285319981,57.79600009202203,57.8030275521963,57.79831150162485,57.92425793242924,57.79843872232409,6.503438806560954,57.796000098417466,57.92425803436564,0.0,0.0,0.0,0.0,28.172917571964717,1.0,-2.1389471049815256,1.0,-34.09250821960086,1.0,0
46,2025-01-20 19:47:34.400370,6.504268555400268,6.556676721191112,57.76385410941641,57.7701411127936,57.766521941677496,57.88774402312446,57.766663578537866,6.471663663949762,57.763854116326755,57.887744123885795,0.0,0.0,0.0,0.0,28.56590857277297,1.0,-2.311157360850302,1.0,-33.69950852686543,1.0,0
47,2025-01-20 19:47:39.060614,6.473305225139208,6.5209512203007565,57.731500175998214,57.73717212313174,57.73449817161596,57.8516509519533,57.73465299581728,6.439653082256689,57.73150018335791,57.851651051687135,0.0,0.0,0.0,0.0,28.90955840030074,1.0,-2.4614407817580286,1.0,-33.35586159664672,1.0,0
48,2025-01-20 19:47:43.860084,6.44202074747314,6.485546864928553,57.69897631249091,57.70413639852667,57.70227623472402,57.815925877670566,57.70244300481713,6.407443092153073,57.69897632024198,57.81592597650786,0.0,0.0,0.0,0.0,29.209403812160417,1.0,-2.5923354104406826,1.0,-33.05601618478704,1.0,0
49,2025-01-20 19:47:48.594213,6.381081332436514,6.425498934948819,57.492231752080215,57.498774576732856,57.50980210489493,57.78047954204237,57.510598762655746,6.215598932778524,57.492231771201645,57.780479709676406,0.0,0.0,0.0,0.0,56.8973611018464,1.0,-6.395140470090155,1.0,-56.065004771426175,1.0,0
50,2025-01-20 19:47:53.389244,6.320180205255669,6.365412716716057,57.43163707280892,57.43824555522647,57.449129126888074,57.720431532652405,57.4499228103229,6.154922980338789,57.43163709188435,57.72043170039331,0.0,0.0,0.0,0.0,56.86161120536326,1.0,-6.379755758985084,1.0,-56.100748873291195,1.0,0
51,2025-01-20 19:47:58.530123,6.259314050034603,6.305291531307633,57.37105039611292,57.37771928801955,57.38847115706778,57.660345241836964,57.38926213116584,6.094262301084093,57.37105041514633,57.66034540967551,0.0,0.0,0.0,0.0,56.82895853226455,1.0,-6.365700912738248,1.0,-56.133401546389905,1.0,0
52,2025-01-20 19:48:03.426264,6.198479849800706,6.245138384819481,57.31047133296092,57.31719565406741,57.327827076619684,57.60022399005462,57.328615578988014,6.033615748817054,57.31047135195592,57.60022415798239,0.0,0.0,0.0,0.0,56.799122043571515,1.0,-6.352854244369155,1.0,-56.16324382970106,1.0,0
53,2025-01-20 19:48:08.599737,6.1376748603738625,6.184956044878921,57.249899432974814,57.25667458012889,57.26719579202338,57.540070782914114,57.267982037908595,5.9729822076560986,57.249899451934695,57.54007095092337,0.0,0.0,0.0,0.0,56.77185257070505,1.0,-6.341108553442609,1.0,-56.19049881602223,1.0,0
54,2025-01-20 19:48:13.246962,6.076896554152463,6.124747012573228,57.18933388580895,57.196155655529225,57.20657608684806,57.47988838749575,57.207360273478066,5.912360443151063,57.18933390473674,57.479888555579535,0.0,0.0,0.0,0.0,56.74693281548571,1.0,-6.330376920686831,1.0,-56.21542436585969,1.0,0
55,2025-01-20 19:48:18.206840,6.0161426438942245,6.064513591711871,57.12877435118408,57.1356388571398,57.145967120228256,57.41967930448238,57.14674942712237,5.851749596727269,57.12877437008253,57.41967947263426,0.0,0.0,0.0,0.0,56.72415706897027,1.0,-6.320566632211921,1.0,-56.238197215066066,1.0,0
56,2025-01-20 19:48:22.840387,5.955411029710424,6.004257877253068,57.06822029693751,57.075123974543054,57.08536792260867,57.359445837253965,57.08614851289868,5.791148682441324,57.06822031580915,57.35944600546807,0.0,0.0,0.0,0.0,56.70333700606989,1.0,-6.311599460673278,1.0,-56.25900858603927,1.0,0
57,2025-01-20 19:48:28.014582,6.062504133977739,6.097362702763839,67.55839962457512,62.941637568433684,57.92986066620992,57.29940943688611,57.89369853788895,6.598698238920279,67.55839904867993,57.29940917696812,0.0,0.0,299.88117840816943,1.0,-99.98971960897052,1.0,192.6074681011869,1.0,86.92926459900718,1.0,0
58,2025-01-20 19:48:32.653298,6.16865854197172,6.190179932179461,67.58012250917437,62.99282258010316,58.026129550129134,57.39251339718881,57.99038810076295,6.695387804414817,67.58012193569101,57.392513138073674,0.0,0.0,298.73623257679117,1.0,-99.11328361852156,1.0,191.80083408059545,1.0,86.66075068731516,1.0,0
59,2025-01-20 19:48:37.599014,6.273888284143017,6.282699657829451,67.60177253122963,63.043854494377754,58.121700009144995,57.48532973398691,58.086370738955914,6.791370445189146,67.60177196014638,57.48532947570231,0.0,0.0,297.5951271039837,1.0,-98.24994925963892,1.0,190.99811722185223,1.0,86.38297987317856,1.0,0
60,2025-01-20 19:48:42.189726,6.3782069388869225,6.3749124266439585,67.6233495435637,63.09472914857968,58.21657758229486,57.57784854121416,58.18165228515747,6.886651993934164,67.62334897486896,57.57784828378651,0.0,0.0,296.4578697469959,1.0,-97.39929062789088,1.0,190.1992827572485,1.0,86.09637226641098,1.0,0
61,2025-01-20 19:48:47.272924,6.450323439128326,6.440363288131281,67.4549701696779,62.639353695480395,58.01377273004385,57.6699913822689,57.98249780486245,6.687497603536934,67.45496959986035,57.66999119955166,0.0,0.0,305.3326239878383,1.0,-67.3330800941585,1.0,190.5748087790471,1.0,61.10956462350714,1.0,0
62,2025-01-20 19:48:51.837589,6.521797296766812,6.50559396926565,67.47025468457427,62.67629665617986,58.08053465459672,57.735441753071534,58.049529312760676,6.754529113229217,67.47025411643641,57.73544157096897,0.0,0.0,304.5270246423524,1.0,-66.73306187451544,1.0,190.0130379362963,1.0,60.903986059202,1.0,0
63,2025-01-20 19:48:56.637826,6.592640891767718,6.5705958380173985,67.4854727312436,62.713113825575235,58.146795825848336,57.80067192577546,58.11605382718167,6.821053629409698,67.48547216477546,57.80067174431166,0.0,0.0,303.7249286308328,1.0,-66.14460391801913,1.0,189.4546047935819,1.0,60.69035587302096,1.0,0
64,2025-01-20 19:49:01.619177,6.662866086892096,6.635360782659293,67.50062416565221,62.74980138423786,58.2125621733978,57.865673269674645,58.18207756004471,6.887077363999095,67.5006236008439,57.86567308887224,0.0,0.0,302.92634354484784,1.0,-65.56722527136571,1.0,188.89947458319511,1.0,60.469149223649765,1.0,0
65,2025-01-20 19:49:06.567799,6.732484237646535,6.699881201150731,67.51570910509571,62.78635588105762,58.277839364192,57.930437674333945,58.247606439088244,6.952606244737308,67.51570854193749,57.930437494214196,0.0,0.0,302.1312632021101,1.0,-65.00044208394229,1.0,188.34760094819103,1.0,60.24083837246508,1.0,0
66,2025-01-20 19:49:11.565738,6.801506239624607,6.764149955799226,67.5307277385874,62.82277412111581,58.3426330834494,57.99495753889624,58.31264639599267,7.017646203305989,67.53072717706969,57.994957359479045,0.0,0.0,301.33967764031655,1.0,-64.44383424593525,1.0,187.79893173700657,1.0,60.00586660775298,1.0,0
67,2025-01-20 19:49:16.349938,6.869942536389251,6.828160355013267,67.5456795575339,62.8590527097851,58.406948763894476,58.059225726803724,58.37720309609484,7.0822029050432365,67.54567899764713,58.05922554810778,0.0,0.0,300.55161366584207,1.0,-63.89698164753099,1.0,187.25346694964173,1.0,59.76464534739989,1.0,0
68,2025-01-20 19:49:21.113468,6.937803169122986,6.89190612309139,67.56056508747302,62.89518902808669,58.470791904058345,58.12323554752455,58.44128225496372,7.146282065519186,67.56056452920782,58.12323536956737,0.0,0.0,299.76704357922415,1.0,-63.359498946624626,1.0,186.7111370506791,1.0,59.51756862543789,1.0,0
69,2025-01-20 19:49:25.702618,7.005097773371429,6.955381361120719,67.57538411801825,62.931180215179204,58.53416770124858,58.18698072632283,58.50488927463668,7.209889086772315,67.57538356136527,58.18698054912088,0.0,0.0,298.9859784692795,1.0,-62.831015287656555,1.0,186.17193045088243,1.0,59.26498411895409,1.0,0
70,2025-01-20 19:49:30.482348,6.905200436783083,6.8658220620897215,57.67754254799432,57.68333429838582,57.732192085362875,58.25024030858714,57.734561392302254,6.439561671182709,57.67754258328158,58.25024055860719,0.0,0.0,0.0,0.0,93.27123944785853,1.0,-11.801782829934382,1.0,-83.61891226286389,1.0,0
71,2025-01-20 19:49:35.621719,6.805617922695537,6.775947957904909,57.582050033145,57.588358944331446,57.63563107576369,58.16068009063446,57.63796017175044,6.342960449752019,57.58205006805776,58.16068034153335,0.0,0.0,0.0,0.0,92.97729875186178,1.0,-11.676532159299313,1.0,-83.91283847231534,1.0,0
72,2025-01-20 19:49:40.402399,6.7063302438952475,6.685779013146239,57.48657742891959,57.49338784745939,57.53916494962943,58.070805123377106,57.54145666707435,6.246456944252841,57.48657746348129,58.07080537509909,0.0,0.0,0.0,0.0,92.70201962351621,1.0,-11.559118709669747,1.0,-84.18812049796998,1.0,0
73,2025-01-20 19:49:45.460767,6.6023266396611815,6.5906636308221875,57.33307225223616,57.341180505182834,57.389521912965094,57.980621341350776,57.39198914283355,6.096989433177353,57.33307228814605,57.98062160688158,0.0,0.0,0.0,0.0,97.10514132564185,1.0,-12.010021123955994,1.0,-88.80646300895023,1.0,0
74,2025-01-20 19:49:50.144254,6.498580348295412,6.49529094284579,57.232781240612404,57.24137936231226,57.28834086850841,57.88550516878841,57.29077458118763,5.99577487081308,57.23278127621546,57.88550543503754,0.0,0.0,0.0,0.0,96.86489066382364,1.0,-11.907401334383394,1.0,-89.04670497884126,1.0,0
75,2025-01-20 19:49:54.997056,6.395075949266751,6.399676372557579,57.1325139548517,57.1415848710748,57.18724242947887,57.790131736287584,57.189644826759,5.894645115709178,57.132513990166196,57.790132003211966,0.0,0.0,0.0,0.0,96.63904542264845,1.0,-11.810891969616932,1.0,-89.27254442539834,1.0,0
76,2025-01-20 19:49:59.693403,6.291799005836485,6.303834341078449,57.03227114197975,57.04179748052701,57.08622293419505,57.69451646439949,57.08859605519621,5.793596343511403,57.03227117702274,57.694516731958856,0.0,0.0,0.0,0.0,96.42667556590823,1.0,-11.720087406388302,1.0,-89.48491428213856,1.0,0
77,2025-01-20 19:50:04.639595,6.1887359962537465,6.207778371866968,56.932053223078576,56.94201748123022,56.985278820588356,57.59867377173853,56.987624556305775,5.692624844023748,56.932053257866094,57.59867403989513,0.0,0.0,0.0,0.0,96.22693507935765,1.0,-11.634642864919442,1.0,-89.6846576659982,1.0,0
78,2025-01-20 19:50:09.763846,6.085874256487533,6.111521139082964,56.83186050144561,56.842245182699244,56.88440669392623,57.50261717936969,56.886726799058195,5.591727086214279,56.83186053599264,57.502617448088166,0.0,0.0,0.0,0.0,96.03901271646009,1.0,-11.554213565432292,1.0,-89.8725771315867,1.0,0
79,2025-01-20 19:50:14.556127,5.983201914610025,6.01507452780793,56.73169293110392,56.74248068036987,56.78360319477586,57.406359359213525,56.7858993000699,5.490899586697259,56.73169296542457,57.40635962846068,0.0,0.0,0.0,0.0,95.86218125264168,1.0,-11.47850108509374,1.0,-90.04939410885981,1.0,0
80,2025-01-20 19:50:19.672463,6.054342434029767,6.077991192426227,67.34598810553422,62.36561199460279,57.61206555954176,57.31014792108218,57.57978548115636,6.284785282555461,67.34598752624413,57.310147745439586,0.0,0.0,311.07673036865236,1.0,-66.4218358326707,1.0,193.74288875383172,1.0,58.74345689903748,1.0,0
81,2025-01-20 19:50:24.481447,6.124808969608144,6.140748340403532,67.36075326049085,62.401255197405995,57.67764906477911,57.373064241833625,57.64565584683415,6.3506556501148115,67.36075268283572,57.37306406663634,0.0,0.0,310.2985048737836,1.0,-65.79255189421929,1.0,193.19607382044524,1.0,58.594526521460466,1.0,0
82,2025-01-20 19:50:29.270344,6.194616904104031,6.203334179535011,67.37545433874892,62.43679951039751,57.74272787560812,57.43582102135114,57.71101382505732,6.4160136301765744,67.3754537627185,57.43582084663209,0.0,0.0,309.52365666283714,1.0,-65.17763571139312,1.0,192.65269509560312,1.0,58.434580574839856,1.0,0
83,2025-01-20 19:50:33.813835,6.263780880329778,6.265737717044061,67.39009134663247,62.47223983130213,57.80730849925197,57.498406469320436,57.775866326711316,6.480866133628284,67.39009077221661,57.498406295110314,0.0,0.0,308.7521854024914,1.0,-64.57639193001796,1.0,192.11270622236043,1.0,58.26436946222202,1.0,0
84,2025-01-20 19:50:38.593740,6.332314807976899,6.327948655049186,67.40466386084228,62.507571155150856,57.871397017876795,57.56080959462626,57.84021980350042,6.545219612176272,67.40466328803099,57.5608094209538,0.0,0.0,307.9841134035371,1.0,-63.98813388784674,1.0,191.5760608437722,1.0,58.08454797545437,1.0,0
85,2025-01-20 19:50:43.591119,6.357990509233925,6.355796434972979,67.20075612162209,61.90953360694338,57.69928622360245,57.622964915594736,57.67299444671024,6.377994375032149,67.20075554984318,57.622964837852905,0.0,0.0,318.73145752071076,1.0,-23.9726538609375,1.0,191.2307827285531,1.0,26.000663002037072,1.0,0
86,2025-01-20 19:50:48.455504,6.383594062404951,6.38337526709916,67.2067981576571,61.925588885417284,57.72469650081014,57.65081240651007,57.698432712485335,6.403432641008636,67.20679758650782,57.650812329519056,0.0,0.0,318.413000552452,1.0,-23.90529721992607,1.0,191.02020051150248,1.0,25.749553225864474,1.0,0
87,2025-01-20 19:50:53.415866,6.409117585502385,6.4106947913938335,67.21280964479757,61.94150625859736,57.75000631019219,57.67839096224519,57.72377355708161,6.42877348582834,67.21280907427628,57.678390885978075,0.0,0.0,318.0961537216173,1.0,-23.83056982466769,1.0,190.81017457779126,1.0,25.50744538893923,1.0,0
88,2025-01-20 19:50:58.388522,6.434553840413003,6.437763987596682,67.21878978918953,61.95728966381654,57.775210342846435,57.705710221826415,57.74901141045187,6.454011339442224,67.21878921929434,57.705710146258134,0.0,0.0,317.7809588697861,1.0,-23.74909169930106,1.0,190.60077446283685,1.0,25.273722364431706,1.0,0
89,2025-01-20 19:51:03.204049,6.459896229727801,6.464591216594278,67.22473891521838,61.97294334372148,57.80030390719513,57.73277916412651,57.774141329986165,6.479141259238565,67.2247383459473,57.73277908923373,0.0,0.0,317.4673988996102,1.0,-23.661450997565225,1.0,190.3920407289661,1.0,25.04780179322097,1.0,0
90,2025-01-20 19:51:08.112834,6.485138753985247,6.491184246647,67.23065669224319,61.98847090617545,57.82528278732976,57.75960614921893,57.79915886406558,6.504158793596768,67.23065612359409,57.75960607497995,0.0,0.0,317.15549123814793,1.0,-23.568212694726753,1.0,190.18401973312393,1.0,24.82913898120387,1.0,0
91,2025-01-20 19:51:12.731056,6.510275977143588,6.517550285180218,67.2365430676175,62.00387584036103,57.85014322809262,57.78619894460788,57.82406003399453,6.529059963819676,67.23654249958811,57.7861988710026,0.0,0.0,316.84523866022965,1.0,-23.469895409107266,1.0,189.97675783225532,1.0,24.617200823513485,1.0,0
92,2025-01-20 19:51:17.609587,6.535302994266657,6.543696010577583,67.24239778227924,62.01916126927808,57.87488190358137,57.81256475701707,57.848841304955194,6.553841235088012,67.24239721486718,57.8125646840268,0.0,0.0,316.53665482021233,1.0,-23.36699747786497,1.0,189.77029558868708,1.0,24.41150926415503,1.0,0
93,2025-01-20 19:51:22.408009,6.56021540155529,6.569627624250815,67.24822122444434,62.03433042522533,57.8994958947171,57.83871026420105,57.873499560061546,6.578499490514311,67.24822065764715,57.83871019180853,0.0,0.0,316.2297192564419,1.0,-23.259991162376537,1.0,189.56465038627357,1.0,24.211592041751828,1.0,0
94,2025-01-20 19:51:27.527484,6.5850092541760175,6.595350845357562,67.25401293035394,62.049385863575296,57.92398261471099,57.86464166695455,57.898032030595665,6.6030319613794015,67.25401236416904,57.8646415951438,0.0,0.0,315.9244564122074,1.0,-23.14929657245557,1.0,189.35986858195974,1.0,24.0170203545631,1.0,0
95,2025-01-20 19:51:32.607391,6.609681035645625,6.620870961955625,67.25977292165821,62.064330182550016,57.94833980864905,57.89036468388598,57.92243629116011,6.627436222284627,67.25977235608296,57.890364612642216,0.0,0.0,315.6208651463935,1.0,-23.035325125988493,1.0,189.15597335421808,1.0,23.8273914766296,1.0,0
96,2025-01-20 19:51:37.268556,6.634227637618275,6.646192874804239,67.26550135867778,62.07916585911446,57.972565554458306,57.91588460256186,57.94671026225838,6.651710193732337,67.26550079370946,57.915884531871406,0.0,0.0,315.3189370090006,1.0,-22.918453473153022,1.0,188.95298788152104,1.0,23.64233744970079,1.0,0
97,2025-01-20 19:51:42.451738,6.657106585956812,6.670095204173792,67.26404623920772,62.07204166452806,57.99175892018638,57.94120513628206,57.966122252717355,6.671122188846883,67.26404567491758,57.94120506955464,0.0,0.0,315.3956318403787,1.0,-21.361404816957474,1.0,188.7261691445019,1.0,22.31690547432663,1.0,0
98,2025-01-20 19:51:47.427609,6.679886195601266,6.693794792347273,67.26939726913616,62.08594974653452,58.014303648920304,57.965107274213345,57.98870507150124,6.6937050079080676,67.26939670541124,57.9651072080519,0.0,0.0,315.1135956594953,1.0,-21.26866195396815,1.0,188.5371313176165,1.0,22.127618478862132,1.0,0
99,2025-01-20 19:51:52.461667,6.702561750571355,6.717298032586824,67.27471871473296,62.099749994371706,58.03673437268178,57.9888066783066,58.01117567085109,6.71617560754842,67.27471815157098,57.9888066126933,0.0,0.0,314.8331187769199,1.0,-21.171503591972396,1.0,188.34885838032278,1.0,21.944291248132686,1.0,0
100,2025-01-20 19:51:57.005179,6.725129069849939,6.740610763202732,67.28001096585838,62.11344552758626,58.059048335363066,58.01230974118367,58.033531078633274,6.738531015632769,67.28001040325695,58.01230967610221,0.0,0.0,314.55418064432604,1.0,-21.070445451982778,1.0,188.16138510032943,1.0,21.76641675305291,1.0,0
101,2025-01-20 19:52:02.054495,6.747584471633708,6.763738323291901,67.28527353468832,62.12703873928921,58.08124316970313,58.03562230058354,58.05576873335683,6.760768670668747,67.28527297264498,58.035622236019016,0.0,0.0,314.2768069734101,1.0,-20.965954000757847,1.0,187.97473465610892,1.0,21.593528526864247,1.0,0
102,2025-01-20 19:52:06.906102,6.769924742368026,6.786685587558311,67.29050666751996,62.14053218968931,58.10331688301623,58.05874969507906,58.07788646238715,6.782886400020463,67.29050610603205,58.05874963101786,0.0,0.0,314.00098478261134,1.0,-20.858463834656504,1.0,187.78896499384246,1.0,21.425191973207802,1.0,0
103,2025-01-20 19:52:11.616447,6.792147094372478,6.80945701771467,67.29571051796513,62.15392817659006,58.125267791022715,58.08169679891059,58.09988241784141,6.804882355803931,67.29570995703016,58.081696735340266,0.0,0.0,313.7267059755265,1.0,-20.74836029578364,1.0,187.60404134582132,1.0,21.26102174997868,1.0,0
104,2025-01-20 19:52:16.396707,6.814249114807343,6.832056683172178,67.30088489598047,62.167228623871765,58.147094452912036,58.104468073357765,58.12175501035986,6.826754948658309,67.30088433559571,58.10446801026694,0.0,0.0,313.4539805687527,1.0,-20.636011342389793,1.0,187.4200216582267,1.0,21.10064989892635,1.0,0
105,2025-01-20 19:52:21.210056,6.836228736671996,6.854488299602945,67.30602984745121,62.18043540287125,58.168795687581216,58.1270675874441,58.14350292389488,6.848502862535011,67.30602928761397,58.127067524822415,0.0,0.0,313.1828061438206,1.0,-20.521735678471487,1.0,187.23690593105857,1.0,20.9437490241271,1.0,0
106,2025-01-20 19:52:26.334124,6.858084212786996,6.876755269524163,67.31114559691673,62.19355031910128,58.19037055474657,58.14949905649969,58.165125096327664,6.870125035314376,67.31114503762424,58.149498994337634,0.0,0.0,312.9131708659578,1.0,-20.405823034934656,1.0,187.05471154817133,1.0,20.790026497365943,1.0,0
107,2025-01-20 19:52:30.819964,6.879814080282077,6.898860712081125,67.31623205442337,62.20657486549,58.21181830282154,58.17176588273425,58.18662066738086,6.8916206067182255,67.31623149567281,58.17176582102313,0.0,0.0,312.6450794763405,1.0,-20.288545758830878,1.0,186.87346748265554,1.0,20.6392099715913,1.0,0
108,2025-01-20 19:52:35.866750,6.9014171245709655,6.920807479531327,67.32128949640874,62.21951060232833,58.23313833820505,58.19387118500734,58.20798894356777,6.9129888832591835,67.32128893819731,58.19387112373919,0.0,0.0,312.378517404802,1.0,-20.1701356348849,1.0,186.69315055603874,1.0,20.491058970151244,1.0,0
109,2025-01-20 19:52:40.697721,6.957374920037688,6.971335903517166,67.50041566230716,62.7399229186711,58.41844826545819,58.21585640149245,58.38975851135498,7.094758355139246,67.50041510430087,58.21585626043373,0.0,0.0,302.93733310908675,1.0,-52.24616600344234,1.0,186.6245480721318,1.0,47.1769239754849,1.0,0
110,2025-01-20 19:52:45.267558,7.012786294492445,7.021727666248709,67.51251588717541,62.768971922127804,58.47070377625617,58.26638458103502,58.442234367470526,7.14723421278022,67.51251533050265,58.26638444035782,0.0,0.0,302.2995678087027,1.0,-51.73599044042021,1.0,186.17854790477395,1.0,47.04932358720271,1.0,0
111,2025-01-20 19:52:50.323155,6.899824032040313,6.916717606630766,57.531444098312086,57.542913124813005,57.59489332627384,58.31653830369235,57.597686363972834,6.30268667932625,57.53144413656153,58.31653859684583,0.0,0.0,0.0,0.0,105.46957696874415,1.0,-12.792482895065405,1.0,-98.04483716209234,1.0,0
112,2025-01-20 19:52:55.202955,6.787073486315142,6.8114958424597845,57.421748606152065,57.433689175216465,57.48442311620302,58.211527536947344,57.487186936042924,6.192187250805305,57.42174864414863,58.21152783069185,0.0,0.0,0.0,0.0,105.27190516086193,1.0,-12.707907546314345,1.0,-98.24250317535643,1.0,0
113,2025-01-20 19:53:00.021408,6.674523052824012,6.706073957024949,57.31207824882442,57.32447277094309,57.374024281178365,58.10630510322483,57.37676061420845,6.081760928412174,57.31207828658185,58.10630539752801,0.0,0.0,0.0,0.0,105.08506349424351,1.0,-12.627927329731392,1.0,-98.42935063659297,1.0,0
114,2025-01-20 19:53:04.580161,6.562161816744783,6.6004628776344125,57.20243331344952,57.21526431867098,57.263693935120976,58.00088258380249,57.266404397760866,5.971404711436416,57.20243335098081,58.000882878633824,0.0,0.0,0.0,0.0,104.9084174582049,1.0,-12.552295974046501,1.0,-98.60599087801347,1.0,0
115,2025-01-20 19:53:09.638737,6.449979479058685,6.494672909312378,57.092813449313795,57.106063718985496,57.15342893847559,57.89527090406653,57.1561150424327,5.861115355608824,57.09281348663116,57.895271199397264,0.0,0.0,0.0,0.0,104.74138469362515,1.0,-12.480746926826214,1.0,-98.77301495066604,1.0,0
116,2025-01-20 19:53:14.418364,6.337966331915314,6.388713761222354,56.98321839481814,56.996871005933485,57.04322640760808,57.789480367187,57.045889567420105,5.75088988012391,56.98321843193311,57.78948066299004,0.0,0.0,0.0,0.0,104.58341760909207,1.0,-12.413057095272961,1.0,-98.930976240581,1.0,0
117,2025-01-20 19:53:19.199528,6.226113210048427,6.2825945846435225,56.87364750286708,56.88768591031323,56.93308341911582,57.683520680582205,56.93572496135454,5.640725273611592,56.873647539790554,57.683520976832,0.0,0.0,0.0,0.0,104.43400338090214,1.0,-12.349012078516353,1.0,-99.08039336607999,1.0,0
118,2025-01-20 19:53:23.855541,6.1144114814831525,6.1763240224107046,56.76410065386452,56.77850866642494,56.82299742950008,57.577400993936045,56.82561859487626,5.530618906710675,56.764100690606774,57.57740129060845,0.0,0.0,0.0,0.0,104.29265236382435,1.0,-12.288403270304116,1.0,-99.2217356912306,1.0,0
119,2025-01-20 19:53:28.811337,6.002852984863961,6.069910229083031,56.65457698716173,56.66933887328437,56.7129656476325,57.47112994854142,56.71556760127982,5.420567912714377,56.654577023732486,57.47113024561368,0.0,0.0,0.0,0.0,104.15891837226354,1.0,-12.231045242856453,1.0,-99.35546678548235,1.0,0
120,2025-01-20 19:53:33.823111,5.891430020561529,5.963360901918132,56.545075971283985,56.560176442537724,56.60298560518505,57.36471569750703,56.60556944028619,5.310569751342387,56.54507600769243,57.364715994957656,0.0,0.0,0.0,0.0,104.03237839909707,1.0,-12.176761260320745,1.0,-99.48200965595788,1.0,0
121,2025-01-20 19:53:39.061814,5.975424321765045,6.03540673713586,67.39686893045685,62.51810140212422,57.63074192877877,57.25845520383493,57.59663182545792,6.301631590973498,67.39686835013269,57.2584550027067,0.0,0.0,308.39495999298924,1.0,-78.42303754785007,1.0,194.08872894700835,1.0,67.26709967495026,1.0,0
122,2025-01-20 19:53:43.702205,6.058607553816,6.107300230463568,67.41393506028497,62.55863289412099,57.70707669365445,57.33050067045328,57.67332053766901,6.378320305448819,67.41393448186514,57.33050046975033,0.0,0.0,307.4954572536008,1.0,-77.66576787901158,1.0,193.451830880349,1.0,67.12486497860937,1.0,0
123,2025-01-20 19:53:48.267554,6.140997344524328,6.179027548185257,67.43093419345591,62.59906831727853,57.78282698378385,57.402393762467426,57.74941543933156,6.454415209326395,67.43093361692907,57.40239356222839,0.0,0.0,306.5994857000911,1.0,-76.92495492563012,1.0,192.81872249393928,1.0,66.96970828386384,1.0,0
124,2025-01-20 19:53:53.179537,6.222610497417679,6.250575697851164,67.4478654928037,62.639401312332275,57.857998915281605,57.47412064838442,57.82492311156598,6.529922883728954,67.4478649181586,57.47412044864556,0.0,0.0,305.70708945688,1.0,-76.19982510618684,1.0,192.18937481468856,1.0,66.80242635070499,1.0,0
125,2025-01-20 19:53:58.160053,6.30346304122003,6.321932476657119,67.46472920399877,62.67962649282647,57.93259855588442,57.54566833785149,57.899850047286364,6.604849821572701,67.4647286312243,57.54566813864687,0.0,0.0,304.81825557544414,1.0,-75.4896685799622,1.0,191.56374148565192,1.0,66.62374930101578,1.0,0
126,2025-01-20 19:54:03.008573,6.383570292909056,6.393086413182819,67.48152498777189,62.71973846783182,58.00663205376157,57.617024630018065,57.97420279423376,6.679202570600707,67.48152441685713,57.61702443137972,0.0,0.0,303.93300193760865,1.0,-74.79381027394538,1.0,190.94177035526627,1.0,66.4343608997342,1.0,0
127,2025-01-20 19:54:07.878801,6.462946907780157,6.464026707531885,67.49825219688712,62.75973197642295,58.08010555675386,57.688178055269354,58.04798787463874,6.75298765304539,67.49825162782119,57.688177857227416,0.0,0.0,303.0513626571733,1.0,-74.1116359586158,1.0,190.32343245044103,1.0,66.2348927602352,1.0,0
128,2025-01-20 19:54:12.867262,6.541606908909389,6.534743224971428,67.51491068891094,62.79960232790846,58.15302506444765,57.759117815493475,58.12121163360777,6.826211414014963,67.51491012168307,57.75911761807625,0.0,0.0,302.1733452413657,1.0,-73.44255458292537,1.0,189.7086930034675,1.0,66.02595621473029,1.0,0
129,2025-01-20 19:54:17.580488,6.6195637402513015,6.605226404967888,67.53150037977856,62.83934514361475,58.22539663294165,57.829833777518175,58.19388045169821,6.898880234068431,67.5314998143781,57.82983358075237,0.0,0.0,301.29895412098125,1.0,-72.78602435007997,1.0,189.09751724663693,1.0,65.8080901627045,1.0,0
130,2025-01-20 19:54:22.688963,6.696830293143561,6.675467241078411,67.54802122080433,62.878956305217756,58.29722618020344,57.900316382315914,58.266000549764044,6.971000334061287,67.54802065722079,57.90031618622664,0.0,0.0,300.428191862089,1.0,-72.14153243637611,1.0,188.48984723376816,1.0,65.5818248117157,1.0,0
131,2025-01-20 19:54:27.496022,6.773418937350846,6.745457267404223,67.56447289623836,62.918431773477074,58.36851953184918,57.97055662490982,58.33757803872075,7.042577824910495,67.56447233446137,57.97055642952073,0.0,0.0,299.5610751068852,1.0,-71.5085862992737,1.0,187.88564819715248,1.0,65.34765270430398,1.0,0
132,2025-01-20 19:54:32.386656,6.8493415573234655,6.815188494873654,67.58085535189817,62.957767885134345,58.43928248021325,58.040546040708136,58.40861897843047,7.113618766479516,67.58085479191737,58.04054584604152,0.0,0.0,298.6976067111611,1.0,-70.88674554779573,1.0,187.28491434217176,1.0,65.10602002606447,1.0,0
133,2025-01-20 19:54:36.998804,6.914737182294108,6.876542441338066,67.54109854590168,62.84463954567305,58.431725122030585,58.11025855146457,58.40237902600003,7.1073788434369805,67.54109798698678,58.11025838018457,0.0,0.0,300.7930645720436,1.0,-61.05799541956003,1.0,186.92842943551113,1.0,57.2843923379196,1.0,0
134,2025-01-20 19:54:41.991269,6.979582052662784,6.937640801318139,67.55538234465574,62.879369437057825,58.49288629792436,58.17161195901164,58.463764617461734,7.168764436436217,67.55538178729569,58.17161178844514,0.0,0.0,300.04020986874883,1.0,-60.54376941847295,1.0,186.40840881630538,1.0,57.04576416917462,1.0,0
135,2025-01-20 19:54:46.810316,7.043885651045349,6.9984777761911,67.5696010493586,62.913958257944785,58.55359835134264,58.23270976982312,58.52469645322934,7.229696273714876,67.56960049354437,58.23270959998633,0.0,0.0,299.29078607087405,1.0,-60.038400491180255,1.0,185.89141298775758,1.0,56.80171223787056,1.0,0
136,2025-01-20 19:54:51.737837,6.941062877544319,6.905888183269902,57.68269199276336,57.689183981712375,57.73981460608652,58.29332776504814,57.74229546750559,6.447295754552895,57.682692028904164,58.29332802352779,0.0,0.0,0.0,0.0,96.00263120660202,1.0,-12.087248896932579,1.0,-86.44821278664949,1.0,0
137,2025-01-20 19:54:56.545711,6.8385430500352316,6.812995645341183,57.584209491538886,57.5912257574229,57.64028235982003,58.20073726250568,57.64272368999095,6.347723976192537,57.58420952731917,58.20073752183104,0.0,0.0,0.0,0.0,95.7197814096844,1.0,-11.966671585810218,1.0,-86.73105968625805,1.0,0
138,2025-01-20 19:55:01.438312,6.736307530079866,6.7198188138967545,57.48574923655497,57.493272714196756,57.54084313674283,58.107843868726476,57.543247626713026,6.248247912120912,57.48574927199659,58.10784412884549,0.0,0.0,0.0,0.0,95.4543299536681,1.0,-11.85340708275362,1.0,-86.99649955303812,1.0,0
139,2025-01-20 19:55:06.550253,6.634338862929348,6.626375121963436,57.38731057980276,57.39532525130614,57.441492303447475,58.01466623188762,57.44386244910565,6.148862733768574,57.38731061492631,58.01466649275163,0.0,0.0,0.0,0.0,95.2051787584196,1.0,-11.747029483331062,1.0,-87.24565944021379,1.0,0
140,2025-01-20 19:55:11.217771,6.532620755271123,6.53268087719881,57.28889509356258,57.297384217621655,57.34222620611245,57.92122178199273,57.34456431141033,6.049564595373783,57.28889512838729,57.9212220435562,0.0,0.0,0.0,0.0,94.97124133304169,1.0,-11.647083910020228,1.0,-87.47959396828264,1.0,0
141,2025-01-20 19:55:16.118792,6.43113797836728,6.438751306247108,57.19050371573513,57.19945010638245,57.24304112723885,57.82752682375647,57.24534932262476,5.950349605931245,57.19050375027904,57.8275270859769,0.0,0.0,0.0,0.0,94.75151810590887,1.0,-11.553167636861872,1.0,-87.69931140079734,1.0,0
142,2025-01-20 19:55:20.940564,6.329876290125252,6.344600646752161,57.09213709394091,57.10152332414315,57.14393341913764,57.7335965811117,57.14621367606461,5.8512139587539,57.092137128220855,57.733596843949314,0.0,0.0,0.0,0.0,94.54509932197652,1.0,-11.464886629823923,1.0,-87.90573018472969,1.0,0
143,2025-01-20 19:55:25.761801,6.228822353090664,6.2502422396017785,56.993795332579815,57.0036039319837,57.04489940269723,57.639445289230075,57.047153549271044,5.752153831380349,56.99379536661161,57.63944555264766,0.0,0.0,0.0,0.0,94.35112448045402,1.0,-11.38189321181926,1.0,-88.09969923163408,1.0,0
144,2025-01-20 19:55:30.455315,6.127963684636579,6.155688553412726,56.89547864511109,56.905692207739136,56.945935650788996,57.54508628656605,56.94816538144589,5.653165663010052,56.895478678909534,57.54508655052877,0.0,0.0,0.0,0.0,94.16880261596816,1.0,-11.303848397687943,1.0,-88.28202109611993,1.0,0
145,2025-01-20 19:55:35.319712,6.0392473691103685,6.071846907230514,56.928248983516454,56.937025740085474,56.9673009068287,57.45056371043697,56.96903321646281,5.674033464129537,56.92824901294786,57.45056394449522,0.0,0.0,0.0,0.0,82.83184377035013,1.0,-9.84330041433168,1.0,-78.28050732598513,1.0,0
146,2025-01-20 19:55:40.171323,5.950688322012358,5.987847989504554,56.84150036346629,56.85058707346136,56.88009113582721,57.366721630566275,56.88180602234833,5.586806269576009,56.84150039270952,57.36672186506358,0.0,0.0,0.0,0.0,82.68500524991396,1.0,-9.780365066944796,1.0,-78.4273458464213,1.0,0
147,2025-01-20 19:55:44.946281,6.034301324271077,6.0611914631570905,67.41085314178315,62.54657628400183,57.68613391634252,57.28294545801831,57.6524480912803,6.357447857860339,67.41085256278883,57.28294525326749,0.0,0.0,307.6578956132569,1.0,-78.06703069718424,1.0,193.64396303330977,1.0,68.4786703016016,1.0,0
148,2025-01-20 19:55:49.542520,6.11714411352175,6.13433520074643,67.42803500656295,62.58770436363765,57.76250065627364,57.35628844112827,57.729149052662336,6.434148821392548,67.42803442947402,57.35628823693505,0.0,0.0,306.7522928437424,1.0,-77.34790699942096,1.0,193.0067114949452,1.0,68.29218210668841,1.0,0
149,2025-01-20 19:55:54.639214,6.199231744810113,6.207268033621407,67.44514859097909,62.62871571585192,57.83829323247479,57.42943166198119,57.80526783605125,6.5102676068896335,67.44514801578455,57.42943145837674,0.0,0.0,305.85028892029146,1.0,-76.6428323532864,1.0,192.37313374446785,1.0,68.09526649647069,1.0,0
150,2025-01-20 19:55:59.558855,6.280578613586345,6.2799794246510094,67.46219345152036,62.669605333771806,57.91351749105669,57.50236395366967,57.88081064456528,6.58581041747163,67.46219287820934,57.502363750683415,0.0,0.0,304.9519072190042,1.0,-75.95120411849621,1.0,191.74319501416903,1.0,67.88851452199651,1.0,0
151,2025-01-20 19:56:04.411245,6.361198526498274,6.35245945274874,67.4791693064862,62.71036856696439,57.98817946817613,57.5750747807628,57.95578385190679,6.66078362684256,67.47916873504792,57.57507457842244,0.0,0.0,304.05716258744224,1.0,-75.272466011711,1.0,191.11686053634003,1.0,67.67249405584153,1.0,0
152,2025-01-20 19:56:09.333369,6.441104737215227,6.424698770881446,67.49607622819589,62.75100122525019,58.0622851499334,57.64755422376495,58.03019375876925,6.735193535697433,67.49607565861972,57.64755402209657,0.0,0.0,303.1660512138818,1.0,-74.60610520922728,1.0,190.49407815941777,1.0,67.44774979210888,1.0,0
153,2025-01-20 19:56:14.473369,6.520309969485234,6.496688558023037,67.51291397095937,62.79149917588265,58.1358403764167,57.71979293710974,58.10404650062329,6.809046279508376,67.5129134032348,57.719792736137975,0.0,0.0,302.278586047882,1.0,-73.95162337388683,1.0,189.87481311569354,1.0,67.21476847872054,1.0,0
154,2025-01-20 19:56:19.107634,6.598826447963267,6.56842050095516,67.5296822767619,62.83185849866671,58.20885091614266,57.791782101186065,58.1773481238383,6.882347904646153,67.52968171087849,57.791781900934126,0.0,0.0,301.3947806886011,1.0,-73.3085540389311,1.0,189.25903643207675,1.0,66.97402527436225,1.0,0
155,2025-01-20 19:56:24.177097,6.676665934185062,6.639886755552984,67.54638116607063,62.87207564497505,58.28132252442697,57.86351340408888,58.250104644981974,6.9551044276797676,67.54638060201808,57.86351320457863,0.0,0.0,300.5146340572767,1.0,-72.67646550531026,1.0,188.6467133408587,1.0,66.72596636462913,1.0,0
156,2025-01-20 19:56:30.467899,6.753839750759362,6.711079934560048,67.56301064781782,62.9121472553024,58.35326086260182,57.934979002968674,58.3223219715792,7.02732175613534,67.56301008558589,57.934978804220776,0.0,0.0,299.63814568311994,1.0,-72.05494345782881,1.0,188.03780327971253,1.0,66.47100027009856,1.0,1
157,2025-01-20 19:56:36.608399,6.837598886124559,6.78797896179955,67.62217558999681,63.06596441305996,58.48834544516081,58.006186325398104,58.456917110965954,7.1619168771380455,67.62217503027217,58.006186110721366,0.0,0.0,296.51974519620296,1.0,-78.2034678780974,1.0,187.19924670790533,1.0,71.79838094600655,1.0,1
158,2025-01-20 19:56:42.393974,6.920650195944659,6.864574330244953,67.64009333794952,63.108858740467674,58.56544333811131,58.08308457661231,58.53431254329189,7.239312311439997,67.64009278018601,58.08308436278327,0.0,0.0,295.575356308418,1.0,-77.542591681663,1.0,186.54334808843487,1.0,71.51486766531434,1.0,1
159,2025-01-20 19:56:48.433640,7.003004296942297,6.940859480782183,67.65793914108755,63.15159123858238,58.64197959934452,58.15967915496839,58.61114060261796,7.316140372712443,67.65793858527476,58.15967894200537,0.0,0.0,294.6347594085408,1.0,-76.89162717952058,1.0,185.89093203445373,1.0,71.2252294732707,1.0,1
160,2025-01-20 19:56:54.519525,7.084671469367287,7.01682820152679,67.6757131641959,63.19415920440254,58.71795969371524,58.235963502407564,58.687406956685884,7.392406728698042,67.67571261032353,58.23596329032793,0.0,0.0,293.6979458112601,1.0,-76.2502643596008,1.0,185.2419637782532,1.0,70.9297821765631,1.0,1
161,2025-01-20 19:57:00.378754,7.165661660952845,7.092474615309725,67.69341502238865,63.236559761262534,58.793388895262254,58.31193140805945,58.763117073501604,7.468116847403675,67.69341447044646,58.31193119687958,0.0,0.0,292.7649358027221,1.0,-75.61818451790714,1.0,184.59641434674268,1.0,70.62885896573334,1.0,1
162,2025-01-20 19:57:06.389741,7.245984487288319,7.167793168460542,67.71104469759085,63.27879038207182,58.86827226881406,58.38757699573173,58.83827619859193,7.54327597435705,67.71104414756867,58.38757678546716,0.0,0.0,291.8357303355989,1.0,-74.99508923160647,1.0,183.95426635606782,1.0,70.32273798245114,1.0,1
163,2025-01-20 19:57:12.308071,7.325649276999724,7.242778603230017,67.72860222868036,63.32084870606752,58.94261504684888,58.462894712652634,58.91288974002704,7.617889517629191,67.72860168056816,58.462894503318005,0.0,0.0,290.9103273607607,1.0,-74.38069746172005,1.0,183.3154792439018,1.0,70.01171764954961,1.0,1
164,2025-01-20 19:57:18.223159,7.404665063085619,7.31742596623924,67.74608771813536,63.36273253111901,59.01642220243143,58.537879301984034,58.98696283517647,7.691962614590431,67.74608717192316,58.53787909359318,0.0,0.0,289.98872147689974,1.0,-73.77473975850535,1.0,182.680024037154,1.0,69.69607321138938,1.0,1
165,2025-01-20 19:57:24.429864,7.483040602997354,7.391730580256821,67.76350102868034,63.40443964283143,59.089698680591674,58.61252581117866,59.060500587570374,7.7655003687716935,67.76350048435827,58.61252560374465,0.0,0.0,289.0709199193813,1.0,-73.17696115876515,1.0,182.04787176273385,1.0,69.3760567338586,1.0,1
166,2025-01-20 19:57:30.409622,7.560784385023428,7.465688020176116,67.7808420784479,63.445967972727196,59.162449296855556,58.68682956376865,59.13350796298231,7.838507745947298,67.78084153600615,58.68682935730383,0.0,0.0,288.15692700318584,1.0,-72.58710380199318,1.0,181.41900503678698,1.0,69.05191448822734,1.0,1
167,2025-01-20 19:57:36.335185,7.637904644910528,7.539294134114757,67.79811104440238,63.48731570521161,59.23467882499915,58.76078613545484,59.205989878132016,7.910989662837657,67.79811050383118,58.76078592997084,0.0,0.0,287.2467334010671,1.0,-72.00494459539186,1.0,180.7933948862228,1.0,68.72388405383845,1.0,1
168,2025-01-20 19:57:42.292592,7.714409387350694,7.612544996253002,67.8153078250922,63.52848097749839,59.306392044297574,58.83439137503739,59.27795125136349,7.9829510377874575,67.81530728638195,58.834391170545125,0.0,0.0,286.3403444602256,1.0,-71.43025175423645,1.0,180.17100654333262,1.0,68.39219721541667,1.0,1
169,2025-01-20 19:57:48.256774,7.77427537386716,7.672731811231315,67.74307014067159,63.33174581445819,59.254988971646625,58.907612607416304,59.228498761560104,7.933498594433995,67.7430696026739,58.90761243939455,0.0,0.0,290.1477686201193,1.0,-55.89512974665922,1.0,179.93269707858417,1.0,56.19467673568579,1.0,1
170,2025-01-20 19:57:54.177316,7.8337178860708745,7.7325611210851255,67.75690480727563,63.36574176617004,59.31183044554903,58.96779868140323,59.28550486152266,7.990504695578754,67.75690427075159,58.9677985143795,0.0,0.0,289.4185862785918,1.0,-55.4997426712589,1.0,179.4398300398825,1.0,55.86088645088694,1.0,1
171,2025-01-20 19:58:00.092520,7.892740681848648,7.792032815871186,67.77067451045382,63.39955257333833,59.36829114691579,59.027627253743795,59.342128304090714,8.047128139318517,67.77067397539595,59.02762708771841,0.0,0.0,288.69282795763206,1.0,-55.10786713443849,1.0,178.94947207082623,1.0,55.52699476027101,1.0,1
172,2025-01-20 19:58:06.145733,7.951347461677894,7.851146831790732,67.78438030241074,63.433178713946575,59.42437567993292,59.087098214649735,59.398373688485755,8.103373524874945,67.78437976881173,59.08709804962288,0.0,0.0,287.97043819879906,1.0,-54.719442292707754,1.0,178.46155943061603,1.0,55.193036431546716,1.0,1
173,2025-01-20 19:58:12.202176,8.009541833345288,7.9099031575810645,67.79802204900682,63.46662000669165,59.480086657760296,59.14621150043467,59.45424367279464,8.159243510335143,67.79802151685936,59.14621133640635,0.0,0.0,287.25142407217527,1.0,-54.33438702141302,1.0,177.9760863246338,1.0,54.85907520551336,1.0,1
174,2025-01-20 19:58:18.240767,8.067327313632541,7.968301879254291,67.81159998955832,63.49987650342486,59.53542663321271,59.204967100036626,59.50974085137395,8.214740690055928,67.8115994588552,59.204966937006624,0.0,0.0,286.535772964141,1.0,-53.952620195900636,1.0,177.49303536902516,1.0,54.52519220682461,1.0,1
175,2025-01-20 19:58:24.300976,8.12470735367192,8.026343155394311,67.82511414748585,63.53294817583584,59.59039824973538,59.26336509961462,59.564867910665875,8.269867750479701,67.82511361821979,59.26336493758251,0.0,0.0,285.82348364027166,1.0,-53.57407517806223,1.0,177.01240656379014,1.0,54.19144827897071,1.0,1
176,2025-01-20 19:58:30.270228,8.18168532532025,8.084027191839604,67.83856466308984,63.56583509262141,59.645004013385446,59.32140565784572,59.61962739603394,8.32462723697023,67.83856413525372,59.32140549681089,0.0,0.0,285.11454870576455,1.0,-53.198670843244145,1.0,176.53417093583812,1.0,53.85791006006002,1.0,1
177,2025-01-20 19:58:36.246234,8.238264526589418,8.14135429008195,67.85195170472245,63.598537358387105,59.69924640216709,59.379088980755995,59.674021823691035,8.37902166574055,67.8519511783091,59.37908882071762,0.0,0.0,284.4089592873007,1.0,-52.82635214257425,1.0,176.0583284851691,1.0,53.52464418820091,1.0,1
178,2025-01-20 19:58:42.331773,8.294448181492655,8.198324798884764,67.86527520359532,63.63105498519945,59.75312783421098,59.4364153699249,59.72805364901089,8.433053492164628,67.8652746785976,59.43641521088201,0.0,0.0,283.706719010501,1.0,-52.457046643326066,1.0,175.58486762254688,1.0,53.1917057122655,1.0,1
179,2025-01-20 19:58:48.448942,8.35023945096046,8.254939133429092,67.87853546346186,63.66338821538543,59.80665073919333,59.49338517423932,59.781725336862756,8.486725181111915,67.87853493987271,59.49338501619074,0.0,0.0,283.00781186546715,1.0,-52.090684810082166,1.0,175.11377096411707,1.0,52.859158373053106,1.0,1
180,2025-01-20 19:58:54.218679,8.405641428461447,8.311197775485443,67.89173249580226,63.69553715506059,59.85981746854453,59.54999880900127,59.83503927321719,8.540039118553128,67.89173197361464,59.54999865194568,0.0,0.0,282.31223724711134,1.0,-51.72721449127948,1.0,174.64503271526155,1.0,52.52705721943585,1.0,1
181,2025-01-20 19:59:00.194006,8.47287952292292,8.376704813020094,67.97112340365932,63.90247878079578,59.99821620956153,59.606276856496464,59.972303930708094,8.677303743001488,67.97112288354667,59.60627667362241,0.0,0.0,278.12778887954255,1.0,-62.778252392377,1.0,173.95106345475142,1.0,61.16201171209923,1.0,1
182,2025-01-20 19:59:06.138417,8.539588594833377,8.441861363560252,67.98670338191042,63.939484661251925,60.06130614553338,59.67178311307268,60.03559740955224,8.74059722332249,67.98670286347358,59.671782931177056,0.0,0.0,277.3066165775836,1.0,-62.2843191439415,1.0,173.3905848118411,1.0,60.83477803770165,1.0,1
183,2025-01-20 19:59:12.188086,8.60577501448092,8.506665030783486,68.00221265102009,63.97630747652035,60.12394321009433,59.73693888088725,60.09843485304822,8.803434668277523,68.00221213425013,59.736938699976754,0.0,0.0,276.4891711350278,1.0,-61.79633986562294,1.0,172.83310198649815,1.0,60.50530184609215,1.0,1
184,2025-01-20 19:59:18.116228,8.671445010435244,8.571113581121779,68.01765183348462,64.01294649544914,60.1861323484447,59.801741764083566,60.16082128192426,8.86582109859527,68.01765131837274,59.801741584164446,0.0,0.0,275.6754197420259,1.0,-61.31416389735023,1.0,172.27855703254136,1.0,60.17373669465087,1.0,1
185,2025-01-20 19:59:24.249994,8.736604597154999,8.635204948892312,68.03302055367239,64.04940048368154,60.24787724992491,59.866189529533834,60.22276047670641,8.927760294802303,68.03302004020982,59.86618935061185,0.0,0.0,274.865382196957,1.0,-60.83761450327074,1.0,171.72694994997073,1.0,59.84024772999419,1.0,1
186,2025-01-20 19:59:30.272162,8.801259641149219,8.698937246039803,68.04831903732867,64.08566862012894,60.30918191941873,59.9302801120102,60.284256533016226,8.989256352520652,68.04831852550672,59.930279934090635,0.0,0.0,274.05904660148605,1.0,-60.366532331386225,1.0,171.17824597107756,1.0,59.504988509502255,1.0,1
187,2025-01-20 19:59:36.381320,8.865415832265807,8.762308719240357,68.06354754177423,64.12175017597467,60.370050051983604,59.994011623812305,60.34531322883717,9.05031304973422,68.06354703158428,59.99401144690003,0.0,0.0,273.2563993930371,1.0,-59.900769618934646,1.0,170.63242771200748,1.0,59.16810100131897,1.0,1
188,2025-01-20 19:59:42.560050,8.92907871283995,8.82531779309417,68.07870601964066,64.15764430478798,60.43048541508784,60.05738231205916,60.405934415126126,9.110934237400343,68.07870551107415,60.05738213615859,0.0,0.0,272.4574430682489,1.0,-59.44017860315398,1.0,170.08947199428803,1.0,58.82973876282449,1.0,1
189,2025-01-20 19:59:48.409659,8.992253661119618,8.887963028256326,68.09379446207264,64.19335025687758,60.490491552559426,60.12039060169671,60.466123712901414,9.171123536537774,68.09379395512101,60.12039042681186,0.0,0.0,271.6621780938612,1.0,-58.984611521282204,1.0,169.54936722868297,1.0,58.490032172926476,1.0,1
190,2025-01-20 19:59:54.375870,9.054945921392807,8.950243130628792,68.10881320551212,64.22886753613062,60.55007209630643,60.183035053739964,60.52588482905915,9.230884654043022,68.10881270016696,60.183034879874434,0.0,0.0,270.87058673705906,1.0,-58.533937994411644,1.0,169.0120902367198,1.0,58.14912030245978,1.0,1
191,2025-01-20 20:00:00.431411,9.117160589016358,9.01215693910758,68.12376217500618,64.26419547294908,60.60923047407842,60.245314374418754,60.58522126302716,9.2902210893443,68.12376167125913,60.2453142015758,0.0,0.0,270.08267294838134,1.0,-58.08802764363463,1.0,168.47760625068986,1.0,57.80711904378677,1.0,1
192,2025-01-20 20:00:06.441332,9.178902636061146,9.07370342107575,68.13864148813845,64.2993335631647,60.66797017832772,60.30722740294198,60.644136577243444,9.34913640487999,68.13864098598113,60.307227231124486,0.0,0.0,269.298430530358,1.0,-57.646752987352556,1.0,167.94592106521122,1.0,57.46415877581512,1.0,1
193,2025-01-20 20:00:12.496882,9.238687665864715,9.133717309413365,68.14540630989701,64.31352954947828,60.71595365010421,60.36877067337729,60.692445284540945,9.39744511764084,68.1454058092376,60.36877050583829,0.0,0.0,268.94187776973763,1.0,-55.81954185061022,1.0,167.44494735576154,1.0,56.033221291045265,1.0,1
194,2025-01-20 20:00:18.476634,9.2980278860662,9.193361541807269,68.15983410189337,64.34765100742953,60.77257320481729,60.42878379742843,60.749228530151846,9.454228364493503,68.15983360277119,60.428783630921394,0.0,0.0,268.18143362951633,1.0,-55.40423867273603,1.0,166.93081986318248,1.0,55.688082246661,1.0,1
195,2025-01-20 20:00:24.558573,9.356927452574212,9.252635827472382,68.17419336983012,64.38158118069177,60.82879688297362,60.488427268959086,60.805613854574084,9.510613690145918,68.17419287223726,60.48842710348482,0.0,0.0,267.4246011798156,1.0,-54.99280629976511,1.0,166.41934630570177,1.0,55.34267375253421,1.0,1
196,2025-01-20 20:00:30.569709,9.415390404838506,9.311539980174786,68.18848440265558,64.41532002846667,60.884627509625524,60.547700797410705,60.86160413049226,9.566603967282958,68.18848390658414,60.54770063296973,0.0,0.0,266.6713651910666,1.0,-54.58515781242568,1.0,165.91050929946505,1.0,54.997091419863864,1.0,1
197,2025-01-20 20:00:36.639627,9.47342070844623,9.37007390416415,68.202707088213,64.4488673264962,60.94006809376348,60.606604196742836,60.91720241827078,9.6222022562693,68.20270659365511,60.606604033335415,0.0,0.0,265.921731574704,1.0,-54.1812033941369,1.0,165.4043030498542,1.0,54.65141927061268,1.0,1
198,2025-01-20 20:00:42.534595,9.531022217323299,9.428237570742024,68.21686134975691,64.48222290899967,60.99512134475808,60.665137371347406,60.97241147256694,9.677411311762507,68.21686085670476,60.66513720897361,0.0,0.0,265.1757043757435,1.0,-53.78085322831794,1.0,164.9007101730149,1.0,54.30572394288902,1.0,1
199,2025-01-20 20:00:48.399819,9.588198714816235,9.4860310598434,68.2309478790589,64.51538707436501,61.04979015162971,60.72330029274877,61.02723422619642,9.732234066578467,68.23094738750477,60.723300131408394,0.0,0.0,264.4332471330508,1.0,-53.384034882242304,1.0,164.3997016958565,1.0,53.96009815058278,1.0,1
200,2025-01-20 20:00:54.351838,9.644953892061137,9.543454507765844,68.24496622323173,64.54835951787518,61.10407720665628,60.78109304099567,61.08167341629352,9.786673257851769,68.24496573316787,60.78109288068833,0.0,0.0,263.6943837169069,1.0,-52.9906556420201,1.0,163.90127761837903,1.0,53.614602737184214,1.0,1
201,2025-01-20 20:01:00.262365,9.701291352542754,9.600508148617788,68.25891675982022,64.58114042957038,61.157985162760106,60.83851575257927,61.135731735416556,9.840731578140925,68.25891627123895,60.8385155933043,0.0,0.0,262.9590942280948,1.0,-52.600648869542965,1.0,163.40543214596437,1.0,53.2693246219651,1.0,1
202,2025-01-20 20:01:06.269886,9.757214630889418,9.657192274446805,68.27279948732358,64.61372982622272,61.211516721157395,60.89556866171859,61.18941192595962,9.894411769840247,68.27279900021723,60.89556850347519,0.0,0.0,262.2273787457205,1.0,-52.21393923477535,1.0,162.91214210014004,1.0,52.92431885379756,1.0,1
203,2025-01-20 20:01:12.026096,9.812727183333056,9.713507250594008,68.28661445859883,64.64612777998121,61.26467447029722,60.95225206059944,61.24271661484494,9.947716459872176,68.28661397295976,60.952251903386596,0.0,0.0,261.4992344838504,1.0,-51.83045720229984,1.0,162.42141327552417,1.0,52.57965207078996,1.0,1
204,2025-01-20 20:01:17.977650,9.86783239498093,9.769453508223842,68.30036186548759,64.67833447293673,61.31746098318168,61.00856631468341,61.295648411862864,10.00064825802728,68.30036138130826,61.00856615849988,0.0,0.0,260.7746513311113,1.0,-51.45013033938994,1.0,161.93320510978992,1.0,52.23539670566879,1.0,1
205,2025-01-20 20:01:23.994580,9.902083267383482,9.809736713673795,68.2124774590353,64.44474076862576,61.26028888568326,61.0644856827325,61.240725507852225,9.945725412235078,68.212476976007,61.064485570275075,0.0,0.0,265.4067656505003,1.0,-31.979042947796188,1.0,161.54824544969415,1.0,37.61125530445497,1.0,1
206,2025-01-20 20:01:29.992003,9.936261453082997,9.849572599271847,68.22168904304925,64.46785987913181,61.29420927920616,61.10476823068865,61.27467051482852,9.979670419414287,68.22168856094866,61.10476811947998,0.0,0.0,264.9212516448003,1.0,-31.911179277699375,1.0,161.23797262252992,1.0,37.193608203551776,1.0,1
207,2025-01-20 20:01:35.951913,9.970357532537616,9.888973057775601,68.2308570716141,64.49075955987381,61.3280148408131,61.14460348227498,61.30850386379489,10.013503768609866,68.23085659044008,61.144603372281885,0.0,0.0,264.4380333116495,1.0,-31.83451937729842,1.0,160.92808224016153,1.0,36.787060693654894,1.0,1
208,2025-01-20 20:01:41.961027,10.004362533588127,9.927949554357502,68.23998060852374,64.51344446373247,61.361698426381864,61.18400332915919,61.342218251334316,10.047218156403567,68.23998012827488,61.18400322034965,0.0,0.0,263.9571599955675,1.0,-31.749477561788808,1.0,160.61866122186075,1.0,36.391221638041316,1.0,1
209,2025-01-20 20:01:47.924937,10.004362537455002,9.990975004351034,68.41634560634375,64.62832740207837,62.315365673885886,61.22302318251463,62.30579373322186,10.004362533588136,68.41634515620623,61.22302300656833,0.0,0.0,254.66150830012214,1.0,0.0,0.0,150.54796260869807,1.0,58.84503076003966,1.0,1
210,2025-01-20 20:01:53.894773,10.004362542500036,10.053290255731854,68.42892629685605,64.66347762501194,62.356379068854594,61.28604710505106,62.346807128118954,10.00436253745502,68.42892584785248,61.28604693108741,0.0,0.0,253.99841914674232,1.0,0.0,0.0,150.1687106474492,1.0,58.18193812217487,1.0,1
211,2025-01-20 20:01:59.846074,10.004362558000292,10.053290317794609,69.53280190895991,67.36106849048116,65.85405237511085,65.85652117111988,65.8444804282661,10.004362542500175,69.53280156641542,61.348290255731875,0.0,0.0,195.81656145361268,1.0,0.0,0.0,114.5636042872411,1.0,0.0,0.0,1
212,2025-01-20 20:02:05.730627,10.00436257297729,10.053290379857353,69.53280184633768,67.36106845986609,65.85405220447419,65.85652114308179,65.84448025762944,10.004362558000421,69.53280150379315,61.34829031779463,0.0,0.0,195.8165647542366,1.0,0.0,0.0,114.56361008185922,1.0,0.0,0.0,1
213,2025-01-20 20:02:11.788841,10.00436258956236,10.053290379857353,69.5328018463377,67.36106845986654,65.85405220447525,65.85652114308283,65.8444802576305,10.004362572977444,69.5328015037932,61.34829037985735,0.0,0.0,195.8165647542344,1.0,0.0,0.0,114.56361008185922,1.0,0.0,0.0,1
214,2025-01-20 20:02:17.915216,10.004362605586568,10.053290379857353,69.5328018463377,67.3610684598668,65.8540522044757,65.85652114308327,65.84448025763096,10.004362589562508,69.5328015037932,61.34829037985735,0.0,0.0,195.81656475423515,1.0,0.0,0.0,114.56361008185922,1.0,0.0,0.0,1
215,2025-01-20 20:02:23.996815,10.004362622110913,10.053290379857353,69.53280184633772,67.36106845986612,65.85405220447423,65.85652114308184,65.84448025762947,10.004362605586723,69.53280150379321,61.34829037985735,0.0,0.0,195.8165647542337,1.0,0.0,0.0,114.56361008185922,1.0,0.0,0.0,1
216,2025-01-20 20:02:29.900981,10.004362639619444,10.053290379857353,69.5328018463377,67.36106845986612,65.85405220447433,65.85652114308192,65.84448025762958,10.004362622111085,69.5328015037932,61.34829037985735,0.0,0.0,195.8165647542344,1.0,0.0,0.0,114.56361008185922,1.0,0.0,0.0,1
217,2025-01-20 20:02:35.921034,10.004362659765892,10.053290379857353,69.94198798633204,68.19233541378779,66.97821278724064,66.98020181588167,66.97050117606416,10.00436263961967,69.9419876815149,61.34829037985735,0.0,0.0,174.24963320315447,1.0,0.0,0.0,101.9457306199456,1.0,0.0,0.0,1
218,2025-01-20 20:02:42.021421,10.004362679911743,10.053290379857353,69.94198804925648,68.19233547671371,66.97821285016825,66.9802018788092,66.97050123899179,10.004362659766118,69.94198774443936,61.34829037985735,0.0,0.0,174.24962988660263,1.0,0.0,0.0,101.94572482532749,1.0,0.0,0.0,1
219,2025-01-20 20:02:48.096108,10.004362699220831,10.053290379857353,69.94198804925652,68.19233547671213,66.97821285016478,66.98020187880583,66.97050123898832,10.004362679911951,69.94198774443942,61.34829037985735,0.0,0.0,174.24962988659973,1.0,0.0,0.0,101.94572482532749,1.0,0.0,0.0,1
220,2025-01-20 20:02:54.078207,10.004362718514544,10.053290379857353,69.94198804925652,68.19233547671284,66.97821285016636,66.98020187880736,66.9705012389899,10.00436269922104,69.94198774443942,61.34829037985735,0.0,0.0,174.24962988659973,1.0,0.0,0.0,101.94572482532749,1.0,0.0,0.0,1
221,2025-01-20 20:03:00.163694,10.00436273911047,10.053290379857353,69.94198804925652,68.1923354767126,66.9782128501658,66.98020187880682,66.97050123898934,10.004362718514779,69.94198774443942,61.34829037985735,0.0,0.0,174.24962988659973,1.0,0.0,0.0,101.94572482532749,1.0,0.0,0.0,1
222,2025-01-20 20:03:06.370579,10.004362759671102,10.053290379857353,69.94198804925652,68.19233547671222,66.97821285016498,66.98020187880603,66.97050123898853,10.004362739110702,69.94198774443942,61.34829037985735,0.0,0.0,174.24962988659973,1.0,0.0,0.0,101.94572482532749,1.0,0.0,0.0,1
223,2025-01-20 20:03:12.245810,10.004362779409343,10.053290379857353,69.94198804925652,68.1923354767125,66.97821285016565,66.98020187880667,66.97050123898919,10.004362759671318,69.94198774443942,61.34829037985735,0.0,0.0,174.24962988659973,1.0,0.0,0.0,101.94572482532749,1.0,0.0,0.0,1
224,2025-01-20 20:03:18.255211,10.00436279955878,10.053290379857353,69.94198804925652,68.19233547671232,66.9782128501652,66.98020187880623,66.97050123898876,10.004362779409568,69.94198774443942,61.34829037985735,0.0,0.0,174.24962988659973,1.0,0.0,0.0,101.94572482532749,1.0,0.0,0.0,1
225,2025-01-20 20:03:24.240560,10.004362818868,10.053290379857353,69.94198804925652,68.19233547671219,66.97821285016498,66.98020187880603,66.97050123898853,10.004362799558988,69.94198774443942,61.34829037985735,0.0,0.0,174.24962988659973,1.0,0.0,0.0,101.94572482532749,1.0,0.0,0.0,1
226,2025-01-20 20:03:30.324731,10.00436284033059,10.053290379857353,69.94198804925654,68.19233547671254,66.97821285016566,66.98020187880667,66.97050123898921,10.00436281886825,69.94198774443943,61.34829037985735,0.0,0.0,174.249629886599,1.0,0.0,0.0,101.94572482532749,1.0,0.0,0.0,1
227,2025-01-20 20:03:36.277987,10.00436286090737,10.053290379857353,69.94198804925657,68.19233547671213,66.9782128501648,66.98020187880583,66.97050123898835,10.004362840330824,69.94198774443944,61.34829037985735,0.0,0.0,174.24962988659755,1.0,0.0,0.0,101.94572482532749,1.0,0.0,0.0,1
228,2025-01-20 20:03:42.311529,10.004362880235266,10.053290379857353,69.94198804925652,68.1923354767125,66.97821285016563,66.98020187880665,66.97050123898917,10.004362860907579,69.94198774443942,61.34829037985735,0.0,0.0,174.24962988659973,1.0,0.0,0.0,101.94572482532749,1.0,0.0,0.0,1
229,2025-01-20 20:03:48.285219,10.004362900418323,10.053290379857353,69.86546110490563,68.0400626244309,66.77337782017457,66.7754529720331,66.76533235638219,10.004362880235492,69.86546079303264,61.34829037985735,0.0,0.0,178.28312762592182,1.0,0.0,0.0,104.30555408106557,1.0,0.0,0.0,1
230,2025-01-20 20:03:54.100645,10.00436291889331,10.053290379857353,69.86546110490565,68.04006262443033,66.77337782017322,66.77545297203179,66.76533235638084,10.004362900418515,69.86546079303265,61.34829037985735,0.0,0.0,178.2831276259211,1.0,0.0,0.0,104.30555408106557,1.0,0.0,0.0,1
231,2025-01-20 20:04:00.012258,10.004362936400803,10.053290379857353,69.86546110490565,68.04006262443086,66.7733778201744,66.77545297203294,66.765332356382,10.004362918893484,69.86546079303265,61.34829037985735,0.0,0.0,178.2831276259211,1.0,0.0,0.0,104.30555408106557,1.0,0.0,0.0,1
232,2025-01-20 20:04:05.952766,10.00436295671482,10.053290379857353,69.86546110490563,68.04006262443093,66.77337782017455,66.77545297203305,66.76533235638215,10.004362936401028,69.86546079303264,61.34829037985735,0.0,0.0,178.28312762592182,1.0,0.0,0.0,104.30555408106557,1.0,0.0,0.0,1
233,2025-01-20 20:04:12.062806,10.00436297478413,10.053290379857353,69.86546110490563,68.0400626244308,66.77337782017435,66.77545297203287,66.76533235638196,10.004362956715001,69.86546079303264,61.34829037985735,0.0,0.0,178.28312762592182,1.0,0.0,0.0,104.30555408106557,1.0,0.0,0.0,1
234,2025-01-20 20:04:17.901879,10.004362994572078,10.053290379857353,69.86546110490563,68.04006262443087,66.77337782017442,66.77545297203295,66.76533235638203,10.004362974784346,69.86546079303264,61.34829037985735,0.0,0.0,178.28312762592182,1.0,0.0,0.0,104.30555408106557,1.0,0.0,0.0,1
235,2025-01-20 20:04:23.876688,10.004363014295862,10.053290379857353,69.86546110490568,68.04006262443022,66.77337782017298,66.77545297203153,66.76533235638058,10.004362994572295,69.8654607930327,61.34829037985735,0.0,0.0,178.28312762591892,1.0,0.0,0.0,104.30555408106557,1.0,0.0,0.0,1
236,2025-01-20 20:04:29.891379,10.004363033167577,10.053290379857353,69.86546110490568,68.04006262443023,66.77337782017305,66.7754529720316,66.76533235638065,10.004363014296063,69.8654607930327,61.34829037985735,0.0,0.0,178.28312762591966,1.0,0.0,0.0,104.30555408106557,1.0,0.0,0.0,1
237,2025-01-20 20:04:35.943320,10.004363052907621,10.053290379857353,69.86546110490565,68.04006262443043,66.77337782017347,66.77545297203203,66.76533235638108,10.004363033167794,69.86546079303265,61.34829037985735,0.0,0.0,178.2831276259211,1.0,0.0,0.0,104.30555408106557,1.0,0.0,0.0,1
238,2025-01-20 20:04:42.061818,10.004363071354236,10.053290379857353,69.86546110490568,68.04006262443019,66.77337782017297,66.77545297203153,66.76533235638057,10.004363052907811,69.8654607930327,61.34829037985735,0.0,0.0,178.28312762591892,1.0,0.0,0.0,104.30555408106557,1.0,0.0,0.0,1
239,2025-01-20 20:04:48.182910,10.004363090213477,10.053290379857353,69.86546110490565,68.04006262443059,66.77337782017379,66.77545297203234,66.7653323563814,10.004363071354437,69.86546079303265,61.34829037985735,0.0,0.0,178.28312762592182,1.0,0.0,0.0,104.30555408106557,1.0,0.0,0.0,1
240,2025-01-20 20:04:53.939545,10.004363111281757,10.053290379857353,69.86546110490565,68.04006262443089,66.77337782017446,66.77545297203297,66.76533235638206,10.004363090213719,69.86546079303265,61.34829037985735,0.0,0.0,178.2831276259211,1.0,0.0,0.0,104.30555408106557,1.0,0.0,0.0,1
241,2025-01-20 20:04:59.971808,10.004363136713412,10.053290379857353,70.48978246001691,69.23881986320704,68.37075174438064,68.37217377037595,68.36523812487746,10.004363111282103,70.48978220570696,61.34829037985735,0.0,0.0,145.37708654703934,1.0,0.0,0.0,85.05365970904677,1.0,0.0,0.0,1
242,2025-01-20 20:05:05.993514,10.004363162135094,10.053290379857353,70.48978233335855,69.23881973654852,68.37075161772187,68.37217364371719,68.36523799821869,10.004363136713758,70.48978207904858,61.34829037985735,0.0,0.0,145.37709322280884,1.0,0.0,0.0,85.05366550366489,1.0,0.0,0.0,1
243,2025-01-20 20:05:12.084693,10.004363187899951,10.053290379857353,70.48978233335853,69.23881973654834,68.37075161772148,68.37217364371682,68.3652379982183,10.00436316213545,70.48978207904857,61.34829037985735,0.0,0.0,145.37709322280955,1.0,0.0,0.0,85.05366550366489,1.0,0.0,0.0,1
244,2025-01-20 20:05:17.813484,10.004363213323584,10.053290379857353,70.48978233335853,69.23881973654885,68.37075161772253,68.37217364371789,68.36523799821938,10.004363187900298,70.48978207904857,61.34829037985735,0.0,0.0,145.37709322280884,1.0,0.0,0.0,85.05366550366489,1.0,0.0,0.0,1
245,2025-01-20 20:05:23.848518,10.004363238745267,10.053290379857353,70.48978233335855,69.23881973654828,68.3707516177213,68.37217364371664,68.36523799821812,10.00436321332393,70.48978207904858,61.34829037985735,0.0,0.0,145.37709322280884,1.0,0.0,0.0,85.05366550366489,1.0,0.0,0.0,1
246,2025-01-20 20:05:29.905240,10.004363264510124,10.053290379857353,70.48978233335853,69.23881973654902,68.37075161772296,68.37217364371824,68.3652379982198,10.004363238745622,70.48978207904857,61.34829037985735,0.0,0.0,145.37709322280955,1.0,0.0,0.0,85.05366550366489,1.0,0.0,0.0,1
247,2025-01-20 20:05:35.859737,10.004363289933757,10.053290379857353,70.48978233335855,69.23881973654768,68.37075161772006,68.37217364371544,68.3652379982169,10.00436326451047,70.48978207904858,61.34829037985735,0.0,0.0,145.3770932228081,1.0,0.0,0.0,85.05366550366489,1.0,0.0,0.0,1
248,2025-01-20 20:05:41.978427,10.004363315698587,10.053290379857353,70.48978233335855,69.23881973654838,68.37075161772154,68.37217364371688,68.36523799821836,10.004363289934112,70.48978207904858,61.34829037985735,0.0,0.0,145.37709322280884,1.0,0.0,0.0,85.05366550366489,1.0,0.0,0.0,1
249,2025-01-20 20:05:47.803408,10.004363341800753,10.053290379857353,70.48978233335855,69.23881973654899,68.37075161772285,68.37217364371818,68.36523799821968,10.004363315698951,70.48978207904858,61.34829037985735,0.0,0.0,145.37709322280884,1.0,0.0,0.0,85.05366550366489,1.0,0.0,0.0,1
250,2025-01-20 20:05:53.769277,10.004363367230008,10.053290379857353,70.48978233335853,69.23881973654902,68.37075161772296,68.37217364371827,68.3652379982198,10.004363341801099,70.48978207904857,61.34829037985735,0.0,0.0,145.37709322280955,1.0,0.0,0.0,85.05366550366489,1.0,0.0,0.0,1
251,2025-01-20 20:05:59.772328,10.004363392994778,10.053290379857353,70.48978233335855,69.23881973654807,68.37075161772087,68.37217364371624,68.36523799821771,10.004363367230363,70.48978207904858,61.34829037985735,0.0,0.0,145.3770932228081,1.0,0.0,0.0,85.05366550366489,1.0,0.0,0.0,1
252,2025-01-20 20:06:05.601230,10.00436341841841,10.053290379857353,70.48978233335855,69.23881973654824,68.37075161772124,68.37217364371656,68.36523799821809,10.004363392995124,70.48978207904858,61.34829037985735,0.0,0.0,145.37709322280884,1.0,0.0,0.0,85.05366550366489,1.0,0.0,0.0,1
253,2025-01-20 20:06:11.832593,10.004363447709949,10.05329041088873,70.92030544769368,70.00672348598843,69.37277261324928,69.37381105454094,69.36874600803314,10.00436341841886,70.9203052330784,61.34829037985736,0.0,0.0,122.68555597242127,1.0,0.0,0.0,71.77782453823056,1.0,0.0,0.0,1
254,2025-01-20 20:06:17.688711,10.004363476696447,10.053290472951467,70.92030544769378,70.00672348598536,69.37277261324263,69.37381105453446,69.36874600802645,10.004363447710391,70.92030523307851,61.348290410888744,0.0,0.0,122.68555597241547,1.0,0.0,0.0,71.77782453823056,1.0,0.0,0.0,1
255,2025-01-20 20:06:23.767346,10.00436350537471,10.053290472951467,70.92030544769374,70.00672348598762,69.37277261324746,69.37381105453915,69.36874600803132,10.00436347669688,70.92030523307847,61.34829047295147,0.0,0.0,122.68555597241837,1.0,0.0,0.0,71.77782453823056,1.0,0.0,0.0,1
256,2025-01-20 20:06:29.866787,10.004363534670919,10.05329053501422,70.92030544769379,70.0067234859852,69.37277261324228,69.37381105453409,69.36874600802611,10.004363505375162,70.92030523307852,61.34829047295148,0.0,0.0,122.68555597241475,1.0,0.0,0.0,71.77782453823056,1.0,0.0,0.0,1
257,2025-01-20 20:06:31.729122,10.004363315088646,10.053290286763232,-1.3902173066071555e-09,-1.7804328081183485e-09,1.0669922971828783e-10,8.155223952144297e-10,1.0686815699045839e-10,10.004363534652128,-1.3476173137405568e-09,61.34829053501415,0.0,0.0,0.0,0.0,0.0,0.0,-0.014247517299281753,1.0,0.0,0.0,0
258,2025-01-20 20:06:36.416245,10.00436309545172,10.05329006954362,-8.206465224702697e-10,-1.0867069761388847e-09,1.1970013247264434e-10,7.11879016535022e-10,1.198517338707461e-10,10.004363315069849,-8.479391055971064e-10,61.348290286763174,0.0,0.0,0.0,0.0,0.0,0.0,0.009127972191436129,1.0,0.0,0.0,0
259,2025-01-20 20:06:41.668839,10.004362875814811,10.053289821292632,-8.780189887147571e-10,-1.1483914192922385e-09,1.1956802268286992e-10,7.144887263166311e-10,1.197217898152303e-10,10.004363095432922,-9.063446270829445e-10,61.34829006954355,0.0,0.0,0.0,0.0,0.0,0.0,0.009473476296761874,1.0,0.0,0.0,0
260,2025-01-20 20:06:46.987909,10.00436265628709,10.05328960407302,-8.346350000465464e-10,-1.104565620835274e-09,1.1832489121843537e-10,7.132304347123864e-10,1.1847649261653716e-10,10.00436287579603,-8.622979237316031e-10,61.34828982129257,0.0,0.0,0.0,0.0,0.0,0.0,0.009251832153722717,1.0,0.0,0.0,0
261,2025-01-20 20:06:52.152543,10.00436243665019,10.053289386853407,-8.371429203180015e-10,-1.1052694844693179e-09,1.1924749401259761e-10,7.132087773698004e-10,1.193947639421822e-10,10.004362656268292,-8.647711922549206e-10,61.34828960407296,0.0,0.0,0.0,0.0,0.0,0.0,0.009240242917485375,1.0,0.0,0.0,0
262,2025-01-20 20:06:57.431326,10.004362217013265,10.053289169633796,-8.182014084923139e-10,-1.1019624082564406e-09,1.1989071708740084e-10,7.153420256145182e-10,1.2004015275124403e-10,10.004362436631391,-8.461805293791258e-10,61.348289386853345,0.0,0.0,0.0,0.0,0.0,0.0,0.009357583934388458,1.0,0.0,0.0,0
263,2025-01-20 20:07:02.589418,10.004361997321709,10.053288921382808,-8.401662853430025e-10,-1.1152578508699662e-09,1.2007263876512298e-10,7.162646284086805e-10,1.2022424016322475e-10,10.004362216994457,-8.681497376983316e-10,61.34828916963372,0.0,0.0,0.0,0.0,0.0,0.0,0.009359032588918126,1.0,0.0,0.0,0
264,2025-01-20 20:07:07.940486,10.004361777739472,10.053288704163196,-7.826660407772579e-10,-1.05859357972804e-09,1.2088262337783819e-10,7.138476689760865e-10,1.2103205904168135e-10,10.004361997302919,-8.0981135397451e-10,61.348288921382746,0.0,0.0,0.0,0.0,0.0,0.0,0.009078717937427427,1.0,0.0,0.0,0
265,2025-01-20 20:07:13.263112,10.004361557993228,10.053288455912208,-1.0842012216016883e-09,-1.480842456658138e-09,7.570324100925063e-11,4.89856603280714e-10,7.58591738758696e-11,10.004361777720657,-1.1171247138008768e-09,61.348288704163124,0.0,0.0,0.0,0.0,0.0,0.0,0.011011223080004129,1.0,0.0,0.0,0
266,2025-01-20 20:07:18.391906,10.004361338410991,10.053288238692597,-1.0725972174441267e-09,-1.4654159315341532e-09,7.46463626910554e-11,4.892783522336686e-10,7.480012982341577e-11,10.004361557974438,-1.1051893523017498e-09,61.34828845591215,0.0,0.0,0.0,0.0,0.0,0.0,0.01090040100848455,1.0,0.0,0.0,0
267,2025-01-20 20:07:23.570253,10.00436111882865,10.053288021472984,-1.0100269889790072e-09,-1.4256205645324372e-09,7.516180744460144e-11,4.903958711111046e-10,7.53177403112204e-11,10.0043613383922,-1.0425931350255268e-09,61.34828823869253,0.0,0.0,0.0,0.0,0.0,0.0,0.010891709081306544,1.0,0.0,0.0,0
268,2025-01-20 20:07:28.861778,10.004360899246404,10.053287804253372,-1.1065407704791143e-09,-1.503439727912337e-09,7.30307249341422e-11,4.895923837011651e-10,7.318882353501977e-11,10.004361118809861,-1.139799951488385e-09,61.348288021472925,0.0,0.0,0.0,0.0,0.0,0.0,0.011123493806053375,1.0,0.0,0.0,0
269,2025-01-20 20:07:33.938373,10.004360679609496,10.053287556002394,-1.1678960220251612e-09,-1.5321140494961583e-09,7.260840675371583e-11,4.874223179740511e-10,7.27665053545934e-11,10.004360899227606,-1.2007610393993674e-09,61.3482878042533,0.0,0.0,0.0,0.0,0.0,0.0,0.010991666243853615,1.0,0.0,0.0,0
270,2025-01-20 20:07:39.097462,10.004360459972569,10.053287307751404,-1.1864412044815254e-09,-1.5989096254998004e-09,7.262140115926741e-11,4.910889060738555e-10,7.277733402588638e-11,10.004360679590697,-1.2215260994707932e-09,61.348287556002326,0.0,0.0,0.0,0.0,0.0,0.0,0.011734101690308307,1.0,0.0,0.0,0
271,2025-01-20 20:07:44.173499,10.004360240390271,10.053287090531793,-1.171651405229568e-09,-1.5494680781102945e-09,7.034304871922359e-11,4.884250529357815e-10,7.050114732010116e-11,10.004360459953778,-1.2051163309934055e-09,61.34828730775134,0.0,0.0,0.0,0.0,0.0,0.0,0.01119230489621259,1.0,0.0,0.0,0
272,2025-01-20 20:07:49.429081,10.004360020862672,10.053286873312173,-1.0640035839060148e-09,-1.4530755777286686e-09,7.31650004581752e-11,4.88884188598604e-10,7.331660185627698e-11,10.00436024037149,-1.0963163390442789e-09,61.348287090531734,0.0,0.0,0.0,0.0,0.0,0.0,0.010806962791320984,1.0,0.0,0.0,0
273,2025-01-20 20:07:54.733525,10.004359801116488,10.053286656092562,-1.1501976416639082e-09,-1.555469327740866e-09,7.254776619447513e-11,4.898631004834897e-10,7.270803052961128e-11,10.004360020843855,-1.1844379002923234e-09,61.34828687331211,0.0,0.0,0.0,0.0,0.0,0.0,0.011451614057023107,1.0,0.0,0.0,0
274,2025-01-20 20:07:59.848538,10.004359581588819,10.053286438872949,-1.1259392522333656e-09,-1.5230937663091027e-09,7.14843906735041e-11,4.884055613274541e-10,7.164465500864027e-11,10.004359801097706,-1.1594778129619954e-09,61.3482866560925,0.0,0.0,0.0,0.0,0.0,0.0,0.011216932023216941,1.0,0.0,0.0,0
275,2025-01-20 20:08:05.107252,10.004359362170518,10.05328619062197,-1.1028330334283965e-09,-1.5365299816494372e-09,7.469400884474453e-11,4.917689466310549e-10,7.48521074456221e-11,10.004359581570055,-1.1375107703770482e-09,61.34828643887288,0.0,0.0,0.0,0.0,0.0,0.0,0.011597928164519544,1.0,0.0,0.0,0
276,2025-01-20 20:08:10.277468,10.004359142533618,10.05328594237098,-1.1833593646315422e-09,-1.5816898724096973e-09,7.329494451369101e-11,4.896551899946644e-10,7.345520884882718e-11,10.004359362151721,-1.2178205281543342e-09,61.3482861906219,0.0,0.0,0.0,0.0,0.0,0.0,0.01152549543803616,1.0,0.0,0.0,0
277,2025-01-20 20:08:15.568761,10.00435892289671,10.053285756182746,-1.1617063535140915e-09,-1.5797385458427016e-09,7.267121304721514e-11,4.825645760320185e-10,7.28314773823513e-11,10.00435914251482,-1.196514034518259e-09,61.34828594237093,0.0,0.0,0.0,0.0,0.0,0.0,0.011641387800409575,1.0,0.0,0.0,0
278,2025-01-20 20:08:20.587302,10.004358703314464,10.053285507931758,-1.1707482940437332e-09,-1.5837473199553644e-09,7.2097293468687e-11,4.825147641440708e-10,7.225539206956455e-11,10.00435892287792,-1.205488837285884e-09,61.348285756182676,0.0,0.0,0.0,0.0,0.0,0.0,0.011618933655199726,1.0,0.0,0.0,0
279,2025-01-20 20:08:25.723466,10.004358483732192,10.053285290712147,-1.1318170550111973e-09,-1.5411971389767132e-09,7.37757375190995e-11,4.829132592476526e-10,7.393167038571846e-11,10.004358703295674,-1.1658429059480114e-09,61.3482855079317,0.0,0.0,0.0,0.0,0.0,0.0,0.011379905657804557,1.0,0.0,0.0,0
280,2025-01-20 20:08:30.940212,10.004358264204523,10.053285042461157,-1.1359189556969796e-09,-1.5367812068234345e-09,7.090397389220016e-11,4.812608040083433e-10,7.106207249307773e-11,10.00435848371341,-1.1696459353061073e-09,61.34828529071208,0.0,0.0,0.0,0.0,0.0,0.0,0.011279948495257486,1.0,0.0,0.0,0
281,2025-01-20 20:08:36.016344,10.004358044403434,10.053284825241546,-1.1421779277043244e-09,-1.5459747487511778e-09,7.221424311865122e-11,4.822093956136087e-10,7.237017598527018e-11,10.004358264185699,-1.1761279779420876e-09,61.3482850424611,0.0,0.0,0.0,0.0,0.0,0.0,0.011354554203535372,1.0,0.0,0.0,0
282,2025-01-20 20:08:41.291073,10.00435782498523,10.053284608021935,-1.1709432101270069e-09,-1.5922781471999771e-09,7.227055220937474e-11,4.833832235817682e-10,7.243081654451089e-11,10.00435804438467,-1.2060281051162747e-09,61.348284825241485,0.0,0.0,0.0,0.0,0.0,0.0,0.011734101690308307,1.0,0.0,0.0,0
283,2025-01-20 20:08:46.598322,10.0043576055123,10.053284390802322,-1.2069030617567478e-09,-1.5945868199196411e-09,7.189804591689609e-11,4.805374487659719e-10,7.205397878351505e-11,10.004357824966457,-1.2411628119934904e-09,61.34828460802187,0.0,0.0,0.0,0.0,0.0,0.0,0.011458133002406612,1.0,0.0,0.0,0
284,2025-01-20 20:08:51.608945,10.004357385930055,10.053284142551334,-1.1200008088962933e-09,-1.5241376502217464e-09,7.159917458920972e-11,4.811936662463267e-10,7.17572731900873e-11,10.004357605493512,-1.1536173360582324e-09,61.348284390802256,0.0,0.0,0.0,0.0,0.0,0.0,0.01124300780475096,1.0,0.0,0.0,0
285,2025-01-20 20:08:56.826332,10.00435716623851,10.053283925331723,-1.0691038880850102e-09,-1.4717680301146175e-09,7.284880325642007e-11,4.819516732368357e-10,7.300690185729764e-11,10.004357385911248,-1.10191692783701e-09,61.34828414255127,0.0,0.0,0.0,0.0,0.0,0.0,0.010974282389497603,1.0,0.0,0.0,0
286,2025-01-20 20:09:02.079115,10.004356946765554,10.053283708112112,-1.1495522528548463e-09,-1.5410650291869389e-09,7.282498017957551e-11,4.809316124010365e-10,7.298091304619448e-11,10.004357166219737,-1.183112470926062e-09,61.348283925331664,0.0,0.0,0.0,0.0,0.0,0.0,0.01122417529586528,1.0,0.0,0.0,0
287,2025-01-20 20:09:07.072989,10.004356727074,10.053283490892499,-1.0733184069522395e-09,-1.4801515874296456e-09,7.27665053545934e-11,4.811655117009651e-10,7.292243822121236e-11,10.004356946746748,-1.1063458543958406e-09,61.34828370811205,0.0,0.0,0.0,0.0,0.0,0.0,0.011045990788716153,1.0,0.0,0.0,0
288,2025-01-20 20:09:12.340446,10.004356507382429,10.05328324264151,-1.0860052782390995e-09,-1.4939689719994932e-09,7.372592563115178e-11,4.815141949165991e-10,7.388185849777074e-11,10.004356727055193,-1.1192709564511461e-09,61.34828349089243,0.0,0.0,0.0,0.0,0.0,0.0,0.011125666787847877,1.0,0.0,0.0,0
289,2025-01-20 20:09:17.624020,10.004356287690873,10.0532830254219,-1.0292717036008982e-09,-1.359002578738e-09,8.755413887229225e-11,5.555324946726615e-10,8.771007173891121e-11,10.004356507363621,-1.059758744759165e-09,61.34828324264145,0.0,0.0,0.0,0.0,0.0,0.0,0.010196354907066052,1.0,0.0,0.0,0
290,2025-01-20 20:09:22.654238,10.00435606810861,10.05328277717091,-1.0629250482452336e-09,-1.4198943631527072e-09,8.756496754358523e-11,5.568730841787329e-10,8.77209004102042e-11,10.004356287672083,-1.0949822467409832e-09,61.34828302542183,0.0,0.0,0.0,0.0,0.0,0.0,0.01072149217407059,1.0,0.0,0.0,0
291,2025-01-20 20:09:27.988053,10.004355848581001,10.053282559951299,-1.0245698945254845e-09,-1.4105903687777755e-09,8.666402209200896e-11,5.601823261258687e-10,8.681778922436934e-11,10.004356068089828,-1.0572356643478998e-09,61.34828277717085,0.0,0.0,0.0,0.0,0.0,0.0,0.010925028135488901,1.0,0.0,0.0,0
292,2025-01-20 20:09:33.144947,10.004355628998617,10.053282342731688,-1.0416597035600716e-09,-1.3871246380858793e-09,8.725526754460589e-11,5.557252450216766e-10,8.741120041122486e-11,10.004355848562211,-1.072939403456985e-09,61.34828255995124,0.0,0.0,0.0,0.0,0.0,0.0,0.01046145868599524,1.0,0.0,0.0,0
293,2025-01-20 20:09:38.336412,10.004355409416345,10.053282125512075,-1.0754126719803027e-09,-1.449393829489054e-09,8.78595074027544e-11,5.580057631959789e-10,8.801544026937336e-11,10.004355628979827,-1.1083339984452324e-09,61.34828234273163,0.0,0.0,0.0,0.0,0.0,0.0,0.011010498752739295,1.0,0.0,0.0,0
294,2025-01-20 20:09:43.784033,10.004355189834099,10.053281877261087,-1.034036318969811e-09,-1.4053059771867993e-09,8.709283747521114e-11,5.578714876719459e-10,8.725093607608869e-11,10.004355409397556,-1.0662386216608865e-09,61.34828212551201,0.0,0.0,0.0,0.0,0.0,0.0,0.010770022100814458,1.0,0.0,0.0,0
295,2025-01-20 20:09:48.999933,10.004354970251844,10.053281660041476,-9.412151143806113e-10,-1.2831693936732336e-09,8.863050879881485e-11,5.551188394292694e-10,8.878644166543381e-11,10.00435518981531,-9.70877010786353e-10,61.34828187726102,0.0,0.0,0.0,0.0,0.0,0.0,0.009920386219164357,1.0,0.0,0.0,0
296,2025-01-20 20:09:54.215478,10.004354750560152,10.053281442821865,-9.899311407934875e-10,-1.3376960851019249e-09,8.7995948661046e-11,5.567128198435967e-10,8.815188152766496e-11,10.004354970233038,-1.020554623210046e-09,61.348281660041415,0.0,0.0,0.0,0.0,0.0,0.0,0.010241987524750584,1.0,0.0,0.0,0
297,2025-01-20 20:09:59.592868,10.004354530813968,10.053281225602252,-1.0204766567767365e-09,-1.3628792430608883e-09,8.56959388784162e-11,5.558075429235033e-10,8.585187174503517e-11,10.004354750541337,-1.0513275412904478e-09,61.3482814428218,0.0,0.0,0.0,0.0,0.0,0.0,0.010318041887558138,1.0,0.0,0.0,0
298,2025-01-20 20:10:04.916663,10.00435431106769,10.053280977351264,-1.1069890774706438e-09,-1.4573247483440354e-09,8.473002139908204e-11,5.562406897752226e-10,8.488378853144241e-11,10.004354530795153,-1.139429610930165e-09,61.348281225602186,0.0,0.0,0.0,0.0,0.0,0.0,0.010849698099946181,1.0,0.0,0.0,0
299,2025-01-20 20:10:10.391873,10.004354091594745,10.053280760131653,-9.903361330998451e-10,-1.3603063507616753e-09,8.473651860185783e-11,5.57715554805327e-10,8.48902857342182e-11,10.004354311048917,-1.021838903625394e-09,61.3482809773512,0.0,0.0,0.0,0.0,0.0,0.0,0.010536064394273126,1.0,0.0,0.0,0
300,2025-01-20 20:10:15.442789,10.00435387212179,10.053280511880663,-1.1202888515526866e-09,-1.4953312188481505e-09,8.511335636285367e-11,5.591774254298798e-10,8.526928922947264e-11,10.004354091575973,-1.1539356989942463e-09,61.34828076013158,0.0,0.0,0.0,0.0,0.0,0.0,0.011253148386458633,1.0,0.0,0.0,0
301,2025-01-20 20:10:20.550807,10.004353652648845,10.053280263629684,-1.429048921863796e-09,-1.941602420174604e-09,3.5711225336854117e-10,1.364562018579818e-09,3.5720104847314364e-10,10.004353872103017,-1.4652794902758616e-09,61.348280511880596,0.0,0.0,0.0,0.0,0.0,0.0,0.012117270813405412,1.0,0.0,0.0,0
302,2025-01-20 20:10:25.660827,10.004353432957203,10.053279984347318,-1.4110300128322706e-09,-1.918409571999291e-09,3.7437532114381614e-10,1.38267838565298e-09,3.744597847799014e-10,10.004353652630037,-1.4471198085175276e-09,61.348280263629604,0.0,0.0,0.0,0.0,0.0,0.0,0.012070189541191212,1.0,0.0,0.0,0
303,2025-01-20 20:10:30.952195,10.004353213429603,10.053279767127707,-1.313095509658524e-09,-1.8221989932953875e-09,3.8607245187449735e-10,1.3668836857050339e-09,3.8615908124484124e-10,10.004353432938423,-1.3480656207320863e-09,61.34827998434726,0.0,0.0,0.0,0.0,0.0,0.0,0.011695712345272113,1.0,0.0,0.0,0
304,2025-01-20 20:10:36.299793,10.00435299373791,10.053279549908096,-1.4525449728353123e-09,-1.972154433360629e-09,3.557586694569182e-10,1.3832782940426114e-09,3.55845298827262e-10,10.004353213410797,-1.4894036041823711e-09,61.34827976712764,0.0,0.0,0.0,0.0,0.0,0.0,0.012327325720207227,1.0,0.0,0.0,0
305,2025-01-20 20:10:41.839466,10.00435277421031,10.053279332688483,-1.3751892765867525e-09,-1.9106735692275833e-09,3.7274452324709276e-10,1.3116163131599025e-09,3.7283331835169523e-10,10.00435299371913,-1.4109390519934095e-09,61.348279549908035,0.0,0.0,0.0,0.0,0.0,0.0,0.011956470160612298,1.0,0.0,0.0,0
306,2025-01-20 20:10:46.751182,10.004352554682727,10.053279115468872,-1.4130354827557314e-09,-1.957659173967841e-09,3.766709994579287e-10,1.3738205325353193e-09,3.767576288282726e-10,10.00435277419153,-1.4500652071092191e-09,61.34827933268842,0.0,0.0,0.0,0.0,0.0,0.0,0.012384547574129101,1.0,0.0,0.0,0
307,2025-01-20 20:10:51.985051,10.004352335209783,10.053278867217893,-1.3587946682491748e-09,-1.8567684435311094e-09,3.611838337747031e-10,1.3783079339191318e-09,3.61270463145047e-10,10.004352554663955,-1.394050656244872e-09,61.3482791154688,0.0,0.0,0.0,0.0,0.0,0.0,0.011791323544230181,1.0,0.0,0.0,0
308,2025-01-20 20:10:57.275261,10.004352115627528,10.053278618966903,-1.3814265912515112e-09,-1.876810148360164e-09,3.8212215258681684e-10,1.3910554457652325e-09,3.822109476914193e-10,10.004352335190992,-1.4169749533721189e-09,61.34827886721782,0.0,0.0,0.0,0.0,0.0,0.0,0.01188910772498275,1.0,0.0,0.0,0
309,2025-01-20 20:11:02.515996,10.004351895935972,10.053278401747283,-1.3657466752192704e-09,-1.8503405442515942e-09,3.71351956118815e-10,1.3015954607453751e-09,3.7143641975490027e-10,10.00435211560872,-1.399926293288445e-09,61.348278618966845,0.0,0.0,0.0,0.0,0.0,0.0,0.01143133289360776,1.0,0.0,0.0,0
310,2025-01-20 20:11:07.625919,10.004351676244427,10.053278184527672,-1.3622295227833092e-09,-1.8669084113298598e-09,3.8392620922422795e-10,1.3922119478593233e-09,3.840106728603132e-10,10.004351895917166,-1.397847188400192e-09,61.34827840174722,0.0,0.0,0.0,0.0,0.0,0.0,0.011912286197457433,1.0,0.0,0.0,0
311,2025-01-20 20:11:12.655482,10.004351456607518,10.05327796730806,-1.455377753245557e-09,-2.004339410177636e-09,3.743861498151091e-10,1.314416607556268e-09,3.744749449197116e-10,10.004351676225628,-1.4923468370398042e-09,61.34827818452761,0.0,0.0,0.0,0.0,0.0,0.0,0.012364266410713753,1.0,0.0,0.0,0
312,2025-01-20 20:11:17.663019,10.004351236861282,10.053277750088448,-1.5296191236302547e-09,-2.0710028763915036e-09,3.6407508900992984e-10,1.3720251388349425e-09,3.641660498487909e-10,10.0043514565887,-1.5677512067213684e-09,61.348277967308,0.0,0.0,0.0,0.0,0.0,0.0,0.012753230151929529,1.0,0.0,0.0,0
313,2025-01-20 20:11:22.710225,10.004351017224373,10.053277501837469,-1.2429170567429538e-09,-1.6653608497563256e-09,5.929780400037999e-11,4.0871736928238533e-10,5.945806833551614e-11,10.004351236842483,-1.2780041174664803e-09,61.34827775008838,0.0,0.0,0.0,0.0,0.0,0.0,0.011734826017573141,1.0,0.0,0.0,0
314,2025-01-20 20:11:27.958355,10.004350797423466,10.05327725358648,-1.1884856576216407e-09,-1.6842936986449786e-09,5.937577043368947e-11,4.1202011402674543e-10,5.953386903456704e-11,10.004351017205549,-1.225701635121368e-09,61.3482775018374,0.0,0.0,0.0,0.0,0.0,0.0,0.012446839718904812,1.0,0.0,0.0,0
315,2025-01-20 20:11:33.109947,10.00435057773192,10.053277036366868,-1.290918390850493e-09,-1.764607787890782e-09,5.879535365238553e-11,4.11786214726817e-10,5.89534522532631e-11,10.004350797404658,-1.328805745970385e-09,61.34827725358642,0.0,0.0,0.0,0.0,0.0,0.0,0.012671381171003304,1.0,0.0,0.0,0
316,2025-01-20 20:11:38.607613,10.00435035814965,10.053276819147257,-1.3060330502412398e-09,-1.7616948753129692e-09,5.7660508900880816e-11,4.107813140308281e-10,5.7820773236016976e-11,10.004350577713131,-1.343415789278879e-09,61.34827703636681,0.0,0.0,0.0,0.0,0.0,0.0,0.012502612918297018,1.0,0.0,0.0,0
317,2025-01-20 20:11:43.658453,10.00435013834869,10.053276601927637,-1.2400171385706926e-09,-1.7257675096971071e-09,6.045430609447067e-11,4.111126713723934e-10,6.061240469534824e-11,10.004350358130823,-1.2775991251601227e-09,61.348276819147195,0.0,0.0,0.0,0.0,0.0,0.0,0.012569251026661732,1.0,0.0,0.0,0
318,2025-01-20 20:11:48.884783,10.004349918711773,10.053276384708024,-1.2549000643957699e-09,-1.734458601276856e-09,5.872171868759324e-11,4.1195081053047036e-10,5.887981728847081e-11,10.00435013832989,-1.2924777195166826e-09,61.34827660192757,0.0,0.0,0.0,0.0,0.0,0.0,0.012567802372132064,1.0,0.0,0.0,0
319,2025-01-20 20:11:53.906043,10.004349699184163,10.053276136457045,-1.2866475628925402e-09,-1.7175290565774049e-09,6.001466203997552e-11,4.093865811682918e-10,6.017276064085309e-11,10.004349918692991,-1.3227330271092797e-09,61.34827638470796,0.0,0.0,0.0,0.0,0.0,0.0,0.012068740886661544,1.0,0.0,0.0,0
320,2025-01-20 20:11:59.399718,10.004349479765873,10.053275919237434,-1.206515395324459e-09,-1.665003503603657e-09,6.056259280740051e-11,4.1068602172344984e-10,6.071852567401948e-11,10.004349699165399,-1.2425055672338203e-09,61.34827613645698,0.0,0.0,0.0,0.0,0.0,0.0,0.012036870487008855,1.0,0.0,0.0,0
321,2025-01-20 20:12:04.572399,10.004349260128963,10.053275702017821,-1.262311207028688e-09,-1.7375556012666495e-09,6.011428581587097e-11,4.1088960074375794e-10,6.027238441674854e-11,10.004349479747074,-1.2998087299820328e-09,61.34827591923737,0.0,0.0,0.0,0.0,0.0,0.0,0.012541002263333212,1.0,0.0,0.0,0
322,2025-01-20 20:12:09.717026,10.004349040328012,10.053275453766833,-1.2400994364725194e-09,-1.7265190194848401e-09,6.091127602303459e-11,4.115046692731994e-10,6.106937462391216e-11,10.00434926011014,-1.277716074810087e-09,61.34827570201775,0.0,0.0,0.0,0.0,0.0,0.0,0.012580840262899073,1.0,0.0,0.0,0
323,2025-01-20 20:12:14.895541,10.004348820581821,10.053275236547222,-1.2405109259816528e-09,-1.7170439321034792e-09,6.081814944991494e-11,4.114007140287868e-10,6.097841378505109e-11,10.004349040309197,-1.2777398978869315e-09,61.348275453766774,0.0,0.0,0.0,0.0,0.0,0.0,0.012451185682493815,1.0,0.0,0.0,0
324,2025-01-20 20:12:20.149408,10.004348600944912,10.053274988296232,-1.279574274803963e-09,-1.732927427156028e-09,5.966597882434144e-11,4.102745322143164e-10,5.982191169096041e-11,10.004348820563022,-1.3164567292278663e-09,61.34827523654715,0.0,0.0,0.0,0.0,0.0,0.0,0.0123352933201204,1.0,0.0,0.0,0
325,2025-01-20 20:12:25.366982,10.004348381198634,10.053274771076621,-2.089610865141367e-09,-2.931033276354356e-09,2.0329530912022167e-10,8.731049376820011e-10,2.0338626995908272e-10,10.004348600926097,-2.136700425126037e-09,61.348274988296176,0.0,0.0,0.0,0.0,0.0,0.0,0.015749047719282316,1.0,0.0,0.0,0
326,2025-01-20 20:12:30.515547,10.004348161725687,10.05327455385701,-2.1881626025788138e-09,-3.002985465627717e-09,2.0309173009991357e-10,8.84583329252564e-10,2.0318702240729182e-10,10.004348381179861,-2.235680977946686e-09,61.34827477107656,0.0,0.0,0.0,0.0,0.0,0.0,0.015892464517719418,1.0,0.0,0.0,0
327,2025-01-20 20:12:35.652566,10.004347942088762,10.053274336637397,-2.1003247525186453e-09,-2.9322482532734287e-09,2.0634033148780872e-10,8.527903503363632e-10,2.064291265924112e-10,10.00434816170689,-2.1470418062108366e-09,61.348274553856946,0.0,0.0,0.0,0.0,0.0,0.0,0.015624463429730895,1.0,0.0,0.0,0
328,2025-01-20 20:12:40.778073,10.004347722397215,10.05327408838641,-2.112394389541805e-09,-2.940911190307816e-09,2.0673882659139054e-10,8.866494397352654e-10,2.06827621695993e-10,10.004347942069954,-2.1595077726033197e-09,61.34827433663733,0.0,0.0,0.0,0.0,0.0,0.0,0.01575701531919549,1.0,0.0,0.0,0
329,2025-01-20 20:12:45.833179,10.004347502814875,10.053273871166798,-2.1081343902551453e-09,-2.930431202230466e-09,2.0518382939371806e-10,8.519240566329245e-10,2.0527695596683772e-10,10.004347722378427,-2.154654362129804e-09,61.34827408838635,0.0,0.0,0.0,0.0,0.0,0.0,0.015558549648631015,1.0,0.0,0.0,0
330,2025-01-20 20:12:51.015910,10.004347283177966,10.053273653947187,-2.2435425933053923e-09,-3.146636453266183e-09,2.0020264059894544e-10,8.312867748827558e-10,2.002957671720651e-10,10.004347502796076,-2.2935797176160124e-09,61.34827387116674,0.0,0.0,0.0,0.0,0.0,0.0,0.01673485712672118,1.0,0.0,0.0,0
331,2025-01-20 20:12:56.247644,10.004347063595711,10.053273436727574,-2.113031115413833e-09,-2.9139023183688553e-09,2.0855804336861183e-10,8.843450984841184e-10,2.086533356759901e-10,10.004347283159175,-2.159349674002442e-09,61.348273653947125,0.0,0.0,0.0,0.0,0.0,0.0,0.015491187213001467,1.0,0.0,0.0,0
332,2025-01-20 20:13:01.346396,10.00434684395881,10.053273188476586,-2.1165417706470182e-09,-2.9966593558583554e-09,2.027408811500209e-10,8.309554175411905e-10,2.0282534478610614e-10,10.004347063576912,-2.1645582648943672e-09,61.3482734367275,0.0,0.0,0.0,0.0,0.0,0.0,0.016059059788631203,1.0,0.0,0.0,0
333,2025-01-20 20:13:06.525853,10.004346624485866,10.053272971256975,-2.1973972934574706e-09,-3.0556886088106694e-09,1.9715328676284117e-10,8.73159081038466e-10,1.9724641333596084e-10,10.004346843940038,-2.246117651338864e-09,61.348273188476526,0.0,0.0,0.0,0.0,0.0,0.0,0.016294466149702203,1.0,0.0,0.0,0
334,2025-01-20 20:13:11.658159,10.00434640495829,10.053272723005986,-2.1073395657822402e-09,-2.9528465518069425e-09,1.9496156369314124e-10,8.53076227258498e-10,1.950525245320023e-10,10.004346624467084,-2.154515755137254e-09,61.348272971256904,0.0,0.0,0.0,0.0,0.0,0.0,0.01577802080987567,1.0,0.0,0.0,0
335,2025-01-20 20:13:16.858614,10.004346185430691,10.053272474755007,-2.159440634841303e-09,-3.0419491906741317e-09,2.0935070210725827e-10,8.761044796301576e-10,2.0944382868037794e-10,10.00434640493951,-2.2084728584559345e-09,61.34827272300592,0.0,0.0,0.0,0.0,0.0,0.0,0.016398769275838276,1.0,0.0,0.0,0
336,2025-01-20 20:13:21.916228,10.00434596595779,10.05327219547265,-2.239492670241816e-09,-3.0846184870370053e-09,2.011100832532975e-10,8.523550377503853e-10,2.0120320982641715e-10,10.004346185411919,-2.2880744211306593e-09,61.34827247475493,0.0,0.0,0.0,0.0,0.0,0.0,0.016248109204752836,1.0,0.0,0.0,0
337,2025-01-20 20:13:27.239456,10.004345746211605,10.05327197825303,-8.594846349296859e-10,-1.1516032031977376e-09,1.1346931501066138e-10,6.866785327019898e-10,1.1362091640876315e-10,10.004345965938974,-8.879662061644922e-10,61.34827219547259,0.0,0.0,0.0,0.0,0.0,0.0,0.00952562785982991,1.0,0.0,0.0,0
338,2025-01-20 20:13:32.344391,10.004345526738687,10.053271761033418,-7.684306694955013e-10,-1.0210029302015756e-09,1.1303400242468342e-10,6.800080711855117e-10,1.13181272354268e-10,10.004345746192833,-7.940036596210121e-10,61.34827197825297,0.0,0.0,0.0,0.0,0.0,0.0,0.008552856343158055,1.0,0.0,0.0,0
339,2025-01-20 20:13:37.817428,10.004345307211086,10.053271543813805,-8.844252306516865e-10,-1.188689236641949e-09,1.1445688983258151e-10,6.907262900313072e-10,1.1461065696494189e-10,10.004345526719906,-9.137969186667761e-10,61.34827176103336,0.0,0.0,0.0,0.0,0.0,0.0,0.009823326365676621,1.0,0.0,0.0,0
340,2025-01-20 20:13:43.159748,10.004345087519532,10.053271326594194,-7.913484694199724e-10,-1.0780353761674634e-09,1.1486404787319771e-10,6.865724117233185e-10,1.1501348353704089e-10,10.00434530719228,-8.186345553440333e-10,61.348271543813745,0.0,0.0,0.0,0.0,0.0,0.0,0.009125799209641627,1.0,0.0,0.0,0
341,2025-01-20 20:13:48.241575,10.004344867773261,10.053271078343206,-8.533209552297195e-10,-1.1490043220874214e-09,1.1428363109189377e-10,6.876791019294615e-10,1.1443306675573696e-10,10.004345087500715,-8.81865332758025e-10,61.34827132659412,0.0,0.0,0.0,0.0,0.0,0.0,0.009546633350510092,1.0,0.0,0.0,0
342,2025-01-20 20:13:53.290374,10.004344648026871,10.053270861123593,-8.372555384994485e-10,-1.0963921397433296e-09,1.1303400242468342e-10,6.808960222315364e-10,1.1318560382278521e-10,10.004344867754446,-8.640781572921697e-10,61.348271078343146,0.0,0.0,0.0,0.0,0.0,0.0,0.008970793174967184,1.0,0.0,0.0,0
343,2025-01-20 20:13:58.581627,10.004344428280678,10.053270612872614,-8.354406531907444e-10,-1.1226083529436438e-09,1.1739579122149734e-10,6.863081921437698e-10,1.1754739261959914e-10,10.004344648008054,-8.633764593923844e-10,61.348270861123524,0.0,0.0,0.0,0.0,0.0,0.0,0.009343097389091781,1.0,0.0,0.0,0
344,2025-01-20 20:14:03.692904,10.0043442085344,10.053270364621627,-8.252335476299778e-10,-1.1393797990422173e-09,1.1340434298290348e-10,6.889395592679648e-10,1.1355594438100525e-10,10.004344428261863,-8.540919566257799e-10,61.34827061287255,0.0,0.0,0.0,0.0,0.0,0.0,0.009651660803911,1.0,0.0,0.0,0
345,2025-01-20 20:14:08.738820,10.004343989006818,10.053270178433383,-8.832427397464927e-10,-1.15743335982188e-09,1.1086610243182805e-10,6.840731543888979e-10,1.1101770382992982e-10,10.004344208515619,-9.113474732203031e-10,61.34827036462158,0.0,0.0,0.0,0.0,0.0,0.0,0.009399594915748821,1.0,0.0,0.0,0
346,2025-01-20 20:14:13.652637,10.004343769315245,10.05326996121377,-8.353865098342794e-10,-1.145708074545837e-09,1.1698213597810537e-10,6.896282627621986e-10,1.1713373737620714e-10,10.00434398898801,-8.642579132356333e-10,61.348270178433324,0.0,0.0,0.0,0.0,0.0,0.0,0.009656006767500003,1.0,0.0,0.0,0
347,2025-01-20 20:14:18.776647,10.004343549732974,10.053269712962782,-8.858741068706877e-10,-1.1589948542223284e-09,1.1374219752724458e-10,6.851148725672829e-10,1.1389379892534635e-10,10.004343769296456,-9.139918347500498e-10,61.3482699612137,0.0,0.0,0.0,0.0,0.0,0.0,0.009403940879337824,1.0,0.0,0.0,0
348,2025-01-20 20:14:23.846374,10.004343330150702,10.053269495743171,-8.627375677860982e-10,-1.1508451962072285e-09,1.1335019962643855e-10,6.864554620733543e-10,1.1350180102454034e-10,10.004343549714184,-8.911108523079747e-10,61.34826971296272,0.0,0.0,0.0,0.0,0.0,0.0,0.009489411496588218,1.0,0.0,0.0,0
349,2025-01-20 20:14:29.014065,10.004343110513801,10.053269278523558,-8.659840034397348e-10,-1.154221575916381e-09,1.0496014510863462e-10,6.434353167605878e-10,1.0511174650673639e-10,10.004343330131903,-8.937855341173418e-10,61.34826949574311,0.0,0.0,0.0,0.0,0.0,0.0,0.009298189098672083,1.0,0.0,0.0,0
350,2025-01-20 20:14:34.281812,10.004342890876892,10.053269061303947,-9.454491248561682e-10,-1.2535031657989748e-09,1.042995961597626e-10,6.455404104599438e-10,1.0445552902638156e-10,10.004343110495002,-9.751911534294778e-10,61.348269278523496,0.0,0.0,0.0,0.0,0.0,0.0,0.009947186327963209,1.0,0.0,0.0,0
351,2025-01-20 20:14:39.525272,10.004342671349292,10.053268813052968,-8.818545040867321e-10,-1.1744473681574164e-09,1.029503437166568e-10,6.440308936817018e-10,1.0310411084901717e-10,10.004342890858112,-9.10058861336438e-10,61.34826906130388,0.0,0.0,0.0,0.0,0.0,0.0,0.009432913969931178,1.0,0.0,0.0,0
352,2025-01-20 20:14:44.552010,10.004342451767021,10.053268564801979,-9.772442695066275e-10,-1.3003198432670615e-09,1.0325787798137754e-10,6.477472936694539e-10,1.0340731364522072e-10,10.004342671330503,-1.0080648337407183e-09,61.3482688130529,0.0,0.0,0.0,0.0,0.0,0.0,0.010307901305850464,1.0,0.0,0.0,0
353,2025-01-20 20:14:49.571945,10.004342232184783,10.053268347582367,-8.88150293576473e-10,-1.1775140478675894e-09,1.0561419685473084e-10,6.429415293496277e-10,1.0576796398709121e-10,10.004342451748231,-9.163070046724897e-10,61.34826856480192,0.0,0.0,0.0,0.0,0.0,0.0,0.009416978770104834,1.0,0.0,0.0,0
354,2025-01-20 20:14:54.766007,10.004342012657192,10.053268130362747,-9.197721794862446e-10,-1.2164279610260565e-09,1.0324921504434315e-10,6.454299580127554e-10,1.0340298217670353e-10,10.004342232166003,-9.487020577125804e-10,61.348268347582305,0.0,0.0,0.0,0.0,0.0,0.0,0.009675563603650517,1.0,0.0,0.0,0
355,2025-01-20 20:15:00.015773,10.004341792911008,10.053267913143136,-8.67508680357787e-10,-1.1802796905158175e-09,1.0525468496780377e-10,6.47065087377996e-10,1.0540628636590554e-10,10.004342012638377,-8.963172774656414e-10,61.34826813036268,0.0,0.0,0.0,0.0,0.0,0.0,0.009635001276819821,1.0,0.0,0.0,0
356,2025-01-20 20:15:05.194811,10.00434157311006,10.053267695923523,-9.01040743883641e-10,-1.1977636631854694e-09,1.0494498496882443e-10,6.444770349389728e-10,1.050965863669262e-10,10.004341792892184,-9.296869109221007e-10,61.348267913143076,0.0,0.0,0.0,0.0,0.0,0.0,0.009580676731957283,1.0,0.0,0.0,0
357,2025-01-20 20:15:10.484697,10.004341353473123,10.053267447672544,-9.632427975247993e-10,-1.2635456755560882e-09,1.0595421713333053e-10,6.452805223489122e-10,1.0610798426569091e-10,10.00434157309126,-9.929436771471957e-10,61.348267695923454,0.0,0.0,0.0,0.0,0.0,0.0,0.009933424109931366,1.0,0.0,0.0,0
358,2025-01-20 20:15:15.616355,10.00434113372694,10.053267199421555,-8.78294036965599e-10,-1.1851850786115392e-09,1.0533481713537185e-10,6.45878265004285e-10,1.0548858426773223e-10,10.004341353454308,-9.070181704373682e-10,61.34826744767248,0.0,0.0,0.0,0.0,0.0,0.0,0.009606752513491301,1.0,0.0,0.0,0
359,2025-01-20 20:15:20.622565,10.004340913980748,10.053266982201944,-9.959822023120068e-10,-1.2998737020097907e-09,1.0385562063675025e-10,6.45689846123787e-10,1.0400938776911062e-10,10.004341133708124,-1.0263111448693962e-09,61.34826719942149,0.0,0.0,0.0,0.0,0.0,0.0,0.010143479016733181,1.0,0.0,0.0,0
360,2025-01-20 20:15:26.036597,10.00434069439845,10.053266764982332,-9.497611017650342e-10,-1.2429776973021946e-09,1.0390110105618078e-10,6.446069789944887e-10,1.0405486818854115e-10,10.00434091396196,-9.78987685584798e-10,61.348266982201885,0.0,0.0,0.0,0.0,0.0,0.0,0.009774796438932754,1.0,0.0,0.0,0
361,2025-01-20 20:15:31.354569,10.004340474816196,10.053266547762721,-1.6046185010054615e-09,-2.2445236709245365e-09,3.607680127970525e-11,2.664134683527664e-10,3.623706561484141e-11,10.00434069437966,-1.6518250106400957e-09,61.34826676498227,0.0,0.0,0.0,0.0,0.0,0.0,0.015788161391583344,1.0,0.0,0.0,0
362,2025-01-20 20:15:36.287276,10.00434025517928,10.053266299511732,-1.6282834792491486e-09,-2.273003076425084e-09,3.67849963822664e-11,2.670068795396219e-10,3.694742645166116e-11,10.004340474797397,-1.676068239930828e-09,61.34826654776265,0.0,0.0,0.0,0.0,0.0,0.0,0.01598155677129398,1.0,0.0,0.0,0
363,2025-01-20 20:15:41.843531,10.004340035596972,10.05326608229212,-1.5824673710085336e-09,-2.268244958258947e-09,3.7536506169999484e-11,2.6712382918958614e-10,3.769677050513565e-11,10.00434025516049,-1.6312267121065817e-09,61.34826629951167,0.0,0.0,0.0,0.0,0.0,0.0,0.016307504040469212,1.0,0.0,0.0,0
364,2025-01-20 20:15:47.017348,10.00433981601471,10.05326586507251,-1.6084865023913155e-09,-2.2551964093509016e-09,3.689111736093764e-11,2.6606911660564947e-10,3.7051381696073804e-11,10.004340035578183,-1.6560265351017735e-09,61.34826608229206,0.0,0.0,0.0,0.0,0.0,0.0,0.015899707790367756,1.0,0.0,0.0,0
365,2025-01-20 20:15:51.910179,10.004339596323103,10.053265647852896,-1.6524812281204504e-09,-2.2734318918082863e-09,3.5933862818637865e-11,2.658113942288765e-10,3.609845862229122e-11,10.004339815995902,-1.6996487545384299e-09,61.34826586507245,0.0,0.0,0.0,0.0,0.0,0.0,0.015775123500816335,1.0,0.0,0.0,0
366,2025-01-20 20:15:57.034896,10.004339376795503,10.053265399601909,-1.536482335495748e-09,-2.170838894244298e-09,3.780289148380689e-11,2.665152578629204e-10,3.796315581894305e-11,10.004339596304321,-1.5823959017779999e-09,61.34826564785283,0.0,0.0,0.0,0.0,0.0,0.0,0.015355738014477538,1.0,0.0,0.0,0
367,2025-01-20 20:16:02.178140,10.00433915704932,10.053265182382297,-1.5806654801053812e-09,-2.2278258597907555e-09,3.782238309213426e-11,2.667946375822794e-10,3.7982647427270423e-11,10.004339376776686,-1.62780268624374e-09,61.34826539960185,0.0,0.0,0.0,0.0,0.0,0.0,0.01576498291910866,1.0,0.0,0.0,0
368,2025-01-20 20:16:07.270357,10.0043389375764,10.053264934131308,-1.487534575517202e-09,-2.096363624559672e-09,3.7031890087746433e-11,2.658698690538586e-10,3.7194320157141196e-11,10.004339157030547,-1.5316354222250085e-09,61.34826518238223,0.0,0.0,0.0,0.0,0.0,0.0,0.014749476093811609,1.0,0.0,0.0,0
369,2025-01-20 20:16:12.442763,10.00433871793949,10.053264747943073,-1.5797710318565807e-09,-2.1820097515501405e-09,3.741305931725947e-11,2.6610593408804564e-10,3.757548938665423e-11,10.0043389375576,-1.6250392093297707e-09,61.34826493413126,0.0,0.0,0.0,0.0,0.0,0.0,0.015139888489557052,1.0,0.0,0.0,0
370,2025-01-20 20:16:17.731310,10.004338498302591,10.053264499692085,-1.6003108555651124e-09,-2.205016346579214e-09,3.614393904172175e-11,2.6562080961411993e-10,3.630853484537511e-11,10.004338717920692,-1.6459926882816944e-09,61.348264747943006,0.0,0.0,0.0,0.0,0.0,0.0,0.015278234997140316,1.0,0.0,0.0,0
371,2025-01-20 20:16:23.101330,10.004338278829636,10.053264282472474,-1.4897674475378154e-09,-2.0948714336554987e-09,3.670269848043972e-11,2.6589152639644457e-10,3.686296281557589e-11,10.004338498283818,-1.533749178861399e-09,61.34826449969202,0.0,0.0,0.0,0.0,0.0,0.0,0.014709638094245747,1.0,0.0,0.0,0
372,2025-01-20 20:16:28.321341,10.004338059301967,10.053264034221485,-1.5659904647691293e-09,-2.183371998398798e-09,3.678066491374921e-11,2.6603446485751193e-10,3.694526071740256e-11,10.004338278810854,-1.6116614688144183e-09,61.34826428247241,0.0,0.0,0.0,0.0,0.0,0.0,0.015274613360816147,1.0,0.0,0.0,0
373,2025-01-20 20:16:33.405015,10.00433783961042,10.053263817001874,-1.0232704539703264e-09,-1.4024363792941587e-09,1.9116936300633827e-11,1.7431345327167947e-10,1.9298857978355954e-11,10.00433805928316,-1.0500042776584452e-09,61.34826403422142,0.0,0.0,0.0,0.0,0.0,0.0,0.008941095757108997,1.0,0.0,0.0,0
374,2025-01-20 20:16:38.623463,10.00433762008282,10.053263599782262,-1.0490773433957656e-09,-1.4471068141119759e-09,1.9296692244097358e-11,1.7449104348088442e-10,1.9478613921819488e-11,10.00433783959164,-1.0769026971502171e-09,61.348263817001815,0.0,0.0,0.0,0.0,0.0,0.0,0.009306156698585255,1.0,0.0,0.0,0
375,2025-01-20 20:16:43.796131,10.00433740050055,10.05326338256265,-1.0101439386289713e-09,-1.4107138156305154e-09,1.9495939795888262e-11,1.7474660012339882e-10,1.9677861473610392e-11,10.004337620064032,-1.0375036595178244e-09,61.3482635997822,0.0,0.0,0.0,0.0,0.0,0.0,0.009150426336645978,1.0,0.0,0.0,0
376,2025-01-20 20:16:49.210604,10.004337181027603,10.053263134311662,-1.0219666819466511e-09,-1.4188591421770981e-09,1.9151588048771376e-11,1.7457550711696968e-10,1.9331343992234906e-11,10.004337400481777,-1.0493567231151246e-09,61.34826338256258,0.0,0.0,0.0,0.0,0.0,0.0,0.009160566918353652,1.0,0.0,0.0,0
377,2025-01-20 20:16:54.267257,10.004336961335996,10.05326291709205,-1.132854441721065e-09,-1.546581154343585e-09,1.9151588048771376e-11,1.7459283299103847e-10,1.93356754607521e-11,10.004337181008797,-1.1625011779869966e-09,61.3482631343116,0.0,0.0,0.0,0.0,0.0,0.0,0.00991531592831052,1.0,0.0,0.0,0
378,2025-01-20 20:16:59.332665,10.00433674169908,10.053262699872437,-1.0286523036029395e-09,-1.4231169757294993e-09,1.9472116719043697e-11,1.74616656067883e-10,1.9654038396765827e-11,10.004336961317199,-1.0560488419741888e-09,61.348262917091986,0.0,0.0,0.0,0.0,0.0,0.0,0.009162739900148154,1.0,0.0,0.0,0
379,2025-01-20 20:17:04.687890,10.004336522062145,10.053262482652826,-1.0490881720670587e-09,-1.4729353608800012e-09,1.9378990145924037e-11,1.7491552739556939e-10,1.9560911823646167e-11,10.00433674168028,-1.0779054321119476e-09,61.34826269987238,0.0,0.0,0.0,0.0,0.0,0.0,0.009637898585879157,1.0,0.0,0.0,0
380,2025-01-20 20:17:09.869001,10.004336302479897,10.053262234401839,-9.983904988075665e-10,-1.4159440638650267e-09,1.9582569166232134e-11,1.7524038753435889e-10,1.9762325109695668e-11,10.004336522043355,-1.0262331784360868e-09,61.34826248265276,0.0,0.0,0.0,0.0,0.0,0.0,0.009311951316703926,1.0,0.0,0.0,0
381,2025-01-20 20:17:15.088920,10.004336082952264,10.053262017182226,-1.0140834092453588e-09,-1.4091306638874812e-09,1.920789713949489e-11,1.7458200431974548e-10,1.9387653082958424e-11,10.004336302461118,-1.0412893630018518e-09,61.34826223440178,0.0,0.0,0.0,0.0,0.0,0.0,0.009098999100842775,1.0,0.0,0.0,0
382,2025-01-20 20:17:20.486786,10.004335863205986,10.053261768931238,-1.0652337209648978e-09,-1.4674538874714928e-09,1.9298857978355954e-11,1.746209875364002e-10,1.9478613921819488e-11,10.004336082933447,-1.0934532383544139e-09,61.34826201718216,0.0,0.0,0.0,0.0,0.0,0.0,0.009437984260785015,1.0,0.0,0.0,0
383,2025-01-20 20:17:25.430683,10.004335643678393,10.053261551711627,-1.0537250091147144e-09,-1.4671506846752891e-09,1.9628049585662665e-11,1.7508878613625712e-10,1.98078055291262e-11,10.004335863187205,-1.0822130775522965e-09,61.348261768931174,0.0,0.0,0.0,0.0,0.0,0.0,0.009527800841624412,1.0,0.0,0.0,0
384,2025-01-20 20:17:30.468260,10.004335423932202,10.053261334492015,-9.83284502353854e-10,-1.3757913507106423e-09,1.9426636299613165e-11,1.7459066725677986e-10,1.96063922430767e-11,10.004335643659578,-1.0099511882799562e-09,61.348261551711566,0.0,0.0,0.0,0.0,0.0,0.0,0.008918641611899147,1.0,0.0,0.0,0
385,2025-01-20 20:17:35.568504,10.00433520434993,10.053261117272402,-1.2670606622577907e-09,-1.7743362661803986e-09,4.988335717825976e-11,3.580110330858588e-10,5.004362151339592e-11,10.004335423913412,-1.3051061159785605e-09,61.34826133449195,0.0,0.0,0.0,0.0,0.0,0.0,0.012724257061336175,1.0,0.0,0.0,0
386,2025-01-20 20:17:40.767950,10.004334984767684,10.053260869021424,-1.4058040960662765e-09,-1.9209044978651945e-09,5.1719899829549836e-11,3.5852647783940485e-10,5.188449563320319e-11,10.00433520433114,-1.4462838350937091e-09,61.34826111727234,0.0,0.0,0.0,0.0,0.0,0.0,0.013538400907009418,1.0,0.0,0.0,0
387,2025-01-20 20:17:45.897697,10.00433476518542,10.053260620770434,-1.205296086936869e-09,-1.7304563243669691e-09,5.1953799129478285e-11,3.59100397417933e-10,5.211189773035585e-11,10.004334984748894,-1.2431314644345549e-09,61.34826086902135,0.0,0.0,0.0,0.0,0.0,0.0,0.012653997316647292,1.0,0.0,0.0,0
388,2025-01-20 20:17:51.010457,10.00433454565783,10.053260403550823,-1.3363836501412153e-09,-1.884390218265253e-09,5.07994627696462e-11,3.587538799365575e-10,5.095539563626517e-11,10.00433476516664,-1.3771276087481966e-09,61.348260620770375,0.0,0.0,0.0,0.0,0.0,0.0,0.013626768833319147,1.0,0.0,0.0,0
389,2025-01-20 20:17:56.124624,10.004334326020878,10.053260186331203,-1.3715226884869481e-09,-1.8776634476580513e-09,5.162244178791298e-11,3.576905044155865e-10,5.178270612304914e-11,10.004334545639031,-1.4111058135313216e-09,61.34826040355076,0.0,0.0,0.0,0.0,0.0,0.0,0.013238529419368206,1.0,0.0,0.0,0
390,2025-01-20 20:18:01.583793,10.004334106383968,10.053259969111592,-1.308207447436871e-09,-1.8111667429820955e-09,5.148166906110419e-11,3.579503925266181e-10,5.1644099130498944e-11,10.004334326002079,-1.346703373883429e-09,61.34826018633114,0.0,0.0,0.0,0.0,0.0,0.0,0.012874917132421615,1.0,0.0,0.0,0
391,2025-01-20 20:18:06.657404,10.004333886692415,10.053259720860611,-1.4431002057335718e-09,-1.956788548795885e-09,4.921414529235335e-11,3.574760967239854e-10,4.9376575361748114e-11,10.004334106365162,-1.4840780636404816e-09,61.348259969111524,0.0,0.0,0.0,0.0,0.0,0.0,0.013704996177921203,1.0,0.0,0.0,0
392,2025-01-20 20:18:11.858277,10.004333667055505,10.053259503641,-1.3248402865428944e-09,-1.8290080618044158e-09,5.20101082202018e-11,3.575475659545191e-10,5.217037255533797e-11,10.004333886673615,-1.3636285871143628e-09,61.34825972086055,0.0,0.0,0.0,0.0,0.0,0.0,0.012972701313174184,1.0,0.0,0.0,0
393,2025-01-20 20:18:16.903199,10.004333447527923,10.053259286421389,-1.443996819716631e-09,-1.9563012585877006e-09,5.0021964170809955e-11,3.579612211979111e-10,5.018439424020471e-11,10.004333667036724,-1.4849421916096617e-09,61.34825950364094,0.0,0.0,0.0,0.0,0.0,0.0,0.013694131268948695,1.0,0.0,0.0,0
394,2025-01-20 20:18:22.148782,10.004333227945676,10.053259069201776,-1.2880249698810077e-09,-1.8510552365569311e-09,5.1226112418589765e-11,3.592909820326895e-10,5.138421101946733e-11,10.004333447509133,-1.3286411501667317e-09,61.348259286421325,0.0,0.0,0.0,0.0,0.0,0.0,0.01358403352469395,1.0,0.0,0.0,0
395,2025-01-20 20:18:27.099766,10.004333008144727,10.053258820950788,-1.3192808467010764e-09,-1.8179368282744692e-09,5.2817927098658404e-11,3.578854204988602e-10,5.2978191433794565e-11,10.004333227926852,-1.3577724416791172e-09,61.34825906920171,0.0,0.0,0.0,0.0,0.0,0.0,0.012873468477891947,1.0,0.0,0.0,0
396,2025-01-20 20:18:32.563281,10.004332788726513,10.053258603731177,-1.3467921689880314e-09,-1.892399103553544e-09,5.32272508735332e-11,3.592996449697239e-10,5.3389680942927956e-11,10.004333008125963,-1.3876075968255463e-09,61.348258820950726,0.0,0.0,0.0,0.0,0.0,0.0,0.013650671633058664,1.0,0.0,0.0,0
397,2025-01-20 20:18:37.510115,10.004332569034966,10.053258355480187,-1.2401514140947258e-09,-1.7133643495981233e-09,5.5739502613505465e-11,3.913611749339907e-10,5.5897601214383036e-11,10.004332788707705,-1.2769407419455093e-09,61.348258603731104,0.0,0.0,0.0,0.0,0.0,0.0,0.012304147247732544,1.0,0.0,0.0,0
398,2025-01-20 20:18:42.895116,10.004332349616753,10.053258138260576,-1.2327359399932903e-09,-1.718146290841105e-09,5.718188162973093e-11,3.9209319311339645e-10,5.7344311699125686e-11,10.004332569016203,-1.2699064370735869e-09,61.34825835548013,0.0,0.0,0.0,0.0,0.0,0.0,0.012431628846343301,1.0,0.0,0.0,0
399,2025-01-20 20:18:48.055861,10.004332129979854,10.053257921040965,-1.306370904785581e-09,-1.7798805458824064e-09,5.609468303191534e-11,3.9088038192858223e-10,5.62549473670515e-11,10.004332349597956,-1.3441651333323535e-09,61.34825813826051,0.0,0.0,0.0,0.0,0.0,0.0,0.012640235098615449,1.0,0.0,0.0,0
400,2025-01-20 20:18:53.980253,10.004331910452176,10.053257703821354,-1.2103639051019854e-09,-1.7038286216575216e-09,5.731832288802252e-11,3.920368840226729e-10,5.747642148890009e-11,10.004332129961073,-1.2475149105739547e-09,61.348257921040904,0.0,0.0,0.0,0.0,0.0,0.0,0.012425109900959797,1.0,0.0,0.0,0
