iteration,timestamp,T41_LEVEL,T42_LEVEL,J2_LEVEL,J13_LEVEL,J14_LEVEL,J19_LEVEL,J21_LEVEL,J2V1_LEVEL,J13V2_LEVEL,P79_FLOW,P79_STATUS,P1_FLOW,P1_STATUS,V1_FLOW,V1_STATUS,V2_FLOW,V2_STATUS,plc2AttackerUnit
0,2025-01-16 00:51:51.024734,3.0509999999999993,3.0509999999999993,-15.24,-15.24,-15.24,-15.24,-15.24,-15.24,-15.24,1450.0,1.0,1450.0,1.0,55.59964498384435,1.0,55.59964498384435,1.0,0
1,2025-01-16 00:52:00.530861,3.2318900757449573,3.1895463892937506,69.08444892029877,69.64903875072679,54.42117436443497,54.34631589003353,54.346509495079246,69.08444819756612,69.64903831930305,189.69007825910631,1.0,219.44785604563168,1.0,241.7170826470283,1.0,144.28916081101306,1.0,0
2,2025-01-16 00:52:08.752469,3.409016023462798,3.3296952721024,69.10697763589633,69.66480219304583,54.59970103243368,54.48486907865761,54.527380109429984,69.1069769173256,69.66480176349474,188.85923613549818,1.0,218.2604373631883,1.0,240.3251342502699,1.0,143.66285530627465,1.0,0
3,2025-01-16 00:52:16.644009,3.582974120018559,3.4708619032100776,69.12925603119479,69.68061148099167,54.77486501952675,54.62502231534115,54.70448995027049,69.12925531672292,69.68061105334411,188.02597763118,1.0,217.0862122868542,1.0,238.95427246884537,1.0,143.02622379204877,1.0,0
4,2025-01-16 00:52:24.404993,3.7541218955679443,3.6126996758387366,69.15131750493386,69.69644427233234,54.947103215331126,54.76619183195682,54.8784339649915,69.15131679450785,69.69644384661078,187.19148033586228,1.0,215.92342047270935,1.0,237.60114221886397,1.0,142.38207665812297,1.0,0
5,2025-01-16 00:52:33.538895,3.9227096066781577,3.754968717433013,69.17318413448633,69.71228773365061,55.116701185870326,54.90803146489975,55.04956908289566,69.17318342805956,69.71228730987269,186.3564206591396,1.0,214.7708982909527,1.0,236.2635994916218,1.0,141.73202480833424,1.0,0
6,2025-01-16 00:52:41.286668,4.088926018527937,3.897490214229686,69.19487233211196,69.7281336761643,55.283867804304634,55.05030159770629,55.21814521480241,69.19487162964235,69.7281332543443,185.52123020630478,1.0,213.62778070230598,1.0,234.94013189178986,1.0,141.07720398783385,1.0,0
7,2025-01-16 00:52:48.708435,4.252920726896658,4.0401241606016605,69.21639439097966,69.74397578163074,55.44876539603115,55.19282358108522,55.38435090485946,69.21639369242872,69.74397536178044,184.68624199232497,1.0,212.49341977198537,1.0,233.6295341387995,1.0,140.41843703239465,1.0,0
8,2025-01-16 00:52:57.593036,4.414816468488751,4.182757111501497,69.2377604289592,69.7598092685897,55.61152537733271,55.335457523150275,55.54833559678591,69.23775973429119,69.75980885071888,183.8517080331242,1.0,211.3672822184779,1.0,232.33089647760607,1.0,139.75640191233651,1.0,0
9,2025-01-16 00:53:05.355349,4.574716553272957,4.325294796555512,69.25897892960089,69.77563021528486,55.77225730383983,55.478090061809745,55.71022191698067,69.25897823878236,69.77562979940171,183.01783503231292,1.0,210.24892090017346,1.0,231.04344242938168,1.0,139.09163173252637,1.0,0
10,2025-01-16 00:53:12.539435,4.732709659899611,4.467657357470846,69.28005675895842,69.79143538840877,55.93105453690294,55.620626989666505,55.87011309212159,69.2800560719579,69.79143497452014,182.18479340748914,1.0,209.13797392869128,1.0,229.76651720227892,1.0,138.4245610893231,1.0,0
11,2025-01-16 00:53:20.259032,4.888873100939483,4.609776115473383,69.3010001078475,69.80722217274105,56.087998011623725,55.76298849775342,56.028097736003744,69.30099942463511,69.8072217608527,181.35272099880353,1.0,208.03411500534827,1.0,228.49957610219462,1.0,137.75557242752257,1.0,0
12,2025-01-16 00:53:28.344667,5.043275132522937,4.751591285182856,69.321814412713,69.82298828028199,56.24315886003119,55.90510594690219,56.18425310941563,69.32181373326037,69.82298787039868,180.52173839961907,1.0,206.93705759200645,1.0,227.2421265865887,1.0,137.0849902457394,1.0,0
13,2025-01-16 00:53:36.214657,5.219274281836584,4.901839403226356,69.39998343436048,69.91028664624699,56.402524898007066,56.04695835777612,56.338759409119604,69.39998275718881,69.91028623723196,175.9205124555684,1.0,202.81701105448266,1.0,226.4792651112657,1.0,136.7945929587222,1.0,0
14,2025-01-16 00:53:44.955579,5.393004419533479,5.052066788450976,69.42335281193212,69.92747863132458,56.57719527845423,56.19720638201475,56.514747059240314,69.4233521390283,69.92747822443393,175.0143762765646,1.0,201.58528368833657,1.0,225.05188841932977,1.0,136.08409744733763,1.0,0
15,2025-01-16 00:53:53.067807,5.564562953266368,5.202185237659837,69.44656784083566,69.94466212571993,56.74966566653192,56.347433274554234,56.68846631057128,69.4465671721647,69.94466172096293,174.10868761507209,1.0,200.36169156147275,1.0,223.63620526675732,1.0,135.37050181525956,1.0,0
16,2025-01-16 00:54:00.927922,5.734035094093959,5.352118539300336,69.46963484831942,69.9618340432779,56.920024932137345,56.497550887093574,56.860014495096614,69.46963418384816,69.9618336406626,173.20360913274902,1.0,199.14590118426744,1.0,222.23163039711835,1.0,134.6542116857563,1.0,0
17,2025-01-16 00:54:08.597423,5.901496313258583,5.501800045472048,69.49255977392147,69.97899160864887,57.08835145099386,56.647483052298675,57.0294767632761,69.4925591136183,69.97899120818221,172.29928710966166,1.0,197.93759950210443,1.0,220.83761911630972,1.0,133.93559791438747,1.0,0
18,2025-01-16 00:54:17.174725,6.067014138823427,5.65117089691655,69.5153478295827,69.99613264343255,57.25471510762665,56.79716315862655,57.19692853680936,69.51534717341738,69.99613224512059,171.39583636252976,1.0,196.73651180975367,1.0,219.45371364950006,1.0,133.21496182129522,1.0,0
19,2025-01-16 00:54:24.595751,6.230649508608463,5.8001786837561395,69.53800343690963,70.0132550067637,57.41917878599034,56.94653237720329,57.362437302566505,69.53800278485318,70.01325461061164,170.49336972971219,1.0,195.54240505805618,1.0,218.07951416803917,1.0,132.49258734276737,1.0,0
20,2025-01-16 00:54:33.533575,6.39245781714825,5.948776415483704,69.56053073801812,70.03035682716971,57.58179951037918,57.09553832390928,57.526063963646756,69.5605300900426,70.03035643318199,169.59198585072747,1.0,194.35506092894133,1.0,216.71464402174934,1.0,131.76872944200113,1.0,0
21,2025-01-16 00:54:41.033430,6.552489736983376,6.096921712375141,69.58293346456247,70.0474364299316,57.74262933629678,57.24413403033735,57.68786388495525,69.582932820641,70.04743603811198,168.6917729948123,1.0,193.17428273849237,1.0,215.3587729173978,1.0,131.04360831448503,1.0,0
22,2025-01-16 00:54:49.493420,6.7107918734733945,6.244576160234632,69.60521485910033,70.06449231417012,57.90171605648951,57.39227713592257,57.84788771347403,69.6052142192069,70.06449192452179,167.79281026865405,1.0,191.99989958155643,1.0,214.0116053294605,1.0,130.3174267718532,1.0,0
23,2025-01-16 00:54:58.242923,6.867407296772882,6.391704785707969,69.62737784818621,70.08152274853728,58.05910377016109,57.53992924321953,58.00618203231708,69.62737721229557,70.08152236106274,166.8951889262335,1.0,190.8317572085305,1.0,212.672874705504,1.0,129.59039921497606,1.0,0
24,2025-01-16 00:55:06.262515,7.022375983121045,6.5382756322980295,69.64942551956997,70.0985268426825,58.21483335110441,57.68705539366227,58.16278989213996,69.64942488765772,70.09852645738387,165.99895589516473,1.0,189.66969287369963,1.0,211.3423086984767,1.0,128.86267050930655,1.0,0
25,2025-01-16 00:55:13.864573,7.164841648520688,6.680175168753064,69.6447244898183,70.08246519735337,58.366401969304086,57.83360582721646,58.317703383530606,69.64472386258386,70.08246481478876,166.84551537397786,1.0,189.91746956250762,1.0,209.77781975261678,1.0,127.9482797701803,1.0,0
26,2025-01-16 00:55:22.475095,7.202722099114449,6.810509718261441,61.94861095642771,68.53671644768822,58.46889474156269,57.97545726149503,58.459869808493934,61.94861062401805,68.5367160945519,248.3171348175367,1.0,0.0,0.0,111.1740163429431,1.0,118.10602238710999,1.0,0
27,2025-01-16 00:55:30.774105,7.242997968215036,6.9375555391328385,61.97890546058031,68.5525409132361,58.50735518832371,58.10577877010052,58.497753645410825,61.978905128592125,68.55254056217215,247.4830763489171,1.0,0.0,0.0,111.03305646258832,1.0,117.41292231931766,1.0,0
28,2025-01-16 00:55:38.337990,7.285751822151038,7.061231137031717,62.0107483680916,68.56834626179918,58.54824848233526,58.232811522170834,58.538033202916644,62.01074803657101,68.56834591275845,246.6500254772402,1.0,0.0,0.0,110.87666841149257,1.0,116.736261583128,1.0,0
29,2025-01-16 00:55:46.510815,7.331105538489158,7.181415800932148,62.044200493086066,68.58413112469569,58.591669080179976,58.35647389938748,58.58079112735049,62.04420016208119,68.58413077762683,245.81805434146924,1.0,0.0,0.0,110.70419160319034,1.0,116.07677030042396,1.0,0
30,2025-01-16 00:55:55.652360,7.24411168774203,7.170666570996039,58.51996594785758,58.467108879068014,58.62037454970851,58.476413024997164,58.6259742155289,58.51996599686518,58.467108886981784,0.0,0.0,0.0,0.0,-16.390535123491645,1.0,-2.6467497718840605,1.0,0
31,2025-01-16 00:56:02.521527,7.163926818366425,7.153108371244425,58.461204472311216,58.433208980836255,58.534626711230274,58.46565968323179,58.53899876353012,58.461204513697766,58.43320899637105,0.0,0.0,0.0,0.0,-13.841682527413468,1.0,-5.19559367603506,1.0,0
32,2025-01-16 00:56:11.142809,7.091758773375061,7.127533345462996,58.40122376514203,58.38790530494376,58.45572620734208,58.44809454905351,58.45883390830983,58.401223800377686,58.387905326629436,0.0,0.0,0.0,0.0,-11.784523559867921,1.0,-7.252749746271547,1.0,0
33,2025-01-16 00:56:19.562582,7.029789895345776,7.091759147409522,58.34268114012591,58.33692423653942,58.38489817778364,58.4225076111233,58.38668870638543,58.3426811708222,58.33692426276447,0.0,0.0,0.0,0.0,-10.266339407394298,1.0,-8.77093679605423,1.0,0
34,2025-01-16 00:56:27.018872,6.9707248953671,7.0530810695045965,58.28744141171131,58.284696030732,58.32324882771735,58.38672941113357,58.32472578746025,58.28744143979608,58.28469605956858,0.0,0.0,0.0,0.0,-9.392919515676112,1.0,-9.644359585081475,1.0,0
35,2025-01-16 00:56:35.215636,6.91367970346674,7.012383196578706,58.23327551885869,58.23216373450643,58.26438946541859,58.34804839353931,58.265664788293996,58.2332755448917,58.23216376539477,0.0,0.0,0.0,0.0,-8.706706351517823,1.0,-10.330569851930704,1.0,0
36,2025-01-16 00:56:43.380487,6.8581602902184935,6.970159541355164,58.17995355554795,58.17965631642263,58.20749046804571,58.30734821569667,58.20862253985538,58.17995357991958,58.17965634897233,0.0,0.0,0.0,0.0,-8.151063317427543,1.0,-10.886209988711926,1.0,0
37,2025-01-16 00:56:50.518642,6.828098458044818,6.934892568509271,58.14953694225052,58.15448509840174,58.15296993251673,58.26513447867634,58.15314193783357,58.14953695016882,58.154485128528606,0.0,0.0,0.0,0.0,-2.648267961831152,1.0,-10.075893488306065,1.0,0
38,2025-01-16 00:56:58.964466,6.797550930136683,6.900111303255112,58.118966598238586,58.12319971983281,58.12288844569281,58.22986814133406,58.123079552744414,58.11896660674707,58.12319974936948,0.0,0.0,0.0,0.0,-2.845652936116494,1.0,-9.878505616711664,1.0,0
39,2025-01-16 00:57:06.774936,6.766601153994047,6.865732283943403,58.08797573389026,58.09165704995602,58.09232393640275,58.19508739669197,58.09253156120724,58.08797574288632,58.09165707900511,0.0,0.0,0.0,0.0,-3.0087221819030674,1.0,-9.71543347361603,1.0,0
40,2025-01-16 00:57:14.314688,6.735320558235978,6.831684076724296,58.05664652955162,58.059901581102565,58.06135971980585,58.16070880166867,58.061581399894585,58.05664653894786,58.05990160975151,0.0,0.0,0.0,0.0,-3.142560476590006,1.0,-9.58160676816533,1.0,0
41,2025-01-16 00:57:22.163763,6.7037695593879665,6.797906283228548,58.02504602787846,58.02797121784352,58.03006700438269,58.12666093867514,58.03030048671921,58.02504603760119,58.02797124616595,0.0,0.0,0.0,0.0,-3.2517571577272975,1.0,-9.47240139510086,1.0,0
42,2025-01-16 00:57:29.726717,6.671998674833198,6.764348372994676,57.99322845241932,57.9958977884776,57.99850594114015,58.092883423357,57.99874922803951,57.99322846240716,57.9958978165349,0.0,0.0,0.0,0.0,-3.340420609561079,1.0,-9.38373214864896,1.0,0
43,2025-01-16 00:57:37.144824,6.640049787694624,6.730968460885295,57.96123758620477,57.96370792515739,57.966726772402126,58.05932573717706,57.96697813201939,57.961237596406995,57.963707953000316,0.0,0.0,0.0,0.0,-3.412123214161511,1.0,-9.312035338666647,1.0,0
44,2025-01-16 00:57:45.134019,6.607957346416339,6.697732106195567,57.92910859268426,57.93142379708215,57.93477111535862,58.02594600502977,57.9350290736069,57.929108603059184,57.931423824752365,0.0,0.0,0.0,0.0,-3.469881070259362,1.0,-9.254271687950677,1.0,0
45,2025-01-16 00:57:54.098787,6.575749481029899,6.664611168795433,57.89686958553688,57.899063495259675,57.90267317329148,57.992709794546606,57.9029364941422,57.89686959605057,57.89906352279113,0.0,0.0,0.0,0.0,-3.5162930640808554,1.0,-9.207862591438243,1.0,0
46,2025-01-16 00:58:01.761826,6.543449065805164,6.631582792869892,57.8645431063513,57.86664200329172,57.870460860292305,57.959588972487246,57.87072851764929,57.86454311697618,57.86664203071199,0.0,0.0,0.0,0.0,-3.553480025857425,1.0,-9.170675629661673,1.0,0
47,2025-01-16 00:58:09.658607,6.511074580511584,6.598628490884506,57.832147041033636,57.83417133678139,57.83815686186647,57.926560688667045,57.83842801330747,57.832147051747455,57.83417136411273,0.0,0.0,0.0,0.0,-3.583223800660562,1.0,-9.140934752167595,1.0,0
48,2025-01-16 00:58:17.349646,6.478640910825383,6.56573336467757,57.79969565901814,57.8016612542373,57.80577949837549,57.893606460135636,57.80605345668147,57.79969566980301,57.801661281497594,0.0,0.0,0.0,0.0,-3.6069846322561716,1.0,-9.117173920571986,1.0,0
49,2025-01-16 00:58:24.835703,6.40689263801023,6.51896169004142,57.71991011830717,57.71584604634791,57.771422879259646,57.860691087110816,57.77354899914305,57.71991015248565,57.71584608119002,0.0,0.0,0.0,0.0,-11.430953346120987,1.0,-11.652901706611374,1.0,0
50,2025-01-16 00:58:32.887169,6.337263638589096,6.470070750467768,57.65420675678765,57.65224139279052,57.6999309180563,57.81391579648262,57.70180569095915,57.65420678883557,57.65224142976317,0.0,0.0,0.0,0.0,-10.718389156068042,1.0,-12.3654601020462,1.0,0
51,2025-01-16 00:58:41.018904,6.269299681784988,6.419514769767376,57.58936860584024,57.58861030846978,57.63049294458541,57.76502192030532,57.63218050282885,57.58936863610495,57.58861034722563,0.0,0.0,0.0,0.0,-10.12199547005821,1.0,-12.961847993437914,1.0,0
52,2025-01-16 00:58:49.381520,6.202684152426251,6.36761036397748,57.52527149433136,57.525112167609805,57.562676971803086,57.71446350018436,57.564219574931876,57.52527152308612,57.5251122078756,0.0,0.0,0.0,0.0,-9.616994501016052,1.0,-13.466848962480071,1.0,0
53,2025-01-16 00:58:56.502598,6.137180840597081,6.3145937354641895,57.46182019816442,57.461823769903134,57.496178944204416,57.66255704119282,57.49760650493067,57.46182022562986,57.46182381145826,0.0,0.0,0.0,0.0,-9.185782199097048,1.0,-13.898064161708135,1.0,0
54,2025-01-16 00:59:04.157789,6.072595849282214,6.260658790237605,57.398867877294876,57.39904940823555,57.430769523768966,57.609538689525934,57.43210519709561,57.39886790368169,57.3990494508693,0.0,0.0,0.0,0.0,-8.8250382481192,1.0,-14.258808112685983,1.0,0
55,2025-01-16 00:59:12.725072,6.0087727200033,6.205961980208014,57.33633750806003,57.33683944243335,57.36626026908401,57.55560229559992,57.367521850029966,57.336337533550044,57.3368394859639,0.0,0.0,0.0,0.0,-8.525103019678681,1.0,-14.558740443817442,1.0,0
56,2025-01-16 00:59:20.658690,5.9455883251063355,6.150626442508084,57.274194202239606,57.2750753595346,57.30249912151891,57.50090425768988,57.303700086446526,57.27419422697594,57.275075403818825,0.0,0.0,0.0,0.0,-8.273037131516503,1.0,-14.81080633197962,1.0,0
57,2025-01-16 00:59:29.027587,5.882943575815891,6.094751264144783,57.212398455970586,57.21367550679651,57.239366011864824,57.44556767313488,57.24051683625387,57.212398480068835,57.21367555171881,0.0,0.0,0.0,0.0,-8.059630038133037,1.0,-15.024207630744968,1.0,0
58,2025-01-16 00:59:36.097267,6.039624511796118,6.146484151093038,67.45656862062327,62.91916517641101,57.238481079851965,57.38980222040494,57.17833403667089,67.45656802594863,62.919164927414876,0.0,0.0,305.2483745992182,1.0,198.88823150154167,1.0,83.27646192128668,1.0,0
59,2025-01-16 00:59:43.322438,6.189169793581343,6.203812280317496,67.48385621295328,62.95655386366449,57.39114055936022,57.441545781969594,57.33498267991167,67.48385562222973,62.95655361501761,0.0,0.0,303.8101302931343,1.0,197.5667978126694,1.0,83.15965400925052,1.0,0
60,2025-01-16 00:59:50.991529,6.324615218975464,6.27376535296381,67.50998316762286,62.99558029909568,57.533115276717034,57.49890138151531,57.48446794398424,67.5099825805702,62.99558005089534,0.0,0.0,302.4330595961532,1.0,196.33906889339414,1.0,83.01030931647801,1.0,0
61,2025-01-16 00:59:58.055479,6.414346339419709,6.329057630780637,67.39133573636458,62.55951919883118,57.6570535650868,57.56882299191815,57.61975429698253,67.39133515706294,62.55951896324112,0.0,0.0,308.686597481611,1.0,193.74674796949876,1.0,78.79281820578399,1.0,0
62,2025-01-16 01:00:06.808800,6.501462309332884,6.3859559280030505,67.40921180733115,62.59354600253825,57.74559401713709,57.62411840836571,57.709478003754406,67.409211230304,62.59354576749082,0.0,0.0,307.7444052584254,1.0,192.986047886734,1.0,78.61133366361628,1.0,0
63,2025-01-16 01:00:14.523544,6.586385282206943,6.4440507772521505,67.42686319067604,62.628141856795466,57.83172524735103,57.68101909409255,57.79658790143447,67.42686261586043,62.62814162231828,0.0,0.0,306.8140556224718,1.0,192.24640544621252,1.0,78.42061829478553,1.0,0
64,2025-01-16 01:00:23.294882,6.669391953124865,6.503076803753938,67.44431388356321,62.66314489870696,57.91579796055285,57.73911583126501,57.8815056762762,67.44431331090605,62.66314466482143,0.0,0.0,305.8942837577112,1.0,191.52451192098852,1.0,78.22273788065104,1.0,0
65,2025-01-16 01:00:30.311585,6.750683871556087,6.562842802463246,67.46158154304783,62.69845080850293,57.998051913045394,57.79814337622651,57.9645077816715,67.46158097250286,62.69845057522648,0.0,0.0,304.9841590155653,1.0,190.81809002614136,1.0,78.01903387530729,1.0,0
66,2025-01-16 01:00:38.995627,6.830416791449243,6.623202613110471,67.47867934902497,62.7339849789987,58.078666148148606,57.857910605108245,58.04579561983784,67.4786787805509,62.733984746345854,0.0,0.0,304.08298672466583,1.0,190.12548250088912,1.0,77.81046818536197,1.0,0
67,2025-01-16 01:00:46.524126,6.908716010196369,6.684039924881537,67.49561778235238,62.76969003893577,58.157781462572984,57.91827141248165,58.12552484689476,67.49561721591175,62.76968980691887,0.0,0.0,303.19021447153017,1.0,189.44540294000944,1.0,77.59777962462522,1.0,0
68,2025-01-16 01:00:54.506995,6.985685281909939,6.745259482744079,67.51240570578348,62.80552170532426,58.23551258575749,57.979109526964585,58.203820691153986,67.512405141342,62.80552147395387,0.0,0.0,302.30537512792955,1.0,188.7767851337685,1.0,77.38155634683608,1.0,0
69,2025-01-16 01:01:02.325766,7.0614124086194705,6.806781563760971,67.52905052711148,62.84144305693641,58.31195545855326,58.040329723156965,58.28078685569703,67.52904996463748,62.841442826221666,0.0,0.0,301.42807825207217,1.0,188.1187656840666,1.0,77.16227640798934,1.0,0
70,2025-01-16 01:01:09.673601,7.135972959042645,6.868538319820231,67.54555859283157,62.877423593696136,58.387191902445,58.10185230118855,58.356511103532924,67.54555803229553,62.877423363644944,0.0,0.0,300.5579893398944,1.0,187.4706144690208,1.0,76.94034832866237,1.0,0
71,2025-01-16 01:01:18.608638,6.982206448542233,6.836711961576817,58.166344796428305,58.06707954086286,58.41581281481877,58.16351759643389,58.43059584232382,58.16634487653657,58.06707956883452,0.0,0.0,0.0,0.0,-26.7921151231576,1.0,-9.35508935128837,1.0,0
72,2025-01-16 01:01:26.347925,6.835880604692542,6.797444948334298,58.05343828629073,57.98608922510576,58.26421826436065,58.131681381315545,58.27686242951227,58.05343835943164,57.986089260044785,0.0,0.0,0.0,0.0,-24.461890571387812,1.0,-11.685316800367218,1.0,0
73,2025-01-16 01:01:34.155021,6.691914198278859,6.746353205389891,57.92356346706929,57.87576739947827,58.11938754031316,58.0923951554658,58.13054678835762,57.92356353736059,57.87576744277893,0.0,0.0,0.0,0.0,-23.508841037482853,1.0,-14.481854553309859,1.0,0
74,2025-01-16 01:01:42.113925,6.5626749943000435,6.6805342528106415,57.80804311094746,57.77641219517057,57.97902570114528,58.041273610197116,57.98664085405223,57.808043176274104,57.77641224343588,0.0,0.0,0.0,0.0,-21.848419291359278,1.0,-16.142276299433433,1.0,0
75,2025-01-16 01:01:49.633722,6.43827718880494,6.609873905458561,57.69632166287409,57.67416477326635,57.850833375804505,57.975443475957725,57.85742031065384,57.69632172472377,57.67416482500863,0.0,0.0,0.0,0.0,-20.68555242999537,1.0,-17.305146058106402,1.0,0
76,2025-01-16 01:01:57.644956,6.317368731738577,6.535724213328353,57.58606970515623,57.57075122154004,57.72714698668294,57.90477465234565,57.733035577262335,57.58606976404151,57.57075127624671,0.0,0.0,0.0,0.0,-19.694113551054215,1.0,-18.296579142429437,1.0,0
77,2025-01-16 01:02:06.084941,6.1992422844741055,6.458792511040608,57.476989186232046,57.466688356049325,57.60677962832017,57.83061795374069,57.61213731510663,57.476989242524816,57.466688413348514,0.0,0.0,0.0,0.0,-18.82705035541221,1.0,-19.1636452353805,1.0,0
78,2025-01-16 01:02:14.037761,6.0834301277637195,6.379546521408316,57.36892520333473,57.362292558051344,57.48908549252382,57.75368025560325,57.494019194265285,57.368925257332265,57.36229261764577,0.0,0.0,0.0,0.0,-18.05941121745036,1.0,-19.93128437334235,1.0,0
79,2025-01-16 01:02:22.536021,5.969590312383722,6.298328193572774,57.26177017422049,57.25777414614742,57.37362893649665,57.67442903683599,57.378214022820174,57.26177022617055,57.257774207789296,0.0,0.0,0.0,0.0,-17.37463801589456,1.0,-20.61605178028003,1.0,0
80,2025-01-16 01:02:29.857748,5.857457242391754,6.215403124488034,57.15543945840525,57.153276907914,57.26008724546482,57.59320609579242,57.26438016947986,57.15543950851933,57.15327697139186,0.0,0.0,0.0,0.0,-16.760596820404317,1.0,-21.230095873079335,1.0,0
81,2025-01-16 01:02:37.521563,5.97397808302397,6.239793253950211,67.29651272292097,62.424495952513865,57.20476826284119,57.51041578415087,57.15268286748014,67.29651213222809,62.424495718883605,0.0,0.0,313.6844242419063,1.0,197.55653554398123,1.0,78.1373628745996,1.0,0
82,2025-01-16 01:02:46.338532,6.086224126103699,6.267357578276643,67.3160090952559,62.446118712790955,57.319024763298025,57.53480913213372,57.269188617494166,67.31600850756439,62.44611847923182,0.0,0.0,312.65683096211535,1.0,196.55272805266577,1.0,78.11357596722246,1.0,0
83,2025-01-16 01:02:53.785449,6.1939022482361334,6.298411454698011,67.3351118695359,62.468898051206004,57.42890230008569,57.56237737800913,57.381419067733894,67.33511128473185,62.46889781776988,0.0,0.0,311.649983014289,1.0,195.58702017548057,1.0,78.07243707588896,1.0,0
84,2025-01-16 01:03:01.578204,6.296365622926574,6.333627103854883,67.35376457452969,62.49293850796795,57.53394156691206,57.59343644986367,57.48908006841615,67.35376399248484,62.49293827471218,0.0,0.0,310.6668568217714,1.0,194.6642098562279,1.0,78.0121151012736,1.0,0
85,2025-01-16 01:03:09.466936,6.339781300419097,6.350268961394383,67.1890009222392,61.905779781642146,57.6224845109365,57.628633339154035,57.591401873373236,67.18900034835005,61.905779564883694,0.0,0.0,319.3510375985295,1.0,191.93654983155284,1.0,72.49461010758296,1.0,0
86,2025-01-16 01:03:17.776377,6.376490442974971,6.373186195966582,67.19663853343948,61.917554618004395,57.66313817488136,57.645280240198275,57.6348078676895,67.19663796062063,61.91755440137926,0.0,0.0,318.94848281509485,1.0,191.57858729727195,1.0,72.45001762385073,1.0,0
87,2025-01-16 01:03:24.968589,6.411478712833114,6.397408551003538,67.20400343103938,61.93206350065637,57.699157851810746,57.66819869423879,57.67151475060675,67.2040028591508,61.93206328426159,0.0,0.0,318.5603019191829,1.0,191.26745686662616,1.0,72.372978175963,1.0,0
88,2025-01-16 01:03:32.721773,6.445243440199295,6.422446551316377,67.21122889532806,61.947097565191214,57.73366068285514,57.69242184042602,57.70650147013313,67.21122832432624,61.94709734904838,0.0,0.0,318.1794701203804,1.0,190.97088251669447,1.0,72.28871573659035,1.0,0
89,2025-01-16 01:03:39.922774,6.47803944824535,6.44805170426016,67.21834246304792,61.96244709878616,57.767043867566684,57.717460403667616,57.7402650031466,67.21834189290126,61.962446882909234,0.0,0.0,317.804536042456,1.0,190.68487755021124,1.0,72.19978283501405,1.0,0
90,2025-01-16 01:03:46.963180,6.510030082586059,6.474066077813849,67.22535992370109,61.978006658385084,57.79952456851001,57.74306596942076,57.773060040796594,67.22535935438434,61.97800644278416,0.0,0.0,317.4346674697538,1.0,190.4073153423269,1.0,72.10747456838362,1.0,0
91,2025-01-16 01:03:54.989730,6.541330451112115,6.500379357101889,67.23229270088389,61.993709980017194,57.83124633637008,57.76908064801784,57.80504985981612,67.23229213237607,61.99370976469988,0.0,0.0,317.06926229996384,1.0,190.1367704169843,1.0,72.0126224643991,1.0,0
92,2025-01-16 01:04:03.911587,6.572026709255638,6.526909715994943,67.23914868947296,62.00951111649068,57.86231243980788,57.795394150701824,57.836349527235846,67.23914812175613,62.00951090146283,0.0,0.0,316.70790441864006,1.0,189.8722229213945,1.0,71.91580888218141,1.0,0
93,2025-01-16 01:04:10.279111,6.6021859935191145,6.553593990552459,67.24593441857422,62.02537586407583,57.89280128526571,57.8219246689357,57.86704517197437,67.24593385163274,62.02537564934203,0.0,0.0,316.3502496968719,1.0,189.61290796596586,1.0,71.81746841808945,1.0,0
94,2025-01-16 01:04:18.591568,6.631862129377542,6.580382035023264,67.2526546966976,62.041277612604986,57.922774605905296,57.84860905136375,57.897203912211765,67.25265413051763,62.04127739816877,0.0,0.0,315.9960446930245,1.0,189.35822870503216,1.0,71.7179371599741,1.0,0
95,2025-01-16 01:04:27.228074,6.661099199676115,6.607233221797825,67.25931399766041,62.05719618113538,57.95228228677656,57.875397161646525,57.92687956018083,67.25931343222952,62.05719596699952,0.0,0.0,315.6450536060704,1.0,189.1076925960533,1.0,71.61748455757788,1.0,0
96,2025-01-16 01:04:35.214999,6.689933896045942,6.634114114542108,67.26591559533347,62.073114513015184,57.98136543220445,57.902248379428684,57.95611618880836,67.26591503064047,62.073114299181796,0.0,0.0,315.29710388044015,1.0,188.86090560499724,1.0,71.51632501177119,1.0,0
97,2025-01-16 01:04:42.848955,6.7165338870785405,6.660117740121296,67.26604362494398,62.067548343987625,58.009742386619926,57.929128368793265,57.984948527531685,67.26604306117936,62.06754813105405,0.0,0.0,315.2903558370044,1.0,188.5504067877264,1.0,71.21538151977802,1.0,0
98,2025-01-16 01:04:50.699849,6.742863850195284,6.686044855445521,67.27218222882286,62.08284877197295,58.03624020092893,57.95513191679664,58.011548244676,67.27218166572811,62.08284855933692,0.0,0.0,314.96680907738875,1.0,188.32636946740422,1.0,71.11587054282609,1.0,0
99,2025-01-16 01:04:59.490217,6.768937639585222,6.711884044843858,67.27827760222074,62.09809233391106,58.062473410362514,57.98105894321096,58.03787795015917,67.27827703978926,62.098092121572364,0.0,0.0,314.64554086226184,1.0,188.10454569120338,1.0,71.01642620398252,1.0,0
100,2025-01-16 01:05:07.486112,6.794767424858106,6.737625515048636,67.28433100086194,62.11327476616054,58.08845520602284,58.006898034098526,58.06395149615147,67.2843304390875,62.113274554118796,0.0,0.0,314.32648500629386,1.0,187.88479638828903,1.0,70.91711224404662,1.0,0
101,2025-01-16 01:05:15.072695,6.820363936582949,6.763260851579989,67.29034346319528,62.1283920604833,58.11419719253251,58.032639397670266,58.0897810505549,67.29034290207196,62.128391848737955,0.0,0.0,314.0095867760694,1.0,187.66703463938939,1.0,70.81798081458146,1.0,0
102,2025-01-16 01:05:23.025321,6.845736669298842,6.788782818420539,67.2963158898293,62.14344039462584,58.13970961626527,58.05827462071327,58.115377342485104,67.2963153293515,62.143440183176196,0.0,0.0,313.69479870330684,1.0,187.45113875752395,1.0,70.7190840671501,1.0,0
103,2025-01-16 01:05:30.804159,6.870894050466715,6.814185201519551,67.30224907466521,62.15841715355315,58.16500155462211,58.083796468309515,58.1407498652374,67.30224851482751,62.158416942398404,0.0,0.0,313.38207894393804,1.0,187.23705659112966,1.0,70.62045676946127,1.0,0
104,2025-01-16 01:05:38.630777,6.8958435831564175,6.839462670971168,67.30814378091539,62.17332009742529,58.19008107450178,58.10919872735915,58.16590704520395,67.30814322171273,62.17331988656451,0.0,0.0,313.0713872714081,1.0,187.02467224784414,1.0,70.52213948384178,1.0,0
105,2025-01-16 01:05:46.650224,6.920591966999637,6.864610659302773,67.31400073498997,62.18814680563933,58.21495536609876,58.134476068775655,58.190856384532665,67.31400017641734,62.1881465950715,0.0,0.0,312.7626853988906,1.0,186.8139625491949,1.0,70.42416118338224,1.0,0
106,2025-01-16 01:05:54.903415,6.94514519904551,6.889625264650426,67.31982049548475,62.20289533902025,58.2396308559574,58.15962392579987,58.215604582055036,67.31981993753743,62.20289512874428,0.0,0.0,312.45594388453696,1.0,186.60482319205585,1.0,70.32655084117323,1.0,0
107,2025-01-16 01:06:02.905979,6.96950866195257,6.914503170795197,67.32560362084709,62.21756446828343,58.264113302730266,58.18463839719309,58.240157634125055,67.32560306352048,62.21756425829814,0.0,0.0,312.1511332943179,1.0,186.39723099795447,1.0,70.22933163568723,1.0,0
108,2025-01-16 01:06:09.649347,6.99368720108248,6.939241571377925,67.33135073041126,62.232152928551244,58.288407880827556,58.20951616727848,58.26452092279679,67.33135017370088,62.2321527188554,0.0,0.0,311.84822098504696,1.0,186.19112802070958,1.0,70.13252674539672,1.0,0
109,2025-01-16 01:06:18.091312,7.060632396509641,6.984045859663563,67.48592641974996,62.73994961763492,58.320156450233014,58.23428061450945,58.28876804367773,67.48592585896932,62.73994939469794,0.0,0.0,303.7010161176609,1.0,187.5524228876202,1.0,74.56101149102778,1.0,0
110,2025-01-16 01:06:25.526217,7.125758035209689,7.029884821453333,67.49983019960956,62.76748662874745,58.386335841693054,58.27908658904097,58.35570921686207,67.49982964055816,62.767486406272354,0.0,0.0,302.9681910309231,1.0,186.97407943705002,1.0,74.40653276660214,1.0,0
111,2025-01-16 01:06:33.280710,6.963650611091667,6.978465251886121,58.16002598958392,58.09340642741727,58.40584486399079,58.32483443526823,58.42034216013867,58.16002606905733,58.09340647229098,0.0,0.0,0.0,0.0,-26.579788726053266,1.0,-15.007959521540215,1.0,0
112,2025-01-16 01:06:41.715906,6.8174786009530095,6.911110270000291,58.03274442025796,57.987026008689305,58.24815846989169,58.27338218224331,58.25830726157337,58.0327444942628,57.98702605903161,0.0,0.0,0.0,0.0,-24.750830511948152,1.0,-16.836923530263448,1.0,0
113,2025-01-16 01:06:49.217537,6.678219263074753,6.836842608431508,57.9092006057939,57.876379019115895,58.10367896415527,58.20601072424348,58.11216471595439,57.90920067582395,57.876379073432986,0.0,0.0,0.0,0.0,-23.421469785489535,1.0,-18.166287154031124,1.0,0
114,2025-01-16 01:06:57.202964,6.54324714297188,6.758287730711174,57.78758409443551,57.763977447022405,57.965399576350336,58.13173215930083,57.97292303929084,57.78758416115906,57.763977504646,0.0,0.0,0.0,0.0,-22.315613274486168,1.0,-19.27214366503449,1.0,0
115,2025-01-16 01:07:04.585280,6.411577961415214,6.676429922295706,57.667306941307565,57.6505874388133,57.83114562496133,58.053168527228,57.83796420415808,57.66730700514598,57.650587499322015,0.0,0.0,0.0,0.0,-21.350681876128874,1.0,-20.237069268773666,1.0,0
116,2025-01-16 01:07:12.406700,6.28262094674462,6.591859949973039,57.54815860768049,57.53662304418394,57.700042027510754,57.9713033013179,57.70630572146892,57.54815866895984,57.536623107251714,0.0,0.0,0.0,0.0,-20.494805190764964,1.0,-21.092943056828517,1.0,0
117,2025-01-16 01:07:20.533641,6.155962468683314,6.504991437859151,57.43001073730743,57.42235568819291,57.57154716383584,57.88672688166515,57.57735762512759,57.43001079629611,57.42235575355135,0.0,0.0,0.0,0.0,-19.728695831986442,1.0,-21.859055312916098,1.0,0
118,2025-01-16 01:07:27.484007,6.03128994894434,6.416136981246451,57.312768664910244,57.30797349559732,57.445275237170556,57.79985268067535,57.450706742445185,57.31276872183608,57.3079735630186,0.0,0.0,0.0,0.0,-19.038777009541263,1.0,-22.54896834074316,1.0,0
119,2025-01-16 01:07:35.541914,5.90835532775824,6.325544624526571,57.19635507731286,57.19360866834471,57.320931233013866,57.71099315598871,57.32604078538321,57.19635513237299,57.19360873763169,0.0,0.0,0.0,0.0,-18.41479514666844,1.0,-23.172950203615983,1.0,0
120,2025-01-16 01:07:44.987677,5.786955487484678,6.233417484470047,57.080704129044015,57.079354537347875,57.19827912496444,57.62039625407369,57.2031118945333,57.0807041824111,57.07935460832791,0.0,0.0,0.0,0.0,-17.84855665334817,1.0,-23.739188696936253,1.0,0
121,2025-01-16 01:07:51.792264,5.921483073616802,6.261730611214343,67.3393565024487,62.600473669748084,57.139716943573916,57.52843417165514,57.08224990695435,67.33935590835415,62.60047343209236,0.0,0.0,311.4262615864543,1.0,198.69421609769233,1.0,79.48367575636439,1.0,0
122,2025-01-16 01:07:59.022668,6.051493140242344,6.293293451862878,67.36181479137802,62.62543686023506,57.271739600787875,57.5567510173147,57.21675944453336,67.36181420073788,62.62543662266418,0.0,0.0,310.2425548751264,1.0,197.538896726428,1.0,79.45529951143726,1.0,0
123,2025-01-16 01:08:06.457060,6.17673716518566,6.328377151024251,67.38387266400152,62.65156079033359,57.399162474799674,57.588318272446614,57.34675104060075,67.38387207669975,62.65156055290051,0.0,0.0,309.07995286461,1.0,196.4223839127044,1.0,79.40921201623041,1.0,0
124,2025-01-16 01:08:13.423345,6.296729016880223,6.367493017514703,67.40548413751762,62.67893523280511,57.52162188854302,57.623407513646015,57.47197539546354,67.4054835534263,62.678934995567445,0.0,0.0,307.9408791656665,1.0,195.34865276455093,1.0,79.34385741577898,1.0,0
125,2025-01-16 01:08:21.961843,6.410076155486941,6.412065404001204,67.42653235469926,62.707713678482065,57.638190738388,57.6625316871004,57.591943392771256,67.42653177366269,62.70771344150667,0.0,0.0,306.8314929600743,1.0,194.32699205481185,1.0,79.2561413840076,1.0,0
126,2025-01-16 01:08:29.676297,6.51153400587048,6.4673937030669535,67.44660923855561,62.73827537859165,57.74569388690306,57.707123110575125,57.705250755627475,67.446608660327,62.738275141972295,0.0,0.0,305.7733027195779,1.0,193.38787568017324,1.0,79.13706487897798,1.0,0
127,2025-01-16 01:08:37.227022,6.6089592323224755,6.525645630505956,67.46625436790224,62.77318744122045,57.84525218016482,57.76245718589468,57.80669597318279,67.4662537922505,62.77318720512018,0.0,0.0,304.7378689193599,1.0,192.52604212738333,1.0,78.96345522283355,1.0,0
128,2025-01-16 01:08:45.747584,6.703416363058017,6.585773294497594,67.48560498097358,62.809184791743895,57.941305946909395,57.820712950468334,57.90411217944579,67.48560440780447,62.809184556210525,0.0,0.0,303.71795815799595,1.0,191.695731297159,1.0,78.7738582152997,1.0,0
129,2025-01-16 01:08:52.461737,6.795423839136896,6.647272197195425,67.50470837055879,62.845847154372485,58.03464842957778,57.880843485787516,57.99856204576315,67.50470779980128,62.84584691943808,0.0,0.0,302.7110777793406,1.0,190.8891726066031,1.0,78.57353247231913,1.0,0
130,2025-01-16 01:09:00.460994,6.885305439816708,6.709830905149601,67.5235932503803,62.88297559185008,58.12570118727435,57.94234464518248,58.090563349386315,67.5235926819755,62.88297535753908,0.0,0.0,301.7157143721958,1.0,190.10231561765067,1.0,78.36503631779124,1.0,0
131,2025-01-16 01:09:09.375270,6.973291627509154,6.773230184363936,67.54227908747083,62.920448802833484,58.21474148012846,58.004905166301505,58.180439550544136,67.5422785213676,62.92044856916568,0.0,0.0,300.7308418896838,1.0,189.33255275214833,1.0,78.14992270937182,1.0,0
132,2025-01-16 01:09:17.053418,7.059557921927543,6.837304902864674,67.5607809042372,62.95818166901928,58.30197237064502,58.068305917397694,58.2684209236864,67.56078034039015,62.9581814360111,0.0,0.0,299.75566854735916,1.0,188.57798337535314,1.0,77.92931000835779,1.0,0
133,2025-01-16 01:09:24.611101,7.131756967439918,6.89617428988777,67.5351887215618,62.85090081820224,58.38515773235367,58.132369637538254,58.35465090591389,67.53518816130132,62.85090058963882,0.0,0.0,301.1045530721646,1.0,187.37845686246146,1.0,76.44276447081211,1.0,0
134,2025-01-16 01:09:32.105877,6.975824067781079,6.86068005816111,58.16285085391186,58.07092421633679,58.41152045982724,58.19114892745079,58.42636995182907,58.1628509338816,58.070924247844516,0.0,0.0,0.0,0.0,-26.74578425398977,1.0,-10.537721655055066,1.0,0
135,2025-01-16 01:09:40.253890,6.827602816926004,6.81747418851215,58.04630003877314,57.98393826660066,58.25784087916439,58.15564355531767,58.27047175037629,58.04630011205649,57.98393830479477,0.0,0.0,0.0,0.0,-24.509531024250464,1.0,-12.77397488479437,1.0,0
136,2025-01-16 01:09:46.897122,6.691287280862906,6.762362591759169,57.93095310672357,57.88975618934133,58.112768353679705,58.11241689805634,58.122301109718926,57.93095317425339,57.88975623328899,0.0,0.0,0.0,0.0,-22.58526872594757,1.0,-14.69824587502444,1.0,0
137,2025-01-16 01:09:54.295863,6.5660104323728135,6.6962123100795115,57.818741500155504,57.79110527051403,57.97900716262049,58.0572822527803,57.98602925415425,57.81874156323837,57.791105318908635,0.0,0.0,0.0,0.0,-21.09799016920988,1.0,-16.185518637144014,1.0,0
138,2025-01-16 01:10:01.321705,6.44505060716621,6.625745021505574,57.70954916913836,57.690350320926896,57.854631851154316,57.991121992024524,57.860768630690394,57.70954922892055,57.69035037262213,0.0,0.0,0.0,0.0,-19.994083547203445,1.0,-17.28941077260515,1.0,0
139,2025-01-16 01:10:09.339851,6.327318662533885,6.5520498449360565,57.60171052519525,57.58861681693375,57.73430978415867,57.92064689219165,57.73982061969156,57.60171058214258,57.58861687146389,0.0,0.0,0.0,0.0,-19.045965233317474,1.0,-18.23754067572736,1.0,0
140,2025-01-16 01:10:17.102973,6.2121937604578426,6.475747630058135,57.49498708797327,57.48635018120412,57.61707004932507,57.84694518993297,57.62209801797515,57.494987142435626,57.48635023821923,0.0,0.0,0.0,0.0,-18.21486923233806,1.0,-19.068633779397715,1.0,0
141,2025-01-16 01:10:24.790546,6.0992513133858255,6.397262970954259,57.38924087911371,57.38383058706382,57.50234132899483,57.77063736373595,57.50698079980662,57.38924093137435,57.38383064628059,0.0,0.0,0.0,0.0,-17.478512340289853,1.0,-19.804979082209684,1.0,0
142,2025-01-16 01:10:32.414679,5.988175100297021,6.316912073291658,57.28437156830678,57.2812452473207,57.3897261322562,57.69214779961855,57.39404482382789,57.284371618603345,57.281245308501575,0.0,0.0,0.0,0.0,-16.821625738430157,1.0,-20.4618714786875,1.0,0
143,2025-01-16 01:10:39.941688,5.878716866661243,6.234943210862257,57.180298771245255,57.17872191348594,57.27892498502382,57.61179257013622,57.28297414660058,57.1802988197811,57.178721976427525,0.0,0.0,0.0,0.0,-16.232756364047418,1.0,-21.05073795576118,1.0,0
144,2025-01-16 01:10:46.351605,5.997180769253789,6.260319529996216,67.30894428493285,62.46146353547332,57.226425458308654,57.529956834824574,57.17394950926087,67.3089436945316,62.46146330139608,0.0,0.0,313.02919518897045,1.0,197.45899473718964,1.0,78.28685533013413,1.0,0
145,2025-01-16 01:10:54.644439,6.124743326779067,6.295156469825108,67.37677290238554,62.643267646134845,57.34580205174002,57.55534402865257,57.29244758161213,67.37677231361607,62.64326740807754,0.0,0.0,309.4541592656446,1.0,196.9132518081551,1.0,79.61798341511894,1.0,0
146,2025-01-16 01:11:01.974988,6.247152170087692,6.333909394445805,67.39869867326841,62.670709967993794,57.470608542703765,57.59018631275846,57.41999052036754,67.39869808776726,62.6707097301235,0.0,0.0,308.29851992790447,1.0,195.8201666354853,1.0,79.55543920445507,1.0,0
147,2025-01-16 01:11:09.774746,6.363349100087573,6.377666266780258,67.42009695910266,62.699524070752545,57.589784545159006,57.62894676407199,57.54237663493073,67.42009637672219,62.69952383313381,0.0,0.0,307.170682690054,1.0,194.7764631984228,1.0,79.47130424668103,1.0,0
148,2025-01-16 01:11:18.009941,6.467299715633212,6.432517863108744,67.44049663439763,62.7299096776571,57.69989577549474,57.672723057748506,57.65853172978198,67.44049605489298,62.72990944037741,0.0,0.0,306.09547911459293,1.0,193.81464930461334,1.0,79.35791226202582,1.0,0
149,2025-01-16 01:11:25.355803,6.566673151406756,6.490821362110867,67.46043019742031,62.76476488360071,57.801670457270255,57.72758145003709,57.76246773233088,67.46042962054982,62.764764646828255,0.0,0.0,305.0448428704498,1.0,192.933652949705,1.0,79.18826902198361,1.0,0
150,2025-01-16 01:11:33.691003,6.6628784702990185,6.55118539706866,67.48005043183568,62.80091806265528,57.89956936610007,57.785889172722875,57.861831382041494,67.48004985749434,62.800917826445676,0.0,0.0,304.01072120479796,1.0,192.08778356983203,1.0,79.00002216047142,1.0,0
151,2025-01-16 01:11:41.295572,6.756514419164897,6.61302573732388,67.49941343662297,62.83780817605358,57.994598008909065,57.84625631174022,57.9580289643046,67.49941286473538,62.8378079404417,0.0,0.0,302.99015731454426,1.0,191.26713236801152,1.0,78.8001136299954,1.0,0
152,2025-01-16 01:11:49.294576,6.847938278763614,6.675997843244978,67.518550577358,62.875204392675684,58.08723457859738,57.908099074435924,58.05165839515001,67.51855000786252,62.87520415768759,0.0,0.0,301.98149801752686,1.0,190.46709262283912,1.0,78.59148999386889,1.0,0
153,2025-01-16 01:11:56.888970,6.937399283573929,6.739864018042011,67.53748344992498,62.912972261143345,58.17778230205951,57.97107312040303,58.14307658239976,67.53748288276854,62.91297202679988,0.0,0.0,300.9836050617124,1.0,189.6847959983461,1.0,78.37589543214563,1.0,0
154,2025-01-16 01:12:04.794759,7.025084789698238,6.804447546621389,67.55622794787445,62.95101962208824,58.266459440352975,58.03494086860999,58.23253254676034,67.55622738301012,62.95101938840667,0.0,0.0,299.99564074737566,1.0,188.91820278895466,1.0,78.15452363615805,1.0,0
155,2025-01-16 01:12:12.706720,7.111142751294418,6.869610412805907,67.57479625830052,62.98927866603685,58.35343362547889,58.09952567879781,58.32021350818639,67.57479569568589,62.98927843303181,0.0,0.0,299.0169627306092,1.0,188.16579480471773,1.0,77.92826118247831,1.0,0
156,2025-01-16 01:12:20.535853,6.970096402896392,6.841617915174861,58.17775592528826,58.08945277960471,58.39311211901706,58.16459407408311,58.40582136609968,58.177755999282354,58.08945280405047,0.0,0.0,0.0,0.0,-24.747237848714576,1.0,-8.175852693739216,1.0,0
157,2025-01-16 01:12:28.690707,6.846912608037186,6.811075188965737,58.098797058733865,58.04495962731893,58.255452662475484,58.13659871298341,58.2648463032182,58.098797121045465,58.04495965453018,0.0,0.0,0.0,0.0,-20.84003984634819,1.0,-9.100769356678029,1.0,0
158,2025-01-16 01:12:35.319977,6.732005048441742,6.77225623279112,58.005096581716614,57.9721741832273,58.13420089794032,58.106045251789624,58.14169273421912,58.0050966378485,57.97217421661825,0.0,0.0,0.0,0.0,-18.773244428871294,1.0,-11.167561876845866,1.0,0
159,2025-01-16 01:12:43.311575,6.630694622009229,6.71984014369331,57.913398820000566,57.89388082553947,58.02202835327796,58.067204023229266,58.02683091612696,57.91339887113539,57.89388086392747,0.0,0.0,0.0,0.0,-17.101980952247686,1.0,-12.838822456160415,1.0,0
160,2025-01-16 01:12:50.179837,6.533751592062743,6.663056663015407,57.825432107948465,57.81295628439894,57.92147794067774,58.01477959277237,57.92553413620493,57.82543215579446,57.81295632607576,0.0,0.0,0.0,0.0,-16.002037849034423,1.0,-13.938762662064619,1.0,0
161,2025-01-16 01:12:58.128731,6.439857509913036,6.603224240085881,57.738852932000725,57.73109224990761,57.82503063746329,57.95798995343928,57.82860032865033,57.738852977126264,57.73109229430488,0.0,0.0,0.0,0.0,-15.092184295895095,1.0,-14.848613317894888,1.0,0
162,2025-01-16 01:13:05.610913,6.348340836516115,6.541014412541472,57.65335590712437,57.64879321632703,57.731503009373995,57.89815253864274,57.73471326315659,57.65335594992835,57.64879326304588,0.0,0.0,0.0,0.0,-14.315737338392864,1.0,-15.625063172706177,1.0,0
163,2025-01-16 01:13:12.702586,6.2587628182683535,6.476865920084012,57.56878410724185,57.56634898471833,57.64027199574412,57.83593851796022,57.643202197677496,57.56878414803602,57.566349033446976,0.0,0.0,0.0,0.0,-13.643564533936114,1.0,-16.297235977162927,1.0,0
164,2025-01-16 01:13:20.156126,6.170805783582986,6.411096447882649,57.4850273206813,57.48393843569095,57.550923697954104,57.77178643554296,57.55362878981949,57.48502735972038,57.48393848617469,0.0,0.0,0.0,0.0,-13.056572615823825,1.0,-16.884224997966157,1.0,0
165,2025-01-16 01:13:27.817048,6.084225511589977,6.343950220756412,57.40199796083732,57.401671541137254,57.463155198662356,57.706013854428804,57.46567561451837,57.40199799833441,57.401671593162966,0.0,0.0,0.0,0.0,-12.540857397880245,1.0,-17.399937318600678,1.0,0
166,2025-01-16 01:13:35.726242,5.99882749369435,6.275621742540842,57.31962347999628,57.319608302217766,57.37673197830171,57.6388649138787,57.379098615216115,57.31962351613188,57.31960835560497,0.0,0.0,0.0,0.0,-12.085507614187918,1.0,-17.855287102293005,1.0,0
167,2025-01-16 01:13:42.895675,5.914448993158705,6.2062737397688235,57.23780831586633,57.23790557093244,57.29146577908506,57.57053406335702,57.29370338871604,57.23780835080595,57.23790562551562,0.0,0.0,0.0,0.0,-11.685513817383253,1.0,-18.25528089909767,1.0,0
168,2025-01-16 01:13:51.997395,6.052998250727163,6.244507796921404,67.39322103571591,62.72026994888998,57.266320816295554,57.50130284692153,57.2097599204519,67.39322044391281,62.720269707541384,0.0,0.0,308.58722920373117,1.0,197.92784887840753,1.0,80.71875225141412,1.0,0
169,2025-01-16 01:13:59.537600,6.166383251030967,6.277482739865411,67.34595195662376,62.51383615238029,57.39721592532403,57.5395299267716,57.348212759416505,67.34595137046549,62.51383591720831,0.0,0.0,311.0786356655365,1.0,196.03994491149024,1.0,78.6529911732714,1.0,0
170,2025-01-16 01:14:08.871497,6.2744398974022655,6.314677394173266,67.36559079559596,62.539237930956666,57.5078646839716,57.57251039854621,57.461579465237136,67.36559021233911,62.53923769597821,0.0,0.0,310.04353341143326,1.0,195.0695665721014,1.0,78.58826818619491,1.0,0
171,2025-01-16 01:14:15.714472,6.3724912678716175,6.360815084950169,67.38440777195366,62.5660000053696,57.61097887824042,57.60971861648091,57.56960379777288,67.38440719139528,62.56599977065812,0.0,0.0,309.0517489851314,1.0,194.16706638935466,1.0,78.49897891560431,1.0,0
172,2025-01-16 01:14:24.088201,6.463607095083522,6.4128613065183036,67.40260054583189,62.59627128107625,57.70575494520378,57.65586661427059,57.66763434679507,67.40259996773428,62.596271046771044,0.0,0.0,308.0928643343421,1.0,193.34406257257797,1.0,78.36309801803054,1.0,0
173,2025-01-16 01:14:32.131521,6.55140497580621,6.467218337924428,67.42044140882928,62.62889609110787,57.79534764133013,57.707917151103594,57.75874067309993,67.42044083304536,62.62889585730057,0.0,0.0,307.15252781394594,1.0,192.57024926901067,1.0,78.19657517984524,1.0,0
174,2025-01-16 01:14:40.366761,6.6366497052948725,6.523136018778251,67.43802288692034,62.662375238501845,57.88199316498931,57.762277189858985,57.84653145042828,67.43802231337092,62.66237500523076,0.0,0.0,306.22586266697476,1.0,191.82292316486382,1.0,78.01724044099956,1.0,0
175,2025-01-16 01:14:48.215275,6.71974653941787,6.580221627907558,67.45538246979443,62.696407120926025,57.96628147811129,57.818197167651384,57.93177034163083,67.45538189841756,62.696406888218156,0.0,0.0,305.3108929282487,1.0,191.09631861510934,1.0,77.82887189250687,1.0,0
176,2025-01-16 01:14:56.219090,6.800966135968028,6.638215694294999,67.47254395379169,62.730835828601435,58.048552249082014,57.875284591253845,58.01486217718039,67.47254338453507,62.73083559647783,0.0,0.0,304.40636436653165,1.0,190.387202222837,1.0,77.63346578030905,1.0,1
177,2025-01-16 01:15:07.719321,6.88050601797677,6.69693091090733,67.4895242107607,62.765559258872045,58.129040498268196,57.93328011534254,58.09607738370547,67.48952364357869,62.76555902734984,0.0,0.0,303.5113877190433,1.0,189.69335464930737,1.0,77.43232879079187,1.0,1
178,2025-01-16 01:15:19.312110,6.958519009645942,6.756223927538314,67.50633660848004,62.80050386717812,58.207921974863204,57.99199651095459,58.17561334301494,67.5063360433319,62.80050363627157,0.0,0.0,302.62525841166354,1.0,189.01313022297472,1.0,77.22642283056302,1.0,1
179,2025-01-16 01:15:31.314680,7.035128141142381,6.815980605854593,67.52299175226409,62.8356150234263,58.28533500167652,58.051290480793654,58.253622785295015,67.52299118911289,62.83561479314754,0.0,0.0,301.74741747118395,1.0,188.34525412785297,1.0,77.01646063765111,1.0,1
180,2025-01-16 01:15:42.413191,7.110435329643279,6.876107420142043,67.53949817690848,62.870847619857585,58.361392345800674,58.11104792458296,58.33022867422056,67.53949761572046,62.87084739021694,0.0,0.0,300.87741505501225,1.0,187.6886717434445,1.0,76.80304485234046,1.0,1
181,2025-01-16 01:15:53.482547,7.1996254135949,6.9434710201047976,67.60902964798242,63.08166250496688,58.43910133863366,58.171190509465816,58.405572858615436,67.60902908706443,63.08166227142925,0.0,0.0,297.21262700202954,1.0,187.59836262006502,1.0,78.10638194882813,1.0,1
182,2025-01-16 01:16:04.607788,7.287264133795376,7.011308069339924,67.62812443364008,63.12132596334389,58.52761684973024,58.2385551941877,58.49475854513144,67.628123875019,63.12132573051857,0.0,0.0,296.2062001096948,1.0,186.8301585068366,1.0,77.86815360873334,1.0,1
183,2025-01-16 01:16:16.180307,7.373453519310512,7.079525634080691,67.64705785988694,63.16110467432502,58.614631050203116,58.30639311994229,58.582393216576605,67.64705730352625,63.161104442223106,0.0,0.0,295.2082779711311,1.0,186.07417524322045,1.0,77.62621091842448,1.0,1
184,2025-01-16 01:16:27.931549,7.458280997067641,7.148044974807496,67.66583734251438,63.20096324645226,58.70023860355682,58.374611382794384,58.66857885005077,67.6658367883801,63.20096301508344,0.0,0.0,294.21846972299306,1.0,185.3295494311169,1.0,77.38102903658728,1.0,1
185,2025-01-16 01:16:38.600142,7.541822610739107,7.216798386620971,67.68446923595342,63.240872426568245,58.784521202782216,58.443131266815165,58.75340283204975,67.68446868401381,63.24087219594101,0.0,0.0,293.23644044293763,1.0,184.595550948643,1.0,77.13300779187193,1.0,1
186,2025-01-16 01:16:50.052735,7.624145303378633,7.28572695186017,67.7029589476663,63.28080664531456,58.86755031550145,58.511885086203264,58.83694117400296,67.70295839789149,63.28080641543641,0.0,0.0,292.26190512041563,1.0,183.87153659318756,1.0,76.8824774775112,1.0,1
187,2025-01-16 01:17:01.826278,7.705308596559824,7.35477889109777,67.72131140369925,63.320743021597266,58.949389160448156,58.58081393905879,58.91926079274506,67.72131085606101,63.32074279247476,0.0,0.0,291.2946041188174,1.0,183.15696167064743,1.0,76.6297510028835,1.0,1
188,2025-01-16 01:17:14.021817,7.785365855619689,7.4239083485018496,67.73953105987334,63.36066369993761,59.030094176855556,58.6498660592352,59.00042118817161,67.73953051434495,63.360663471576565,0.0,0.0,290.33430258564164,1.0,182.45132784386442,1.0,76.37508333118603,1.0,1
189,2025-01-16 01:17:25.332659,7.864365263860619,7.49307441385118,67.75762177489959,63.40055030893948,59.10971614213426,58.71899560214774,59.08047570743972,67.75762123145564,63.400550081344946,0.0,0.0,289.3807971402053,1.0,181.75418892724338,1.0,76.11872363099792,1.0,1
190,2025-01-16 01:17:36.485900,7.942350591227963,7.56224038954327,67.77558719046351,63.44038778444273,59.18830104146742,58.78816166728763,59.15947251842876,67.7755866490798,63.44038755761919,0.0,0.0,288.4338958405696,1.0,181.06514509213412,1.0,75.86086312471707,1.0,1
191,2025-01-16 01:17:48.034968,8.019361806937841,7.631373193098233,67.79343056048442,63.48016249797116,59.26589075739868,58.857327565495076,59.237455377859106,67.79343002113781,63.48016227192251,0.0,0.0,287.49342718274335,1.0,180.38383707221328,1.0,75.60170462397764,1.0,1
192,2025-01-16 01:17:58.717546,8.095435578172081,7.700442874933289,67.81115495039444,63.51986219034297,59.34252362436988,58.92646022169556,59.31446424350805,67.81115441306281,63.51986196507258,0.0,0.0,286.5592295973134,1.0,179.70992877963,1.0,75.34141617270507,1.0,1
193,2025-01-16 01:18:10.577576,8.16876484199384,7.768580839722213,67.82234852037733,63.538679777715934,59.4179026487828,58.99552774183278,59.39053127587523,67.82234798524857,63.538679553779566,0.0,0.0,285.9692512621804,1.0,178.97318364816783,1.0,74.89525375603989,1.0,1
194,2025-01-16 01:18:21.696937,8.241267104031396,7.836578513090473,67.83948350306862,63.57767688865307,59.49090389156344,59.063665383296076,59.46385855049495,67.8394829698635,63.57767666549341,0.0,0.0,285.0661195020549,1.0,178.32982458230617,1.0,74.635486820398,1.0,1
195,2025-01-16 01:18:32.651847,8.312968711976684,7.904415618732893,67.85651103922392,63.61656060091812,59.56309031454043,59.13166268730538,59.53635890503353,67.85651050792389,63.61656037853679,0.0,0.0,284.16865091538773,1.0,177.6926657578315,1.0,74.37517519065295,1.0,1
196,2025-01-16 01:18:44.739102,8.38389423294395,7.972073534409611,67.8734330668299,63.65532225366011,59.634487401917006,59.1994993816301,59.60805868124786,67.87343253741712,63.655322032058365,0.0,0.0,283.27674335691273,1.0,177.06148118463716,1.0,74.11444055378524,1.0,1
197,2025-01-16 01:18:57.055631,8.454066627353402,8.039535148315867,67.8902514884554,63.69395605884537,59.70511894453347,59.26715684777433,59.678982440926276,67.8902509609125,63.6939558380242,0.0,0.0,282.39029654813555,1.0,176.43610281879774,1.0,73.85338141830289,1.0,1
198,2025-01-16 01:19:09.032255,8.52350740229723,8.106784700880944,67.90696832215295,63.732455280996675,59.77500720299036,59.33461797730931,59.74915313969587,67.90696779646326,63.73245506095676,0.0,0.0,281.5092041237652,1.0,175.81629887558847,1.0,73.59209049809579,1.0,1
199,2025-01-16 01:19:19.967825,8.592236735387393,8.173807662120094,67.92358490655205,63.77081390827057,59.844173047273344,59.40186701375125,59.81859228029629,67.92358438269935,63.77081368901232,0.0,0.0,280.63339552879955,1.0,175.20191869493829,1.0,73.33066050705384,1.0,1
200,2025-01-16 01:19:31.149838,8.660273597257737,8.240590629239476,67.94010308115635,63.80902710235017,59.912636078205914,59.46888942995763,59.88732003640446,67.94010255912492,63.80902688387381,0.0,0.0,279.76277380870727,1.0,174.59279423292173,1.0,73.06916098059446,1.0,1
201,2025-01-16 01:19:43.093000,8.727635846952388,8.307121218799912,67.95652409523932,63.84708928598746,59.98041473781379,59.53567182571855,59.955355375057174,67.9565235750139,63.84708906829291,0.0,0.0,278.89727311816205,1.0,173.98877482946773,1.0,72.80768463260756,1.0,1
202,2025-01-16 01:19:55.100053,8.794340325338775,8.373387993908395,67.97284938609464,63.884996519839966,60.0475264025334,59.60220181999938,60.02271615202044,67.97284886766042,63.884996302926986,0.0,0.0,278.0368177018736,1.0,173.3897098245052,1.0,72.54628940927432,1.0,1
203,2025-01-16 01:20:06.287496,8.860402935977712,8.439380380630578,67.98908036176088,63.922744437863145,60.11398747065368,59.66846797810741,60.08941920516118,67.98907984510345,63.92274422173125,0.0,0.0,277.18133334649883,1.0,172.7954717364355,1.0,72.2850564352484,1.0,1
204,2025-01-16 01:20:17.833592,8.925838713720912,8.50508860039622,68.00521810777768,63.96032899999289,60.179813437400576,59.73445972814057,60.15548043527881,68.00521759288299,63.96032878464146,0.0,0.0,276.3307628366137,1.0,172.20592149442382,1.0,72.02403206747476,1.0,1
205,2025-01-16 01:20:29.476976,8.966051562818784,8.559234722893551,67.93705962356371,63.729072114696926,60.241008055446514,59.80014404614826,60.22087016885873,67.93705911328227,63.72907190765301,0.0,0.0,279.92318501320307,1.0,170.66302329567407,1.0,69.24559380422579,1.0,1
206,2025-01-16 01:20:41.234233,9.006280416854546,8.612744382386808,67.94805081650942,63.759184107194706,60.28122642214479,59.85428896768281,60.261083041146755,67.94805030727531,63.75918390083561,0.0,0.0,279.34387334363186,1.0,170.31275021963665,1.0,69.01655572846721,1.0,1
207,2025-01-16 01:20:51.789901,9.04651140361935,8.665633111067661,67.95901219757489,63.78900463802588,60.32145601151884,59.907797467179776,60.301311898273255,67.95901168939137,63.78900443234365,0.0,0.0,278.76613296575056,1.0,169.9613761661567,1.0,68.7901773824251,1.0,1
208,2025-01-16 01:21:02.640413,9.086731110822493,8.71791607126145,67.96994288484757,63.81854083602786,60.36168310970242,59.960685075315816,60.341542868693445,67.96994237771756,63.818540631014734,0.0,0.0,278.19001036242986,1.0,169.60903441145092,1.0,68.56639502530015,1.0,1
209,2025-01-16 01:21:13.773611,9.126926582691038,8.769608031025857,67.98084141772578,63.84779745238704,60.401894462977864,60.012966952890466,60.38176254079165,67.98084091165165,63.847797248035526,0.0,0.0,277.61558251745316,1.0,169.25589299944477,1.0,68.34512173782059,1.0,1
210,2025-01-16 01:21:25.130912,9.16708532593695,8.82072337769333,67.99170657532389,63.87678102603835,60.442077277510236,60.06465786650553,60.42195795949305,67.99170607030777,63.87678082234112,0.0,0.0,277.04291377991115,1.0,168.90204464402814,1.0,68.12629957380523,1.0,1
211,2025-01-16 01:21:36.324019,9.207195307737312,8.871276089716801,68.00253678493738,63.905495799669964,60.4822192223531,60.11577220203031,60.462116632217494,68.00253628098092,63.90549559661987,0.0,0.0,276.47208704218036,1.0,168.54764000527211,1.0,67.90986479245475,1.0,1
212,2025-01-16 01:21:47.042022,9.247244968439126,8.921279757506221,68.01333140555005,63.933948279827796,60.52230843237166,60.166323936535,60.5022265268792,68.01333090265452,63.9339480774179,0.0,0.0,275.9031360902338,1.0,168.19281235939343,1.0,67.69574785835175,1.0,1
213,2025-01-16 01:21:59.159798,9.287223211585712,8.97074755963805,68.02408901899287,63.96214287686928,60.562333512988566,60.21632665904577,60.542276084557116,68.02408851715923,63.96214267509284,0.0,0.0,275.3361356713588,1.0,167.83766600951822,1.0,67.48389082531503,1.0,1
214,2025-01-16 01:22:11.454053,9.32711940762274,9.01969227439214,68.03480860243072,63.990085151435785,60.60228353476859,60.26579354681614,60.582254209539464,68.03480810165951,63.990084950286246,0.0,0.0,274.77113969602203,1.0,167.48234002648132,1.0,67.27422415792716,1.0,1
215,2025-01-16 01:22:24.041393,9.36692339139137,9.068126272168367,68.04548911755799,64.01777988666163,60.64214803486583,60.31473737682865,60.62215027301929,68.04548861784944,64.0177796861326,0.0,0.0,274.20820289008975,1.0,167.12693291879077,1.0,67.06669570462509,1.0,1
216,2025-01-16 01:22:35.954729,9.406625461062312,9.116061514542356,68.05612971148825,64.04523160598761,60.68191701482773,60.36317051822205,60.6619541105882,68.05612921284228,64.04523140607287,0.0,0.0,273.6473702065586,1.0,166.7715547841908,1.0,66.86124751922762,1.0,1
217,2025-01-16 01:22:46.996570,9.459920087063272,9.169813145309492,68.11315348672571,64.21818600084248,60.72376082829373,60.41111621449295,60.701678454927944,68.11315298752577,64.21818579729108,0.0,0.0,270.64182398412885,1.0,166.9568319039172,1.0,68.07752627310037,1.0,1
218,2025-01-16 01:22:58.220774,9.51271556038134,9.223308962265843,68.12652730253619,64.24924044616705,60.776876106590244,60.46486736411318,60.754972165384274,68.12652680478773,64.24924024327179,0.0,0.0,269.9369316577039,1.0,166.47138777102555,1.0,67.8580782903282,1.0,1
219,2025-01-16 01:23:09.351724,9.56502383134806,9.27654158280554,68.13982003860986,64.28014355837561,60.82949717556076,60.51836268807779,60.80776675216055,68.13981954230132,64.28014335613528,0.0,0.0,269.23631279257995,1.0,165.98980285380094,1.0,67.63904172544244,1.0,1
220,2025-01-16 01:23:21.179059,9.61685614862414,9.329504272883181,68.15303284862503,64.31089295687318,60.881635688887194,60.571594805164835,60.86007416382076,68.15303235374519,64.31089275528639,0.0,0.0,268.53990658195255,1.0,165.51197864373535,1.0,67.42046293538806,1.0,1
221,2025-01-16 01:23:32.766013,9.668223112367752,9.38219089489213,68.16616676017311,64.34148632459633,60.933302622097,60.62455698259885,60.91190564740282,68.16616626671104,64.34148612366158,0.0,0.0,267.84765886466835,1.0,165.03780504308452,1.0,67.20238827711,1.0,1
222,2025-01-16 01:23:43.714776,9.7191347208911,9.434595861223395,68.17922257414315,64.37192152735614,60.9845083228691,60.6772430839416,60.963271801569725,68.1792220820882,64.3719213270718,0.0,0.0,267.15952742835117,1.0,164.5672009271948,1.0,66.9848583129351,1.0,1
223,2025-01-16 01:23:55.051991,9.769600414507137,9.486714087421902,68.19220100739948,64.40219612636946,61.03526255627417,60.72964752265116,61.014182623256296,68.19220051674118,64.40219592673377,0.0,0.0,266.4754744893065,1.0,164.1000851714125,1.0,66.7679193998083,1.0,1
224,2025-01-16 01:24:07.065211,9.819629120474263,9.538540959977437,68.20510308896475,64.43230837597815,61.085574548537636,60.781765215266105,61.06464755151334,68.20510259969296,64.43230817698924,0.0,0.0,265.79544581094393,1.0,163.63637085646587,1.0,66.55160630543833,1.0,1
225,2025-01-16 01:24:19.047767,9.869229287346796,9.590072305344846,68.21792964277083,64.4622570142906,61.13545302795826,60.833591549199305,61.114675512429784,68.21792915487559,64.4622568159465,0.0,0.0,265.1193979663714,1.0,163.17598844693748,1.0,66.33594800291576,1.0,1
226,2025-01-16 01:24:30.052124,9.918408913806342,9.64130435000696,68.23068108588413,64.49204013537698,61.18490625696699,60.88512235174271,61.16427495347027,68.2306805993557,64.49203993767564,0.0,0.0,264.44730897331397,1.0,162.71886261279178,1.0,66.12097925994931,1.0,1
227,2025-01-16 01:24:40.831522,9.96717558672114,9.692233697084616,68.24335835961824,64.52165646734072,61.2339420639228,60.93635385016134,61.21345387231947,68.24335787444706,64.52165627027999,0.0,0.0,263.7791292180514,1.0,162.26492961322947,1.0,65.90672904962958,1.0,1
228,2025-01-16 01:24:52.374201,10.01553650473067,9.742857301747339,68.25596203192764,64.55110502811748,61.282567875849544,60.987282648301736,61.262219854913624,68.25596154810437,64.5511048316951,0.0,0.0,263.1148287654685,1.0,161.81412570745124,1.0,65.69323213966527,1.0,1
229,2025-01-16 01:25:03.842692,10.060933276072099,9.791992818810604,68.2598641877011,64.55377040311757,61.33039099234851,61.037903621490116,61.31057587951124,68.25986370552559,64.55377020812679,0.0,0.0,262.90915824478867,1.0,161.26302855127506,1.0,65.21443443375574,1.0,1
230,2025-01-16 01:25:14.931897,10.106010426117775,9.84077504018672,68.2717846970326,64.58211274830582,61.37567848638371,61.087038523635464,61.35597213897654,68.27178421611217,64.58211255393857,0.0,0.0,262.28086519260955,1.0,160.84327220937666,1.0,65.00589771690102,1.0,1
231,2025-01-16 01:25:26.483030,10.150770005945915,9.88920553640974,68.28364062463159,64.61026878434237,61.42064733625843,61.13582013658466,61.40104878348429,68.28364014495943,64.6102685905953,0.0,0.0,261.6559760431241,1.0,160.4257873577808,1.0,64.7984793613432,1.0,1
232,2025-01-16 01:25:37.950774,10.195214041466402,9.93728591349696,68.29543262286269,64.63824043307106,61.46529957929524,61.18425003088636,61.4458078640172,68.29543214443201,64.63824023994081,0.0,0.0,261.03445641222004,1.0,160.01057399648744,1.0,64.59217936708228,1.0,1
233,2025-01-16 01:25:50.563906,10.239344524252202,9.985017792329566,68.30716052217997,64.6660278925609,61.50963722464088,61.23232981253595,61.49025140637647,68.307160044984,64.66602770004415,0.0,0.0,260.41631523613506,1.0,159.59762633087848,1.0,64.38699773411827,1.0,1
234,2025-01-16 01:26:03.059915,10.283163416888698,10.032402808561132,68.31882445143174,64.69363148275447,61.55366224909179,61.28006110239211,61.53438140203634,68.31882397546379,64.69363129084788,0.0,0.0,259.80154572367536,1.0,159.18691538786334,1.0,64.18293446245116,1.0,1
235,2025-01-16 01:26:14.754608,10.326672658126599,10.079442620512172,68.33042482252246,64.72105236170852,61.597376602292165,61.327445536098715,61.57819981349277,68.33042434777585,64.72105217040874,0.0,0.0,259.19012616463544,1.0,158.77844696206012,1.0,63.97998375746283,1.0,1
236,2025-01-16 01:26:25.657029,10.369874159463475,10.126138906224275,68.34196169543534,64.74829155744833,61.64078220902721,61.37448477196088,61.62170857940295,68.34196122190338,64.74829136675204,0.0,0.0,258.5820533974848,1.0,158.37220946423258,1.0,63.77814561915329,1.0,1
237,2025-01-16 01:26:37.252198,10.412769805556442,10.172493353094916,68.35343505311178,64.77534928349705,61.68388096707845,61.42118048798692,61.66490961117282,68.35343458078779,64.77534909340092,0.0,0.0,257.97732832133227,1.0,157.96820289438074,1.0,63.577425842140656,1.0,1
238,2025-01-16 01:26:48.667769,10.455361461841802,10.218507662036354,68.3648453637817,64.8022262244712,61.72667475005813,61.46753437154769,61.707804793380696,68.36484489265906,64.8022260349719,0.0,0.0,257.37592625722954,1.0,157.56640986865023,1.0,63.377818631806804,1.0,1
239,2025-01-16 01:27:00.526742,10.497650970128863,10.264183553135904,68.37619269561219,64.82892367939661,61.76916541095581,61.51354812353773,61.75039599137836,68.37619222568433,64.82892349049082,0.0,0.0,256.777843612302,1.0,157.1668187978048,1.0,63.17931819353362,1.0,1
240,2025-01-16 01:27:12.334949,10.539640149258457,10.309522754572816,68.38747707296369,64.85544206655244,61.81135477948772,61.55922346400797,61.7926850468927,68.387476604224,64.85544187823682,0.0,0.0,256.183079102586,1.0,156.7694354764626,1.0,62.981936116557335,1.0,1
241,2025-01-16 01:27:24.319101,10.60226807232952,10.364154855957217,68.46884537844991,65.09429727546677,61.85652352715363,61.604579125489195,61.83471160255365,68.46884490831873,65.09429708126035,0.0,0.0,251.89440824273427,1.0,157.2348186414274,1.0,64.9521062769054,1.0,1
242,2025-01-16 01:27:36.097926,10.66397840842374,10.418822561343184,68.4844692384442,65.12675369367513,61.91882388566187,61.65921129493528,61.897337598892534,68.4844687701079,65.12675350013609,0.0,0.0,251.0709230702762,1.0,156.6345251774237,1.0,64.72890338159232,1.0,1
243,2025-01-16 01:27:59.783015,10.668000000000001,10.510448771587798,68.87616518742193,65.37482606690708,63.95179108240574,61.717621717752216,63.94686303083859,68.87616478646014,65.37482586772218,0.0,0.0,230.42584520777874,1.0,134.10119651098285,1.0,66.61714923097861,1.0,1
244,2025-01-16 01:28:12.290538,10.668000000000001,10.60377257910771,68.89286074828983,65.42220439936632,64.00105434007257,61.805600731009584,63.996126288442014,68.89286034876208,65.4222042013785,0.0,0.0,229.54587400824116,1.0,133.62158176391858,1.0,66.21679327054153,1.0,1
245,2025-01-16 01:28:24.848153,10.668000000000001,10.696092254283167,68.91064836539162,65.47252466976074,64.05344852491838,61.898921524337965,64.0485204732204,68.91064796739252,65.4725244730475,0.0,0.0,228.60834391375454,1.0,133.11032840192638,1.0,65.79051218864151,1.0,1
246,2025-01-16 01:28:36.794512,10.668000000000001,10.787414048672773,68.92832503836853,65.52237068519096,64.10542288519163,61.99123823163217,64.10049483342677,68.92832464188938,65.5223704897435,0.0,0.0,227.67666133978295,1.0,132.60198393822975,1.0,65.36717477274578,1.0,1
247,2025-01-16 01:28:47.798214,10.668000000000001,10.877744234050727,68.94589082736601,65.57174515748477,64.15697880392734,62.0825571040378,64.15205075209612,68.94589043239807,65.57174496329431,0.0,0.0,226.7508231162429,1.0,132.09655996206493,1.0,64.9467694336181,1.0,1
248,2025-01-16 01:28:59.372551,10.668000000000001,10.967089085610853,68.96334525725314,65.62064965689383,64.20811738528569,62.17288441286716,64.20318933338868,68.9633448637877,65.62064946395162,0.0,0.0,225.83085428581236,1.0,131.5940506788138,1.0,64.52929617125847,1.0,1
249,2025-01-16 01:29:10.449339,10.668000000000001,11.055454898225566,68.98068856672357,65.66908679788692,64.25884011976858,62.26222643290082,64.25391206780625,68.9806881747519,65.66908660618408,0.0,0.0,224.91674226768944,1.0,131.09446188309448,1.0,64.11478395875747,1.0,1
250,2025-01-16 01:29:22.029346,10.668000000000001,11.142847972926878,68.9979200716495,65.71705863572718,64.30914801252909,62.35058945855934,64.30421996050207,68.99791968116281,65.71705844525498,0.0,0.0,224.00852312012827,1.0,130.59781095876133,1.0,63.70320382302452,1.0,1
251,2025-01-16 01:29:33.532721,10.668000000000001,11.229274616646515,69.01503955630194,65.76456692583888,64.3590423251215,62.437979790423725,64.35411427303023,69.01503916729143,65.7645667365884,0.0,0.0,223.10620821353356,1.0,130.10410949505058,1.0,63.294596326386454,1.0,1
252,2025-01-16 01:29:44.353940,10.668000000000001,11.314741156637071,69.03204725889553,65.81161446098913,64.40852456467034,62.524403735016556,64.40359651251542,69.03204687135242,65.81161427295156,0.0,0.0,222.2097849923506,1.0,129.61333431348976,1.0,62.88894408498891,1.0,1
253,2025-01-16 01:29:55.742805,10.668000000000001,11.41394716733323,69.21040393842969,66.06696458267848,65.00696491277601,62.60991132936724,65.00336594918556,69.21040357031517,66.06696438945578,0.0,0.0,212.80915793483447,1.0,123.11546975070087,1.0,64.62310524398163,1.0,1
254,2025-01-16 01:30:08.085364,10.668000000000001,11.512069042477806,69.22960884885815,66.12013943554736,65.06064237573925,62.70911391199928,65.05704341208904,69.22960848237682,66.12013924371801,0.0,0.0,211.79692670759752,1.0,122.56924586836249,1.0,64.15709626026,1.0,1
255,2025-01-16 01:30:20.105506,10.668000000000001,11.60911325305348,69.24869890127268,66.17281068929086,65.11388534668295,62.80723241137365,65.11028638297347,69.2486985364155,66.17281049884583,0.0,0.0,210.79074928981805,1.0,122.02605257130017,1.0,63.69411206719633,1.0,1
256,2025-01-16 01:30:32.012025,10.668000000000001,11.705086288259617,69.26767405147366,66.22498020961201,65.16669517139518,62.90427329800892,65.16309620762686,69.26767368823162,66.22498002054223,0.0,0.0,209.7906280111202,1.0,121.48587247565956,1.0,63.23416425402684,1.0,1
257,2025-01-16 01:30:43.009017,10.668000000000001,11.79999466323006,69.28653405406003,66.2766507369451,65.21907308732892,63.00024306066416,65.21547412350226,69.28653369242404,66.27665054924145,0.0,0.0,208.79657580583543,1.0,120.94872875991314,1.0,62.777264409987765,1.0,1
258,2025-01-16 01:30:54.005820,10.668000000000001,11.893844899089938,69.30527815952772,66.32782359536492,65.2710200573635,63.09514821397173,65.26742109347899,69.3052777994887,66.32782340901824,0.0,0.0,207.80863217799563,1.0,120.4146214240609,1.0,62.32342991893347,1.0,1
259,2025-01-16 01:31:05.385235,10.668000000000001,11.986643546400142,69.32390643761998,66.37850169231601,65.32253750850873,63.18899527862719,65.31893854456683,69.32390607916885,66.37850150731713,0.0,0.0,206.82679345165005,1.0,119.88355626272096,1.0,61.872654986245834,1.0,1
260,2025-01-16 01:31:16.644031,10.668000000000001,12.078397167364184,69.34241821049943,66.42868689423703,65.37362645825422,63.28179080470786,65.37002749425548,69.34241785362704,66.42868671057681,0.0,0.0,205.85109535350364,1.0,119.35555065974768,1.0,61.424945406542975,1.0,1
261,2025-01-16 01:31:28.363013,10.668000000000001,12.169112348547035,69.36081371247009,66.4783816172855,65.42428844049905,63.37354135397211,65.42068947644387,69.36081335716727,66.47838143495468,0.0,0.0,204.8815255341199,1.0,118.83061040975917,1.0,60.980324358297366,1.0,1
262,2025-01-16 01:31:40.341872,10.668000000000001,12.2587956904969,69.3790922571933,66.52758802737965,65.47452448233442,63.464253512509025,65.47092551822325,69.37909190345088,66.527587846369,0.0,0.0,203.91812016827694,1.0,118.30873551275545,1.0,60.53879763612713,1.0,1
263,2025-01-16 01:31:52.332864,10.668000000000001,12.347453806439303,69.39725331446196,66.57630811583753,65.52433570536924,63.55393388038793,65.52073674120261,69.3972529622707,66.57630793613781,0.0,0.0,202.9609072015471,1.0,117.78995494182709,1.0,60.10035944541414,1.0,1
264,2025-01-16 01:32:04.939015,10.668000000000001,12.435093330681287,69.41529703465966,66.62454418400763,65.57372361564171,63.64258907038042,65.57012465142012,69.41529668401031,66.62454400560954,0.0,0.0,202.00987870767932,1.0,117.27425710773787,1.0,59.66503296463088,1.0,1
265,2025-01-16 01:32:17.567604,10.668000000000001,12.502152669552636,69.23476824373654,66.4192920745138,64.97299272460305,63.73017572631146,64.9676399269102,69.23476787287224,66.41929190579997,0.0,0.0,211.52499101547204,1.0,124.03512779769699,1.0,56.42614855105421,1.0,1
266,2025-01-16 01:32:29.802608,10.668000000000001,12.568402088917537,69.24911578722846,66.45686230291231,65.01410776630436,63.79723323166064,65.00875496855654,69.24911541762373,66.45686213519993,0.0,0.0,210.76877652487184,1.0,123.61386485508774,1.0,56.09121382917692,1.0,1
267,2025-01-16 01:32:42.338175,10.668000000000001,12.633847914249106,69.2633508650876,66.49402900134527,65.05484498796862,63.86348085060017,65.04949219016635,69.26335049673355,66.49402883462557,0.0,0.0,210.0184897487457,1.0,123.19557455157337,1.0,55.75920538944956,1.0,1
268,2025-01-16 01:32:54.205962,10.668000000000001,12.698496469172769,69.27747379563357,66.53079424806866,65.0952060659651,63.92892490819081,65.08985326810885,69.27747342852133,66.53079408233285,0.0,0.0,209.27411390945122,1.0,122.78025109253576,1.0,55.430146410344605,1.0,1
269,2025-01-16 01:33:05.636965,10.668000000000001,12.762354093481546,69.29148488748719,66.56716163597201,65.13519267547827,63.99357172768751,65.12983987756859,69.29148452160786,66.5671614712113,0.0,0.0,208.53563274054576,1.0,122.36791186182927,1.0,55.104025302625814,1.0,1
270,2025-01-16 01:33:16.934586,10.668000000000001,12.825427102728707,69.30538361446075,66.60313215423098,65.17480610080328,64.05742764842643,65.16945330284062,69.30538324980543,66.60313199043661,0.0,0.0,207.8030739757496,1.0,121.95853947559954,1.0,54.78083047705695,1.0,1
271,2025-01-16 01:33:27.704787,10.668000000000001,12.887721831546044,69.31917048059258,66.63870957572036,65.21404812245609,64.12049898560113,65.208695324441,69.31917011715241,66.63870941288361,0.0,0.0,207.0764110487675,1.0,121.55213393384656,1.0,54.4605561390199,1.0,1
272,2025-01-16 01:33:39.022940,10.668000000000001,12.949244595456753,69.33284527664877,66.67389520047116,65.25292019223005,64.1827920734036,65.24756739416299,69.33284491441485,66.67389503858321,0.0,0.0,206.35565498766678,1.0,121.14870682580658,1.0,54.14323705622337,1.0,1
273,2025-01-16 01:33:50.912896,10.668000000000001,13.010001716771159,69.34640811800477,66.7086921985715,65.29142391741033,64.24431322697554,65.28607111929179,69.34640775696819,66.70869203762362,0.0,0.0,205.64079971136945,1.0,120.7482581514796,1.0,53.82882687172241,1.0,1
274,2025-01-16 01:34:03.114484,10.668000000000001,13.069999513053476,69.35985923545714,66.74310280371992,65.3295609717159,64.30506876822363,65.32420817354638,69.359858875609,66.74310264370338,0.0,0.0,204.9318330553018,1.0,120.3507821162475,1.0,53.517342969371384,1.0,1
275,2025-01-16 01:34:14.437120,10.668000000000001,13.129244292402538,69.37319837496752,66.77712927710455,65.3673328032115,64.36506501430169,65.36198000499145,69.37319801629893,66.7771291180106,0.0,0.0,204.22876840903942,1.0,119.9562845147284,1.0,53.208779554552166,1.0,1
276,2025-01-16 01:34:25.839718,10.668000000000001,13.187742362051171,69.38642594382037,66.81077414015738,65.40474117940622,64.42430827291871,65.39938838113619,69.38642558632246,66.81077398197738,0.0,0.0,203.53158430588053,1.0,119.56475375768605,1.0,52.90311344879228,1.0,1
277,2025-01-16 01:34:38.264573,10.668000000000001,13.244560922302291,69.39131226388271,66.83341300263751,65.41580796604562,64.48280298227148,65.41036759434725,69.39131190668452,66.83341284574524,0.0,0.0,203.2740415398368,1.0,119.46451265885116,1.0,52.4724342517402,1.0,1
278,2025-01-16 01:34:50.028844,10.668000000000001,13.300655558383236,69.40413627648319,66.86581192358328,65.45207364639062,64.53962011987892,65.44663327464339,69.40413592042383,66.86581176757313,0.0,0.0,202.5981276343259,1.0,119.08363240991093,1.0,52.17740706484619,1.0,1
279,2025-01-16 01:35:01.999636,10.668000000000001,13.356032519589478,69.41684937768966,66.89784071166567,65.48798333249542,64.59571336095306,65.48254296069983,69.41684902276029,66.89784055652903,0.0,0.0,201.92805952418388,1.0,118.70570741621123,1.0,51.88525980315717,1.0,1
280,2025-01-16 01:35:13.768194,10.668000000000001,13.410698047419448,69.42945178493788,66.92950178554372,65.52353873486359,64.65108895440414,65.51809836302009,69.42945143112965,66.92950163127205,0.0,0.0,201.26382574904895,1.0,118.33074926698828,1.0,51.59598087743689,1.0,1
281,2025-01-16 01:35:24.125879,10.668000000000001,13.464658385277525,69.44194384428157,66.9607982501823,65.55874162482147,64.70575314136646,65.55330125293057,69.4419434915856,66.96079809676698,0.0,0.0,200.6054080695037,1.0,117.95874637300585,1.0,51.30957028768535,1.0,1
282,2025-01-16 01:35:35.375677,10.668000000000001,13.517919758536411,69.45432552191126,66.99173202578953,65.59359360970605,64.7597121648452,65.5881532377682,69.45432517031877,66.99173187322204,0.0,0.0,199.95280826753955,1.0,117.58969293964583,1.0,51.02602223928443,1.0,1
283,2025-01-16 01:35:46.411363,10.668000000000001,13.570488386388446,69.46659703154255,67.02230580609594,65.62809641265619,64.81297224983969,65.62265604067188,69.46659668104469,67.02230565436776,0.0,0.0,199.30601507886936,1.0,117.22359476152633,1.0,50.74531355376166,1.0,1
284,2025-01-16 01:35:58.378144,10.668000000000001,13.622370481783173,69.47875870295935,67.05252224463278,65.66225181713253,64.86553961517168,65.65681144510222,69.47875835354732,67.05252209373533,0.0,0.0,198.66501112160827,1.0,116.86044024941111,1.0,50.467473204207636,1.0,1
285,2025-01-16 01:36:08.877434,10.668000000000001,13.673572239212165,69.49081050960383,67.0823833946163,65.69606145220669,64.91742047340097,65.69062108013085,69.49081016126881,67.08238324454112,0.0,0.0,198.02979779553533,1.0,116.50024099253642,1.0,50.19246642291364,1.0,1
286,2025-01-16 01:36:20.370016,10.668000000000001,13.724099845581907,69.50275252814622,67.11189209545124,65.72952699689662,64.9686210186527,65.72408662477571,69.5027521808794,67.11189194618989,0.0,0.0,197.4003710596034,1.0,116.14297960704789,1.0,49.920287415261555,1.0,1
287,2025-01-16 01:36:31.832988,10.668000000000001,13.77395947868134,69.51458539603668,67.14105071475436,65.76265039072591,65.01914743746721,65.75721001856039,69.5145850498293,67.14105056629829,0.0,0.0,196.7766973157909,1.0,115.78865609294553,1.0,49.65095356510574,1.0,1
288,2025-01-16 01:36:42.935007,10.668000000000001,13.823157304017453,69.52630888431497,67.16986207526264,65.79543319002927,65.06900590726492,65.78999281781958,69.52630853915815,67.16986192760355,0.0,0.0,196.15878863188186,1.0,115.43728783408369,1.0,49.38441272088312,1.0,1
289,2025-01-16 01:36:53.920892,10.668000000000001,13.880097102545227,69.60919924285989,67.2890769727979,66.04603507298111,65.11821816385505,66.04134685970335,69.60919890616928,67.28907682250218,0.0,0.0,191.789895078919,1.0,112.60577666348581,1.0,50.2662261169462,1.0,1
290,2025-01-16 01:37:05.282971,10.668000000000001,13.936292430541389,69.62238714319047,67.32164277550598,66.08201702916132,65.17515649706918,66.0773288158383,69.6223868076647,67.32164262612375,0.0,0.0,191.09480178046067,1.0,112.21619869274946,1.0,49.9607106712574,1.0,1
291,2025-01-16 01:37:16.548234,10.668000000000001,13.991749868160548,69.63545835406117,67.35382787247097,66.11763398983076,65.23135038877814,66.11294577646294,69.63545801969082,67.35382772399328,0.0,0.0,190.40585882129267,1.0,111.82976719965154,1.0,49.65819104313596,1.0,1
292,2025-01-16 01:37:28.229761,10.668000000000001,14.046475916772422,69.64841445743671,67.38563580508986,66.15289134444802,65.28680641874196,66.14820313103586,69.64841412421261,67.3856356575077,0.0,0.0,189.72298282096432,1.0,111.44641264877464,1.0,49.3586788218181,1.0,1
293,2025-01-16 01:37:38.624841,10.668000000000001,14.100477070566072,69.66125545598439,67.41706914679784,66.18779074312903,65.34153108792344,66.18310252967298,69.66125512389733,67.41706900010226,0.0,0.0,189.04617363889233,1.0,111.06612345088251,1.0,49.0621624180676,1.0,1
294,2025-01-16 01:37:50.757033,10.668000000000001,14.153759815995265,69.67398150050771,67.44813038311567,66.22233391312038,65.39553089010693,66.21764569962089,69.67398116954858,67.44813023729773,0.0,0.0,188.37542332668818,1.0,110.68888801673893,1.0,48.76863603726633,1.0,1
295,2025-01-16 01:38:02.788188,10.668000000000001,14.206330639175052,69.68659290694141,67.4788224736882,66.25652266537891,65.44881231135837,66.25183445183639,69.68659257710102,67.47882232873899,0.0,0.0,187.71071523241497,1.0,110.31472952481636,1.0,48.47809388479618,1.0,1
296,2025-01-16 01:38:14.643421,10.668000000000001,14.258196004945882,69.69908955760397,67.50914724567814,66.29035861792417,65.50138183736937,66.28567040433911,69.6990892288732,67.50914710158872,0.0,0.0,187.05205555870003,1.0,109.9436190020242,1.0,48.190530166039025,1.0,1
297,2025-01-16 01:38:25.693739,10.668000000000001,14.309362379468855,69.71147176378796,67.53910788203665,66.32384359005518,65.55324593260214,66.31915537642801,69.7114714361576,67.53910773879815,0.0,0.0,186.39942789827992,1.0,109.57558542145307,1.0,47.905944880994866,1.0,1
298,2025-01-16 01:38:36.304060,10.668000000000001,14.35983621693795,69.72373967605058,67.56870680329985,66.35697933770871,65.60441106281826,66.35229112403985,69.72373934951153,67.56870666090339,0.0,0.0,185.7528243157474,1.0,109.21059981001235,1.0,47.62432644042747,1.0,1
299,2025-01-16 01:38:47.230568,10.668000000000001,14.409623958676082,69.73589334848694,67.59794648678542,66.38976757797349,65.65488368181421,66.38507936426338,69.73589302303003,67.59794634522217,0.0,0.0,185.1122419599208,1.0,108.84867955155642,1.0,47.34566325510059,1.0,1
300,2025-01-16 01:38:58.649512,10.668000000000001,14.45873203630335,69.7479331199513,67.62682948501913,66.42221016469493,65.70467023052458,66.417521950944,69.74793279556742,67.62682934428022,0.0,0.0,184.47766297084254,1.0,108.48980146761278,1.0,47.06996111963235,1.0,1
301,2025-01-16 01:39:09.789454,10.668000000000001,14.551507574398828,70.20685223235914,68.18914191630643,67.78387795844935,65.75388234645297,67.7824241745778,70.20685195896125,68.18914175638825,0.0,0.0,160.2894607875532,1.0,91.4376020796226,1.0,53.48444112769357,1.0,1
302,2025-01-16 01:39:18.862225,10.668000000000001,14.47260627971725,64.9803708548691,65.17100567348268,64.92918454523652,65.84639622152642,64.92773076346012,64.98037082080772,65.1710057534932,0.0,0.0,0.0,0.0,11.391784624947832,1.0,-26.75942478504112,1.0,0
303,2025-01-16 01:39:27.443651,10.668000000000001,14.393705001382354,64.90146996340177,65.09210477130638,64.85028360545343,65.76749492688757,64.84882982373492,64.90146992934038,65.0921048513169,0.0,0.0,0.0,0.0,11.39179041956595,1.0,-26.75942478504112,1.0,0
304,2025-01-16 01:39:35.519111,10.668000000000001,14.314803709988672,64.82256833723467,65.01320316764361,64.77138203157082,65.68859364851853,64.76992824991021,64.82256830317331,65.01320324765412,0.0,0.0,0.0,0.0,11.391778830329713,1.0,-26.759418990423,1.0,0
305,2025-01-16 01:39:43.578116,10.668000000000001,14.235902428113981,64.7436673164535,64.93430207141834,64.69248098025469,65.60969235714973,64.691027198652,64.74366728239214,64.93430215142885,0.0,0.0,0.0,0.0,11.391784624947832,1.0,-26.759418990423,1.0,0
306,2025-01-16 01:39:51.083465,10.668000000000001,14.15700113951103,64.66476583465833,64.85540062825122,64.61357953093925,65.53079107525745,64.61212574939447,64.66476580059695,64.85540070826175,0.0,0.0,0.0,0.0,11.391784624947832,1.0,-26.759430579659238,1.0,0
307,2025-01-16 01:39:58.755617,10.668000000000001,14.078099857152445,64.5858646956177,64.77649948240496,64.53467837757492,65.45188978667082,64.53322459608803,64.58586466155633,64.77649956241548,0.0,0.0,0.0,0.0,11.391784624947832,1.0,-26.75942478504112,1.0,0
308,2025-01-16 01:40:06.937229,10.668000000000001,13.99919856813187,64.5069632450491,64.69759801877265,64.45577695523926,65.37298850429482,64.45432317381031,64.50696321098775,64.69759809878317,0.0,0.0,0.0,0.0,11.391778830329713,1.0,-26.75942478504112,1.0,0
309,2025-01-16 01:40:14.372201,10.668000000000001,13.920297288484472,64.42806217847208,64.61869695371041,64.37687586457817,65.29408721529875,64.3754220832071,64.42806214441072,64.61869703372092,0.0,0.0,0.0,0.0,11.391784624947832,1.0,-26.759418990423,1.0,0
310,2025-01-16 01:40:22.161054,10.668000000000001,13.841396011853195,64.34916096823784,64.53979573620218,64.2979746507524,65.21518593565924,64.29652086943922,64.34916093417647,64.53979581621267,0.0,0.0,0.0,0.0,11.391784624947832,1.0,-26.759418990423,1.0,0
311,2025-01-16 01:40:30.224758,10.668000000000001,13.76249473656757,64.27025975606473,64.46089445316238,64.2190734356525,65.13628465903147,64.21761965439725,64.27025972200339,64.46089453317288,0.0,0.0,0.0,0.0,11.391778830329713,1.0,-26.759413195804882,1.0,0
312,2025-01-16 01:40:38.700933,10.668000000000001,13.683593467254518,64.1913585887791,64.38199334002647,64.14017225960941,65.05738338376146,64.13871847841206,64.19135855471772,64.38199342003696,0.0,0.0,0.0,0.0,11.391784624947832,1.0,-26.759418990423,1.0,0
313,2025-01-16 01:40:46.066004,10.64913334149249,13.526927652525856,62.085136035134326,62.653779570179765,61.96609888952931,64.97819682962736,61.96299225547135,62.08513598140989,62.65377972612565,0.0,0.0,0.0,0.0,17.968073549354813,1.0,-52.1559177235531,1.0,0
314,2025-01-16 01:40:53.614368,10.62750437595529,13.373024151523293,62.05290090969109,62.585942180717126,61.94684065838443,64.82154386944649,61.944123366940275,62.05290085921288,62.585942333416774,0.0,0.0,0.0,0.0,16.8823765147863,1.0,-51.07021779167553,1.0,0
315,2025-01-16 01:41:00.799090,10.603162457325496,13.22183359860955,62.01881932779172,62.517871397629925,61.924850331144235,64.66765280337401,61.922491961248674,62.018819280507145,62.51787154713595,0.0,0.0,0.0,0.0,15.814269043517015,1.0,-50.002113217715305,1.0,0
316,2025-01-16 01:41:08.811741,10.576158091554614,13.07330550384631,61.98291727039208,62.44955939698765,61.900176405424254,64.51647427053679,61.898147411251074,61.982917226247345,62.449559543353836,0.0,0.0,0.0,0.0,14.764153861506202,1.0,-48.95199803570449,1.0,0
317,2025-01-16 01:41:16.431917,10.546542892923016,12.927388238747984,61.94522084268114,62.38099761764945,61.87286850553938,64.36795778584445,61.871140240960116,61.945220801621325,62.38099776093071,0.0,0.0,0.0,0.0,13.732404721622515,1.0,-47.920248895820805,1.0,0
318,2025-01-16 01:41:23.691603,10.514369630086698,12.784029037501398,61.90575713093305,62.31217791804924,61.8429773504151,64.22205172581327,61.8415220821337,61.90575709290203,62.3121780583017,0.0,0.0,0.0,0.0,12.719430144443322,1.0,-46.90726852402349,1.0,0
319,2025-01-16 01:41:31.986748,10.479692217246493,12.643173993080172,61.864553749274684,62.24309186790253,61.810554794633475,64.07870332974912,61.809345720386524,61.864553714215134,62.243092005183506,0.0,0.0,0.0,0.0,11.725624164000692,1.0,-45.91346254358086,1.0,0
320,2025-01-16 01:41:40.108046,10.442565697919838,12.50476805051752,61.82163886818789,62.1737302603112,61.77565382174048,63.93785869583595,61.7746650864275,61.821638836041345,62.17373039467917,0.0,0.0,0.0,0.0,10.751372122399516,1.0,-44.93920760467063,1.0,0
321,2025-01-16 01:41:47.709054,10.403046260699274,12.36875503119857,61.7770415344272,62.104084867269464,61.73832853410656,63.799462774524066,61.737535239929656,61.77704150513398,62.10408499878413,0.0,0.0,0.0,0.0,9.797082540217161,1.0,-43.98492381710639,1.0,0
322,2025-01-16 01:41:54.484526,10.361191204347984,12.235077633776674,61.730791382958635,62.03414643356913,61.69863416795358,63.66345939270306,61.698012385260895,61.730791356457885,62.03414656229131,0.0,0.0,0.0,0.0,8.863143656867578,1.0,-43.05098203644775,1.0,0
323,2025-01-16 01:42:03.171675,10.317058908528699,12.103677464528886,61.682918795024875,61.963906214297936,61.65662706474249,63.529791254720145,61.656153836606244,61.68291877125459,61.96390634028966,0.0,0.0,0.0,0.0,7.949943711764718,1.0,-42.13778498865395,1.0,0
324,2025-01-16 01:42:10.147264,10.270708850706814,11.974495070197225,61.63345525195607,61.89335563133102,61.61236465170521,63.39839997271974,61.612017988784196,61.63345523085308,61.89335575465544,0.0,0.0,0.0,0.0,7.057870944322531,1.0,-41.24570642659364,1.0,0
325,2025-01-16 01:42:18.775788,10.276392980794942,11.866436851477083,61.67617297408505,62.04280295268507,61.56884278516606,63.26929571118687,61.565709690254565,61.67617292328138,62.042803063107,0.0,0.0,0.0,0.0,16.991225518836472,1.0,-36.930483286710114,1.0,0
326,2025-01-16 01:42:26.707527,10.279122934055842,11.761332820606484,61.66839789846694,62.00442326378638,61.57410910810467,63.16124746863799,61.57139319660058,61.66839785109555,62.00442337077603,0.0,0.0,0.0,0.0,15.843305874909674,1.0,-35.782563642783316,1.0,0
327,2025-01-16 01:42:32.854912,10.278957583364843,11.659124093683513,61.658703987729886,61.96588644109332,61.57645673111664,63.056152985995894,61.57412293293786,61.65870394372753,61.96588654471394,0.0,0.0,0.0,0.0,14.716536587116025,1.0,-34.655794354989666,1.0,0
328,2025-01-16 01:42:40.740857,10.275958095123906,11.559749499325347,61.647121873683396,61.92718304091135,61.57594304706702,62.953953385036094,61.57395732643588,61.64712183298449,61.927183141228525,0.0,0.0,0.0,0.0,13.611702826210603,1.0,-33.550960594084245,1.0,0
329,2025-01-16 01:42:47.958543,10.270188021951215,11.463145498024573,61.63368343168325,61.88830340875379,61.57262783111481,62.854587500267996,61.5709572319612,61.6336833942198,61.888303505835495,0.0,0.0,0.0,0.0,12.529607146802846,1.0,-32.46886201736743,1.0,0
330,2025-01-16 01:42:55.977812,10.261713351570023,11.369246091295736,61.61842169886949,61.849237340643896,61.56657356386818,62.75799179828708,61.56518626289055,61.618421664571,61.849237434560656,0.0,0.0,0.0,0.0,11.47108976851996,1.0,-31.41035043370266,1.0,0
331,2025-01-16 01:43:04.117265,10.25060263175182,11.277982731026528,61.60137112571357,61.809974186687526,61.557845094994505,62.66410028691849,61.556710446768726,61.60137109450692,61.80997427751245,0.0,0.0,0.0,0.0,10.437025678697864,1.0,-30.376289241189625,1.0,0
332,2025-01-16 01:43:11.266645,10.236927056401397,11.18928423080764,61.582567387534745,61.77050252262045,61.54650977764178,62.57284442456568,61.54559836423458,61.582567359344125,61.770502610429325,0.0,0.0,0.0,0.0,9.428318837763072,1.0,-29.367576605636714,1.0,0
333,2025-01-16 01:43:19.458140,10.220760518127753,11.103076693251793,61.56204732883351,61.730810377016354,61.53263755666379,62.484153031571665,61.531921238532185,61.56204730358034,61.73081046188778,0.0,0.0,0.0,0.0,8.445890589996452,1.0,-28.385148357870094,1.0,0
334,2025-01-16 01:43:28.314725,10.20217968812926,11.019283457387296,61.53984932285198,61.69088544281819,61.51630102791247,62.39795221756907,61.51575298952267,61.53984930045484,61.69088552483359,0.0,0.0,0.0,0.0,7.4906970473875845,1.0,-27.429951917952167,1.0,0
335,2025-01-16 01:43:35.420426,10.181264012300161,10.937825052935441,61.51601301179524,61.65071445415824,61.497575517538635,62.31416532885632,61.497170314227986,61.51601299216983,61.65071453340191,0.0,0.0,0.0,0.0,6.56369432192605,1.0,-26.50295208979969,1.0,0
336,2025-01-16 01:43:44.081839,10.158095787903944,10.858619207626433,61.490579964909735,61.610284388294694,61.47653909149675,62.232712902771375,61.47625268339025,61.49057994796878,61.610284464853905,0.0,0.0,0.0,0.0,5.66588198523732,1.0,-25.605136855801902,1.0,0
337,2025-01-16 01:43:51.844854,10.11057438618767,10.774376542298745,61.45302115452915,61.52476785163679,61.453015735683174,62.15349349263695,61.45305293238243,61.45302115428598,61.52476792861324,0.0,0.0,0.0,0.0,0.08132746529554424,1.0,-25.74468284933573,1.0,0
338,2025-01-16 01:43:59.336878,10.061533766948997,10.691653098462986,61.405267331731906,61.46904689509801,61.40545789920892,62.069254993749446,61.405528958830004,61.40526733339407,61.4690469701691,0.0,0.0,0.0,0.0,-0.5559095865237396,1.0,-25.10743710558927,1.0,0
339,2025-01-16 01:44:06.483760,10.011070305313869,10.610352489426106,61.35564138724113,61.412379521970664,61.35637422730489,61.98653539335198,61.356485868510525,61.3556413906807,61.41237959526436,0.0,0.0,0.0,0.0,-1.1503620754638177,1.0,-24.51299041126731,1.0,0
340,2025-01-16 01:44:15.037973,9.959277216866989,10.530381519421628,61.30434584176528,61.35486806095262,61.30586300877638,61.90523832459335,61.30602004337053,61.30434584686027,61.35486813259088,0.0,0.0,0.0,0.0,-1.704014658230335,1.0,-23.959332033882674,1.0,0
341,2025-01-16 01:44:22.712520,9.906244707151863,10.45164996589634,61.25154576177728,61.296589876092696,61.25401903393023,61.82527060979966,61.25422470469174,61.25154576841077,61.29658994619247,0.0,0.0,0.0,0.0,-2.218565157932062,1.0,-23.444787328799066,1.0,0
342,2025-01-16 01:44:30.131917,9.852059937606354,10.374070675441219,61.197386321735166,61.23761107197489,61.20093382173855,61.74654204368451,61.20119006239144,61.19738632979502,61.23761114064829,0.0,0.0,0.0,0.0,-2.6956099918606924,1.0,-22.967739597561376,1.0,0
343,2025-01-16 01:44:37.946515,9.796806817065326,10.29755973705168,61.14199849232454,61.17799055853505,61.14669562459279,61.668965489526975,61.14700328071891,61.14199850170347,61.17799062588936,0.0,0.0,0.0,0.0,-3.136771653089454,1.0,-22.526569244405437,1.0,0
344,2025-01-16 01:44:45.576896,9.740565821197558,10.222036671772365,61.08550155235522,61.11778200474055,61.09138925079111,61.59245705251515,61.0917482698746,61.08550156295092,61.11778207087809,0.0,0.0,0.0,0.0,-3.543718991636524,1.0,-22.119624803167426,1.0,0
345,2025-01-16 01:44:54.079355,9.683413833907338,10.147424607747157,61.028004525072326,61.05703472119418,61.035095907604685,61.516936269398386,61.03550550555792,61.02800453678756,61.05703478621219,0.0,0.0,0.0,0.0,-3.918146933301614,1.0,-21.745196861502336,1.0,0
346,2025-01-16 01:45:00.679469,9.625423956991977,10.073650431284937,60.969606942471536,60.99579431973846,60.97789305882715,61.44232628352768,60.97835187037682,60.96960695521427,60.99579438372896,0.0,0.0,0.0,0.0,-4.261790966211265,1.0,-21.401549931283625,1.0,0
347,2025-01-16 01:45:09.538531,9.566665432412703,10.000644899762449,60.91039974749186,60.93410300814376,60.919854256469584,61.36855399588288,60.92036046379728,60.9103997611753,60.934103071193555,0.0,0.0,0.0,0.0,-4.576409756964495,1.0,-21.086928243221337,1.0,0
348,2025-01-16 01:45:16.367613,9.50720355360685,9.92834272379188,60.85046578835346,60.872000115788204,60.86104907654335,61.29555017796117,60.86160052446996,60.85046580289612,60.87200017797882,0.0,0.0,0.0,0.0,-4.863773561396556,1.0,-20.799576028025513,1.0,0
349,2025-01-16 01:45:23.968680,9.443546628446228,9.85552008324793,60.78635773330012,60.803353879653535,60.80139408595005,61.22324673533042,60.80212991084542,60.78635775087932,60.80335394155362,0.0,0.0,0.0,0.0,-5.879341230183854,1.0,-20.702408974102582,1.0,0
350,2025-01-16 01:45:32.213989,9.37942800212618,9.783159130121838,60.72176543734533,60.737542270051655,60.73770121705951,61.150425218787625,60.73847199342442,60.72176545548471,60.73754233139158,0.0,0.0,0.0,0.0,-6.066692823196718,1.0,-20.515066073016897,1.0,0
351,2025-01-16 01:45:40.113664,9.314890603886575,9.711216955092379,60.656778061317155,60.67148637590211,60.67354933959789,61.0780652799275,60.67435246182366,60.656778079964006,60.67148643673455,0.0,0.0,0.0,0.0,-6.2364171878925845,1.0,-20.34533591370291,1.0,0
352,2025-01-16 01:45:48.672944,9.24997399813329,9.639653996100908,60.59143739731048,60.60520899835345,60.60898130042983,61.006124019017015,60.60981423950174,60.59143741641637,60.605209058726835,0.0,0.0,0.0,0.0,-6.389942697637707,1.0,-20.19181040395779,1.0,0
353,2025-01-16 01:45:56.127157,9.184714540765308,9.568433883748266,60.525781033899364,60.53873097069166,60.54403655802676,60.93456188293006,60.54489688513436,60.52578105341987,60.53873103065043,0.0,0.0,0.0,0.0,-6.528610806526558,1.0,-20.053139397759878,1.0,0
354,2025-01-16 01:46:04.415891,9.119145567192499,9.497523286516612,60.4598428330962,60.4720716748861,60.47875134716915,60.863342510586385,60.479636749055366,60.45984285299066,60.47207173447092,0.0,0.0,0.0,0.0,-6.653681843999948,1.0,-19.928071257595548,1.0,0
355,2025-01-16 01:46:11.656819,9.053297554165278,9.42689173473817,60.39365314009855,60.40524870956625,60.41315886984469,60.79243257816029,60.414067161256845,60.39365316032988,60.40524876881419,0.0,0.0,0.0,0.0,-6.766346604081264,1.0,-19.815403600205173,1.0,0
356,2025-01-16 01:46:21.361186,8.98719827906609,9.356511442999162,60.32723905629665,60.338278118220245,60.34728946113027,60.72180162307932,60.348218593246926,60.32723907683109,60.33827817716509,0.0,0.0,0.0,0.0,-6.867720550758349,1.0,-19.714032550837146,1.0,0
357,2025-01-16 01:46:29.181082,8.920873024834577,9.286357132554938,60.2606249464556,60.271174565071476,60.28117075610435,60.65142186645744,60.28211881747176,60.26062496726245,60.271174623743896,0.0,0.0,0.0,0.0,-6.958826434129151,1.0,-19.622920872848226,1.0,0
358,2025-01-16 01:46:36.982741,8.854344737707441,9.216405853965192,60.19383251410315,60.203951383652644,60.214827893971155,60.58126803553601,60.21579311216226,60.19383253515462,60.203951442080445,0.0,0.0,0.0,0.0,-7.040637750037604,1.0,-19.541109556939773,1.0,0
359,2025-01-16 01:46:44.237531,8.787634214567289,9.146636814114203,60.12688120659296,60.136620725328115,60.14828368106801,60.51131718635105,60.14926441916142,60.12688122786384,60.13662078353649,0.0,0.0,0.0,0.0,-7.1140207938924505,1.0,-19.467723615775867,1.0,0
360,2025-01-16 01:46:52.870524,8.720760263484074,9.077031204460399,60.05978835334295,60.069193507109496,60.08155877819402,60.441548530774874,60.082553531232264,60.05978837481052,60.06919356512118,0.0,0.0,0.0,0.0,-7.17980419608466,1.0,-19.401940213583657,1.0,0
361,2025-01-16 01:47:00.883519,8.590959302971681,8.985817288733687,59.86475883495437,59.85858932447426,60.00954800369358,60.3718855463158,60.015484714641715,59.864758894671226,59.858589393465095,0.0,0.0,0.0,0.0,-19.972232042277938,1.0,-23.073902796113543,1.0,0
362,2025-01-16 01:47:08.794490,8.462995491747524,8.892766234422801,59.74394535629987,59.740205305856946,59.88010874020095,60.28066615081544,59.88569093336624,59.74394541406866,59.740205376795835,0.0,0.0,0.0,0.0,-19.32070546217801,1.0,-23.72542647890441,1.0,0
363,2025-01-16 01:47:16.636781,8.336654881792288,8.798091980492073,59.62392185122614,59.62189729659979,59.75245605547917,60.18761017748974,59.75773339267687,59.623921907224066,59.62189736930954,0.0,0.0,0.0,0.0,-18.728437544268672,1.0,-24.31769149950469,1.0,0
364,2025-01-16 01:47:24.760667,8.211758882265135,8.701973109256794,59.50462909735091,59.5037385077772,59.62638564588705,60.09293148484694,59.6313983059408,59.50462915173458,59.503738582101214,0.0,0.0,0.0,0.0,-18.188552974152117,1.0,-24.857578966930305,1.0,0
365,2025-01-16 01:47:32.542235,8.088155838802628,8.604561288251908,59.38601483271649,59.385777104371456,59.50172611218584,59.99680859239687,59.50650720387965,59.38601488562513,59.38577718017049,0.0,0.0,0.0,0.0,-17.6952339552372,1.0,-25.350897985845222,1.0,0
366,2025-01-16 01:47:40.918469,7.965715490880489,8.505986780788623,59.26803408147457,59.268033265691116,59.37833136413369,59.89939311625409,59.382908527375555,59.268034133031804,59.268033342841534,0.0,0.0,0.0,0.0,-17.24325663928994,1.0,-25.802866609865305,1.0,0
367,2025-01-16 01:47:47.877635,7.844319377416819,8.406368035519217,59.150585300958085,59.15074913603712,59.25607456841345,59.80081529455195,59.260472071493695,59.15058535128935,59.15074921441352,0.0,0.0,0.0,0.0,-16.833232358521855,1.0,-26.21289378794245,1.0,0
368,2025-01-16 01:47:55.061800,7.723858835731752,8.305813725449463,59.03357796834479,59.03414125303633,59.13484006745825,59.70119355469938,59.13907942092803,59.0335780175768,59.03414133251198,0.0,0.0,0.0,0.0,-16.46558991467373,1.0,-26.580536231790575,1.0,0
369,2025-01-16 01:48:03.315149,7.604240204118334,8.204417503354108,58.91700128023992,58.918105821826536,59.01452265843955,59.60063652943858,59.01862197594132,58.91700132848143,58.91810590229268,0.0,0.0,0.0,0.0,-16.13431449413838,1.0,-26.911808755016864,1.0,0
370,2025-01-16 01:48:10.940716,7.485381815192126,8.102261044759334,58.80083674525901,58.80257051408876,58.89503139777011,59.499237838995604,58.89900612473196,58.80083679260484,58.80257059545058,0.0,0.0,0.0,0.0,-15.834755915875576,1.0,-27.21136443597061,1.0,0
371,2025-01-16 01:48:19.140685,7.367211880485983,7.999416136678224,58.68506279573669,58.68747774810341,58.776286811205566,59.39707913158547,58.78015024062339,58.68506284227034,58.68747783027741,0.0,0.0,0.0,0.0,-15.563124499635705,1.0,-27.48299585221048,1.0,0
372,2025-01-16 01:48:26.275270,7.24966690176683,7.89594626693313,58.56965685188219,58.572779770212186,58.658218911284344,59.29423217093331,58.6619825689689,58.56965689767765,58.572779853124366,0.0,0.0,0.0,0.0,-15.31623610276256,1.0,-27.729881351774566,1.0,0
373,2025-01-16 01:48:33.319412,7.081477344998051,7.774091603451277,58.30813740396665,58.30155768967118,58.53492485671252,59.19069721994903,58.544221668399096,58.30813748005626,58.30155778248787,0.0,0.0,0.0,0.0,-25.44808242362251,1.0,-31.042432745493898,1.0,0
374,2025-01-16 01:48:41.035013,6.915004662645389,7.650520064858662,58.15053823338593,58.14637214363221,58.367152450235636,59.06883601890657,58.37604049222219,58.1505383076131,58.14637223831136,0.0,0.0,0.0,0.0,-24.825189948955995,1.0,-31.66532811746947,1.0,0
375,2025-01-16 01:48:49.548183,6.750096449871833,7.525384060152339,57.993700838824736,57.99131631920865,58.201052448618,58.94525845530183,58.209575382681734,57.99370091132085,57.99131641561884,0.0,0.0,0.0,0.0,-24.24624096079242,1.0,-32.244274208323986,1.0,0
376,2025-01-16 01:48:57.984235,6.586619238930475,7.398817061349804,57.83758173007786,57.836437397861204,58.036478890012155,58.820116883104035,58.04467404328837,57.837581800962646,57.8364374958827,0.0,0.0,0.0,0.0,-23.70733278382886,1.0,-32.78317369336037,1.0,0
377,2025-01-16 01:49:05.788557,6.424455088510802,7.270936994507887,57.68214105364574,57.681767310939605,57.873303496212465,58.69354472820436,57.88120309430297,57.68214112302852,57.68176741046314,0.0,0.0,0.0,0.0,-23.204988647194114,1.0,-33.28552652192229,1.0,0
378,2025-01-16 01:49:13.958730,6.263499180922003,7.141848691501479,57.52734426951282,57.52732063140046,57.711412613545114,58.56565987688871,57.71904466793401,57.52734433749322,57.52732073232636,0.0,0.0,0.0,0.0,-22.735966462050783,1.0,-33.754548707065624,1.0,0
379,2025-01-16 01:49:23.144149,6.103655467760865,7.011648200068787,57.373126154607725,57.373228033584944,57.55070446495567,58.43656713588552,57.55809399711147,57.373126221283215,57.373228135815715,0.0,0.0,0.0,0.0,-22.299539003824975,1.0,-34.190961678746135,1.0,0
380,2025-01-16 01:49:30.328382,5.9448309233291825,6.880428548619642,57.21936444305346,57.21985397237398,57.39108459336193,58.30636254920555,57.39825505552814,57.21936450853213,57.219854075801585,0.0,0.0,0.0,0.0,-21.899264168041555,1.0,-34.591239411838615,1.0,0
381,2025-01-16 01:49:38.213950,5.786942795900433,6.748272488383034,57.06605028600641,57.067120627037504,57.23246301605373,58.175139111055955,57.23943487231125,57.06605035038443,57.06712073156575,0.0,0.0,0.0,0.0,-21.531152360125816,1.0,-34.959348322445294,1.0,0
382,2025-01-16 01:49:45.052790,5.86206130562075,6.728735119752988,67.125458591821,62.01619799900296,57.12905879631265,58.04326409406193,57.08204286298958,67.12545800414806,62.0161977907101,0.0,0.0,322.70015663453836,1.0,196.54652201666067,1.0,69.66330174861923,1.0,0
383,2025-01-16 01:49:53.079828,5.934547412259633,6.711264567928348,67.13547752096513,62.012510228846196,57.202844916180084,58.02372829556243,57.15715497542417,67.13547693531935,62.01251002010511,0.0,0.0,322.1720899725795,1.0,195.86854010753996,1.0,69.81320851934925,1.0,0
384,2025-01-16 01:50:01.628336,6.004426776485096,6.695847620104872,67.14527608194042,62.0096666952283,57.27402903166739,58.00625915451371,57.22963493924811,67.14527549825175,62.00966648607429,0.0,0.0,321.65563823289926,1.0,195.21398583947303,1.0,69.95131165297153,1.0,0
385,2025-01-16 01:50:09.485964,6.132581688159575,6.710665144440579,67.36752058146403,62.70872405230459,57.357005003607384,57.99085265004529,57.29969588875701,67.36751999334315,62.70872382375793,0.0,0.0,309.9418203873181,1.0,196.6963360735008,1.0,76.43716107509135,1.0,0
386,2025-01-16 01:50:17.314840,6.256799217607516,6.728251835452524,67.38821497174256,62.72687225151949,57.482977266516265,58.005672052690265,57.42783568850887,67.38821438696947,62.72687202288627,0.0,0.0,308.8510832997074,1.0,195.5766651929025,1.0,76.46610808990317,1.0,0
387,2025-01-16 01:50:25.490797,6.377022562564684,6.748683512462057,67.40857228213517,62.746028538500454,57.60502041752125,58.023260954919984,57.55203829952525,67.40857170061128,62.74602830982626,0.0,0.0,307.7781126467723,1.0,194.4899772786357,1.0,76.47981525906289,1.0,0
388,2025-01-16 01:50:33.130153,6.4931611126298,6.772070409693926,67.42858184848512,62.76622232111749,57.723061596395496,58.043695224200754,57.67224681825905,67.42858127010832,62.76622209244958,0.0,0.0,306.7234705031204,1.0,193.43743704894223,1.0,76.47771181268581,1.0,0
389,2025-01-16 01:50:40.858954,6.605067295571125,6.7985807075807205,67.4482264623662,62.78749148447067,57.836983596876344,58.067085181799406,57.78837046812422,67.4482258870298,62.787491255858214,0.0,0.0,305.68806387149243,1.0,192.4205742830054,1.0,76.459166137397,1.0,0
390,2025-01-16 01:50:48.881981,6.712483942202131,6.8284936596501975,67.46747992561919,62.80989465182435,57.94658814991102,58.09359918137108,57.900261361644894,67.46747935320948,62.80989442331943,0.0,0.0,304.6732735755542,1.0,191.44174739039954,1.0,76.42320184004348,1.0,0
391,2025-01-16 01:50:55.342116,6.81487196296842,6.862373168797657,67.48629406399535,62.833525937574755,58.05148790364943,58.12351692690189,58.007661520269174,67.4862934943861,62.83352570923436,0.0,0.0,303.68163873045177,1.0,190.5051400854063,1.0,76.36817614638858,1.0,0
392,2025-01-16 01:51:03.704918,6.910197432340692,6.902287163806455,67.50450540804735,62.85853840299997,58.15044993383496,58.15740468704582,58.1100275232865,67.50450484107567,62.858538174891976,0.0,0.0,302.7217753034344,1.0,189.6230079853467,1.0,76.29044713894473,1.0,0
393,2025-01-16 01:51:11.441107,6.995670736536649,6.951071752478762,67.52189342690473,62.88570686974575,58.24121111774134,58.19733287273668,58.20532453597669,67.52189286233876,62.88570664197228,0.0,0.0,301.80530679227957,1.0,188.81841946495115,1.0,76.17857044692755,1.0,0
394,2025-01-16 01:51:19.500449,7.077893447155632,7.002147688629103,67.53888591817032,62.91649922001732,58.3252334829394,58.24612151482211,58.290789031448114,67.53888535580977,62.916498992716356,0.0,0.0,300.9096853129876,1.0,188.08082252462555,1.0,76.02053962159516,1.0,0
395,2025-01-16 01:51:26.824567,7.157649989815875,7.054745104267756,67.55562045541231,62.94814260338778,58.406374038465735,58.297200232922904,58.37300525653227,67.55561989517777,62.94814237659805,0.0,0.0,300.0276597897334,1.0,187.3697765245197,1.0,75.84955782476754,1.0,0
396,2025-01-16 01:51:34.470779,7.01203546452433,7.011371411947651,58.23640528434529,58.177613867223016,58.44017066609899,58.34970833839393,58.45230906154956,58.236405356161654,58.177613905463836,0.0,0.0,0.0,0.0,-24.01890070814261,1.0,-12.789597175242307,1.0,0
397,2025-01-16 01:51:43.317719,6.886890196919851,6.956389998997843,58.138681201195546,58.1033018614052,58.29896859153556,58.30631437171967,58.30677793952427,58.13868126428305,58.10330190321445,0.0,0.0,0.0,0.0,-21.099540229556624,1.0,-13.983056722963738,1.0,0
398,2025-01-16 01:51:50.681732,6.769511134560469,6.893642374034596,58.03386895295695,58.0100944090464,58.17548821403979,58.25131714529803,58.18166148451934,58.03386901196428,58.01009445493583,0.0,0.0,0.0,0.0,-19.734930841082132,1.0,-15.34766611143823,1.0,0
399,2025-01-16 01:51:58.502257,6.656239113764753,6.826787718980061,57.93125417591396,57.91511120585688,58.05891703968827,58.18856044356689,58.06429702155255,57.93125423170658,57.915111254961,0.0,0.0,0.0,0.0,-18.659774216871483,1.0,-16.4228140437217,1.0,0
400,2025-01-16 01:52:04.998026,6.546038950918836,6.756861207678099,57.82995117149954,57.819240460489475,57.94621603658589,58.121698680375744,57.951035630165876,57.8299512245447,57.81924051234104,0.0,0.0,0.0,0.0,-17.740892648703266,1.0,-17.34169271458086,1.0,0
