T41,V41F,J21,V41
3.051,0.0,0.0,1
3.051,0.0,0.0,1
3.051,0.0,0.0,1
3.19157783574666,-131.25343723118,55.4107038522739,1
3.19157783574666,-131.25343723118,55.4107038522739,1
3.33165467394827,-130.78566958086,55.5442650588886,1
3.33165467394827,-130.78566958086,55.5442650588886,1
3.47122415056445,-130.311959549658,55.6772578951459,1
3.47122415056445,-130.311959549658,55.6772578951459,1
3.61027995462266,-129.83235639183,55.8096775702926,1
3.61027995462266,-129.83235639183,55.8096775702926,1
3.74881581680214,-129.34690646432,55.9415191904831,1
3.74881581680214,-129.34690646432,55.9415191904831,1
3.88682553976754,-128.855664816001,56.0727783260348,1
3.88682553976754,-128.855664816001,56.0727783260348,1
4.02430296520605,-128.358674906508,56.2034501635708,1
4.02430296520605,-128.358674906508,56.2034501635708,1
4.16124200263704,-127.855997579331,56.3335303275663,1
4.16124200263704,-127.855997579331,56.3335303275663,1
4.29763661285694,-127.347682088725,56.4630142821484,1
4.29763661285694,-127.347682088725,56.4630142821484,1
4.43348082549551,-126.83378927818,56.5918977827963,1
4.43348082549551,-126.83378927818,56.5918977827963,1
4.56876872088367,-126.314371299259,56.7201764049962,1
4.56876872088367,-126.314371299259,56.7201764049962,1
4.70349444664477,-125.78949479007,56.8478459998557,1
4.70349444664477,-125.78949479007,56.8478459998557,1
3.051,0.0,0.0,1
3.19157783574666,-131.25343723118,55.4107038522739,1
3.33165467394827,-130.78566958086,55.5442650588886,1
3.47122415056445,-130.311959549658,55.6772578951459,1
3.61027995462266,-129.83235639183,55.8096775702926,1
3.74881581680214,-129.34690646432,55.9415191904831,1
3.88682553976754,-128.855664816001,56.0727783260348,1
4.02430296520605,-128.358674906508,56.2034501635708,1
4.16124200263704,-127.855997579331,56.3335303275663,1
4.29763661285694,-127.347682088725,56.4630142821484,1
4.43348082549551,-126.83378927818,56.5918977827963,1
4.56876872088367,-126.314371299259,56.7201764049962,1
4.70349444664477,-125.78949479007,56.8478459998557,1
4.85479780486661,-141.267545603796,57.2185125521489,1
5.00533962491301,-140.556516987544,57.3584681574664,1
5.15511644906941,-139.842266563619,57.4976596257979,1
5.30412488696813,-139.124840688964,57.6360854086289,1
5.45236159946581,-138.404306001689,57.7737435636192,1
5.59982330752841,-137.680708858738,57.9106323202034,1
5.746506807391,-136.95411589822,58.0467501766722,1
5.89240895352931,-136.224590860934,58.1820954441297,1
6.03752665848579,-135.492183001134,58.3166664778029,1
6.18185691527253,-134.756961854237,58.4504620006257,1
6.32539677539119,-134.018991161042,58.5834804842816,1
6.46814335867125,-133.27833466235,58.7157205865563,1
6.60225299063579,-125.214263049429,58.7389026224639,1
6.72098934943841,-110.860683957412,58.6760349820866,1
6.83840984770108,-109.632106126583,58.7788629358669,1
6.95454627416239,-108.433202535139,58.8809050807622,1
7.06942862638262,-107.262313024989,58.9821615854977,1
7.031098985062,35.7872688726957,58.2684900557885,1
6.99176764249579,36.7225318262854,58.2254653118309,1
6.95151133715572,37.5861414295287,58.1817071285361,1
6.91040218708294,38.382420467542,58.1372915805476,1
6.86850790593239,39.1154715299535,58.0922878423648,1
6.82589192932983,39.7893015951922,58.0467583430798,1
6.78261357653145,40.4077351112164,58.000759442351,1
6.75856903750333,22.449692045825,58.0371625227197,1
6.73341768028779,23.4830926518725,58.0096020229022,1
6.70727051622889,24.4128507182495,57.9811724860559,1
6.68023461284227,25.242634238225,57.95200828024,1
6.65240798789046,25.9809120461796,57.9222160213169,1
6.62388012153227,26.6356401527901,57.8918884304686,1
6.59473233545273,27.2144413781916,57.8611055435161,1
6.56503816966857,27.724579276196,57.8299360532041,1
6.53486381457439,28.1729175719647,57.7984387223241,1
6.50426855540027,28.565908572773,57.7666635785379,1
6.47330522513921,28.9095584003007,57.7346529958173,1
6.44202074747314,29.2094038121604,57.7024430048171,1
6.38108133243651,56.8973611018464,57.5105987626557,1
6.32018020525567,56.8616112053633,57.4499228103229,1
6.2593140500346,56.8289585322646,57.3892621311658,1
6.19847984980071,56.7991220435715,57.328615578988,1
6.13767486037386,56.7718525707051,57.2679820379086,1
6.07689655415246,56.7469328154857,57.2073602734781,1
6.01614264389422,56.7241570689703,57.1467494271224,1
5.95541102971042,56.7033370060699,57.0861485128987,1
6.06250413397774,-99.9897196089705,57.893698537889,1
6.16865854197172,-99.1132836185216,57.9903881007629,1
6.27388828414302,-98.2499492596389,58.0863707389559,1
6.37820693888692,-97.3992906278909,58.1816522851575,1
6.45032343912833,-67.3330800941585,57.9824978048624,1
6.52179729676681,-66.7330618745154,58.0495293127607,1
6.59264089176772,-66.1446039180191,58.1160538271817,1
6.6628660868921,-65.5672252713657,58.1820775600447,1
6.73248423764653,-65.0004420839423,58.2476064390882,1
6.80150623962461,-64.4438342459352,58.3126463959927,1
6.86994253638925,-63.896981647531,58.3772030960948,1
6.93780316912299,-63.3594989466246,58.4412822549637,1
7.00509777337143,-62.8310152876566,58.5048892746367,1
6.90520043678308,93.2712394478585,57.7345613923023,1
6.80561792269554,92.9772987518618,57.6379601717504,1
6.70633024389525,92.7020196235162,57.5414566670743,1
6.60232663966118,97.1051413256419,57.3919891428336,1
6.49858034829541,96.8648906638236,57.2907745811876,1
6.39507594926675,96.6390454226485,57.189644826759,1
6.29179900583649,96.4266755659082,57.0885960551962,1
6.18873599625375,96.2269350793576,56.9876245563058,1
6.08587425648753,96.0390127164601,56.8867267990582,1
5.98320191461003,95.8621812526417,56.7858993000699,1
6.05434243402977,-66.4218358326707,57.5797854811564,1
6.12480896960814,-65.7925518942193,57.6456558468342,1
6.19461690410403,-65.1776357113931,57.7110138250573,1
6.26378088032978,-64.576391930018,57.7758663267113,1
6.3323148079769,-63.9881338878467,57.8402198035004,1
6.35799050923393,-23.9726538609375,57.6729944467102,1
6.38359406240495,-23.9052972199261,57.6984327124853,1
6.40911758550239,-23.8305698246677,57.7237735570816,1
6.434553840413,-23.7490916993011,57.7490114104519,1
6.4598962297278,-23.6614509975652,57.7741413299862,1
6.48513875398525,-23.5682126947268,57.7991588640656,1
6.51027597714359,-23.4698954091073,57.8240600339945,1
6.53530299426666,-23.366997477865,57.8488413049552,1
6.56021540155529,-23.2599911623765,57.8734995600615,1
6.58500925417602,-23.1492965724556,57.8980320305957,1
6.60968103564563,-23.0353251259885,57.9224362911601,1
6.63422763761827,-22.918453473153,57.9467102622584,1
6.65710658595681,-21.3614048169575,57.9661222527174,1
6.67988619560127,-21.2686619539681,57.9887050715012,1
6.70256175057135,-21.1715035919724,58.0111756708511,1
6.72512906984994,-21.0704454519828,58.0335310786333,1
6.74758447163371,-20.9659540007578,58.0557687333568,1
6.76992474236803,-20.8584638346565,58.0778864623871,1
6.79214709437248,-20.7483602957836,58.0998824178414,1
6.81424911480734,-20.6360113423898,58.1217550103599,1
6.836228736672,-20.5217356784715,58.1435029238949,1
6.858084212787,-20.4058230349347,58.1651250963277,1
6.87981408028208,-20.2885457588309,58.1866206673809,1
6.90141712457097,-20.1701356348849,58.2079889435678,1
6.95737492003769,-52.2461660034423,58.389758511355,1
7.01278629449244,-51.7359904404202,58.4422343674705,1
6.89982403204031,105.469576968744,57.5976863639728,1
6.78707348631514,105.271905160862,57.4871869360429,1
6.67452305282401,105.085063494244,57.3767606142085,1
6.56216181674478,104.908417458205,57.2664043977609,1
6.44997947905869,104.741384693625,57.1561150424327,1
6.33796633191531,104.583417609092,57.0458895674201,1
6.22611321004843,104.434003380902,56.9357249613545,1
6.11441148148315,104.292652363824,56.8256185948763,1
6.00285298486396,104.158918372264,56.7155676012798,1
5.89143002056153,104.032378399097,56.6055694402862,1
5.97542432176505,-78.4230375478501,57.5966318254579,1
6.058607553816,-77.6657678790116,57.673320537669,1
6.14099734452433,-76.9249549256301,57.7494154393316,1
6.22261049741768,-76.1998251061868,57.824923111566,1
6.30346304122003,-75.4896685799622,57.8998500472864,1
6.38357029290906,-74.7938102739454,57.9742027942338,1
6.46294690778016,-74.1116359586158,58.0479878746387,1
6.54160690890939,-73.4425545829254,58.1212116336078,1
6.6195637402513,-72.78602435008,58.1938804516982,1
6.69683029314356,-72.1415324363761,58.266000549764,1
6.77341893735085,-71.5085862992737,58.3375780387207,1
6.84934155732347,-70.8867455477957,58.4086189784305,1
6.91473718229411,-61.05799541956,58.402379026,1
6.97958205266278,-60.5437694184729,58.4637646174617,1
7.04388565104535,-60.0384004911803,58.5246964532293,1
6.94106287754432,96.002631206602,57.7422954675056,1
6.83854305003523,95.7197814096844,57.642723689991,1
6.73630753007987,95.4543299536681,57.543247626713,1
6.63433886292935,95.2051787584196,57.4438624491057,1
6.53262075527112,94.9712413330417,57.3445643114103,1
6.43113797836728,94.7515181059089,57.2453493226248,1
6.32987629012525,94.5450993219765,57.1462136760646,1
6.22882235309066,94.351124480454,57.047153549271,1
6.12796368463658,94.1688026159682,56.9481653814459,1
6.03924736911037,82.8318437703501,56.9690332164628,1
5.95068832201236,82.685005249914,56.8818060223483,1
6.03430132427108,-78.0670306971842,57.6524480912803,1
6.11714411352175,-77.347906999421,57.7291490526623,1
6.19923174481011,-76.6428323532864,57.8052678360513,1
6.28057861358634,-75.9512041184962,57.8808106445653,1
6.36119852649827,-75.272466011711,57.9557838519068,1
6.44110473721523,-74.6061052092273,58.0301937587693,1
6.52030996948523,-73.9516233738868,58.1040465006233,1
6.59882644796327,-73.3085540389311,58.1773481238383,1
6.67666593418506,-72.6764655053103,58.250104644982,1
6.75383975075936,-72.0549434578288,58.3223219715792,1
6.83759888612456,-78.2034678780974,58.456917110966,1
6.92065019594466,-77.542591681663,58.5343125432919,1
7.0030042969423,-76.8916271795206,58.611140602618,1
7.08467146936729,-76.2502643596008,58.6874069566859,1
7.16566166095285,-75.6181845179071,58.7631170735016,1
7.24598448728832,-74.9950892316065,58.8382761985919,1
7.32564927699972,-74.38069746172,58.912889740027,1
7.40466506308562,-73.7747397585053,58.9869628351765,1
7.48304060299735,-73.1769611587652,59.0605005875704,1
7.56078438502343,-72.5871038019932,59.1335079629823,1
7.63790464491053,-72.0049445953919,59.205989878132,1
7.71440938735069,-71.4302517542365,59.2779512513635,1
7.77427537386716,-55.8951297466592,59.2284987615601,1
7.83371788607087,-55.4997426712589,59.2855048615227,1
7.89274068184865,-55.1078671344385,59.3421283040907,1
7.95134746167789,-54.7194422927078,59.3983736884858,1
8.00954183334529,-54.334387021413,59.4542436727946,1
8.06732731363254,-53.9526201959006,59.5097408513739,1
8.12470735367192,-53.5740751780622,59.5648679106659,1
8.18168532532025,-53.1986708432441,59.6196273960339,1
8.23826452658942,-52.8263521425743,59.674021823691,1
8.29444818149265,-52.4570466433261,59.7280536490109,1
8.35023945096046,-52.0906848100822,59.7817253368628,1
8.40564142846145,-51.7272144912795,59.8350392732172,1
8.47287952292292,-62.778252392377,59.9723039307081,1
8.53958859483338,-62.2843191439415,60.0355974095522,1
8.60577501448092,-61.7963398656229,60.0984348530482,1
8.67144501043524,-61.3141638973502,60.1608212819243,1
8.736604597155,-60.8376145032707,60.2227604767064,1
8.80125964114922,-60.3665323313862,60.2842565330162,1
8.86541583226581,-59.9007696189346,60.3453132288372,1
8.92907871283995,-59.440178603154,60.4059344151261,1
8.99225366111962,-58.9846115212822,60.4661237129014,1
9.05494592139281,-58.5339379944116,60.5258848290592,1
9.11716058901636,-58.0880276436346,60.5852212630272,1
9.17890263606115,-57.6467529873526,60.6441365772434,1
9.23868766586472,-55.8195418506102,60.6924452845409,1
9.2980278860662,-55.404238672736,60.7492285301518,1
9.35692745257421,-54.9928062997651,60.8056138545741,1
9.41539040483851,-54.5851578124257,60.8616041304923,1
9.47342070844623,-54.1812033941369,60.9172024182708,1
9.5310222173233,-53.7808532283179,60.9724114725669,1
9.58819871481623,-53.3840348822423,61.0272342261964,1
9.64495389206114,-52.9906556420201,61.0816734162935,1
9.70129135254275,-52.600648869543,61.1357317354166,1
9.75721463088942,-52.2139392347754,61.1894119259596,1
9.81272718333306,-51.8304572022998,61.2427166148449,1
9.86783239498093,-51.4501303393899,61.2956484118629,1
9.90208326738348,-31.9790429477962,61.2407255078522,1
9.936261453083,-31.9111792776994,61.2746705148285,1
9.97035753253762,-31.8345193772984,61.3085038637949,1
10.0043625335881,-31.7494775617888,61.3422182513343,1
10.0382679360416,-31.6564884275294,61.3758068499156,1
10.0720656685126,-31.5559633924067,61.4092632758175,1
10.1057481040439,-31.448308079689,61.4425815771893,1
10.1393080329642,-31.3339281126446,61.4757561320581,1
10.172738667191,-31.2132117306874,61.5087817493247,1
10.2060336312141,-31.0865384813042,61.5416536149442,1
10.2391869534763,-30.9542966039089,61.574367282301,1
10.2721930499338,-30.8168337755887,61.6069186296716,1
10.316363782406,-41.2409287639548,61.6919519203035,1
10.3601911609081,-40.9203473111575,61.7343339434079,1
10.4036788616454,-40.6032020669045,61.77640208091,1
10.4468306343726,-40.2895567719952,61.818161437351,1
10.4896500994163,-39.97928684214,61.8596147338516,1
10.5321407608523,-39.672293768831,61.9007646495632,1
10.5743060082862,-39.3684645570147,61.9416137749634,1
10.6161491281152,-39.0677064928013,61.9821646603511,1
10.6576733096456,-38.7699181703738,62.0224197994207,1
10.668,-38.4750155677693,62.0623815467502,1
10.668,-5.79461811867077e-06,63.2375422871969,1
10.668,-1.73838543560123e-05,66.9705014824602,1
10.668,-1.15892362373415e-05,66.9705015115421,1
10.668,-1.15892362373415e-05,66.9705015229328,1
10.668,-1.15892362373415e-05,66.7653325715013,1
10.668,-1.15892362373415e-05,66.7653323341284,1
10.668,-1.15892362373415e-05,66.7653326274491,1
10.668,-1.15892362373415e-05,66.7653325952357,1
10.668,-1.73838543560123e-05,66.7653323424547,1
10.668,-1.73838543560123e-05,66.7653325502078,1
10.668,-1.15892362373415e-05,66.7653323032975,1
10.668,-1.73838543560123e-05,66.7653323765764,1
10.668,-1.15892362373415e-05,66.7653324228548,1
10.668,-1.73838543560123e-05,66.7653324722693,1
10.668,-1.73838543560123e-05,66.7653326762359,1
3.051,0.0,0.0,1
3.19157783574666,-131.25343723118,55.4107038522739,1
3.33165467394827,-130.78566958086,55.5442650588886,1
3.47122415056445,-130.311959549658,55.6772578951459,1
3.61027995462266,-129.83235639183,55.8096775702926,1
3.74881581680214,-129.34690646432,55.9415191904831,1
3.88682553976754,-128.855664816001,56.0727783260348,1
4.02430296520605,-128.358674906508,56.2034501635708,1
3.051,0.0,0.0,1
3.19157783574666,-131.25343723118,55.4107038522739,1
3.33165467394827,-130.78566958086,55.5442650588886,1
3.47122415056445,-130.311959549658,55.6772578951459,1
3.61027995462266,-129.83235639183,55.8096775702926,1
3.74881581680214,-129.34690646432,55.9415191904831,1
3.88682553976754,-128.855664816001,56.0727783260348,1
4.02430296520605,-128.358674906508,56.2034501635708,1
4.16124200263704,-127.855997579331,56.3335303275663,1
4.29763661285694,-127.347682088725,56.4630142821484,1
4.43348082549551,-126.83378927818,56.5918977827963,1
4.56876872088367,-126.314371299259,56.7201764049962,1
4.70349444664477,-125.78949479007,56.8478459998557,1
4.85479780486661,-141.267545603796,57.2185125521489,1
5.00533962491301,-140.556516987544,57.3584681574664,1
5.15511644906941,-139.842266563619,57.4976596257979,1
5.30412488696813,-139.124840688964,57.6360854086289,1
5.45236159946581,-138.404306001689,57.7737435636192,1
5.59982330752841,-137.680708858738,57.9106323202034,1
5.746506807391,-136.95411589822,58.0467501766722,1
5.89240895352931,-136.224590860934,58.1820954441297,1
6.03752665848579,-135.492183001134,58.3166664778029,1
6.18185691527253,-134.756961854237,58.4504620006257,1
6.32539677539119,-134.018991161042,58.5834804842816,1
6.46814335867125,-133.27833466235,58.7157205865563,1
6.60225299063579,-125.214263049429,58.7389026224639,1
6.72098934943841,-110.860683957412,58.6760349820866,1
6.83840984770108,-109.632106126583,58.7788629358669,1
6.95454627416239,-108.433202535139,58.8809050807622,1
3.051,0.0,0.0,1
3.19157783574666,-131.25343723118,55.4107038522739,1
3.33165467394827,-130.78566958086,55.5442650588886,1
3.47122415056445,-130.311959549658,55.6772578951459,1
3.61027995462266,-129.83235639183,55.8096775702926,1
3.74881581680214,-129.34690646432,55.9415191904831,1
3.88682553976754,-128.855664816001,56.0727783260348,1
4.02430296520605,-128.358674906508,56.2034501635708,1
4.16124200263704,-127.855997579331,56.3335303275663,1
4.29763661285694,-127.347682088725,56.4630142821484,1
4.43348082549551,-126.83378927818,56.5918977827963,1
4.56876872088367,-126.314371299259,56.7201764049962,1
4.70349444664477,-125.78949479007,56.8478459998557,1
4.85479780486661,-141.267545603796,57.2185125521489,1
5.00533962491301,-140.556516987544,57.3584681574664,1
5.15511644906941,-139.842266563619,57.4976596257979,1
5.30412488696813,-139.124840688964,57.6360854086289,1
5.45236159946581,-138.404306001689,57.7737435636192,1
5.59982330752841,-137.680708858738,57.9106323202034,1
5.746506807391,-136.95411589822,58.0467501766722,1
5.89240895352931,-136.224590860934,58.1820954441297,1
6.03752665848579,-135.492183001134,58.3166664778029,1
6.18185691527253,-134.756961854237,58.4504620006257,1
6.32539677539119,-134.018991161042,58.5834804842816,1
6.46814335867125,-133.27833466235,58.7157205865563,1
6.60225299063579,-125.214263049429,58.7389026224639,1
6.72098934943841,-110.860683957412,58.6760349820866,1
6.83840984770108,-109.632106126583,58.7788629358669,1
6.95454627416239,-108.433202535139,58.8809050807622,1
7.06942862638262,-107.262313024989,58.9821615854977,1
7.031098985062,35.7872688726957,58.2684900557885,1
6.99176764249579,36.7225318262854,58.2254653118309,1
6.95151133715572,37.5861414295287,58.1817071285361,1
6.91040218708294,38.382420467542,58.1372915805476,1
6.86850790593239,39.1154715299535,58.0922878423648,1
6.82589192932983,39.7893015951922,58.0467583430798,1
6.78261357653145,40.4077351112164,58.000759442351,1
6.75856903750333,22.449692045825,58.0371625227197,1
6.73341768028779,23.4830926518725,58.0096020229022,1
6.70727051622889,24.4128507182495,57.9811724860559,1
6.68023461284227,25.242634238225,57.95200828024,1
6.65240798789046,25.9809120461796,57.9222160213169,1
6.62388012153227,26.6356401527901,57.8918884304686,1
6.59473233545273,27.2144413781916,57.8611055435161,1
6.56503816966857,27.724579276196,57.8299360532041,1
6.53486381457439,28.1729175719647,57.7984387223241,1
6.50426855540027,28.565908572773,57.7666635785379,1
6.47330522513921,28.9095584003007,57.7346529958173,1
6.44202074747314,29.2094038121604,57.7024430048171,1
6.38108133243651,56.8973611018464,57.5105987626557,1
6.32018020525567,56.8616112053633,57.4499228103229,1
6.2593140500346,56.8289585322646,57.3892621311658,1
6.19847984980071,56.7991220435715,57.328615578988,1
6.13767486037386,56.7718525707051,57.2679820379086,1
6.07689655415246,56.7469328154857,57.2073602734781,1
6.01614264389422,56.7241570689703,57.1467494271224,1
5.95541102971042,56.7033370060699,57.0861485128987,1
6.06250413397774,-99.9897196089705,57.893698537889,1
6.16865854197172,-99.1132836185216,57.9903881007629,1
6.27388828414302,-98.2499492596389,58.0863707389559,1
6.37820693888692,-97.3992906278909,58.1816522851575,1
6.45032343912833,-67.3330800941585,57.9824978048624,1
6.52179729676681,-66.7330618745154,58.0495293127607,1
6.59264089176772,-66.1446039180191,58.1160538271817,1
6.6628660868921,-65.5672252713657,58.1820775600447,1
6.73248423764653,-65.0004420839423,58.2476064390882,1
6.80150623962461,-64.4438342459352,58.3126463959927,1
6.86994253638925,-63.896981647531,58.3772030960948,1
6.93780316912299,-63.3594989466246,58.4412822549637,1
7.00509777337143,-62.8310152876566,58.5048892746367,1
6.90520043678308,93.2712394478585,57.7345613923023,1
6.80561792269554,92.9772987518618,57.6379601717504,1
6.70633024389525,92.7020196235162,57.5414566670743,1
6.60232663966118,97.1051413256419,57.3919891428336,1
6.49858034829541,96.8648906638236,57.2907745811876,1
6.39507594926675,96.6390454226485,57.189644826759,1
6.29179900583649,96.4266755659082,57.0885960551962,1
6.18873599625375,96.2269350793576,56.9876245563058,1
6.08587425648753,96.0390127164601,56.8867267990582,1
5.98320191461003,95.8621812526417,56.7858993000699,1
6.05434243402977,-66.4218358326707,57.5797854811564,1
6.12480896960814,-65.7925518942193,57.6456558468342,1
6.19461690410403,-65.1776357113931,57.7110138250573,1
6.26378088032978,-64.576391930018,57.7758663267113,1
6.3323148079769,-63.9881338878467,57.8402198035004,1
6.35799050923393,-23.9726538609375,57.6729944467102,1
6.38359406240495,-23.9052972199261,57.6984327124853,1
6.40911758550239,-23.8305698246677,57.7237735570816,1
6.434553840413,-23.7490916993011,57.7490114104519,1
6.4598962297278,-23.6614509975652,57.7741413299862,1
6.48513875398525,-23.5682126947268,57.7991588640656,1
6.51027597714359,-23.4698954091073,57.8240600339945,1
6.53530299426666,-23.366997477865,57.8488413049552,1
6.56021540155529,-23.2599911623765,57.8734995600615,1
6.58500925417602,-23.1492965724556,57.8980320305957,1
6.60968103564563,-23.0353251259885,57.9224362911601,1
6.63422763761827,-22.918453473153,57.9467102622584,1
6.65710658595681,-21.3614048169575,57.9661222527174,1
6.67988619560127,-21.2686619539681,57.9887050715012,1
6.70256175057135,-21.1715035919724,58.0111756708511,1
6.72512906984994,-21.0704454519828,58.0335310786333,1
6.74758447163371,-20.9659540007578,58.0557687333568,1
6.76992474236803,-20.8584638346565,58.0778864623871,1
6.79214709437248,-20.7483602957836,58.0998824178414,1
6.81424911480734,-20.6360113423898,58.1217550103599,1
6.836228736672,-20.5217356784715,58.1435029238949,1
6.858084212787,-20.4058230349347,58.1651250963277,1
6.87981408028208,-20.2885457588309,58.1866206673809,1
6.90141712457097,-20.1701356348849,58.2079889435678,1
6.95737492003769,-52.2461660034423,58.389758511355,1
7.01278629449244,-51.7359904404202,58.4422343674705,1
6.89982403204031,105.469576968744,57.5976863639728,1
6.78707348631514,105.271905160862,57.4871869360429,1
6.67452305282401,105.085063494244,57.3767606142085,1
6.56216181674478,104.908417458205,57.2664043977609,1
6.44997947905869,104.741384693625,57.1561150424327,1
6.33796633191531,104.583417609092,57.0458895674201,1
6.22611321004843,104.434003380902,56.9357249613545,1
6.11441148148315,104.292652363824,56.8256185948763,1
6.00285298486396,104.158918372264,56.7155676012798,1
5.89143002056153,104.032378399097,56.6055694402862,1
5.97542432176505,-78.4230375478501,57.5966318254579,1
6.058607553816,-77.6657678790116,57.673320537669,1
6.14099734452433,-76.9249549256301,57.7494154393316,1
6.22261049741768,-76.1998251061868,57.824923111566,1
6.30346304122003,-75.4896685799622,57.8998500472864,1
6.38357029290906,-74.7938102739454,57.9742027942338,1
6.46294690778016,-74.1116359586158,58.0479878746387,1
6.54160690890939,-73.4425545829254,58.1212116336078,1
6.6195637402513,-72.78602435008,58.1938804516982,1
6.69683029314356,-72.1415324363761,58.266000549764,1
6.77341893735085,-71.5085862992737,58.3375780387207,1
6.84934155732347,-70.8867455477957,58.4086189784305,1
6.91473718229411,-61.05799541956,58.402379026,1
6.97958205266278,-60.5437694184729,58.4637646174617,1
7.04388565104535,-60.0384004911803,58.5246964532293,1
6.94106287754432,96.002631206602,57.7422954675056,1
6.83854305003523,95.7197814096844,57.642723689991,1
6.73630753007987,95.4543299536681,57.543247626713,1
6.63433886292935,95.2051787584196,57.4438624491057,1
6.53262075527112,94.9712413330417,57.3445643114103,1
6.43113797836728,94.7515181059089,57.2453493226248,1
6.32987629012525,94.5450993219765,57.1462136760646,1
6.22882235309066,94.351124480454,57.047153549271,1
6.12796368463658,94.1688026159682,56.9481653814459,1
6.03924736911037,82.8318437703501,56.9690332164628,1
5.95068832201236,82.685005249914,56.8818060223483,1
6.03430132427108,-78.0670306971842,57.6524480912803,1
6.11714411352175,-77.347906999421,57.7291490526623,1
6.19923174481011,-76.6428323532864,57.8052678360513,1
6.28057861358634,-75.9512041184962,57.8808106445653,1
6.36119852649827,-75.272466011711,57.9557838519068,1
6.44110473721523,-74.6061052092273,58.0301937587693,1
6.52030996948523,-73.9516233738868,58.1040465006233,1
6.59882644796327,-73.3085540389311,58.1773481238383,1
6.67666593418506,-72.6764655053103,58.250104644982,1
6.75383975075936,-72.0549434578288,58.3223219715792,1
6.83759888612456,-78.2034678780974,58.456917110966,1
6.92065019594466,-77.542591681663,58.5343125432919,1
7.0030042969423,-76.8916271795206,58.611140602618,1
7.08467146936729,-76.2502643596008,58.6874069566859,1
7.16566166095285,-75.6181845179071,58.7631170735016,1
7.24598448728832,-74.9950892316065,58.8382761985919,1
7.32564927699972,-74.38069746172,58.912889740027,1
7.40466506308562,-73.7747397585053,58.9869628351765,1
7.48304060299735,-73.1769611587652,59.0605005875704,1
7.56078438502343,-72.5871038019932,59.1335079629823,1
7.63790464491053,-72.0049445953919,59.205989878132,1
7.71440938735069,-71.4302517542365,59.2779512513635,1
7.77427537386716,-55.8951297466592,59.2284987615601,1
7.83371788607087,-55.4997426712589,59.2855048615227,1
7.89274068184865,-55.1078671344385,59.3421283040907,1
7.95134746167789,-54.7194422927078,59.3983736884858,1
8.00954183334529,-54.334387021413,59.4542436727946,1
8.06732731363254,-53.9526201959006,59.5097408513739,1
8.12470735367192,-53.5740751780622,59.5648679106659,1
8.18168532532025,-53.1986708432441,59.6196273960339,1
8.23826452658942,-52.8263521425743,59.674021823691,1
8.29444818149265,-52.4570466433261,59.7280536490109,1
8.35023945096046,-52.0906848100822,59.7817253368628,1
8.40564142846145,-51.7272144912795,59.8350392732172,1
8.47287952292292,-62.778252392377,59.9723039307081,1
8.53958859483338,-62.2843191439415,60.0355974095522,1
8.60577501448092,-61.7963398656229,60.0984348530482,1
8.67144501043524,-61.3141638973502,60.1608212819243,1
8.736604597155,-60.8376145032707,60.2227604767064,1
8.80125964114922,-60.3665323313862,60.2842565330162,1
8.86541583226581,-59.9007696189346,60.3453132288372,1
8.92907871283995,-59.440178603154,60.4059344151261,1
8.99225366111962,-58.9846115212822,60.4661237129014,1
9.05494592139281,-58.5339379944116,60.5258848290592,1
9.11716058901636,-58.0880276436346,60.5852212630272,1
9.17890263606115,-57.6467529873526,60.6441365772434,1
9.23868766586472,-55.8195418506102,60.6924452845409,1
9.2980278860662,-55.404238672736,60.7492285301518,1
9.35692745257421,-54.9928062997651,60.8056138545741,1
9.41539040483851,-54.5851578124257,60.8616041304923,1
9.47342070844623,-54.1812033941369,60.9172024182708,1
9.5310222173233,-53.7808532283179,60.9724114725669,1
9.58819871481623,-53.3840348822423,61.0272342261964,1
9.64495389206114,-52.9906556420201,61.0816734162935,1
9.70129135254275,-52.600648869543,61.1357317354166,1
9.75721463088942,-52.2139392347754,61.1894119259596,1
9.81272718333306,-51.8304572022998,61.2427166148449,1
9.86783239498093,-51.4501303393899,61.2956484118629,1
9.90208326738348,-31.9790429477962,61.2407255078522,1
9.936261453083,-31.9111792776994,61.2746705148285,1
9.97035753253762,-31.8345193772984,61.3085038637949,1
10.0043625335881,-31.7494775617888,61.3422182513343,1
10.0382679360416,-31.6564884275294,61.3758068499156,1
10.0720656685126,-31.5559633924067,61.4092632758175,1
10.1057481040439,-31.448308079689,61.4425815771893,1
10.1393080329642,-31.3339281126446,61.4757561320581,1
10.172738667191,-31.2132117306874,61.5087817493247,1
10.2060336312141,-31.0865384813042,61.5416536149442,1
10.2391869534763,-30.9542966039089,61.574367282301,1
10.2721930499338,-30.8168337755887,61.6069186296716,1
10.316363782406,-41.2409287639548,61.6919519203035,1
10.3601911609081,-40.9203473111575,61.7343339434079,1
10.4036788616454,-40.6032020669045,61.77640208091,1
10.4468306343726,-40.2895567719952,61.818161437351,1
10.4896500994163,-39.97928684214,61.8596147338516,1
10.5321407608523,-39.672293768831,61.9007646495632,1
10.5743060082862,-39.3684645570147,61.9416137749634,1
10.6161491281152,-39.0677064928013,61.9821646603511,1
10.6576733096456,-38.7699181703738,62.0224197994207,1
10.668,-38.4750155677693,62.0623815467502,1
10.668,-5.79461811867077e-06,63.2375422871969,1
10.668,-1.73838543560123e-05,66.9705014824602,1
10.668,-1.15892362373415e-05,66.9705015115421,1
10.668,-1.15892362373415e-05,66.9705015229328,1
10.668,-1.15892362373415e-05,66.7653325715013,1
10.668,-1.15892362373415e-05,66.7653323341284,1
10.668,-1.15892362373415e-05,66.7653326274491,1
10.668,-1.15892362373415e-05,66.7653325952357,1
10.668,-1.73838543560123e-05,66.7653323424547,1
10.668,-1.73838543560123e-05,66.7653325502078,1
10.668,-1.15892362373415e-05,66.7653323032975,1
10.668,-1.73838543560123e-05,66.7653323765764,1
10.668,-1.15892362373415e-05,66.7653324228548,1
10.668,-1.73838543560123e-05,66.7653324722693,1
10.668,-1.73838543560123e-05,66.7653326762359,1
10.668,-1.15892362373415e-05,66.7653325743503,1
10.668,-1.73838543560123e-05,68.3652383437126,1
10.668,-1.73838543560123e-05,68.3652384693752,1
10.668,-1.73838543560123e-05,68.365238476068,1
10.668,-1.73838543560123e-05,68.3652383105929,1
10.668,-1.73838543560123e-05,68.3652379621046,1
10.668,-2.31784724746831e-05,68.3652381709157,1
10.668,-1.73838543560123e-05,68.3652381767746,1
10.668,-2.31784724746831e-05,68.365238096504,1
10.668,-1.73838543560123e-05,68.3652380290422,1
10.668,-1.73838543560123e-05,68.365238210406,1
10.668,-2.31784724746831e-05,68.365238027429,1
10.668,-2.31784724746831e-05,68.3652383342095,1
10.668,-2.31784724746831e-05,69.3687460866104,1
10.668,-2.31784724746831e-05,69.3687463125032,1
10.668,-2.31784724746831e-05,69.3687461545966,1
10.668,-1.73838543560123e-05,69.3687460595798,1
10.668,-2.31784724746831e-05,69.3687459811875,1
10.668,-2.31784724746831e-05,69.3687462072071,1
10.668,-1.73838543560123e-05,69.3687461826568,1
10.668,-2.31784724746831e-05,69.3687461813921,1
10.668,-2.31784724746831e-05,69.3687459687894,1
10.668,-1.73838543560123e-05,69.3687462736422,1
10.668,-2.31784724746831e-05,69.3687459184296,1
10.668,-2.31784724746831e-05,69.3687462097465,1
10.668,-1.73838543560123e-05,68.0562070903768,1
10.668,-1.73838543560123e-05,68.0562072420302,1
10.668,-1.73838543560123e-05,68.0562071344069,1
10.668,-1.73838543560123e-05,68.0562071428156,1
10.668,-1.73838543560123e-05,68.0562073305801,1
10.668,-1.73838543560123e-05,68.0562071416133,1
10.668,-1.73838543560123e-05,68.0562069418374,1
10.668,-1.73838543560123e-05,68.0562071639392,1
10.668,-1.73838543560123e-05,68.0562072472362,1
10.668,-1.73838543560123e-05,68.0562070803384,1
10.668,-1.73838543560123e-05,68.0562070363865,1
10.668,-1.73838543560123e-05,68.0562071652801,1
10.668,-1.73838543560123e-05,67.9930704521201,1
10.668,-1.73838543560123e-05,67.9930704969667,1
10.668,-1.73838543560123e-05,67.9930705854704,1
10.668,-1.73838543560123e-05,67.9930705403046,1
10.668,-1.73838543560123e-05,67.9930703426543,1
10.668,-1.73838543560123e-05,67.9930705843152,1
10.668,-1.15892362373415e-05,67.993070421266,1
10.668,-1.73838543560123e-05,67.9930703676697,1
10.668,-1.73838543560123e-05,67.9930705337864,1
10.668,-1.73838543560123e-05,67.9930704249591,1
10.668,-1.73838543560123e-05,67.993070656301,1
10.668,-1.73838543560123e-05,67.9930703928531,1
10.668,-2.31784724746831e-05,68.5419501406753,1
10.668,-1.73838543560123e-05,68.5419500390629,1
10.668,-1.73838543560123e-05,68.541949959882,1
10.668,-1.73838543560123e-05,68.5419500670144,1
10.668,-1.73838543560123e-05,68.5419498741937,1
10.668,-1.73838543560123e-05,68.5419498743299,1
10.668,-1.73838543560123e-05,68.5419499969353,1
10.668,-2.31784724746831e-05,68.5419500264852,1
10.668,-1.73838543560123e-05,68.5419499795751,1
10.668,-1.73838543560123e-05,68.5419499656301,1
10.668,-1.73838543560123e-05,68.5419499294244,1
10.668,-1.73838543560123e-05,68.5419499469761,1
10.668,-2.89730905933538e-05,71.194468145896,1
10.668,-2.89730905933538e-05,71.1944680597649,1
10.668,-2.31784724746831e-05,71.1944681338892,1
10.668,-2.89730905933538e-05,71.1944682054701,1
10.668,-2.89730905933538e-05,71.1944683908291,1
10.668,-2.89730905933538e-05,71.1944682244364,1
10.668,-2.31784724746831e-05,71.194468141059,1
10.668,-2.89730905933538e-05,71.1944683103616,1
10.668,-2.89730905933538e-05,71.1944682021157,1
10.668,-2.89730905933538e-05,71.1944682643953,1
10.668,-2.89730905933538e-05,71.1944682430621,1
10.668,-2.31784724746831e-05,71.1944680975889,1
10.668,-1.15892362373415e-05,67.3180348871978,1
10.668,-1.73838543560123e-05,67.3180346991739,1
10.668,-1.15892362373415e-05,67.3180347146668,1
10.668,-1.73838543560123e-05,67.3180348368312,1
10.668,-1.73838543560123e-05,67.3180346545531,1
10.668,-1.15892362373415e-05,67.3180349855675,1
10.668,-1.73838543560123e-05,67.3180348777368,1
10.668,-1.73838543560123e-05,67.3180350038515,1
10.668,-1.73838543560123e-05,67.3180349680983,1
10.668,-1.15892362373415e-05,67.3180348542125,1
10.668,-1.73838543560123e-05,67.3180348568461,1
10.668,-1.15892362373415e-05,67.3180348885382,1
10.668,-2.31784724746831e-05,70.381517318616,1
10.668,-2.31784724746831e-05,70.3815177000786,1
10.668,-2.89730905933538e-05,70.3815176951831,1
10.668,-2.31784724746831e-05,70.3815176161111,1
10.668,-2.31784724746831e-05,70.3815176124044,1
10.668,-2.31784724746831e-05,70.3815176540596,1
10.668,-2.89730905933538e-05,70.3815177558428,1
10.668,-2.31784724746831e-05,70.3815175508512,1
10.668,-2.31784724746831e-05,70.3815178638634,1
10.668,-2.89730905933538e-05,70.381517784687,1
10.668,-2.31784724746831e-05,70.3815175459638,1
10.668,-2.31784724746831e-05,70.3815178090926,1
10.668,-2.31784724746831e-05,69.2451245000031,1
10.668,-2.31784724746831e-05,69.2451246379194,1
10.668,-1.73838543560123e-05,69.2451244181942,1
10.668,-1.73838543560123e-05,69.2451246299273,1
10.668,-2.31784724746831e-05,69.245124437362,1
10.668,-2.31784724746831e-05,69.2451245110677,1
10.668,-1.73838543560123e-05,69.2451245495381,1
10.668,-2.31784724746831e-05,69.2451244464024,1
10.668,-2.31784724746831e-05,69.245124590592,1
10.668,-2.31784724746831e-05,69.2451245070378,1
10.668,-2.31784724746831e-05,69.2451242881382,1
10.668,-1.73838543560123e-05,69.2451245588747,1
10.668,-1.73838543560123e-05,69.0508362953277,1
10.668,-2.31784724746831e-05,69.0508361162391,1
10.668,-2.31784724746831e-05,69.0508361817709,1
10.668,-1.73838543560123e-05,69.0508362706882,1
10.668,-2.31784724746831e-05,69.0508362513965,1
10.668,-1.73838543560123e-05,69.050836180901,1
10.668,-1.73838543560123e-05,69.0508361821925,1
10.668,-2.31784724746831e-05,69.0508361463509,1
10.668,-2.31784724746831e-05,69.050836153745,1
10.668,-2.31784724746831e-05,69.0508361502319,1
10.668,-2.31784724746831e-05,69.0508360938174,1
10.668,-2.31784724746831e-05,69.0508360517034,1
10.668,-5.79461811867077e-06,65.0289061377465,1
10.668,-5.79461811867077e-06,65.0289062288419,1
10.668,-5.79461811867077e-06,65.0289062625612,1
10.668,-5.79461811867077e-06,65.0289061848359,1
10.668,-1.15892362373415e-05,65.0289060214243,1
10.668,-1.15892362373415e-05,65.0289061530906,1
10.668,-5.79461811867077e-06,65.028906193346,1
10.668,-5.79461811867077e-06,65.0289061306107,1
10.668,-1.15892362373415e-05,65.0289058064327,1
10.668,-5.79461811867077e-06,65.0289062035039,1
10.668,-5.79461811867077e-06,65.0289060780221,1
10.668,-5.79461811867077e-06,65.0289060789174,1
10.6553860190564,11.7773063630011,61.9507529866481,1
10.6458142286049,8.93690335090014,61.9430402687555,1
10.6371574526876,8.08258252050109,61.9347157168665,1
10.6290620454307,7.55844772243108,61.9267705012658,1
10.621364636259,7.18685045171696,61.9191552479087,1
10.6139672187108,6.90675020109666,61.9118061053293,1
10.6068049637238,6.6871863259621,61.9046734283577,1
10.5998334260828,6.50912350579347,61.8977229220576,1
10.5930176282377,6.36371335872354,61.8909179627525,1
10.5863332578384,6.24100362813351,61.8842404399596,1
10.5797616561417,6.13571541691726,61.8776729701836,1
10.5732883623308,6.04392866591752,61.871201950917,1
10.6149611770654,-38.9086934796978,61.9802960535813,1
10.6455448875531,-38.4149601455874,62.0193524986545,1
10.6639250994655,-66.8613083627179,62.2458343619681,1
10.668,-66.6396004788794,62.2623424196143,1
10.668,-1.73838543560123e-05,66.670744519095,1
10.668,-1.15892362373415e-05,66.670744375742,1
10.668,-1.15892362373415e-05,66.6707445110718,1
10.668,-1.15892362373415e-05,66.6707445181368,1
10.668,-1.15892362373415e-05,66.6707445496628,1
10.668,-1.15892362373415e-05,66.6707445268044,1
10.668,-1.15892362373415e-05,66.6707442841881,1
10.668,-1.15892362373415e-05,66.670744492757,1
10.668,-1.15892362373415e-05,66.6707445054738,1
10.668,-1.15892362373415e-05,66.6707445303933,1
10.668,-1.73838543560123e-05,67.099884511587,1
10.668,-1.73838543560123e-05,67.0998843307125,1
10.668,-1.15892362373415e-05,67.0998842185461,1
10.668,-1.15892362373415e-05,67.0998842711014,1
3.051,0.0,0.0,1
3.19157783574666,-131.25343723118,55.4107038522739,1
3.33165467394827,-130.78566958086,55.5442650588886,1
3.47122415056445,-130.311959549658,55.6772578951459,1
3.61027995462266,-129.83235639183,55.8096775702926,1
3.74881581680214,-129.34690646432,55.9415191904831,1
3.88682553976754,-128.855664816001,56.0727783260348,1
4.02430296520605,-128.358674906508,56.2034501635708,1
4.16124200263704,-127.855997579331,56.3335303275663,1
4.29763661285694,-127.347682088725,56.4630142821484,1
4.43348082549551,-126.83378927818,56.5918977827963,1
4.56876872088367,-126.314371299259,56.7201764049962,1
4.70349444664477,-125.78949479007,56.8478459998557,1
4.85479780486661,-141.267545603796,57.2185125521489,1
5.00533962491301,-140.556516987544,57.3584681574664,1
5.15511644906941,-139.842266563619,57.4976596257979,1
5.30412488696813,-139.124840688964,57.6360854086289,1
5.45236159946581,-138.404306001689,57.7737435636192,1
5.59982330752841,-137.680708858738,57.9106323202034,1
5.746506807391,-136.95411589822,58.0467501766722,1
5.89240895352931,-136.224590860934,58.1820954441297,1
6.03752665848579,-135.492183001134,58.3166664778029,1
6.18185691527253,-134.756961854237,58.4504620006257,1
6.32539677539119,-134.018991161042,58.5834804842816,1
6.46814335867125,-133.27833466235,58.7157205865563,1
6.60225299063579,-125.214263049429,58.7389026224639,1
6.72098934943841,-110.860683957412,58.6760349820866,1
6.83840984770108,-109.632106126583,58.7788629358669,1
6.95454627416239,-108.433202535139,58.8809050807622,1
7.06942862638262,-107.262313024989,58.9821615854977,1
7.031098985062,35.7872688726957,58.2684900557885,1
6.99176764249579,36.7225318262854,58.2254653118309,1
6.95151133715572,37.5861414295287,58.1817071285361,1
6.91040218708294,38.382420467542,58.1372915805476,1
6.86850790593239,39.1154715299535,58.0922878423648,1
6.82589192932983,39.7893015951922,58.0467583430798,1
6.78261357653145,40.4077351112164,58.000759442351,1
6.75856903750333,22.449692045825,58.0371625227197,1
6.73341768028779,23.4830926518725,58.0096020229022,1
6.70727051622889,24.4128507182495,57.9811724860559,1
6.68023461284227,25.242634238225,57.95200828024,1
6.65240798789046,25.9809120461796,57.9222160213169,1
6.62388012153227,26.6356401527901,57.8918884304686,1
6.59473233545273,27.2144413781916,57.8611055435161,1
6.56503816966857,27.724579276196,57.8299360532041,1
6.53486381457439,28.1729175719647,57.7984387223241,1
6.50426855540027,28.565908572773,57.7666635785379,1
6.47330522513921,28.9095584003007,57.7346529958173,1
6.44202074747314,29.2094038121604,57.7024430048171,1
6.38108133243651,56.8973611018464,57.5105987626557,1
6.32018020525567,56.8616112053633,57.4499228103229,1
6.2593140500346,56.8289585322646,57.3892621311658,1
6.19847984980071,56.7991220435715,57.328615578988,1
6.13767486037386,56.7718525707051,57.2679820379086,1
6.07689655415246,56.7469328154857,57.2073602734781,1
6.01614264389422,56.7241570689703,57.1467494271224,1
5.95541102971042,56.7033370060699,57.0861485128987,1
6.06250413397774,-99.9897196089705,57.893698537889,1
6.16865854197172,-99.1132836185216,57.9903881007629,1
6.27388828414302,-98.2499492596389,58.0863707389559,1
6.37820693888692,-97.3992906278909,58.1816522851575,1
6.45032343912833,-67.3330800941585,57.9824978048624,1
6.52179729676681,-66.7330618745154,58.0495293127607,1
6.59264089176772,-66.1446039180191,58.1160538271817,1
6.6628660868921,-65.5672252713657,58.1820775600447,1
6.73248423764653,-65.0004420839423,58.2476064390882,1
6.80150623962461,-64.4438342459352,58.3126463959927,1
6.86994253638925,-63.896981647531,58.3772030960948,1
6.93780316912299,-63.3594989466246,58.4412822549637,1
7.00509777337143,-62.8310152876566,58.5048892746367,1
6.90520043678308,93.2712394478585,57.7345613923023,1
6.80561792269554,92.9772987518618,57.6379601717504,1
6.70633024389525,92.7020196235162,57.5414566670743,1
6.60232663966118,97.1051413256419,57.3919891428336,1
6.49858034829541,96.8648906638236,57.2907745811876,1
6.39507594926675,96.6390454226485,57.189644826759,1
6.29179900583649,96.4266755659082,57.0885960551962,1
6.18873599625375,96.2269350793576,56.9876245563058,1
6.08587425648753,96.0390127164601,56.8867267990582,1
5.98320191461003,95.8621812526417,56.7858993000699,1
6.05434243402977,-66.4218358326707,57.5797854811564,1
6.12480896960814,-65.7925518942193,57.6456558468342,1
6.19461690410403,-65.1776357113931,57.7110138250573,1
6.26378088032978,-64.576391930018,57.7758663267113,1
6.3323148079769,-63.9881338878467,57.8402198035004,1
6.35799050923393,-23.9726538609375,57.6729944467102,1
6.38359406240495,-23.9052972199261,57.6984327124853,1
6.40911758550239,-23.8305698246677,57.7237735570816,1
6.434553840413,-23.7490916993011,57.7490114104519,1
6.4598962297278,-23.6614509975652,57.7741413299862,1
6.48513875398525,-23.5682126947268,57.7991588640656,1
6.51027597714359,-23.4698954091073,57.8240600339945,1
6.53530299426666,-23.366997477865,57.8488413049552,1
6.56021540155529,-23.2599911623765,57.8734995600615,1
6.58500925417602,-23.1492965724556,57.8980320305957,1
6.60968103564563,-23.0353251259885,57.9224362911601,1
6.63422763761827,-22.918453473153,57.9467102622584,1
6.65710658595681,-21.3614048169575,57.9661222527174,1
6.67988619560127,-21.2686619539681,57.9887050715012,1
6.70256175057135,-21.1715035919724,58.0111756708511,1
6.72512906984994,-21.0704454519828,58.0335310786333,1
6.74758447163371,-20.9659540007578,58.0557687333568,1
6.76992474236803,-20.8584638346565,58.0778864623871,1
6.79214709437248,-20.7483602957836,58.0998824178414,1
6.81424911480734,-20.6360113423898,58.1217550103599,1
6.836228736672,-20.5217356784715,58.1435029238949,1
6.858084212787,-20.4058230349347,58.1651250963277,1
6.87981408028208,-20.2885457588309,58.1866206673809,1
6.90141712457097,-20.1701356348849,58.2079889435678,1
6.95737492003769,-52.2461660034423,58.389758511355,1
7.01278629449244,-51.7359904404202,58.4422343674705,1
6.89982403204031,105.469576968744,57.5976863639728,1
6.78707348631514,105.271905160862,57.4871869360429,1
6.67452305282401,105.085063494244,57.3767606142085,1
6.56216181674478,104.908417458205,57.2664043977609,1
6.44997947905869,104.741384693625,57.1561150424327,1
6.33796633191531,104.583417609092,57.0458895674201,1
6.22611321004843,104.434003380902,56.9357249613545,1
6.11441148148315,104.292652363824,56.8256185948763,1
6.00285298486396,104.158918372264,56.7155676012798,1
5.89143002056153,104.032378399097,56.6055694402862,1
5.97542432176505,-78.4230375478501,57.5966318254579,1
6.058607553816,-77.6657678790116,57.673320537669,1
6.14099734452433,-76.9249549256301,57.7494154393316,1
6.22261049741768,-76.1998251061868,57.824923111566,1
6.30346304122003,-75.4896685799622,57.8998500472864,1
6.38357029290906,-74.7938102739454,57.9742027942338,1
6.46294690778016,-74.1116359586158,58.0479878746387,1
6.54160690890939,-73.4425545829254,58.1212116336078,1
6.6195637402513,-72.78602435008,58.1938804516982,1
6.69683029314356,-72.1415324363761,58.266000549764,1
6.77341893735085,-71.5085862992737,58.3375780387207,1
6.84934155732347,-70.8867455477957,58.4086189784305,1
6.91473718229411,-61.05799541956,58.402379026,1
6.97958205266278,-60.5437694184729,58.4637646174617,1
7.04388565104535,-60.0384004911803,58.5246964532293,1
6.94106287754432,96.002631206602,57.7422954675056,1
6.83854305003523,95.7197814096844,57.642723689991,1
6.73630753007987,95.4543299536681,57.543247626713,1
6.63433886292935,95.2051787584196,57.4438624491057,1
6.53262075527112,94.9712413330417,57.3445643114103,1
6.43113797836728,94.7515181059089,57.2453493226248,1
6.32987629012525,94.5450993219765,57.1462136760646,1
6.22882235309066,94.351124480454,57.047153549271,1
6.12796368463658,94.1688026159682,56.9481653814459,1
6.03924736911037,82.8318437703501,56.9690332164628,1
5.95068832201236,82.685005249914,56.8818060223483,1
6.03430132427108,-78.0670306971842,57.6524480912803,1
6.11714411352175,-77.347906999421,57.7291490526623,1
6.19923174481011,-76.6428323532864,57.8052678360513,1
6.28057861358634,-75.9512041184962,57.8808106445653,1
6.36119852649827,-75.272466011711,57.9557838519068,1
6.44110473721523,-74.6061052092273,58.0301937587693,1
6.52030996948523,-73.9516233738868,58.1040465006233,1
6.59882644796327,-73.3085540389311,58.1773481238383,1
6.67666593418506,-72.6764655053103,58.250104644982,1
6.75383975075936,-72.0549434578288,58.3223219715792,1
6.83759888612456,-78.2034678780974,58.456917110966,1
6.92065019594466,-77.542591681663,58.5343125432919,1
7.0030042969423,-76.8916271795206,58.611140602618,1
7.08467146936729,-76.2502643596008,58.6874069566859,1
7.16566166095285,-75.6181845179071,58.7631170735016,1
7.24598448728832,-74.9950892316065,58.8382761985919,1
7.32564927699972,-74.38069746172,58.912889740027,1
7.40466506308562,-73.7747397585053,58.9869628351765,1
7.48304060299735,-73.1769611587652,59.0605005875704,1
7.56078438502343,-72.5871038019932,59.1335079629823,1
7.63790464491053,-72.0049445953919,59.205989878132,1
7.71440938735069,-71.4302517542365,59.2779512513635,1
7.77427537386716,-55.8951297466592,59.2284987615601,1
7.83371788607087,-55.4997426712589,59.2855048615227,1
7.89274068184865,-55.1078671344385,59.3421283040907,1
7.95134746167789,-54.7194422927078,59.3983736884858,1
8.00954183334529,-54.334387021413,59.4542436727946,1
8.06732731363254,-53.9526201959006,59.5097408513739,1
8.12470735367192,-53.5740751780622,59.5648679106659,1
8.18168532532025,-53.1986708432441,59.6196273960339,1
8.23826452658942,-52.8263521425743,59.674021823691,1
8.29444818149265,-52.4570466433261,59.7280536490109,1
8.35023945096046,-52.0906848100822,59.7817253368628,1
8.40564142846145,-51.7272144912795,59.8350392732172,1
8.47287952292292,-62.778252392377,59.9723039307081,1
8.53958859483338,-62.2843191439415,60.0355974095522,1
8.60577501448092,-61.7963398656229,60.0984348530482,1
8.67144501043524,-61.3141638973502,60.1608212819243,1
8.736604597155,-60.8376145032707,60.2227604767064,1
8.80125964114922,-60.3665323313862,60.2842565330162,1
8.86541583226581,-59.9007696189346,60.3453132288372,1
8.92907871283995,-59.440178603154,60.4059344151261,1
8.99225366111962,-58.9846115212822,60.4661237129014,1
9.05494592139281,-58.5339379944116,60.5258848290592,1
9.11716058901636,-58.0880276436346,60.5852212630272,1
9.17890263606115,-57.6467529873526,60.6441365772434,1
9.23868766586472,-55.8195418506102,60.6924452845409,1
9.2980278860662,-55.404238672736,60.7492285301518,1
9.35692745257421,-54.9928062997651,60.8056138545741,1
9.41539040483851,-54.5851578124257,60.8616041304923,1
9.47342070844623,-54.1812033941369,60.9172024182708,1
9.5310222173233,-53.7808532283179,60.9724114725669,1
9.58819871481623,-53.3840348822423,61.0272342261964,1
9.64495389206114,-52.9906556420201,61.0816734162935,1
9.70129135254275,-52.600648869543,61.1357317354166,1
9.75721463088942,-52.2139392347754,61.1894119259596,1
9.81272718333306,-51.8304572022998,61.2427166148449,1
9.86783239498093,-51.4501303393899,61.2956484118629,1
9.90208326738348,-31.9790429477962,61.2407255078522,1
9.936261453083,-31.9111792776994,61.2746705148285,1
9.97035753253762,-31.8345193772984,61.3085038637949,1
10.0043625335881,-31.7494775617888,61.3422182513343,1
10.004362537455,0.0,62.3057937332219,0
10.0043625425,0.0,62.346807128119,0
10.0043625580003,0.0,65.8444804282661,0
10.0043623383634,0.0,3.8565229942833e-11,0
9.89678577040295,100.441111668488,60.6506861189742,1
9.78935716211704,100.302967972539,60.5447608593604,1
9.6820682949573,100.172496350979,60.4388901003686,1
9.57491141004731,100.049262207449,60.3330709991449,1
9.48006886407222,88.5517286991444,60.3562265387381,1
9.38531772090756,88.4663884608017,60.2623007916222,1
9.29065242112465,88.3862402002933,60.1684096405945,1
9.19606776982011,88.3109362405321,60.074551687212,1
9.10155889470583,88.2401868506122,59.9807250753807,1
9.00712124276827,88.1736878130823,59.8869282230824,1
8.91275052566753,88.1111928566725,59.7931593078724,1
8.81844271779149,88.0524557101126,59.6994167414015,1
8.72419403573206,87.997250383296,59.6056989826716,1
8.63000093919753,87.9453537834252,59.5120047329421,1
8.5358600946936,87.896563098866,59.418332566,1
8.44176838348522,87.8506957991476,59.3246813349822,1
8.34542521632028,89.9528123113669,59.207929698207,1
8.2491327123036,89.9055079463551,59.1121015643899,1
8.15288788832868,89.8609965872765,59.0162934353939,1
8.05668794102161,89.8190899090423,58.9205043213592,1
7.96053025418231,89.7796372515813,58.824733352388,1
7.86441233986191,89.7424995440588,58.7289792429371,1
7.76833188252948,89.7075290237126,58.6332412805091,1
7.67228668899773,89.6746069008714,58.5375184131481,1
7.57627469654853,89.6436056939365,58.4418097909247,1
7.48029396521018,89.6144182024727,58.3461146133206,1
7.38434266786835,89.5869343287359,58.2504320999481,1
7.28841910183785,89.5610497695998,58.1547616984072,1
7.21142118448076,71.8907152884185,58.2342418123908,1
7.13436492325236,71.9451904933521,58.1567538870987,1
7.05725425754349,71.9959861157804,58.0792402502442,1
6.98009287478557,72.0433426323552,58.0017029625044,1
6.90288421414722,72.0874802385651,57.9241436732604,1
6.82563149719581,72.1286133352805,57.8465640339515,1
6.74833772031365,72.1669505287537,57.7689654081146,1
6.67100567472706,72.2026801440734,57.6913490967738,1
6.59363797270237,72.2359702251651,57.613716411518,1
6.51623705054827,72.2669888159544,57.5360685060453,1
6.43880516924426,72.2958952684394,57.4584063595073,1
6.36134444929764,72.3228228588368,57.3807310663742,1
6.29697902641997,60.0961264768785,57.4057845128327,1
6.23250895987172,60.1938237383592,57.3406641481717,1
6.16794232643352,60.2839908935948,57.2754964821015,1
6.1032866123336,60.367158150143,57.2102855409427,1
6.03854873925394,60.443867304798,57.1450349118053,1
5.97373508462505,60.5146253866451,57.0797477321897,1
5.90885155285923,60.5798669920432,57.0144270843086,1
5.84390362946466,60.6399890523335,56.9490761449188,1
5.77889631524308,60.6954406504201,56.8836965517611,1
5.71383425572982,60.7465520795358,56.818291037098,1
5.64872175806306,60.7936478382953,56.7528618549002,1
5.58356276677047,60.8370553226223,56.6874107324766,1
5.50155588376776,76.5674443715625,56.4861549298384,1
5.41958903586173,76.5300574954608,56.4045028349927,1
5.33765953809637,76.4951883809317,56.3228667698906,1
5.25576489825,76.4626429082682,56.2412458679036,1
5.17390277078636,76.4322906985626,56.159638958494,1
5.09207098216204,76.4039637078895,56.07804523858,1
5.01026750753652,76.3775257627231,55.9964638676794,1
4.92849045056232,76.3528580733919,55.9148939726339,1
4.84673804338576,76.3298418502245,55.8333348065606,1
4.76500864657322,76.3083583035495,55.7517857483508,1
4.68330072862069,76.2883060275499,55.6702461223883,1
4.60161285197958,76.2695981029538,55.5887152360528,1
4.5191787291895,76.9663429855427,55.5004104459021,1
4.43676514989902,76.947165696879,55.4181591859191,1
4.35437074774711,76.9292574295832,55.3359162514569,1
4.27199425625124,76.9125341616927,55.2536811941454,1
4.18963448901779,76.8969176658629,55.1714534660405,1
4.10729034873143,76.8823326120582,55.0892326783826,1
4.02496079316613,76.8687094648612,55.0070182283498,1
3.94264485907244,76.8559931753998,54.9248097800578,1
3.8603416476763,76.8441142082565,54.8426069469757,1
3.77805031674508,76.8330204118683,54.7604093360077,1
3.69577008848525,76.822653840054,54.6782166803544,1
3.61350022594019,76.8129797251049,54.5960285674523,1
3.53803265129703,70.4618783527167,54.5720667826662,1
3.46254291695325,70.4825709340184,54.4964162431944,1
3.38703256834457,70.5018177580996,54.4207562481164,1
3.31150306097137,70.5196999496138,54.3450876249379,1
3.23595573411217,70.5363420928506,54.2694108765512,1
3.16039183571221,70.5518166205366,54.193726593942,1
3.08481253250947,70.5662017600162,54.1180353594839,1
3.0092189017995,70.579575738634,54.0423376054209,1
2.93361194769469,70.5920167837348,53.9666338081523,1
2.85799261125509,70.6035741495725,53.8909244540352,1
2.89940995827186,-38.670169614079,54.2637336731698,1
2.94750922337384,-44.9088843680556,54.3404954903155,1
3.02684317128892,-74.0717979590499,54.6115590087245,1
3.10792439898114,-75.7031857710899,54.7060869006382,1
3.19083080632284,-77.4072989378283,54.8033402388236,1
3.27568793014628,-79.2286314344892,54.9038692971506,1
3.36272733753758,-81.2661640304668,55.0088560620804,1
3.45253839056856,-83.8539738441568,55.1220860639777,1
3.54487946621799,-86.2161759960145,55.2364138833438,1
3.63858933847021,-87.4941819193964,55.3422589199061,1
3.7332255120119,-88.3590402628442,55.4452057579502,1
3.82853122484922,-88.9841723574136,55.5465659015084,1
3.92433019547683,-89.4447141189403,55.6468509671589,1
4.02049181244562,-89.7833023475414,55.7463247312958,1
4.06828070472414,-44.619101310559,55.4598364055528,1
4.11647716473268,-44.9996309851031,55.5099134909509,1
4.16503531091792,-45.337329739823,55.5601543913414,1
4.21391389305267,-45.636508770599,55.6105346838969,1
4.2630756449606,-45.9008969141905,55.6610319947118,1
4.31248669707415,-46.1336609293994,55.7116254530963,1
4.36211617056726,-46.3375967194679,55.762295946899,1
4.41193577176931,-46.5151119482243,55.8130255694969,1
4.4619195003018,-46.6683535216816,55.8637977535806,1
4.51204339652409,-46.7992249718918,55.9145971178304,1
4.56228531346929,-46.9094125327274,55.9654092853858,1
4.61262473617405,-47.000457572608,56.0162208750391,1
4.7025626692853,-83.9724303250478,56.3731989572206,1
4.79214062840122,-83.6363337822377,56.4596919044607,1
4.88135503420488,-83.2968966420822,56.5458023386125,1
4.970202458592,-82.9542579754161,56.631528711369,1
5.05867972648729,-82.6086495669642,56.7168703375897,1
5.14678387693918,-82.2602829202879,56.8018263879064,1
5.23451217396155,-81.9093579497121,56.886396322669,1
5.32186207561162,-81.5560600830167,56.9705795097646,1
5.40883123054074,-81.2005718506725,57.0543754544507,1
5.49541746292449,-80.8430468100596,57.1377836881791,1
5.58161877088575,-80.4836559024125,57.2208038805142,1
5.66743331539929,-80.1225468904931,57.3034357497902,1
5.73740900335703,-65.3342613418317,57.254935500569,1
5.80715118902148,-65.116253321662,57.3231061106112,1
5.87665428806831,-64.8930214532584,57.3910053763655,1
5.94591307087215,-64.6649105163988,57.4586308163197,1
6.01492262991568,-64.4322218312254,57.5259800297545,1
6.08367836713843,-64.195233539408,57.5930508187651,1
6.15217598670336,-63.9542353718525,57.6598412168773,1
6.11260906137434,36.9424868381429,57.3454231447601,1
6.07141274092375,38.4638058790188,57.2979600100008,1
6.02865654026133,39.9202165050383,57.2489507362238,1
5.98440898198577,41.3126603416458,57.1984940896397,1
5.93873747248599,42.6421572416302,57.1466847360954,1
5.88868523043103,46.7323261057118,57.0764770693408,1
5.83739818003475,47.8852291212206,57.0191642368742,1
5.78493669280186,48.981759194362,56.9608319519956,1
5.73136417400325,50.0191030380392,56.9015806937053,1
5.67674371023049,50.997535896613,56.8414930082375,1
5.6211354692783,51.9197986244535,56.7806331330256,1
5.56459691185348,52.7884060858241,56.7190614255925,1
5.50718289912873,53.6057949176438,56.6568341729388,1
5.44894575620934,54.3743235294869,56.5940036181152,1
5.38993533805834,55.0963097686008,56.5306182157589,1
5.33019906807727,55.7740164333609,56.4667226754955,1
5.26978202956725,56.4096309921069,56.4023585021021,1
5.16037661810583,102.148655249152,55.8955346001364,1
5.05080421217873,102.304568141562,55.7842360828274,1
4.94107283955407,102.452991490054,55.6728592984837,1
4.83119015477765,102.594270074405,55.5614083615393,1
4.72116345142299,102.728734187849,55.4498871241386,1
4.61099968273457,102.856705431691,55.3382992797042,1
4.50070550267692,102.978473536837,55.2266486198294,1
4.39028721187322,103.094345618047,55.1149379936329,1
4.27975085731415,103.204579535827,55.0031710099983,1
4.16910217770818,103.309453431848,54.8913503785092,1
4.05834668872743,103.409175912361,54.7794799574547,1
3.94748956358005,103.504071475982,54.6675604424347,1
3.79869837445814,138.922005876339,54.059720905356,1
3.64993719061589,138.893991795044,53.9113714505914,1
3.50120479410732,138.867110561591,53.763033959882,1
3.35250003420136,138.841310024418,53.6147082544302,1
3.20382180096818,138.816546723888,53.4663937917503,1
3.05516903454411,138.792765611129,53.3180902058508,1
2.90654070461372,138.769952199596,53.1697968782376,1
2.75793583999123,138.748036953871,53.0215136545851,1
2.60935349634832,138.727008284718,52.8732399643142,1
2.58245018392936,25.1188380167378,53.8545495304474,1
2.55823769287098,22.6064973094253,53.8364750722697,1
2.5363640310435,20.4227983687133,53.8192894348212,1
2.57932622887194,-40.1125514696332,53.9498762837581,1
2.62311702786267,-40.886193831966,53.9971063595909,1
2.66764224345558,-41.571902864348,54.0447379312412,1
2.71282128089423,-42.1823571912228,54.0927281727526,1
2.75858420846746,-42.7275177611364,54.1410379620223,1
2.80486966027076,-43.2153782497835,54.1896316196509,1
2.85162326350166,-43.6524807810201,54.2384764789355,1
2.89879648899493,-44.0442665012597,54.287542815531,1
2.94634570497449,-44.3953189534341,54.3368032453815,1
2.99423147753422,-44.7095524020824,54.3862327271732,1
3.04241795417033,-44.9903132391682,54.4358080186014,1
3.09087242352619,-45.2405248495324,54.4855078146121,1
3.14464559211282,-50.2064430418159,54.5654674950387,1
3.19856641611074,-50.3443085960953,54.6201551036445,1
3.25261208850193,-50.4608731341705,54.6748507381182,1
3.30676145667582,-50.5576896136972,54.7295411081104,1
3.051,0.0,0.0,1
3.19157783574666,-131.25343723118,55.4107038522739,1
3.33165467394827,-130.78566958086,55.5442650588886,1
3.47122415056445,-130.311959549658,55.6772578951459,1
3.61027995462266,-129.83235639183,55.8096775702926,1
3.74881581680214,-129.34690646432,55.9415191904831,1
3.88682553976754,-128.855664816001,56.0727783260348,1
4.02430296520605,-128.358674906508,56.2034501635708,1
4.16124200263704,-127.855997579331,56.3335303275663,1
4.29763661285694,-127.347682088725,56.4630142821484,1
4.43348082549551,-126.83378927818,56.5918977827963,1
4.56876872088367,-126.314371299259,56.7201764049962,1
4.70349444664477,-125.78949479007,56.8478459998557,1
4.85479780486661,-141.267545603796,57.2185125521489,1
5.00533962491301,-140.556516987544,57.3584681574664,1
5.15511644906941,-139.842266563619,57.4976596257979,1
5.30412488696813,-139.124840688964,57.6360854086289,1
5.45236159946581,-138.404306001689,57.7737435636192,1
5.59982330752841,-137.680708858738,57.9106323202034,1
5.746506807391,-136.95411589822,58.0467501766722,1
5.89240895352931,-136.224590860934,58.1820954441297,1
6.03752665848579,-135.492183001134,58.3166664778029,1
6.18185691527253,-134.756961854237,58.4504620006257,1
6.32539677539119,-134.018991161042,58.5834804842816,1
6.46814335867125,-133.27833466235,58.7157205865563,1
6.60225299063579,-125.214263049429,58.7389026224639,1
6.72098934943841,-110.860683957412,58.6760349820866,1
6.83840984770108,-109.632106126583,58.7788629358669,1
6.95454627416239,-108.433202535139,58.8809050807622,1
7.06942862638262,-107.262313024989,58.9821615854977,1
7.031098985062,35.7872688726957,58.2684900557885,1
6.99176764249579,36.7225318262854,58.2254653118309,1
6.95151133715572,37.5861414295287,58.1817071285361,1
6.91040218708294,38.382420467542,58.1372915805476,1
6.86850790593239,39.1154715299535,58.0922878423648,1
6.82589192932983,39.7893015951922,58.0467583430798,1
6.78261357653145,40.4077351112164,58.000759442351,1
6.75856903750333,22.449692045825,58.0371625227197,1
6.73341768028779,23.4830926518725,58.0096020229022,1
6.70727051622889,24.4128507182495,57.9811724860559,1
6.68023461284227,25.242634238225,57.95200828024,1
6.65240798789046,25.9809120461796,57.9222160213169,1
6.62388012153227,26.6356401527901,57.8918884304686,1
6.59473233545273,27.2144413781916,57.8611055435161,1
6.56503816966857,27.724579276196,57.8299360532041,1
6.53486381457439,28.1729175719647,57.7984387223241,1
6.50426855540027,28.565908572773,57.7666635785379,1
6.47330522513921,28.9095584003007,57.7346529958173,1
6.44202074747314,29.2094038121604,57.7024430048171,1
6.38108133243651,56.8973611018464,57.5105987626557,1
6.32018020525567,56.8616112053633,57.4499228103229,1
6.2593140500346,56.8289585322646,57.3892621311658,1
6.19847984980071,56.7991220435715,57.328615578988,1
6.13767486037386,56.7718525707051,57.2679820379086,1
6.07689655415246,56.7469328154857,57.2073602734781,1
6.01614264389422,56.7241570689703,57.1467494271224,1
5.95541102971042,56.7033370060699,57.0861485128987,1
6.06250413397774,-99.9897196089705,57.893698537889,1
6.16865854197172,-99.1132836185216,57.9903881007629,1
6.27388828414302,-98.2499492596389,58.0863707389559,1
6.37820693888692,-97.3992906278909,58.1816522851575,1
6.45032343912833,-67.3330800941585,57.9824978048624,1
6.52179729676681,-66.7330618745154,58.0495293127607,1
6.59264089176772,-66.1446039180191,58.1160538271817,1
6.6628660868921,-65.5672252713657,58.1820775600447,1
6.73248423764653,-65.0004420839423,58.2476064390882,1
6.80150623962461,-64.4438342459352,58.3126463959927,1
6.86994253638925,-63.896981647531,58.3772030960948,1
6.93780316912299,-63.3594989466246,58.4412822549637,1
7.00509777337143,-62.8310152876566,58.5048892746367,1
6.90520043678308,93.2712394478585,57.7345613923023,1
6.80561792269554,92.9772987518618,57.6379601717504,1
6.70633024389525,92.7020196235162,57.5414566670743,1
6.60232663966118,97.1051413256419,57.3919891428336,1
6.49858034829541,96.8648906638236,57.2907745811876,1
6.39507594926675,96.6390454226485,57.189644826759,1
6.29179900583649,96.4266755659082,57.0885960551962,1
6.18873599625375,96.2269350793576,56.9876245563058,1
6.08587425648753,96.0390127164601,56.8867267990582,1
5.98320191461003,95.8621812526417,56.7858993000699,1
6.05434243402977,-66.4218358326707,57.5797854811564,1
6.12480896960814,-65.7925518942193,57.6456558468342,1
6.19461690410403,-65.1776357113931,57.7110138250573,1
6.26378088032978,-64.576391930018,57.7758663267113,1
6.3323148079769,-63.9881338878467,57.8402198035004,1
6.35799050923393,-23.9726538609375,57.6729944467102,1
6.38359406240495,-23.9052972199261,57.6984327124853,1
6.40911758550239,-23.8305698246677,57.7237735570816,1
6.434553840413,-23.7490916993011,57.7490114104519,1
6.4598962297278,-23.6614509975652,57.7741413299862,1
6.48513875398525,-23.5682126947268,57.7991588640656,1
6.51027597714359,-23.4698954091073,57.8240600339945,1
6.53530299426666,-23.366997477865,57.8488413049552,1
6.56021540155529,-23.2599911623765,57.8734995600615,1
6.58500925417602,-23.1492965724556,57.8980320305957,1
6.60968103564563,-23.0353251259885,57.9224362911601,1
6.63422763761827,-22.918453473153,57.9467102622584,1
6.65710658595681,-21.3614048169575,57.9661222527174,1
6.67988619560127,-21.2686619539681,57.9887050715012,1
6.70256175057135,-21.1715035919724,58.0111756708511,1
6.72512906984994,-21.0704454519828,58.0335310786333,1
6.74758447163371,-20.9659540007578,58.0557687333568,1
6.76992474236803,-20.8584638346565,58.0778864623871,1
6.79214709437248,-20.7483602957836,58.0998824178414,1
6.81424911480734,-20.6360113423898,58.1217550103599,1
6.836228736672,-20.5217356784715,58.1435029238949,1
6.858084212787,-20.4058230349347,58.1651250963277,1
6.87981408028208,-20.2885457588309,58.1866206673809,1
6.90141712457097,-20.1701356348849,58.2079889435678,1
6.95737492003769,-52.2461660034423,58.389758511355,1
6.84454633552803,105.344766689086,57.5438304813278,1
6.73192213940458,105.153935427893,57.4333771491788,1
6.61949116244332,104.973534479313,57.3229950304512,1
6.5072428787076,104.802958305754,57.2126809727105,1
6.39516735747043,104.641653521185,57.1024318393589,1
6.28325523589463,104.489095712665,56.9922447104637,1
6.17149768600717,104.344769159184,56.8821167964683,1
6.05988638041425,104.208233469762,56.7720453972695,1
5.94841343989818,104.079045356116,56.6620276654543,1
5.83707144744157,103.956781811121,56.5520613243283,1
5.72585338455706,103.841071979218,56.4421437915639,1
5.6378828217146,82.1355566625925,56.5739643453856,1
5.54996515054252,82.0861749269852,56.4864913941336,1
5.46209699205173,82.0399396690163,56.3990391785026,1
5.37427520985517,81.9966451797427,56.3116067896398,1
5.28649687002449,81.9560886475301,56.2241930317582,1
5.19875921854828,81.918093336526,56.1367966943859,1
5.11105967689002,81.8825085866592,56.0494167005501,1
5.0233958411842,81.8491721486225,55.9620521368988,1
4.9357654529539,81.817944951581,55.8747019861569,1
4.84816639829142,81.7886908220089,55.7873653656419,1
4.76059669470172,81.7612822783076,55.7000414109857,1
4.67305449713677,81.7356005308056,55.6127294433034,1
4.57428458728611,92.2185920177299,55.4142815818671,1
4.47557558515213,92.1617207382042,55.3161440819234,1
4.37692396056799,92.1081552883152,55.2180303861473,1
4.27832640375852,92.0576725752653,55.1199394593755,1
4.17977980036742,92.010095863202,55.0218700648433,1
4.08128122363227,91.9652600055088,54.9238210739741,1
3.98282790725844,91.9229998555693,54.8257912592018,1
3.88441725536338,91.8831647533125,54.7277796518032,1
3.78604680727269,91.8456272171397,54.6297850845243,1
3.68771426564298,91.8102336896709,54.5318068128511,1
3.58941746050155,91.7768682785436,54.4338438797995,1
3.49115433273676,91.7454208860136,54.3358952822223,1
3.40514314463414,80.3061435709651,54.3575243109049,1
3.31911509565496,80.3218846510845,54.2713574375655,1
3.23307124749072,80.3366406461237,54.1851835358798,1
3.14701259837507,80.3504579130276,54.0990030297496,1
3.0609400743562,80.3634059872138,54.012816254829,1
2.97485455176698,80.3755457121724,53.92662368147,1
2.88875684607058,80.3869234448484,53.8404256268646,1
2.92501461084617,-33.8528254303583,54.2703129184483,1
2.96588449690486,-38.159023452522,54.3280585203741,1
3.00938453308333,-40.6147159731063,54.3821590989374,1
3.05482011217725,-42.421877731158,54.4358405866166,1
3.10179131211961,-43.8556458868788,54.4896236231834,1
3.15804567671899,-52.5230647275521,54.5920333815858,1
3.21534489497917,-53.4986147636118,54.6550581489849,1
3.27352529005373,-54.3213404387188,54.7181485968276,1
3.33245705924208,-55.022880367801,54.7813265386878,1
3.39203428040238,-55.6255206521428,54.8445949252431,1
3.45216846728604,-56.1455383740395,54.9079465703897,1
3.51278431819369,-56.5952557889204,54.9713689913635,1
3.57381682522677,-56.9842774763174,55.0348472978484,1
3.63520919941287,-57.3202784079285,55.0983655556664,1
3.69691136157769,-57.6095138740129,55.1619077313668,1
3.75887876344237,-57.8571613658596,55.2254578715483,1
3.82107150735255,-58.0675581551304,55.2890005811419,1
3.86486821296566,-40.891710308415,55.2388823289229,1
3.90904386863273,-41.245529690741,55.2846542527212,1
3.95355909556753,-41.5625735291769,55.330612180811,1
3.99837812614284,-41.8462200860859,55.3767318001933,1
4.04346832386058,-42.0994014382359,55.4229907183332,1
4.08879980517796,-42.3246874987626,55.4693683421719,1
4.13434510630751,-42.5243265794961,55.5158456006019,1
4.18007891470687,-42.7003265156145,55.5624048477389,1
4.2259778171984,-42.8544691521893,55.6090295970253,1
4.27202011728934,-42.9883567011302,55.655704573025,1
4.31818566271119,-43.1034233304217,55.7024155295258,1
4.36445569558584,-43.2009844183767,55.7491491548423,1
4.42517422173591,-56.6911219510757,55.8843600596964,1
4.48578635160017,-56.5917848126674,55.9443492633333,1
4.54628301559157,-56.4839759425695,56.0041711339825,1
4.60665568868287,-56.3682139591037,56.063820622429,1
4.666896336851,-56.2449421505562,56.1232928551764,1
4.72699739572476,-56.114606702522,56.1825832991753,1
4.78695174665119,-55.9776306221238,56.2416877207818,1
4.84675267713849,-55.8343905595393,56.3006020544925,1
4.90639385074621,-55.6852341918557,56.359322427298,1
4.96586930485528,-55.5305062988509,56.4178453163464,1
5.02517341642125,-55.3705255845216,56.4761673294,1
5.08430087957024,-55.2055933690099,56.5342852508439,1
5.14151420089561,-53.4184143515404,56.5807529499232,1
5.19856198461292,-53.2638545024611,56.6368881297869,1
5.25543914545359,-53.1045517584516,56.6928274363537,1
5.31214089848153,-52.9407784665636,56.7485679836469,1
5.36866271135784,-52.7727780007581,56.804106863093,1
5.42500033595402,-52.6007995296141,56.85944161094,1
5.48114973596159,-52.425060351311,56.9145695684351,1
5.53710712187117,-52.2457806613374,56.9694885021003,1
5.59286890908731,-52.0631574767094,57.0241961441769,1
5.64843173336284,-51.877390711752,57.0786905184897,1
5.70379240574337,-51.6886484103907,57.1329695701035,1
5.75894794617353,-51.4971246923324,57.1870316212615,1
5.78980104611514,-28.8066430852041,57.1181381297764,1
5.82076469499377,-28.909862617752,57.1494178371779,1
5.85182562091498,-29.000684564835,57.1807579514767,1
5.88297134007673,-29.0798535348813,57.212147850623,1
5.80217847887978,75.433944634824,56.7962541790869,1
5.72027955855881,76.4666411947701,56.7057268633474,1
5.63731927650886,77.4576020177165,56.6143809476026,1
5.55334093148848,78.408139584667,56.5222617734156,1
5.46838643499708,79.319540300844,56.4294122864963,1
5.38249636256241,80.1930644956883,56.3358734840167,1
5.29570996054197,81.029937730932,56.2416841326359,1
5.20806519395855,81.831371081762,56.1468812177253,1
5.13339431721,69.7180232248229,56.1731798324367,1
5.05776106397142,70.6165685807036,56.0905917112214,1
4.98120962711943,71.4738533582704,56.0073243289548,1
4.90378262715597,72.2913406985981,55.9234200840566,1
4.82552110017605,73.0705111266161,55.8389186289809,1
4.74646457760136,73.8127727345272,55.7538577106178,1
4.6666510898932,74.5195394091525,55.6682726850066,1
4.58611717845201,75.1921699884406,55.5821966530962,1
4.50489796114831,75.8320204130314,55.4956610041786,1
4.42302713886043,76.4404031639287,55.408695032329,1
4.34053703873285,77.018604646355,55.3213263205116,1
4.25745864039523,77.5678822924419,55.2335806889538,1
4.17134886323931,80.3981939770892,55.1229182019184,1
4.08473401504324,80.8697657942048,55.0321307607765,1
3.99763962667638,81.3174985523801,54.9410531451441,1
3.91009011202936,81.7424323855676,54.84970378403,1
3.82210878392578,82.1456045304103,54.758099786648,1
3.73371790317341,82.5279942773705,54.6662572932852,1
3.6449387028088,82.8905606357466,54.5741913215354,1
3.55579143028095,83.2342133605835,54.4819159868669,1
3.46629538237437,83.5598593096165,54.3894445022072,1
3.37646893950226,83.868338702473,54.2967892303397,1
3.28632959786322,84.160483066853,54.2039617192827,1
3.19589399994949,84.4370862654387,54.110972738221,1
3.12493738447598,66.2501268112692,54.1907526879628,1
3.05353523423835,66.6661137540814,54.1162964992467,1
2.98171471976588,67.056728961461,54.0415912110123,1
2.90950152205117,67.4233631417565,53.9666553670019,1
2.83691993492603,67.7673171867355,53.8915064211156,1
2.76399288962094,68.089860117766,53.8161602684914,1
2.81529191171622,-47.8964011449534,54.223582641133,1
2.86905799282877,-50.1998255879244,54.2898432058302,1
2.92461245811755,-51.8695882584552,54.3548253498017,1
2.98156840776112,-53.1781115381591,54.4193890788574,1
3.03966802069651,-54.2459234839043,54.4838379742554,1
3.09872239621928,-55.1373559460444,54.5482898885063,1
3.17049988188151,-67.0165490794261,54.7003259323921,1
3.24296096547952,-67.6548059840343,54.7775332394852,1
3.3159900656547,-68.1851468181094,54.854539458301,1
3.3894926681981,-68.6272414128553,54.9313805055412,1
3.46338966650521,-68.9954778050605,55.0080742183757,1
3.53761367892617,-69.3007991310424,55.0846281610805,1
3.61210651084013,-69.5517901175435,55.1610437775601,1
3.68681732015036,-69.7553086951075,55.2373186679726,1
3.76170125202421,-69.9169466702187,55.3134479885044,1
3.83671843385146,-70.0413600185357,55.3894256328832,1
3.91183319019392,-70.1324659019065,55.4652447546466,1
3.98701339250356,-70.1935672526588,55.5408978922097,1
4.04576623081096,-54.8558128355126,55.4936196089285,1
4.10469070029925,-55.0160629995844,55.5535186906349,1
4.16375772481469,-55.1491624804612,55.6133973825879,1
4.22294070068413,-55.2574233307723,55.6732420007559,1
4.28221519050456,-55.3428707695502,55.7330396052797,1
4.34155870752141,-55.4073098203389,55.7927782328232,1
4.40095047096591,-55.4523629762116,55.8524464312669,1
4.46037125276602,-55.4794586105345,55.912033586271,1
4.51980322219879,-55.4898976150753,55.9715297203614,1
4.57922978784867,-55.484853400003,56.030925292103,1
4.63863552483723,-55.4654095589058,56.0902115906651,1
4.69800604715973,-55.4325337930095,56.1493802757372,1
4.75653929181253,-54.6507818626196,56.2031498581083,1
4.81502067005683,-54.60236203362,56.2613383746939,1
4.87343810531855,-54.5426600831433,56.3193951164091,1
4.93178028612685,-54.4723974411454,56.3773133042783,1
4.99003659903543,-54.3922231048555,56.4350864965979,1
5.04819708542063,-54.3027570984123,56.4927086750892,1
5.10625239692087,-54.2045586024642,56.5501741880089,1
5.16419373667805,-54.0981462353329,56.6074776083669,1
5.22201284982578,-53.9840241287948,56.6646139973501,1
5.27970194185953,-53.8626297765177,56.7215784172539,1
5.33725370498479,-53.7344064667877,56.7783665587818,1
5.39466123764191,-53.5997453363279,56.8349740635611,1
5.45891057970384,-59.9877439395868,56.9393847501971,1
5.52291997724341,-59.7637095165737,57.0019098325798,1
5.58668617360119,-59.5366416109755,57.064176983964,1
5.65020609472438,-59.3067024720995,57.1261846721023,1
5.71347684904405,-59.0740630411801,57.1879313398775,1
5.77649572048604,-58.8388884648339,57.249415548534,1
5.83926017511904,-58.6013438896771,57.3106360672621,1
5.90176783484784,-58.3615828730899,57.3715916468381,1
5.96401647375519,-58.1197444859072,57.4322811548362,1
6.02600402330528,-57.8759706962728,57.4927036339397,1
5.97857335955851,44.2846301581312,57.1786568985902,1
5.92959608447601,45.7286576852312,57.122510722469,1
5.92701076440029,2.41383509660409,57.2239456340173,1
5.92182961011233,4.83749207091932,57.219653589846,1
5.91416290690412,7.15818157857484,57.2119590731556,1
5.90411982526789,9.37693795890482,57.2011324172444,1
5.89180908396262,11.4941813217229,57.1874115767694,1
5.87733918077222,13.5101289652084,57.1710159412994,1
5.86081837763754,15.4249923929228,57.152151785601,1
5.84235457572484,17.2391134873351,57.1310148449477,1
5.82205508262969,18.9530456344755,57.1077915065839,1
5.80002637748243,20.5675595185539,57.082659505326,1
5.77637373810332,22.0837792954853,57.0557879018127,1
5.75120088778745,23.5031594144175,57.0273371239615,1
5.66666675105933,78.9270650210483,56.6311031270521,1
5.58183613677643,79.2038768258863,56.5438687698613,1
5.49672576493762,79.4650808268216,56.4564828312876,1
5.41135147529076,79.7114911676999,56.3689552472821,1
5.32572827619374,79.9438901219673,56.2812953649887,1
5.23987038628962,80.1630165034339,56.1935119433006,1
5.15379126044188,80.3695801528193,56.1056130647024,1
5.06750362375722,80.5642561431341,56.0176062486877,1
4.98101951581098,80.7476934716078,55.9294985927205,1
4.89435032227189,80.9205063677609,55.8412967115212,1
4.80750679329787,81.0832800880235,55.7530066555413,1
4.72049908300063,81.2365680184257,55.664634133799,1
4.67519136879112,42.302491214059,55.8847261415986,1
4.62927082079638,42.8746836774963,55.8361236724116,1
4.58278733164957,43.4002845139503,55.7871434046083,1
4.53578737696989,43.8824923526226,55.7378248875378,1
4.4883141368636,44.3243812384253,55.6882035157039,1
4.44040766930204,44.7288716588901,55.6383111267718,1
4.39210505309983,45.098753722641,55.5881761808869,1
4.3434405408304,45.4366408024498,55.5378241108616,1
4.2944457197277,45.7450390706526,55.4872776554496,1
4.2451496859252,46.0262692718061,55.4365572163629,1
4.19557919698221,46.2825275661771,55.3856810134762,1
4.14575880547293,46.5158507620345,55.3346652172233,1
4.07935296013692,62.0012056918995,55.1752902770506,1
4.01288163677886,62.0623389130515,55.1083996534584,1
3.94634981870227,62.1188219531632,55.041479866771,1
3.87976214622509,62.1709793108494,54.9745336785927,1
3.81312291213345,62.2191123062521,54.9075632219685,1
3.74643608205371,62.2635541299132,54.8405704213317,1
3.67970531507855,62.3045742315753,54.7735570167014,1
3.61293400699964,62.3424333690537,54.7065247539554,1
3.54612527692496,62.3773662243821,54.6394750088354,1
3.47928202288981,62.4096016849762,54.5724092873364,1
3.41240690723388,62.4393483570884,54.5053287603358,1
3.34550240082748,62.4667945658075,54.438234687386,1
3.27598770561757,64.903842902595,54.3515589532576,1
3.20646200661068,64.9141196578285,54.281959550446,1
3.1369261246754,64.9236344207793,54.2123554471224,1
3.06738083221202,64.9324161645382,54.142747099378,1
2.99782683548293,64.9405431164496,54.0731347723008,1
2.92826479767252,64.9480529415314,54.0035188420565,1
2.85869532578283,64.9549948940376,53.9338995405586,1
2.90515062230213,-43.3739624611462,54.290668753118,1
2.95553761706572,-47.0448675258694,54.359364448224,1
3.01219433989131,-52.8987327174946,54.4483751381997,1
3.07244193668119,-56.2514292255401,54.5288785840815,1
3.1348102607955,-58.2314879017076,54.6037945664288,1
3.1524607744836,-16.4797751398282,54.4526284660434,1
3.17166032029835,-17.9260567733763,54.4741256358341,1
3.19220931213714,-19.1859950774642,54.496899788596,1
3.21394986538026,-20.2985211939222,54.5207762627117,1
3.23675294815017,-21.2905685077658,54.5456181940961,1
3.26051055160968,-22.1817836717264,54.5713145289399,1
3.28513063096351,-22.9870530597509,54.5977730618172,1
3.31053353203644,-23.7179543188404,54.6249154849509,1
3.33664953453539,-24.3837501460575,54.6526744986484,1
3.36341697879308,-24.9919880315019,54.6809913662274,1
3.390780876548,-25.5488769084877,54.7098143438456,1
3.41869184479595,-26.0596580091033,54.7390974697343,1
3.40279774990762,14.8398576499176,54.6948997424504,1
3.38808743875252,13.7345834980351,54.6815151710903,1
3.37448491032339,12.7002847261792,54.6690026221016,1
3.36192166738138,11.72993825719,54.6573279727095,1
3.3503355789937,10.8175959155687,54.6464576400252,1
3.33967001241089,9.95812656697126,54.6363589309003,1
3.32987305260111,9.14713789086363,54.6270001209641,1
3.3208969396321,8.380730109252,54.618350647618,1
3.31269757473572,7.65551047322788,54.6103811294758,1
3.30523406658177,6.96845708944238,54.6030633299735,1
3.29846840958667,6.31689284432468,54.5963701943227,1
3.2923652014275,5.69838979288306,54.5902758233576,1
3.34996832307599,-53.7823598290288,54.7913663431991,1
3.40730037241251,-53.5292653961505,54.8471953068642,1
3.46436186543895,-53.2766577111943,54.9027634886629,1
3.52115331425288,-53.0245222876147,54.9580715437628,1
3.57767522740936,-52.7728649200299,55.0131199260563,1
3.63392814170817,-52.5217058896033,55.0679092906291,1
3.68991259876002,-52.2710625801892,55.1224401678922,1
3.745629169918,-52.0209407864058,55.1767132515652,1
3.80107842426127,-51.7713520974894,55.2307290587782,1
3.85626094875756,-51.5223167946033,55.2844882321782,1
3.91117735600295,-51.2738493642928,55.3379914792383,1
3.96582824737106,-51.0259498065579,55.3912392993584,1
4.02537119094568,-55.5935111816552,55.4777347794446,1
4.08459009312069,-55.2909654777523,55.5350966599742,1
4.14348701974401,-54.9903493816828,55.5921584158934,1
4.20206398835011,-54.6916107418838,55.6489216431048,1
3.051,0.0,0.0,1
3.19157783574666,-131.25343723118,55.4107038522739,1
3.33165467394827,-130.78566958086,55.5442650588886,1
3.47122415056445,-130.311959549658,55.6772578951459,1
3.61027995462266,-129.83235639183,55.8096775702926,1
3.74881581680214,-129.34690646432,55.9415191904831,1
3.88682553976754,-128.855664816001,56.0727783260348,1
4.02430296520605,-128.358674906508,56.2034501635708,1
4.16124200263704,-127.855997579331,56.3335303275663,1
4.29763661285694,-127.347682088725,56.4630142821484,1
4.43348082549551,-126.83378927818,56.5918977827963,1
4.56876872088367,-126.314371299259,56.7201764049962,1
4.70349444664477,-125.78949479007,56.8478459998557,1
4.85479780486661,-141.267545603796,57.2185125521489,1
5.00533962491301,-140.556516987544,57.3584681574664,1
5.15511644906941,-139.842266563619,57.4976596257979,1
5.30412488696813,-139.124840688964,57.6360854086289,1
5.45236159946581,-138.404306001689,57.7737435636192,1
5.59982330752841,-137.680708858738,57.9106323202034,1
5.746506807391,-136.95411589822,58.0467501766722,1
5.89240895352931,-136.224590860934,58.1820954441297,1
6.03752665848579,-135.492183001134,58.3166664778029,1
6.18185691527253,-134.756961854237,58.4504620006257,1
6.32539677539119,-134.018991161042,58.5834804842816,1
6.46814335867125,-133.27833466235,58.7157205865563,1
6.60225299063579,-125.214263049429,58.7389026224639,1
6.72098934943841,-110.860683957412,58.6760349820866,1
6.83840984770108,-109.632106126583,58.7788629358669,1
6.95454627416239,-108.433202535139,58.8809050807622,1
7.06942862638262,-107.262313024989,58.9821615854977,1
7.031098985062,35.7872688726957,58.2684900557885,1
6.99176764249579,36.7225318262854,58.2254653118309,1
6.95151133715572,37.5861414295287,58.1817071285361,1
6.91040218708294,38.382420467542,58.1372915805476,1
6.86850790593239,39.1154715299535,58.0922878423648,1
6.82589192932983,39.7893015951922,58.0467583430798,1
6.78261357653145,40.4077351112164,58.000759442351,1
6.75856903750333,22.449692045825,58.0371625227197,1
6.73341768028779,23.4830926518725,58.0096020229022,1
6.70727051622889,24.4128507182495,57.9811724860559,1
6.68023461284227,25.242634238225,57.95200828024,1
6.65240798789046,25.9809120461796,57.9222160213169,1
6.62388012153227,26.6356401527901,57.8918884304686,1
6.59473233545273,27.2144413781916,57.8611055435161,1
6.56503816966857,27.724579276196,57.8299360532041,1
6.53486381457439,28.1729175719647,57.7984387223241,1
6.50426855540027,28.565908572773,57.7666635785379,1
6.47330522513921,28.9095584003007,57.7346529958173,1
6.44202074747314,29.2094038121604,57.7024430048171,1
6.38108133243651,56.8973611018464,57.5105987626557,1
6.32018020525567,56.8616112053633,57.4499228103229,1
6.2593140500346,56.8289585322646,57.3892621311658,1
6.19847984980071,56.7991220435715,57.328615578988,1
6.13767486037386,56.7718525707051,57.2679820379086,1
6.07689655415246,56.7469328154857,57.2073602734781,1
6.01614264389422,56.7241570689703,57.1467494271224,1
5.95541102971042,56.7033370060699,57.0861485128987,1
6.06250413397774,-99.9897196089705,57.893698537889,1
6.16865854197172,-99.1132836185216,57.9903881007629,1
6.27388828414302,-98.2499492596389,58.0863707389559,1
6.37820693888692,-97.3992906278909,58.1816522851575,1
6.45032343912833,-67.3330800941585,57.9824978048624,1
6.52179729676681,-66.7330618745154,58.0495293127607,1
6.59264089176772,-66.1446039180191,58.1160538271817,1
6.6628660868921,-65.5672252713657,58.1820775600447,1
6.73248423764653,-65.0004420839423,58.2476064390882,1
6.80150623962461,-64.4438342459352,58.3126463959927,1
6.86994253638925,-63.896981647531,58.3772030960948,1
6.93780316912299,-63.3594989466246,58.4412822549637,1
7.00509777337143,-62.8310152876566,58.5048892746367,1
6.90520043678308,93.2712394478585,57.7345613923023,1
6.80561792269554,92.9772987518618,57.6379601717504,1
6.70633024389525,92.7020196235162,57.5414566670743,1
6.60232663966118,97.1051413256419,57.3919891428336,1
6.49858034829541,96.8648906638236,57.2907745811876,1
6.39507594926675,96.6390454226485,57.189644826759,1
6.29179900583649,96.4266755659082,57.0885960551962,1
6.18873599625375,96.2269350793576,56.9876245563058,1
6.08587425648753,96.0390127164601,56.8867267990582,1
5.98320191461003,95.8621812526417,56.7858993000699,1
6.05434243402977,-66.4218358326707,57.5797854811564,1
6.12480896960814,-65.7925518942193,57.6456558468342,1
6.19461690410403,-65.1776357113931,57.7110138250573,1
6.26378088032978,-64.576391930018,57.7758663267113,1
6.3323148079769,-63.9881338878467,57.8402198035004,1
6.35799050923393,-23.9726538609375,57.6729944467102,1
6.38359406240495,-23.9052972199261,57.6984327124853,1
6.40911758550239,-23.8305698246677,57.7237735570816,1
6.434553840413,-23.7490916993011,57.7490114104519,1
6.4598962297278,-23.6614509975652,57.7741413299862,1
6.48513875398525,-23.5682126947268,57.7991588640656,1
6.51027597714359,-23.4698954091073,57.8240600339945,1
6.53530299426666,-23.366997477865,57.8488413049552,1
6.56021540155529,-23.2599911623765,57.8734995600615,1
6.58500925417602,-23.1492965724556,57.8980320305957,1
6.60968103564563,-23.0353251259885,57.9224362911601,1
6.63422763761827,-22.918453473153,57.9467102622584,1
6.65710658595681,-21.3614048169575,57.9661222527174,1
6.67988619560127,-21.2686619539681,57.9887050715012,1
6.70256175057135,-21.1715035919724,58.0111756708511,1
6.72512906984994,-21.0704454519828,58.0335310786333,1
6.74758447163371,-20.9659540007578,58.0557687333568,1
6.76992474236803,-20.8584638346565,58.0778864623871,1
6.79214709437248,-20.7483602957836,58.0998824178414,1
6.81424911480734,-20.6360113423898,58.1217550103599,1
6.836228736672,-20.5217356784715,58.1435029238949,1
6.858084212787,-20.4058230349347,58.1651250963277,1
6.87981408028208,-20.2885457588309,58.1866206673809,1
6.90141712457097,-20.1701356348849,58.2079889435678,1
6.95737492003769,-52.2461660034423,58.389758511355,1
7.01278629449244,-51.7359904404202,58.4422343674705,1
6.89982403204031,105.469576968744,57.5976863639728,1
6.78707348631514,105.271905160862,57.4871869360429,1
6.67452305282401,105.085063494244,57.3767606142085,1
6.56216181674478,104.908417458205,57.2664043977609,1
6.44997947905869,104.741384693625,57.1561150424327,1
6.33796633191531,104.583417609092,57.0458895674201,1
6.22611321004843,104.434003380902,56.9357249613545,1
6.11441148148315,104.292652363824,56.8256185948763,1
6.00285298486396,104.158918372264,56.7155676012798,1
5.89143002056153,104.032378399097,56.6055694402862,1
5.97542432176505,-78.4230375478501,57.5966318254579,1
6.058607553816,-77.6657678790116,57.673320537669,1
6.14099734452433,-76.9249549256301,57.7494154393316,1
6.22261049741768,-76.1998251061868,57.824923111566,1
6.30346304122003,-75.4896685799622,57.8998500472864,1
6.38357029290906,-74.7938102739454,57.9742027942338,1
6.46294690778016,-74.1116359586158,58.0479878746387,1
6.54160690890939,-73.4425545829254,58.1212116336078,1
6.6195637402513,-72.78602435008,58.1938804516982,1
6.69683029314356,-72.1415324363761,58.266000549764,1
6.77341893735085,-71.5085862992737,58.3375780387207,1
6.84934155732347,-70.8867455477957,58.4086189784305,1
6.91473718229411,-61.05799541956,58.402379026,1
6.97958205266278,-60.5437694184729,58.4637646174617,1
7.04388565104535,-60.0384004911803,58.5246964532293,1
6.94106287754432,96.002631206602,57.7422954675056,1
6.83854305003523,95.7197814096844,57.642723689991,1
6.73630753007987,95.4543299536681,57.543247626713,1
6.63433886292935,95.2051787584196,57.4438624491057,1
6.53262075527112,94.9712413330417,57.3445643114103,1
6.43113797836728,94.7515181059089,57.2453493226248,1
6.32987629012525,94.5450993219765,57.1462136760646,1
6.22882235309066,94.351124480454,57.047153549271,1
6.12796368463658,94.1688026159682,56.9481653814459,1
6.03924736911037,82.8318437703501,56.9690332164628,1
5.95068832201236,82.685005249914,56.8818060223483,1
6.03430132427108,-78.0670306971842,57.6524480912803,1
6.11714411352175,-77.347906999421,57.7291490526623,1
6.19923174481011,-76.6428323532864,57.8052678360513,1
6.28057861358634,-75.9512041184962,57.8808106445653,1
6.36119852649827,-75.272466011711,57.9557838519068,1
6.44110473721523,-74.6061052092273,58.0301937587693,1
6.52030996948523,-73.9516233738868,58.1040465006233,1
6.59882644796327,-73.3085540389311,58.1773481238383,1
6.67666593418506,-72.6764655053103,58.250104644982,1
6.75383975075936,-72.0549434578288,58.3223219715792,1
6.83759888612456,-78.2034678780974,58.456917110966,1
6.92065019594466,-77.542591681663,58.5343125432919,1
7.0030042969423,-76.8916271795206,58.611140602618,1
7.08467146936729,-76.2502643596008,58.6874069566859,1
7.16566166095285,-75.6181845179071,58.7631170735016,1
7.24598448728832,-74.9950892316065,58.8382761985919,1
7.32564927699972,-74.38069746172,58.912889740027,1
7.40466506308562,-73.7747397585053,58.9869628351765,1
7.48304060299735,-73.1769611587652,59.0605005875704,1
7.56078438502343,-72.5871038019932,59.1335079629823,1
7.63790464491053,-72.0049445953919,59.205989878132,1
7.71440938735069,-71.4302517542365,59.2779512513635,1
7.77427537386716,-55.8951297466592,59.2284987615601,1
7.83371788607087,-55.4997426712589,59.2855048615227,1
7.89274068184865,-55.1078671344385,59.3421283040907,1
7.95134746167789,-54.7194422927078,59.3983736884858,1
8.00954183334529,-54.334387021413,59.4542436727946,1
8.06732731363254,-53.9526201959006,59.5097408513739,1
8.12470735367192,-53.5740751780622,59.5648679106659,1
8.18168532532025,-53.1986708432441,59.6196273960339,1
8.23826452658942,-52.8263521425743,59.674021823691,1
8.29444818149265,-52.4570466433261,59.7280536490109,1
8.35023945096046,-52.0906848100822,59.7817253368628,1
8.40564142846145,-51.7272144912795,59.8350392732172,1
8.47287952292292,-62.778252392377,59.9723039307081,1
8.53958859483338,-62.2843191439415,60.0355974095522,1
8.60577501448092,-61.7963398656229,60.0984348530482,1
8.67144501043524,-61.3141638973502,60.1608212819243,1
8.736604597155,-60.8376145032707,60.2227604767064,1
8.80125964114922,-60.3665323313862,60.2842565330162,1
8.86541583226581,-59.9007696189346,60.3453132288372,1
8.92907871283995,-59.440178603154,60.4059344151261,1
8.99225366111962,-58.9846115212822,60.4661237129014,1
9.05494592139281,-58.5339379944116,60.5258848290592,1
9.11716058901636,-58.0880276436346,60.5852212630272,1
9.17890263606115,-57.6467529873526,60.6441365772434,1
9.23868766586472,-55.8195418506102,60.6924452845409,1
9.2980278860662,-55.404238672736,60.7492285301518,1
9.35692745257421,-54.9928062997651,60.8056138545741,1
9.41539040483851,-54.5851578124257,60.8616041304923,1
9.47342070844623,-54.1812033941369,60.9172024182708,1
9.5310222173233,-53.7808532283179,60.9724114725669,1
9.58819871481623,-53.3840348822423,61.0272342261964,1
9.64495389206114,-52.9906556420201,61.0816734162935,1
9.70129135254275,-52.600648869543,61.1357317354166,1
9.75721463088942,-52.2139392347754,61.1894119259596,1
9.81272718333306,-51.8304572022998,61.2427166148449,1
9.86783239498093,-51.4501303393899,61.2956484118629,1
9.90208326738348,-31.9790429477962,61.2407255078522,1
9.936261453083,-31.9111792776994,61.2746705148285,1
9.97035753253762,-31.8345193772984,61.3085038637949,1
10.0043625335881,-31.7494775617888,61.3422182513343,1
10.004362537455,0.0,62.3057937332219,0
10.0043625425,0.0,62.346807128119,0
10.0043625580003,0.0,65.8444804282661,0
10.0043623383634,0.0,3.8565229942833e-11,0
9.89678577040295,100.441111668488,60.6506861189742,1
9.78935716211704,100.302967972539,60.5447608593604,1
9.6820682949573,100.172496350979,60.4388901003686,1
9.57491141004731,100.049262207449,60.3330709991449,1
9.48006886407222,88.5517286991444,60.3562265387381,1
9.38531772090756,88.4663884608017,60.2623007916222,1
9.29065242112465,88.3862402002933,60.1684096405945,1
9.19606776982011,88.3109362405321,60.074551687212,1
9.10155889470583,88.2401868506122,59.9807250753807,1
9.00712124276827,88.1736878130823,59.8869282230824,1
8.91275052566753,88.1111928566725,59.7931593078724,1
8.81844271779149,88.0524557101126,59.6994167414015,1
8.72419403573206,87.997250383296,59.6056989826716,1
8.63000093919753,87.9453537834252,59.5120047329421,1
8.5358600946936,87.896563098866,59.418332566,1
8.44176838348522,87.8506957991476,59.3246813349822,1
8.34542521632028,89.9528123113669,59.207929698207,1
8.2491327123036,89.9055079463551,59.1121015643899,1
8.15288788832868,89.8609965872765,59.0162934353939,1
8.05668794102161,89.8190899090423,58.9205043213592,1
7.96053025418231,89.7796372515813,58.824733352388,1
7.86441233986191,89.7424995440588,58.7289792429371,1
7.76833188252948,89.7075290237126,58.6332412805091,1
7.67228668899773,89.6746069008714,58.5375184131481,1
7.57627469654853,89.6436056939365,58.4418097909247,1
7.48029396521018,89.6144182024727,58.3461146133206,1
7.38434266786835,89.5869343287359,58.2504320999481,1
7.28841910183785,89.5610497695998,58.1547616984072,1
7.21142118448076,71.8907152884185,58.2342418123908,1
7.13436492325236,71.9451904933521,58.1567538870987,1
7.05725425754349,71.9959861157804,58.0792402502442,1
6.98009287478557,72.0433426323552,58.0017029625044,1
6.90288421414722,72.0874802385651,57.9241436732604,1
6.82563149719581,72.1286133352805,57.8465640339515,1
6.74833772031365,72.1669505287537,57.7689654081146,1
6.67100567472706,72.2026801440734,57.6913490967738,1
6.59363797270237,72.2359702251651,57.613716411518,1
6.51623705054827,72.2669888159544,57.5360685060453,1
6.43880516924426,72.2958952684394,57.4584063595073,1
6.36134444929764,72.3228228588368,57.3807310663742,1
6.29697902641997,60.0961264768785,57.4057845128327,1
6.23250895987172,60.1938237383592,57.3406641481717,1
6.16794232643352,60.2839908935948,57.2754964821015,1
6.1032866123336,60.367158150143,57.2102855409427,1
6.03854873925394,60.443867304798,57.1450349118053,1
5.97373508462505,60.5146253866451,57.0797477321897,1
5.90885155285923,60.5798669920432,57.0144270843086,1
5.84390362946466,60.6399890523335,56.9490761449188,1
5.77889631524308,60.6954406504201,56.8836965517611,1
5.71383425572982,60.7465520795358,56.818291037098,1
5.64872175806306,60.7936478382953,56.7528618549002,1
5.58356276677047,60.8370553226223,56.6874107324766,1
5.50155588376776,76.5674443715625,56.4861549298384,1
5.41958903586173,76.5300574954608,56.4045028349927,1
5.33765953809637,76.4951883809317,56.3228667698906,1
5.25576489825,76.4626429082682,56.2412458679036,1
5.17390277078636,76.4322906985626,56.159638958494,1
5.09207098216204,76.4039637078895,56.07804523858,1
5.01026750753652,76.3775257627231,55.9964638676794,1
4.92849045056232,76.3528580733919,55.9148939726339,1
4.84673804338576,76.3298418502245,55.8333348065606,1
4.76500864657322,76.3083583035495,55.7517857483508,1
4.68330072862069,76.2883060275499,55.6702461223883,1
4.60161285197958,76.2695981029538,55.5887152360528,1
4.5191787291895,76.9663429855427,55.5004104459021,1
4.43676514989902,76.947165696879,55.4181591859191,1
4.35437074774711,76.9292574295832,55.3359162514569,1
4.27199425625124,76.9125341616927,55.2536811941454,1
4.18963448901779,76.8969176658629,55.1714534660405,1
4.10729034873143,76.8823326120582,55.0892326783826,1
4.02496079316613,76.8687094648612,55.0070182283498,1
3.94264485907244,76.8559931753998,54.9248097800578,1
3.8603416476763,76.8441142082565,54.8426069469757,1
3.77805031674508,76.8330204118683,54.7604093360077,1
3.69577008848525,76.822653840054,54.6782166803544,1
3.61350022594019,76.8129797251049,54.5960285674523,1
3.53803265129703,70.4618783527167,54.5720667826662,1
3.46254291695325,70.4825709340184,54.4964162431944,1
3.38703256834457,70.5018177580996,54.4207562481164,1
3.31150306097137,70.5196999496138,54.3450876249379,1
3.23595573411217,70.5363420928506,54.2694108765512,1
3.16039183571221,70.5518166205366,54.193726593942,1
3.08481253250947,70.5662017600162,54.1180353594839,1
3.0092189017995,70.579575738634,54.0423376054209,1
2.93361194769469,70.5920167837348,53.9666338081523,1
2.85799261125509,70.6035741495725,53.8909244540352,1
2.89940995827186,-38.670169614079,54.2637336731698,1
2.94750922337384,-44.9088843680556,54.3404954903155,1
3.02684317128892,-74.0717979590499,54.6115590087245,1
3.10792439898114,-75.7031857710899,54.7060869006382,1
3.19083080632284,-77.4072989378283,54.8033402388236,1
3.27568793014628,-79.2286314344892,54.9038692971506,1
3.36272733753758,-81.2661640304668,55.0088560620804,1
3.45253839056856,-83.8539738441568,55.1220860639777,1
3.54487946621799,-86.2161759960145,55.2364138833438,1
3.63858933847021,-87.4941819193964,55.3422589199061,1
3.7332255120119,-88.3590402628442,55.4452057579502,1
3.82853122484922,-88.9841723574136,55.5465659015084,1
3.92433019547683,-89.4447141189403,55.6468509671589,1
4.02049181244562,-89.7833023475414,55.7463247312958,1
4.06828070472414,-44.619101310559,55.4598364055528,1
4.11647716473268,-44.9996309851031,55.5099134909509,1
4.16503531091792,-45.337329739823,55.5601543913414,1
4.21391389305267,-45.636508770599,55.6105346838969,1
4.2630756449606,-45.9008969141905,55.6610319947118,1
4.31248669707415,-46.1336609293994,55.7116254530963,1
4.36211617056726,-46.3375967194679,55.762295946899,1
4.41193577176931,-46.5151119482243,55.8130255694969,1
4.4619195003018,-46.6683535216816,55.8637977535806,1
4.51204339652409,-46.7992249718918,55.9145971178304,1
4.56228531346929,-46.9094125327274,55.9654092853858,1
4.61262473617405,-47.000457572608,56.0162208750391,1
4.7025626692853,-83.9724303250478,56.3731989572206,1
4.79214062840122,-83.6363337822377,56.4596919044607,1
4.88135503420488,-83.2968966420822,56.5458023386125,1
4.970202458592,-82.9542579754161,56.631528711369,1
5.05867972648729,-82.6086495669642,56.7168703375897,1
5.14678387693918,-82.2602829202879,56.8018263879064,1
5.23451217396155,-81.9093579497121,56.886396322669,1
5.32186207561162,-81.5560600830167,56.9705795097646,1
5.40883123054074,-81.2005718506725,57.0543754544507,1
5.49541746292449,-80.8430468100596,57.1377836881791,1
5.58161877088575,-80.4836559024125,57.2208038805142,1
5.66743331539929,-80.1225468904931,57.3034357497902,1
5.73740900335703,-65.3342613418317,57.254935500569,1
5.80715118902148,-65.116253321662,57.3231061106112,1
5.87665428806831,-64.8930214532584,57.3910053763655,1
5.94591307087215,-64.6649105163988,57.4586308163197,1
6.01492262991568,-64.4322218312254,57.5259800297545,1
6.08367836713843,-64.195233539408,57.5930508187651,1
6.15217598670336,-63.9542353718525,57.6598412168773,1
6.11260906137434,36.9424868381429,57.3454231447601,1
6.07141274092375,38.4638058790188,57.2979600100008,1
6.02865654026133,39.9202165050383,57.2489507362238,1
5.98440898198577,41.3126603416458,57.1984940896397,1
5.93873747248599,42.6421572416302,57.1466847360954,1
5.88868523043103,46.7323261057118,57.0764770693408,1
5.83739818003475,47.8852291212206,57.0191642368742,1
5.78493669280186,48.981759194362,56.9608319519956,1
5.73136417400325,50.0191030380392,56.9015806937053,1
5.67674371023049,50.997535896613,56.8414930082375,1
5.6211354692783,51.9197986244535,56.7806331330256,1
5.56459691185348,52.7884060858241,56.7190614255925,1
5.50718289912873,53.6057949176438,56.6568341729388,1
5.44894575620934,54.3743235294869,56.5940036181152,1
5.38993533805834,55.0963097686008,56.5306182157589,1
5.33019906807727,55.7740164333609,56.4667226754955,1
5.26978202956725,56.4096309921069,56.4023585021021,1
5.16037661810583,102.148655249152,55.8955346001364,1
5.05080421217873,102.304568141562,55.7842360828274,1
4.94107283955407,102.452991490054,55.6728592984837,1
4.83119015477765,102.594270074405,55.5614083615393,1
4.72116345142299,102.728734187849,55.4498871241386,1
4.61099968273457,102.856705431691,55.3382992797042,1
4.50070550267692,102.978473536837,55.2266486198294,1
4.39028721187322,103.094345618047,55.1149379936329,1
4.27975085731415,103.204579535827,55.0031710099983,1
4.16910217770818,103.309453431848,54.8913503785092,1
4.05834668872743,103.409175912361,54.7794799574547,1
3.94748956358005,103.504071475982,54.6675604424347,1
3.79869837445814,138.922005876339,54.059720905356,1
3.64993719061589,138.893991795044,53.9113714505914,1
3.50120479410732,138.867110561591,53.763033959882,1
3.35250003420136,138.841310024418,53.6147082544302,1
3.20382180096818,138.816546723888,53.4663937917503,1
3.05516903454411,138.792765611129,53.3180902058508,1
2.90654070461372,138.769952199596,53.1697968782376,1
2.75793583999123,138.748036953871,53.0215136545851,1
2.60935349634832,138.727008284718,52.8732399643142,1
2.58245018392936,25.1188380167378,53.8545495304474,1
2.55823769287098,22.6064973094253,53.8364750722697,1
2.5363640310435,20.4227983687133,53.8192894348212,1
2.57932622887194,-40.1125514696332,53.9498762837581,1
2.62311702786267,-40.886193831966,53.9971063595909,1
2.66764224345558,-41.571902864348,54.0447379312412,1
2.71282128089423,-42.1823571912228,54.0927281727526,1
2.75858420846746,-42.7275177611364,54.1410379620223,1
2.80486966027076,-43.2153782497835,54.1896316196509,1
2.85162326350166,-43.6524807810201,54.2384764789355,1
2.89879648899493,-44.0442665012597,54.287542815531,1
2.94634570497449,-44.3953189534341,54.3368032453815,1
2.99423147753422,-44.7095524020824,54.3862327271732,1
3.04241795417033,-44.9903132391682,54.4358080186014,1
3.09087242352619,-45.2405248495324,54.4855078146121,1
3.14464559211282,-50.2064430418159,54.5654674950387,1
3.19856641611074,-50.3443085960953,54.6201551036445,1
3.25261208850193,-50.4608731341705,54.6748507381182,1
3.30676145667582,-50.5576896136972,54.7295411081104,1
