iteration,timestamp,T1_LEVEL,T2_LEVEL,J1_LEVEL,J2_LEVEL,J3_LEVEL,J4_LEVEL,J5_LEVEL,J5S_LEVEL,J1S_LEVEL,J4S_LEVEL,P2_FLOW,P2_STATUS,P2_SPEED,P1_FLOW,P1_STATUS,P1_SPEED,V5_FLOW,V5_STATUS,V1_FLOW,V1_STATUS,V4_FLOW,V4_STATUS,plc4AttackerUnit
0,2026-01-02 13:54:02.993237,3.0509999999999993,3.0509999999999993,69.19931839717133,69.68925869615624,55.463387786006976,54.346450048598385,55.41070702498121,4.115706632533567,69.19931769948928,54.34644958062686,187.57020975604098,1.0,1.0,213.39344241116004,1.0,1.0,0
1,2026-01-02 13:54:04.958264,3.191578061938476,3.2186313630937082,69.21785400515299,69.7053827446028,55.59668190519423,54.51407420451124,55.54426850300372,4.24926811195471,69.21785331062435,54.51407374060322,186.72036120257368,1.0,1.0,212.41648803874583,1.0,1.0,130.7858810844209,1.0,232.2842845694595,1.0,155.15348742439983,1.0,0
2,2026-01-02 13:54:07.677386,3.3316551302543784,3.384807142011733,69.23635706533213,69.7214536189317,55.72940474559958,54.68024288465668,55.67726145879922,4.382261069166601,69.23635637395425,54.680242424780886,185.87331529182416,1.0,1.0,211.44124915999504,1.0,1.0,130.31217105321957,1.0,231.23051008610673,1.0,153.80491464156876,1.0,0
3,2026-01-02 13:54:10.634825,3.471224829765587,3.5495385392600243,69.2548267160025,69.73747119758713,55.861551727771726,54.84496729039304,55.80968126516209,4.514680876963498,69.25482602777264,54.84496683451822,185.0290784306228,1.0,1.0,210.46777119276453,1.0,1.0,129.83256210077343,1.0,230.17766274165297,1.0,152.46679824713283,1.0,0
4,2026-01-02 13:54:13.574711,3.6102808508230915,3.712836759908192,69.27326250796852,69.75343550174966,55.993118097235346,55.00825862556742,55.94152311301197,4.646522726264865,69.27326182288375,55.008258173662306,184.18764950260817,1.0,1.0,209.4960778127615,1.0,1.0,129.34711217326367,1.0,229.12579468766126,1.0,151.13913244647392,1.0,0
5,2026-01-02 13:54:16.526260,3.748816931465122,3.8747129945809093,69.29166358550646,69.76934640928326,56.12409928757916,55.17012807954792,56.072782384522164,4.777781999243898,69.29166290356369,55.17012763158135,183.34903494519028,1.0,1.0,208.5262141225308,1.0,1.0,128.85586183301712,1.0,228.07495228107655,1.0,149.82188826650145,1.0,0
6,2026-01-02 13:54:19.606919,3.886826867627368,4.035178410455544,69.31002962275358,69.78520399071306,56.25449069493179,55.33058681828106,56.2034544192371,4.908454035444824,69.31002894394967,55.33058637422191,182.51323104121005,1.0,1.0,207.55819729728142,1.0,1.0,128.35887192352402,1.0,227.02516449498944,1.0,148.51505991259728,1.0,0
7,2026-01-02 13:54:22.887048,4.024304505801977,4.194244154467481,69.32835986060236,69.801008163128,56.38428793744945,55.4896459874968,56.33353478262529,5.038534400336024,69.32835918493397,55.48964554731399,181.68024216064967,1.0,1.0,206.59206734721738,1.0,1.0,127.85619459634745,1.0,225.97649507019923,1.0,147.2186213089799,1.0,0
8,2026-01-02 13:54:26.005185,4.161243755708685,4.351921356607842,69.34665372511955,69.81675891278405,56.513486546812615,55.64731671598689,56.46301894939872,5.168018568629322,69.34665305258324,55.64731627964942,180.85006902791613,1.0,1.0,205.62785452257833,1.0,1.0,127.34787620843235,1.0,224.92897877441465,1.0,145.93255217448586,1.0,0
9,2026-01-02 13:54:29.183099,4.297638579105917,4.508221129203803,69.3649105091972,69.83245618032308,56.642082189251866,55.8036101148283,56.591902529651996,5.296902150419139,69.36490983978935,55.80360968230523,180.02271477159255,1.0,1.0,204.66559609282982,1.0,1.0,126.83398050057804,1.0,223.88266775919874,1.0,144.65682933064272,1.0,0
10,2026-01-02 13:54:32.606358,4.433482995852692,4.6631545539216965,69.38312967731427,69.84809997009776,56.77007076608795,55.95853726451355,56.72018136956371,5.4251809918839164,69.38312901103114,55.958536835773984,179.1981791622606,1.0,1.0,203.7053202836255,1.0,1.0,126.31456252165663,1.0,222.83760258687835,1.0,143.39144118821423,1.0,0
11,2026-01-02 13:54:35.333123,4.568771097066004,4.816732695885316,69.40131063423719,69.86369026748886,56.897448016967466,56.11210922890251,56.847851149261686,5.552850773151284,69.40130997107494,56.11210880391566,178.37646297045742,1.0,1.0,202.7470584678768,1.0,1.0,125.78968021784931,1.0,221.79383540901654,1.0,142.13635008218262,1.0,0
12,2026-01-02 13:54:37.929608,4.703497027832418,4.9689665819627695,69.50458691541547,69.96059838828957,57.26948569036992,56.26440141284254,57.21850643207735,5.923506009689849,69.50458625998826,56.26440095348682,173.26873667239252,1.0,1.0,197.30368619956687,1.0,1.0,141.2670009096928,1.0,219.20685712302657,1.0,153.63097758950062,1.0,0
13,2026-01-02 13:54:40.575770,4.854799803380278,5.133511684357111,69.52463237065476,69.9775753384916,57.40904088608018,56.428940039236316,57.35846166607581,6.063461245814255,69.52463171869223,56.42893958358913,172.37393431433057,1.0,1.0,196.247152463938,1.0,1.0,140.55598098536848,1.0,218.04809574859974,1.0,152.3906627596716,1.0,0
14,2026-01-02 13:54:43.397922,5.005341052458535,5.296728356939916,69.5446349463425,69.99450494126904,57.54783142720664,56.592150321740995,57.49765260285639,6.202652184730423,69.54463429783931,56.59214986977851,171.48162749207708,1.0,1.0,195.1928787763957,1.0,1.0,139.84173635606112,1.0,216.89112491117157,1.0,151.15831842706484,1.0,0
15,2026-01-02 13:54:45.896102,5.155117305825526,5.458625141758665,69.5645946744581,70.01138745955231,57.68585608392695,56.75404080133969,57.63607796192244,6.341077545941541,69.56459402940885,56.75404035303822,170.59180234738852,1.0,1.0,194.14086345140512,1.0,1.0,139.1243191733338,1.0,215.73596199459644,1.0,149.93389823473535,1.0,0
16,2026-01-02 13:54:48.486699,5.304125180402441,5.619210523315692,69.5845108409597,70.02822273872235,57.823112832201204,56.914619961589516,57.77373566359598,6.478735249769479,69.58451019935886,56.91461951692544,169.70446702975494,1.0,1.0,193.09114412390056,1.0,1.0,138.4037844860586,1.0,214.58264176658304,1.0,148.71737320959255,1.0,0
17,2026-01-02 13:54:51.427925,5.4523613345766835,5.778492954534765,69.60438293025096,70.04501069602688,57.95960002415896,57.07389625454064,57.91062400809183,6.615623596428859,69.60438229209295,57.07389581349044,168.8196259007905,1.0,1.0,192.04374796935818,1.0,1.0,137.68019313772584,1.0,213.43119320022197,1.0,147.50872017316397,1.0,0
18,2026-01-02 13:54:54.179978,5.599822491826193,5.936480870213153,69.624210693584,70.06175134714678,58.09531616117058,57.23187811399307,58.04674144457108,6.751741035080589,69.6242100588631,57.231877676533294,167.93727813400372,1.0,1.0,190.99868809851145,1.0,1.0,136.95361176644383,1.0,212.28165685784006,1.0,146.30790435774088,1.0,0
19,2026-01-02 13:54:57.193705,5.746505447381938,6.093182659312916,69.64399349645285,70.07844456484261,58.23025959002967,57.38857392800285,58.182086266329094,6.887085859019892,69.64399286516326,57.388573494110176,167.05743043579443,1.0,1.0,189.95599795420063,1.0,1.0,136.22408093453942,1.0,211.1340617125279,1.0,145.1148909956146,1.0,0
20,2026-01-02 13:54:59.895921,5.892407053541707,6.2486066824370825,69.66373094241104,70.09509030906736,58.36442881840862,57.543992056181544,58.316656927666216,7.021656522546876,69.66373031454684,57.54399162583276,166.18008491691532,1.0,1.0,188.91569843188748,1.0,1.0,135.49168466397532,1.0,209.9884367373761,1.0,143.9296424217673,1.0,0
21,2026-01-02 13:55:02.769058,6.037524227666208,6.402761251723038,69.6834225972283,70.11168852447774,58.497822464374835,57.69814080980367,58.45045199434857,7.155451591427522,69.68342197278348,57.69814038297566,165.30524449433585,1.0,1.0,187.8778124185013,1.0,1.0,134.7564693116965,1.0,208.84483408394772,1.0,142.75212386849034,1.0,0
22,2026-01-02 13:55:05.808875,6.181853956361267,6.555654656635882,69.70306795368576,70.12823912878392,58.63043913666866,57.85102847737814,58.58347002187019,7.288469621155649,69.70306733265426,57.85102805404786,164.43291350530308,1.0,1.0,186.84236664797635,1.0,1.0,134.01850441312035,1.0,207.70325375224274,1.0,141.5823121573112,1.0,0
23,2026-01-02 13:55:08.553100,6.325393290951449,6.707295142033454,69.7226667113403,70.14474211502716,58.76227764763226,58.0026633028443,58.715709770551676,7.420709372051675,69.7226660937159,58.002662882988865,163.56309231658514,1.0,1.0,185.80937695573635,1.0,1.0,133.2778537090462,1.0,206.56374789382426,1.0,140.42015513666684,1.0,0
24,2026-01-02 13:55:11.384094,6.468139358314762,6.857690914409885,69.70276660008979,70.12347024083532,58.784387441201666,58.15302465802312,58.738895956572314,7.443895582182962,69.70276598374477,58.153024259849936,164.68426678907647,1.0,1.0,186.85825006078485,1.0,1.0,125.21407762164927,1.0,206.1358674973235,1.0,133.16855272478278,1.0,0
25,2026-01-02 13:55:14.093052,6.602248792463654,7.000319918864246,69.72133036295695,70.13913556395508,58.908523679259126,58.29564841069345,58.863388769022215,7.5683883966297305,69.72132974983704,58.29564801591766,163.85859622395282,1.0,1.0,185.87981173173446,1.0,1.0,124.54622760230905,1.0,205.05722830762352,1.0,132.03229764712887,1.0,0
26,2026-01-02 13:55:16.906280,6.7356429270986835,7.141731945574028,67.82870126726901,63.68974930504715,58.83924747250467,58.43686869047656,58.801436817725055,7.506436488092451,67.82870071233913,58.436868444612145,0.0,0.0,0.0,285.63441768894177,1.0,1.0,110.24523466971914,1.0,185.59564408974438,1.0,82.22906441517353,1.0,0
27,2026-01-02 13:55:19.343623,6.853720113437102,7.229802660082892,67.85148986725967,63.739207888390084,58.94073207990983,58.52493952618439,58.90352856370297,7.608528237779427,67.85148931495822,58.524939280202226,0.0,0.0,0.0,284.4333013066754,1.0,1.0,109.00474310403752,1.0,184.71657154805143,1.0,82.26844463990801,1.0,0
28,2026-01-02 13:55:22.241019,6.97046868416235,7.317915549019383,67.874224233476,63.788658267344246,59.041454389777755,58.61305244998601,59.00483852585631,7.709838203549417,67.87422368378985,58.61305220397,0.0,0.0,0.0,283.2350434183428,1.0,1.0,107.79516003140088,1.0,183.8418797376562,1.0,82.27976442640283,1.0,0
29,2026-01-02 13:55:24.701259,7.08592174404437,7.406040567029888,67.89690150163686,63.83808657142469,59.14141280991787,58.70117742248155,59.10536629601055,7.810365977233216,67.89690095455285,58.70117717650973,0.0,0.0,0.0,282.03979499131225,1.0,1.0,106.61470360673775,1.0,182.9716034262674,1.0,82.2649823555821,1.0,0
30,2026-01-02 13:55:27.269929,7.200110482600118,7.4941497507550245,58.40040668099259,58.43855648346087,58.40045198672317,58.78907889096448,58.40048585953845,7.10548596574837,58.400406681764615,58.789079063303255,0.0,0.0,0.0,0.0,0.0,0.0,-35.52178264897066,1.0,-0.25820528605891013,1.0,-57.63849855384251,1.0,0
31,2026-01-02 13:55:29.994788,7.16206518938518,7.432416548500268,58.357336909894435,58.391478920959884,58.35761845840073,58.72734784614253,58.35767324524759,7.062673354314088,58.357336911946426,58.72734801562471,0.0,0.0,0.0,0.0,0.0,0.0,-36.47716161935932,1.0,-0.6862855968847725,1.0,-56.683116686144785,1.0,0
32,2026-01-02 13:55:32.999798,7.122996643477389,7.371706594553887,58.31337468880991,58.34400790132758,58.31402716076837,58.666639857873044,58.314105286225434,7.019105397930745,58.313374692040355,58.666640024716436,0.0,0.0,0.0,0.0,0.0,0.0,-37.359708034614414,1.0,-1.0804181374624022,1.0,-55.80057606550781,1.0,0
33,2026-01-02 13:55:35.851832,7.082982855387945,7.3119418784334265,58.268642132362274,58.29620326025441,58.26975710399654,58.606876931639064,58.269860083999184,6.9748601981385505,58.26864213667659,58.606877096048386,0.0,0.0,0.0,0.0,0.0,0.0,-38.173776550252114,1.0,-1.4429178577302082,1.0,-54.98650465256105,1.0,0
34,2026-01-02 13:55:38.538182,7.042097167675314,7.253049069737698,58.223242202524894,58.24811346661778,58.22488003394883,58.547985751598596,58.225008666281724,6.930008782662837,58.223242207834836,58.54798591376615,0.0,0.0,0.0,0.0,0.0,0.0,-38.92352480477257,1.0,-1.7759026906105646,1.0,-54.23674770611342,1.0,0
35,2026-01-02 13:55:41.669794,7.000408469116295,7.194959282340772,58.177263220169806,58.199779085387405,58.1794607302798,58.489897445052584,58.179615247860774,6.8846153663033425,58.177263226393094,58.48989760515868,0.0,0.0,0.0,0.0,0.0,0.0,-39.612977160459195,1.0,-2.081371779354413,1.0,-53.54729535042679,1.0,0
36,2026-01-02 13:55:44.655388,6.957981339572296,7.137607926841355,58.215935573921065,58.24132487212806,58.21554845531353,58.432570633441074,58.2155484352198,6.92054849959178,58.21593557148411,58.432570755245806,0.0,0.0,0.0,0.0,0.0,0.0,-21.52913293571146,1.0,0.8150362168635183,1.0,-40.73744888216879,1.0,0
37,2026-01-02 13:55:47.393877,6.9349227528279505,7.093976441852401,58.188879578863265,58.210462921099165,58.18881140101755,58.38894101636404,58.18881570379436,6.893815771504415,58.18887957790879,58.388941134830695,0.0,0.0,0.0,0.0,0.0,0.0,-22.645547240927044,1.0,0.31922261484851333,1.0,-39.62103167964415,1.0,0
38,2026-01-02 13:55:50.146578,6.910668442445422,7.0515406877780915,58.1610552295947,58.17939539122271,58.1610692563979,58.346506922076834,58.161084212125424,6.866084282870241,58.16105523000164,58.34650703750873,0.0,0.0,0.0,0.0,0.0,0.0,-23.66052096135718,1.0,-0.13609819575322035,1.0,-38.60606085652307,1.0,0
39,2026-01-02 13:55:52.978981,6.885327049785954,7.0101920079721465,58.13229940168385,58.14794088960551,58.13248257566872,58.30515970060771,58.13251193766628,6.837512011134681,58.13229940331079,58.305159813316045,0.0,0.0,0.0,0.0,0.0,0.0,-24.571420443066927,1.0,-0.5441262305794226,1.0,-37.6951700667405,1.0,0
40,2026-01-02 13:55:56.168930,6.859010046194971,6.969818926963091,58.10270828750442,58.11612002303793,58.10317961409074,58.264787895455974,58.10322548020697,6.808225556104817,58.10270829021463,58.264788005734815,0.0,0.0,0.0,0.0,0.0,0.0,-25.383944692976,1.0,-0.9064260365221344,1.0,-36.88262843297707,1.0,0
41,2026-01-02 13:55:59.126497,6.831822797467949,6.930316112416206,58.07243918801058,58.084008349537754,58.073265438219686,58.225286195499365,58.07332876951794,6.778328847576073,58.07243919168031,58.225286303617935,0.0,0.0,0.0,0.0,0.0,0.0,-26.106449550411526,1.0,-1.2273377825522402,1.0,-36.16012647285061,1.0,0
42,2026-01-02 13:56:01.883593,6.803861713124262,6.891587128723641,58.041617208895424,58.05166354888268,58.04283126957507,58.18655818399011,58.042912218469255,6.747912298442074,58.04161721341272,58.18655829019398,0.0,0.0,0.0,0.0,0.0,0.0,-26.74681569601489,1.0,-1.5108047062994956,1.0,-35.51976032724724,1.0,0
43,2026-01-02 13:56:04.761655,6.775214772973543,6.85354400330125,58.01034386490432,58.01913115877427,58.01195549099637,58.148515905221586,58.012053644769004,6.717053726433534,58.01034387016819,58.14851600973376,0.0,0.0,0.0,0.0,0.0,0.0,-27.312605106430965,1.0,-1.760494801033019,1.0,-34.95397381414023,1.0,0
44,2026-01-02 13:56:07.467596,6.745961847082995,6.81610685855164,57.97870220359121,57.98644773966924,57.98070532071245,58.11107949668975,57.980819883947454,6.685819967102193,57.97870220951092,58.111079599711715,0.0,0.0,0.0,0.0,0.0,0.0,-27.811003108126897,1.0,-1.9798384806790637,1.0,-34.455575812444295,1.0,0
45,2026-01-02 13:56:10.036176,6.716175114490437,6.779203512788534,57.946760002712914,57.95364260520496,57.94913807589236,58.07417679024439,57.94926801069241,6.654268095156174,57.946760009207296,58.07417689195729,0.0,0.0,0.0,0.0,0.0,0.0,-28.24880678815589,1.0,-2.172037271748195,1.0,-34.017760543179065,1.0,0
46,2026-01-02 13:56:12.596276,6.68591947850577,6.742769091351741,57.91457236572526,57.92073916225841,57.91730234686347,58.037742923221266,57.91744647828734,6.62244656389807,57.91457237272207,58.03774302378723,0.0,0.0,0.0,0.0,0.0,0.0,-28.632407610302835,1.0,-2.3400725052624693,1.0,-33.6341684129593,1.0,0
47,2026-01-02 13:56:14.921611,6.655252991194289,6.706745513271783,57.882184407808396,57.88775640828875,57.88523950715493,58.001719825363786,57.885396599868635,6.5903966864818635,57.88218441524347,58.00171992492722,0.0,0.0,0.0,0.0,0.0,0.0,-28.967692906576303,1.0,-2.486653165192365,1.0,-33.29887442475865,1.0,0
48,2026-01-02 13:56:17.523723,6.624227400558513,6.6710810468300865,57.675721088428226,57.68251091566145,57.69300061564556,57.96601342735452,57.693786220723005,6.39878639044746,57.6757211073781,57.96601359538737,0.0,0.0,0.0,0.0,0.0,0.0,-56.76414283129816,1.0,-6.337765058788136,1.0,-56.19839108589986,1.0,0
49,2026-01-02 13:56:20.382705,6.563430662757876,6.6108902575013575,57.61515748020273,57.62199263965892,57.63238426543689,57.90582258403623,57.6331678655999,6.3381680352518455,57.61515749912137,57.90582275214161,0.0,0.0,0.0,0.0,0.0,0.0,-56.73989235447152,1.0,-6.327317362320173,1.0,-56.22264446003555,1.0,0
50,2026-01-02 13:56:23.183676,6.502659900508936,6.550673489445825,57.5545996109069,57.56147638611446,57.5717782922528,57.84560576663749,57.57256006363971,6.27756023322538,57.554599629797,57.845605934809115,0.0,0.0,0.0,0.0,0.0,0.0,-56.71772504285855,1.0,-6.317773626278722,1.0,-56.24480018241229,1.0,0
51,2026-01-02 13:56:25.737683,6.441912881097662,6.490432991557724,57.49404697270874,57.500961903454865,57.511181775754665,57.78536522361678,57.51196187774354,6.216962047268647,57.49404699157276,57.78536539184898,0.0,0.0,0.0,0.0,0.0,0.0,-56.69747285253379,1.0,-6.309049828701063,1.0,-56.265058167355164,1.0,0
52,2026-01-02 13:56:28.388262,6.381187553147248,6.430170795661383,57.433499342619164,57.440449225535865,57.45059402517427,57.72510298646434,57.45137260184704,6.1563727713167795,57.433499361459326,57.725103154751906,0.0,0.0,0.0,0.0,0.0,0.0,-56.67895325302652,1.0,-6.301070639551654,1.0,-56.28357486955338,1.0,0
53,2026-01-02 13:56:31.136653,6.320482059568127,6.369888771207898,57.37295620748149,57.37993811508531,57.39001425814887,57.66482092428349,57.39079144179962,6.095791611218743,57.372956226299834,57.664821092621644,0.0,0.0,0.0,0.0,0.0,0.0,-56.662024276192824,1.0,-6.293775215340247,1.0,-56.300495154459895,1.0,0
54,2026-01-02 13:56:33.652209,6.25979469676269,6.309588618977515,57.312417146877884,57.31942839873022,57.329441784405766,57.604520737550956,57.33021769628621,6.035217865659074,57.312417165676315,57.60452090593539,0.0,0.0,0.0,0.0,0.0,0.0,-56.64655264581597,1.0,-6.287114301812835,1.0,-56.315975476763924,1.0,0
55,2026-01-02 13:56:36.540717,6.199123906050667,6.24927189270215,57.25188195380954,57.25892007478703,57.26887603203974,57.544203979742626,57.26965078155646,5.974650950887012,57.25188197258976,57.544204148169335,0.0,0.0,0.0,0.0,0.0,0.0,-56.63240508567924,1.0,-6.281021260861053,1.0,-56.33011434497348,1.0,0
56,2026-01-02 13:56:39.448636,6.138468269919463,6.188940022067268,57.191350196221826,57.19841293095431,57.208316359814006,57.483872080254784,57.20909004726585,5.914090216557738,57.191350214985384,57.48387224872017,0.0,0.0,0.0,0.0,0.0,0.0,-56.619471498038365,1.0,-6.275449735539951,1.0,-56.343047932614354,1.0,0
57,2026-01-02 13:56:42.289530,6.077826481919778,6.128594297001995,57.130821643224536,57.13790691600052,57.14776231890348,57.42352632882064,57.14853503625547,5.85353520551201,57.13082166197285,57.423526497321376,0.0,0.0,0.0,0.0,0.0,0.0,-56.60765047707628,1.0,-6.27035336890458,1.0,-56.3548718508855,1.0,0
58,2026-01-02 13:56:45.496769,6.017197358804203,6.068235912657662,57.070295983983925,57.077401898329484,57.087213371054894,57.363167920344274,57.08798520182454,5.792985371048757,57.07029600271831,57.36316808887735,0.0,0.0,0.0,0.0,0.0,0.0,-56.596840616975896,1.0,-6.265691598628109,1.0,-56.365687505604,1.0,0
59,2026-01-02 13:56:48.328754,5.956579809628834,6.007865944859633,57.00977308136295,57.01689788515583,57.0266691593343,57.30279793047743,57.02744017953728,5.732440348731931,57.00977310008461,57.30279809904006,0.0,0.0,0.0,0.0,0.0,0.0,-56.586952101156385,1.0,-6.2614354516199455,1.0,-56.37557312411445,1.0,0
60,2026-01-02 13:56:51.312621,5.895972848992189,5.947485385595517,67.35464819262076,62.39797865177271,57.570061448485355,57.24256697860669,57.536872932011796,6.241872718150618,67.35464761170455,57.242566792615314,0.0,0.0,0.0,310.6202840544534,1.0,1.0,71.52561957923353,1.0,194.28673684274145,1.0,62.20459678786483,1.0,0
61,2026-01-02 13:56:53.702715,5.972579732958901,6.0141090715838885,67.37035827686726,62.43562443772484,57.64020375402853,57.30919032780217,57.60733335173181,6.312333139931093,67.37035769769828,57.30919014222616,0.0,0.0,0.0,309.7922542692542,1.0,1.0,70.83650041408873,1.0,193.7023843731822,1.0,62.065679510396876,1.0,0
62,2026-01-02 13:56:56.777320,6.0484485416899965,6.080583967478576,67.38600299644833,62.47317581278802,57.7098055267047,57.375664857924015,57.677244631394736,6.382244421607506,67.38600241901574,57.375664672800006,0.0,0.0,0.0,308.96766965271456,1.0,1.0,70.16309045866365,1.0,193.12164774532903,1.0,61.914506615607934,1.0,0
63,2026-01-02 13:56:59.734169,6.123596097318238,6.146896951601198,67.401582259639,62.51062708900895,57.77887318907918,57.441977449349615,57.74661363499063,6.451613427172262,67.40158168393211,57.44197726471192,0.0,0.0,0.0,308.14653503937194,1.0,1.0,69.50460743951226,1.0,192.54449219147318,1.0,61.751857479634964,1.0,0
64,2026-01-02 13:57:02.643317,6.198038387834323,6.213035730481521,67.41709569303885,62.547972767852805,57.847413053786816,57.50811581055923,57.81544708939898,6.5204468835069935,67.41709511904713,57.50811562644001,0.0,0.0,0.0,307.32887011000435,1.0,1.0,68.86033282398785,1.0,191.97084817619725,1.0,61.5784564297428,1.0,0
65,2026-01-02 13:57:05.440515,6.271790639287049,6.278988795980679,67.4325431320549,62.58520780183286,57.915431326424766,57.57406843522747,57.883751582589305,6.588751378583178,67.43254255976794,57.57406825165679,0.0,0.0,0.0,306.5146835397961,1.0,1.0,68.22960892293395,1.0,191.40069831564688,1.0,61.394995922796625,1.0,0
66,2026-01-02 13:57:08.190563,6.344867361473282,6.344745366198212,67.44792413871728,62.622327295254486,57.982934090905225,57.6398245431564,57.95153355436217,6.656533352203266,67.44792356812478,57.63982436016248,0.0,0.0,0.0,305.7039984127791,1.0,1.0,67.61180702028469,1.0,190.833990458259,1.0,61.20210177755325,1.0,0
67,2026-01-02 13:57:10.775649,6.417282389715251,6.410295338462517,67.4632390759569,62.65932709498752,58.04992749454189,57.70537403323709,58.018799482244034,6.723799281895438,67.4632385070487,57.705373850846385,0.0,0.0,0.0,304.8967955999945,1.0,1.0,67.00635055153725,1.0,190.27067824708865,1.0,61.00035635313361,1.0,0
68,2026-01-02 13:57:13.045750,6.489048947552412,6.475629229607636,67.47848769704913,62.69620296319189,58.116417534969536,57.77070742382239,58.08555567405888,6.790555475485321,67.47848712981522,57.770707242059714,0.0,0.0,0.0,304.09308810553034,1.0,1.0,66.41269192527943,1.0,189.7107153251909,1.0,60.790310138258974,1.0,0
69,2026-01-02 13:57:15.556384,6.56017967839486,6.540738159489214,67.49366978113632,62.7329509318972,58.18241003683673,57.835815836117376,58.15180824288477,6.8568080460524685,67.49366921556674,57.83581565500602,0.0,0.0,0.0,303.2928875701079,1.0,1.0,65.83032990704396,1.0,189.15407851409327,1.0,60.5724788539419,1.0,0
70,2026-01-02 13:57:18.249143,6.6306866719528985,6.605613778271866,67.50878526238944,62.769567345325044,58.247910846828944,57.900690921603946,58.217563307243,6.922563112119635,67.50878469847443,57.900690741165775,0.0,0.0,0.0,302.49619746337004,1.0,1.0,65.25877774890887,1.0,188.60070986761457,1.0,60.34733476155907,1.0,0
71,2026-01-02 13:57:20.931763,6.700581514905782,6.6702482554567215,67.52383444107636,62.80604897516857,58.312925576874356,57.965324851053765,58.28282673000395,6.987826536558525,67.52383387880623,57.96532467130926,0.0,0.0,0.0,301.70300195912967,1.0,1.0,64.69759216258808,1.0,188.0505804126642,1.0,60.115338533250906,1.0,0
72,2026-01-02 13:57:23.846689,6.769875303556661,6.7346342626318005,67.51348216249303,62.77287649785181,58.34341762304116,58.02970237699529,58.31404609997448,7.019045920826021,67.51348160157055,58.02970220829876,0.0,0.0,0.0,302.2486384354962,1.0,1.0,59.915992080732394,1.0,187.59986342615775,1.0,56.42035393293554,1.0,0
73,2026-01-02 13:57:26.827961,6.8340477983948595,6.795062786330183,67.52749979070364,62.8070931966996,58.403532474452156,58.09013036887872,58.37437937336438,7.0793791957117005,67.52749923130546,58.09013020089548,0.0,0.0,0.0,301.509812755499,1.0,1.0,59.41572821200225,1.0,187.09006451331334,1.0,56.181795299607984,1.0,0
74,2026-01-02 13:57:29.826148,6.89768449128436,6.855235804260656,67.54145310538031,62.841169022727,58.46320843242514,58.150302845423575,58.434269284375404,7.139269108192895,67.54145254749751,58.15030267816911,0.0,0.0,0.0,300.7743768422825,1.0,1.0,58.92403168616056,1.0,186.58324403418192,1.0,55.938059174991395,1.0,0
75,2026-01-02 13:57:32.708751,6.960794553534658,6.9151477669955925,67.55534214083016,62.875101546949736,58.522450554981155,58.210214258112714,58.49372107757777,7.198720902840872,67.55534158445398,58.210214091601486,0.0,0.0,0.0,300.042328887623,1.0,1.0,58.44054903150209,1.0,186.07935563181854,1.0,55.689484544245715,1.0,0
76,2026-01-02 13:57:35.631238,7.0233867882640615,6.974793503677066,67.56916700862801,62.908888545262045,58.581263744063065,58.26985943689433,58.55273983074328,7.2577396574283854,67.5691664537498,58.269859271139815,0.0,0.0,0.0,299.3136630107612,1.0,1.0,57.9649615440303,1.0,185.5783645385145,1.0,55.43640170060371,1.0,0
77,2026-01-02 13:57:38.755515,7.0854696485699575,7.034168176055246,57.69920503980293,57.705714548821184,57.75879533784498,58.329013236531004,57.76138074829613,6.466381041138792,57.699205076778355,58.32901349956548,0.0,0.0,0.0,0.0,0.0,0.0,-97.94088171304338,1.0,-12.366384343636128,1.0,-87.97156863579403,1.0,0
78,2026-01-02 13:57:41.261782,6.980570926574653,6.939947007434414,57.59884796732136,57.60589608153967,57.65733735397547,58.23479111878589,57.659881352054015,6.364881644027281,57.59884800392618,58.23479138268974,0.0,0.0,0.0,0.0,0.0,0.0,-97.6501135704666,1.0,-12.24243746207776,1.0,-88.26233098375269,1.0,0
79,2026-01-02 13:57:43.658267,6.875983636741823,6.845414418354025,57.49851119764716,57.506082363666216,57.55597395959335,58.140257635851405,57.558479329429005,6.263479620585667,57.49851123390361,58.14025790057187,0.0,0.0,0.0,0.0,0.0,0.0,-97.37700162929741,1.0,-12.125927972874706,1.0,-88.53544582223094,1.0,0
80,2026-01-02 13:57:45.996936,6.77168885636258,6.7505893065706415,57.39819563360019,57.406274163048266,57.4547009037396,58.04543168219269,57.45717023084982,6.162170521239282,57.39819566952918,58.04543194768034,0.0,0.0,0.0,0.0,0.0,0.0,-97.12041304169361,1.0,-12.016409690431828,1.0,-88.79203151252568,1.0,0
81,2026-01-02 13:57:48.742825,6.667668893175621,6.6554893833752145,57.29790274628504,57.306472140428134,57.353514357341545,57.95033096593181,57.35595003048624,6.060950320154713,57.297902781906096,57.95033123214044,0.0,0.0,0.0,0.0,0.0,0.0,-96.8792787006123,1.0,-11.913419045299634,1.0,-89.03316295629793,1.0,0
82,2026-01-02 13:57:50.947651,6.563907197467339,6.560131198564898,57.197633573239,57.206676793565315,57.252410638641166,57.85497203390922,57.25481486943646,5.959815158427161,57.19763360857041,57.85497230079562,0.0,0.0,0.0,0.0,0.0,0.0,-96.65259903442802,1.0,-11.816547516900755,1.0,-89.25984262248221,1.0,0
83,2026-01-02 13:57:53.435584,6.460388288503975,6.46453022779636,57.09738877347913,57.106888466335185,57.15138598741765,57.75937035908111,57.15376082359009,5.858761111943467,57.09738880853804,57.75937062660482,0.0,0.0,0.0,0.0,0.0,0.0,-96.43944690424178,1.0,-11.72541266043936,1.0,-89.47298895805034,1.0,0
84,2026-01-02 13:57:56.302783,6.357097664086789,6.368700971634896,56.351412943478884,56.370410732145345,56.45792998261266,57.66338445281885,56.46261684748574,5.167617264132878,56.35141299407436,57.6633848397546,0.0,0.0,0.0,0.0,0.0,0.0,-139.3471425211601,1.0,-16.921597387522525,1.0,-129.4102010780307,1.0,0
85,2026-01-02 13:57:58.582368,6.207851132211371,6.230097316441994,56.20654442092843,56.22616964510279,56.31202229907107,57.5247798514141,56.31666997565502,5.0216703916776675,56.206544471256755,57.52478023897433,0.0,0.0,0.0,0.0,0.0,0.0,-139.13828420299978,1.0,-16.83224727344168,1.0,-129.619059396191,1.0,0
86,2026-01-02 13:58:01.457144,6.058828299103394,6.091269966075671,56.061702286417834,56.08193659139561,56.16618989991277,57.38595159452456,56.17080022146716,4.875800636892322,56.06170233649048,57.38595198268229,0.0,0.0,0.0,0.0,0.0,0.0,-138.93845389986836,1.0,-16.746736093864456,1.0,-129.81889259663149,1.0,0
87,2026-01-02 13:58:04.469202,5.910019489529291,5.952228584974042,55.916886531637736,55.93771179331814,56.02043025078315,57.246909344977794,56.0250049585294,4.730005373382849,55.91688658146564,57.24690973370719,0.0,0.0,0.0,0.0,0.0,0.0,-138.74724598849753,1.0,-16.664884215629172,1.0,-130.0100889187661,1.0,0
88,2026-01-02 13:58:06.936548,5.7614154777640385,5.8129824261590475,67.07836681176302,61.60723450139629,57.15601339689967,57.107998799616304,57.12701986719425,5.832019776517226,67.07836622644456,57.10799872158281,0.0,0.0,0.0,325.1822182144897,1.0,1.0,30.32682348361959,1.0,195.75906818204203,1.0,26.098209603446776,1.0,0
89,2026-01-02 13:58:10.054066,5.793896754720675,5.840934682759189,67.08511287383574,61.623682276225836,57.1864617624123,57.135951143464595,57.157655221510254,5.862655132121108,67.08511228927266,57.135951065206356,0.0,0.0,0.0,324.8266542186928,1.0,1.0,29.896095032313497,1.0,195.5064286266861,1.0,26.173374492373114,1.0,0
90,2026-01-02 13:58:12.763787,5.825916701659428,5.868967442393807,67.0918249761708,61.64015036169756,57.21662053070246,57.163983955357914,57.18798658037889,5.892986492181867,67.09182439235579,57.16398387696534,0.0,0.0,0.0,324.4728801352731,1.0,1.0,29.497390538040236,1.0,195.25624019479437,1.0,26.218303063956228,1.0,0
91,2026-01-02 13:58:15.408693,5.857509623477396,5.897048326866761,67.09850206072761,61.65662340395289,57.24649834943249,57.19206486228686,57.21802466460715,5.923024577520089,67.09850147765363,57.1920647838366,0.0,0.0,0.0,324.1209517302708,1.0,1.0,29.12616412288571,1.0,195.00840437785882,1.0,26.237596244982342,1.0,0
92,2026-01-02 13:58:18.108861,5.888704948707602,5.925149869445,67.10514343547246,61.67308848460211,57.27610409304976,57.22016640182578,57.247780026175576,5.952779940127327,67.10514285313269,57.22016632338333,0.0,0.0,0.0,323.77090547863247,1.0,1.0,28.77873620434457,1.0,194.7628458458439,1.0,26.23498287221082,1.0,0
93,2026-01-02 13:58:21.126568,5.919528162410197,5.953248616798505,67.11174883463808,61.68953474412594,57.305446481202246,57.24826512417639,57.27726276044166,5.9822626753701424,67.1117482530261,57.24826504579818,0.0,0.0,0.0,323.4227553881275,1.0,1.0,28.452067505213563,1.0,194.51944291176915,1.0,26.21350222284491,1.0,0
94,2026-01-02 13:58:24.156224,5.950001499791565,5.981324360287626,67.11831776654527,61.705952677966756,57.33453390173625,57.27634082370699,57.30648240247924,6.011482318329953,67.1183171856548,57.27634074544177,0.0,0.0,0.0,323.0765273736403,1.0,1.0,28.143628674683896,1.0,194.27813183483522,1.0,26.175709723474938,1.0,0
95,2026-01-02 13:58:26.959389,5.980144486230717,6.009359620906501,67.1248504290695,61.72233439823835,57.3633742835916,57.30437602396792,57.335447843091465,6.040447759816296,67.12484984889457,57.30437594585811,0.0,0.0,0.0,322.7322110057682,1.0,1.0,27.851281498669778,1.0,194.03881990115224,1.0,26.12373199895046,1.0,0
96,2026-01-02 13:58:29.926606,6.009974353072637,6.0373392148340725,67.1240551257753,61.71631563739473,57.38638786199229,57.33235420449305,57.35873769662551,6.063737618355426,67.12405454636489,57.332354130100754,0.0,0.0,0.0,322.77412897422187,1.0,1.0,26.177338011166285,1.0,193.78312658204777,1.0,24.880415556935986,1.0,0
97,2026-01-02 13:58:32.404631,6.038011359353993,6.063987166346567,67.1302096376321,61.731879179729134,57.41338147931746,57.35900207067483,57.38583656294984,6.090836485420205,67.13020905889157,57.35900199651202,0.0,0.0,0.0,322.44974375445895,1.0,1.0,25.92969631393771,1.0,193.5590892617256,1.0,24.803665839954192,1.0,0
98,2026-01-02 13:58:35.183512,6.06578313265257,6.090552912554605,67.1363294341125,61.7473880450026,57.440162104266456,57.38556772200504,57.412717732896645,6.117717656075554,67.13632885603671,57.38556764809812,0.0,0.0,0.0,322.1271882744499,1.0,1.0,25.69272250866561,1.0,193.33676135374844,1.0,24.718085124959543,1.0,0
99,2026-01-02 13:58:37.989539,6.093301100509028,6.117027001728243,67.14241475131668,61.76283801307915,57.466735444987684,57.41204170806474,57.43938741681108,6.144387340670059,67.14241417390076,57.41204163443674,0.0,0.0,0.0,321.80645009008344,1.0,1.0,25.465275055580605,1.0,193.11607332269887,1.0,24.624797567867063,1.0,0
100,2026-01-02 13:58:40.850075,6.120575454608422,6.143401170570546,67.14846560919511,61.77822528941314,57.49310684897142,57.43841576674783,57.465851403432545,6.170851327946093,67.14846503243432,57.43841569341884,0.0,0.0,0.0,321.4875281498364,1.0,1.0,25.246354383057223,1.0,192.8969672223957,1.0,24.524794048375043,1.0,0
101,2026-01-02 13:58:43.559686,6.147615339795027,6.169668235435163,67.1544822608156,61.793546698477805,57.51928117854485,57.464682715412,57.4921149366613,6.197114861806497,67.15448168470529,57.46468264239953,0.0,0.0,0.0,321.17040911528727,1.0,1.0,25.035099990304843,1.0,192.6794140797483,1.0,24.418935067274106,1.0,0
102,2026-01-02 13:58:45.810851,6.1744289617111585,6.195821918991893,67.16046472082954,61.80879934970663,57.54526295981789,57.490836277615024,57.518182880031524,6.223182805787741,67.16046414536522,57.490836204934354,0.0,0.0,0.0,320.8550922142076,1.0,1.0,24.8307469877318,1.0,192.46336174319367,1.0,24.3079652329925,1.0,0
103,2026-01-02 13:58:48.530876,6.201023717694523,6.2218567454346125,67.16641344030499,61.82398095445256,57.571056318834145,57.5168709783457,57.54405965318113,6.249059579529712,67.16641286548226,57.51687090601012,0.0,0.0,0.0,320.5415536722014,1.0,1.0,24.632628994254446,1.0,192.24878123964118,1.0,24.192548029304817,1.0,0
104,2026-01-02 13:58:51.415599,6.227406276727906,6.247767957953796,67.17232836708635,61.83908928061358,57.59666508144324,57.54278206148056,57.5697493435347,6.27474927045883,67.17232779290097,57.54278198950161,0.0,0.0,0.0,320.22979623822386,1.0,1.0,24.44014047227938,1.0,192.03562041752775,1.0,24.073271609950098,1.0,0
105,2026-01-02 13:58:54.323963,6.2535826732864574,6.273551420120144,67.17820988848143,61.85412261700539,57.62209280748533,57.56856539120758,57.595255741506996,6.300255668991363,67.1782093149292,57.568565319595265,0.0,0.0,0.0,319.91979949848724,1.0,1.0,24.252768598103103,1.0,191.82386189299905,1.0,23.950651695940905,1.0,0
106,2026-01-02 13:58:57.375796,6.27955838807448,6.299203556108804,67.1840580913157,61.86907934636111,57.647342734029216,57.594217392230135,57.620582287904504,6.325582215935239,67.18405751839255,57.59421732099308,0.0,0.0,0.0,319.6115588766875,1.0,1.0,24.07003531573082,1.0,191.61347669296447,1.0,23.825148959417675,1.0,0
107,2026-01-02 13:59:00.236592,6.3053383921761545,6.32472127005365,67.18987301298844,61.883958044187686,57.672417878856365,57.61973496915251,57.64573218272494,6.350732111289393,67.18987244069034,57.61973489829817,0.0,0.0,0.0,319.3050724016267,1.0,1.0,23.891535001894226,1.0,191.40442425509718,1.0,23.697151639794356,1.0,0
108,2026-01-02 13:59:02.556795,6.330927213191475,6.350101895620645,67.37240269762822,62.41701985599487,57.8748139512636,57.645157052640464,57.84455367729386,6.5495535103592,67.37240212597543,57.645156902130125,0.0,0.0,0.0,309.6844991956988,1.0,1.0,55.83109921644791,1.0,191.18859790864917,1.0,50.338004051582175,1.0,0
109,2026-01-02 13:59:05.155635,6.390724622390549,6.404015975522871,67.38510243994989,62.44783550361203,57.93053665236072,57.699070853599196,57.90051165948156,6.6055114941363,67.38510186969681,57.69907070350084,0.0,0.0,0.0,309.0151351909176,1.0,1.0,55.29952702602259,1.0,190.72046809469612,1.0,50.20021962195642,1.0,0
110,2026-01-02 13:59:07.906719,6.44995269232027,6.457782475166748,67.3977425026013,62.47855838325889,57.985823707853974,57.75283705428456,57.9560272504953,6.661027086699386,67.39774193373859,57.75283690462884,0.0,0.0,0.0,308.3489167163417,1.0,1.0,54.78135199268763,1.0,190.25546737452714,1.0,50.05217871826062,1.0,0
111,2026-01-02 13:59:10.622037,6.508625778141185,6.5113904216864915,67.41032256294629,62.50918348946687,58.04068150077698,57.806444683485594,58.01110722476235,6.716107062477928,67.41032199546473,57.80644453430092,0.0,0.0,0.0,307.68586077712405,1.0,1.0,54.275832405323854,1.0,189.79353780196107,1.0,49.89463753815926,1.0,0
112,2026-01-02 13:59:13.175856,6.566757431464516,6.56482964009335,67.42284271269571,62.539706394012356,58.09511626995694,57.85988356773575,58.06575817963578,6.770758018827099,67.42284214658629,57.85988341904845,0.0,0.0,0.0,307.0259625394695,1.0,1.0,53.78227290975701,1.0,189.33462722543482,1.0,49.72829143582658,1.0,0
113,2026-01-02 13:59:15.956936,6.624360462588557,6.618090685763516,67.43530338106594,62.570123173411034,58.149134154501176,57.913144263865625,58.11998658461139,6.824986425244579,67.43530281631979,57.91314411570015,0.0,0.0,0.0,306.3691993807138,1.0,1.0,53.30004189261217,1.0,188.87868349338532,1.0,49.55376912732845,1.0,0
114,2026-01-02 13:59:18.842840,6.681447004573425,6.671164811917952,67.44770401648468,62.60042965694817,58.20274102565643,57.96621802642457,58.17379861869057,6.878798460733566,67.44770345309303,57.966217878803555,0.0,0.0,0.0,305.7156003725226,1.0,1.0,52.82853381629593,1.0,188.42567183810388,1.0,49.37167325294922,1.0,0
115,2026-01-02 13:59:21.791557,6.738028545924479,6.72404390628957,67.46004505533006,62.63062250151426,58.25594264593538,58.01909674435858,58.22720032595792,6.932200169380266,67.4600444932843,58.019096597303076,0.0,0.0,0.0,305.065142514758,1.0,1.0,52.367209781323254,1.0,187.97554010802742,1.0,49.18253981486487,1.0,0
116,2026-01-02 13:59:24.533787,6.79411598477712,6.776720433538084,67.47232653140422,62.66069838808245,58.30874469854152,58.0717728834642,58.28019765456282,6.985197499335629,67.47232597069588,58.07177273699373,0.0,0.0,0.0,304.4178240258146,1.0,1.0,51.91555116937252,1.0,187.52824194621098,1.0,48.98687584216077,1.0,0
117,2026-01-02 13:59:27.205625,6.8497196837071215,6.829187398591124,67.48454851278846,62.6906542505235,58.361152518625325,58.12423944974686,58.33279618237321,7.037796028468983,67.4845479534092,58.12423930387951,0.0,0.0,0.0,303.7736413173389,1.0,1.0,51.47308571906706,1.0,187.08373679032775,1.0,48.78516228814078,1.0,0
118,2026-01-02 13:59:29.841310,6.904849475331916,6.8814383193705,67.49671100366908,62.72048720899587,58.41317149713019,58.176489962120364,58.385001530736034,7.090001378128646,67.49671044561062,58.176489816872916,0.0,0.0,0.0,303.1325941686827,1.0,1.0,51.03936145019361,1.0,186.64199566728712,1.0,48.57783664647286,1.0,0
119,2026-01-02 13:59:32.673146,6.959514733949569,6.933467185041287,67.50881439906723,62.75019480610698,58.46480669084896,58.228518410672095,58.436818966217594,7.1418188148821455,67.5088138423215,58.22851826606011,0.0,0.0,0.0,302.49466175950795,1.0,1.0,50.61396115024763,1.0,186.2029548362898,1.0,48.36531033504343,1.0,0
120,2026-01-02 13:59:35.247643,7.0137243750197555,6.985268422827291,67.63458977135011,63.09123712741076,58.66536407701756,58.28035395824759,58.635383042222145,7.3403828348683255,67.63458921709463,58.280353767451395,0.0,0.0,0.0,295.86543222383955,1.0,1.0,69.3492392412054,1.0,185.37008857947512,1.0,63.81156028453461,1.0,0
121,2026-01-02 13:59:38.067877,7.088000267336158,7.053613228960141,57.853227693981474,57.858598423607006,57.89919183393386,58.348491661987566,57.90118942783333,6.606189683600995,57.8532277261201,58.34849189270628,0.0,0.0,0.0,0.0,0.0,0.0,-85.5411928017702,1.0,-10.748726879228343,1.0,-77.16360047822945,1.0,0
122,2026-01-02 13:59:40.796656,6.996382127526878,6.970967833119747,57.76540906682877,57.77124268791199,57.810454571704895,58.265845468428324,57.812417605525276,6.517417860475971,57.765409098618946,58.265845699964004,0.0,0.0,0.0,0.0,0.0,0.0,-85.26795917362051,1.0,-10.632188416934696,1.0,-77.43683410637914,1.0,0
123,2026-01-02 13:59:43.376617,6.90505663117251,6.888029794743119,57.677611066126005,57.683892279634215,57.72180729815699,58.18290668431704,57.72373836669064,6.428738620879796,57.677611097591154,58.18290691661422,0.0,0.0,0.0,0.0,0.0,0.0,-85.01326252883246,1.0,-10.523481381028432,1.0,-77.69151916193096,1.0,0
124,2026-01-02 13:59:46.270951,6.814003927672019,6.80481897678711,57.58983504739378,57.59654763965121,57.63324557366561,58.09969516907456,57.63514705238778,6.340147305866831,57.58983507855563,58.09969540208187,0.0,0.0,0.0,0.0,0.0,0.0,-84.77577010523873,1.0,-10.4220465908611,1.0,-77.92902027745185,1.0,0
125,2026-01-02 13:59:48.957319,6.723205586177144,6.721353787694765,57.50208268578504,57.509209790518035,57.54476562145067,58.016229327864316,57.5466396864955,6.2516399393121045,57.50208271666378,58.0162295615341,0.0,0.0,0.0,0.0,0.0,0.0,-84.55421288147136,1.0,-10.327356736183901,1.0,-78.15058039852829,1.0,0
126,2026-01-02 13:59:51.782101,6.632644542730157,6.637651300688956,57.414354508258874,57.421878948561286,57.45636324522435,57.93252623088997,57.45821189453908,6.163212146737503,57.41435453887329,57.93252646517793,0.0,0.0,0.0,0.0,0.0,0.0,-84.34746380430624,1.0,-10.23895404216546,1.0,-78.3573294756934,1.0,0
127,2026-01-02 13:59:54.535363,6.5423049376554685,6.553727370525235,57.32665108346885,57.33455555446129,57.36803456175784,57.848601730147415,57.369859629841464,6.074859881462822,57.32665111383637,57.848601965012406,0.0,0.0,0.0,0.0,0.0,0.0,-84.15446535593674,1.0,-10.156380733974402,1.0,-78.55031923213573,1.0,0
128,2026-01-02 13:59:57.372032,6.452172041806003,6.469596746511626,57.23897241716072,57.2472396911195,57.279775662296004,57.764470572219516,57.28157883697064,5.986579088053177,57.23897244729759,57.76447080762334,0.0,0.0,0.0,0.0,0.0,0.0,-83.9742585270642,1.0,-10.079242777578656,1.0,-78.7305318556264,1.0,0
129,2026-01-02 14:00:00.052701,6.362232153005235,6.385273101163522,57.15131858775996,57.15993161810161,57.191583015918496,57.680146427319464,57.19336585177513,5.898366102354382,57.151318617681305,57.680146663226516,0.0,0.0,0.0,0.0,0.0,0.0,-83.80593645995305,1.0,-10.007157728182392,1.0,-78.89883653888319,1.0,0
130,2026-01-02 14:00:02.825581,6.272472542718148,6.300769197127924,57.063688962110085,57.072631051823414,57.10345285752789,57.5956420557392,57.10521678919512,5.810217039304238,57.063688991830006,57.5956422921164,0.0,0.0,0.0,0.0,0.0,0.0,-83.64869949730291,1.0,-9.939792395243785,1.0,-79.05607639884238,1.0,0
131,2026-01-02 14:00:05.152140,6.182881342536054,6.216096879926839,56.97608341723145,56.98533823093017,57.015381937180436,57.510969300917026,57.0171282867071,5.722128536376863,56.97608344676304,57.51096953773357,0.0,0.0,0.0,0.0,0.0,0.0,-83.5017566737406,1.0,-9.876807793602893,1.0,-79.20301632509563,1.0,0
132,2026-01-02 14:00:07.902978,6.093447518502575,6.131267186180412,56.76676060786719,56.77799551158147,56.81565196722058,57.42610977467153,56.817822578124186,5.522822858356713,56.76676064109526,57.42611003996537,0.0,0.0,0.0,0.0,0.0,0.0,-93.7234369592943,1.0,-11.113089569221302,1.0,-88.72721291425023,1.0,0
133,2026-01-02 14:00:10.496914,5.993065860581854,6.036236685406657,56.668535644156584,56.68011279264792,56.71692212177058,57.33107879787948,56.719073653605555,5.4240739334048325,56.66853567719894,57.331079063606566,0.0,0.0,0.0,0.0,0.0,0.0,-93.57853673861882,1.0,-11.05097705760727,1.0,-88.87211023761665,1.0,0
134,2026-01-02 14:00:13.330876,5.892839392839564,5.94105100160079,67.33772283260063,62.35061306092886,57.54379047336868,57.23612762124588,57.51090734708736,6.21590714096815,67.3377222513849,57.23612744147086,0.0,0.0,0.0,311.51236725413503,1.0,1.0,68.93632634330515,1.0,194.38691420077703,1.0,60.125542855757885,1.0,0
135,2026-01-02 14:00:15.836150,5.966673036466854,6.00544793490198,67.35290073972894,62.387074860142356,57.61154998626046,57.300524241938454,57.57897359404218,6.283973389918043,67.35290016020018,57.30052406256028,0.0,0.0,0.0,310.71238687325274,1.0,1.0,68.26907606694022,1.0,193.8227096184164,1.0,59.99282002505879,1.0,0
136,2026-01-02 14:00:18.397754,6.039792026622882,6.0697027131353805,67.36801414599668,62.423445244075616,57.67878511741436,57.36477867926464,57.64650697082196,6.351506768645992,67.3680135681443,57.3647785003201,0.0,0.0,0.0,309.91580613255456,1.0,1.0,67.61751471913158,1.0,193.2620455477263,1.0,59.84778942547564,1.0,0
137,2026-01-02 14:00:20.894407,6.112213170883289,6.133802162238097,67.38306331354782,62.45971868038895,57.745502237530665,57.42887776120541,57.71351429831049,6.418514098038145,67.38306273736133,57.42887758272889,0.0,0.0,0.0,309.1226112152467,1.0,1.0,66.98085133450604,1.0,192.7048930156161,1.0,59.691262303545045,1.0,0
138,2026-01-02 14:00:23.138698,6.183952421307744,6.1977339605983195,67.39804761741243,62.495889495446285,57.81170764441325,57.49280916813477,57.78000229424682,6.485002095835764,67.39804704288146,57.49280899015835,0.0,0.0,0.0,308.33283506155425,1.0,1.0,66.35834420194442,1.0,192.15120566514088,1.0,59.52400065154961,1.0,0
139,2026-01-02 14:00:25.913850,6.255024935409316,6.261486613737656,67.41296685280679,62.53195260560437,57.87740765999639,57.55656140736261,57.84597766882272,6.550977472232686,67.41296627992112,57.556561229916355,0.0,0.0,0.0,307.5464884649937,1.0,1.0,65.74930376189059,1.0,191.60093713935566,1.0,59.34669113173641,1.0,0
140,2026-01-02 14:00:28.932080,6.32544514403464,6.325049365869063,67.42782100812546,62.56790335045891,57.94260841504944,57.620123724767424,57.91144691030021,6.6164467154928595,67.42782043687504,57.62012354787942,0.0,0.0,0.0,306.7635720372499,1.0,1.0,65.15308681173337,1.0,191.05402949207928,1.0,59.159982741334716,1.0,0
141,2026-01-02 14:00:31.776501,6.395226786640525,6.388412145911917,67.44260996563006,62.6037373001445,58.00731605162306,57.683486050819354,57.97641649561416,6.681416302552882,67.4426093960049,57.68348587451593,0.0,0.0,0.0,305.98409198394677,1.0,1.0,64.56911678696997,1.0,190.51045954483925,1.0,58.964472326010764,1.0,0
142,2026-01-02 14:00:34.702969,6.464382971944967,6.451565517499583,67.45733375179202,62.639450376005406,58.07153651207538,57.74663895066882,58.040892676838126,6.745892485488006,67.4573331837823,57.74663877497461,0.0,0.0,0.0,305.20804690985835,1.0,1.0,63.99682291771569,1.0,189.97018094069062,1.0,58.760719066413,1.0,0
143,2026-01-02 14:00:37.410136,6.532926205882974,6.5145006667338965,67.47199222054343,62.67503866609911,58.135275771511594,57.80957361175728,58.10488172121946,6.809881531547103,67.47199165413949,57.80957343669537,0.0,0.0,0.0,304.43544451377073,1.0,1.0,63.43569817488515,1.0,189.4331299388341,1.0,58.54924737548117,1.0,0
144,2026-01-02 14:00:40.222824,6.6008684496213235,6.577209323648425,67.54752838413856,62.87649611952441,58.28456623845501,57.87230174989974,58.25329182313048,6.958291605451397,67.54752782015493,57.87230155094368,0.0,0.0,0.0,300.45416775324844,1.0,1.0,72.80251293593665,1.0,188.62366234998262,1.0,66.54061970948533,1.0,0
145,2026-01-02 14:00:42.957930,6.678842939028653,6.648477068460195,67.56415490318527,62.91648223055368,58.35655929643675,57.9435688603452,58.32556749603363,7.030567280235525,67.56415434102433,57.94356866212837,0.0,0.0,0.0,299.5778355338384,1.0,1.0,72.17342021988316,1.0,188.01406272928034,1.0,66.29338363552506,1.0,0
146,2026-01-02 14:00:49.096601,6.756143645262907,6.719480014567598,67.58071173545538,62.95632296071359,58.42802126864034,58.014571156470225,58.39730618559503,7.1023059716463095,67.580711175107,58.01457095901328,0.0,0.0,0.0,298.705176288153,1.0,1.0,71.55489688727812,1.0,187.4078587547956,1.0,66.0392432740764,1.0,1
147,2026-01-02 14:00:55.251819,6.832781889007584,6.790210769872733,67.59719908368913,62.996015249636514,58.49895768259207,58.085301247333796,58.46851364943726,7.173513437307518,67.59719852514316,58.085301050656184,0.0,0.0,0.0,297.8361793303839,1.0,1.0,70.94654310947135,1.0,186.80504463191028,1.0,65.77859265917141,1.0,1
148,2026-01-02 14:01:01.400881,6.908768559459845,6.860662354878714,67.61361677801247,63.0355559950218,58.56937413173425,58.15575215460043,58.53919570335764,7.2441954930175445,67.6136162212589,58.15575195872048,0.0,0.0,0.0,296.9708536140666,1.0,1.0,70.34799672283043,1.0,186.20557400367943,1.0,65.51181713291498,1.0,1
149,2026-01-02 14:01:07.754726,6.984114164655144,6.930828209208998,67.62996488536024,63.07494240523949,58.63927591298152,58.225917318939345,58.60935784990822,7.314357641329523,67.62996433038917,58.22591712387434,0.0,0.0,0.0,296.10919561127156,1.0,1.0,69.758898461032,1.0,185.60941789701246,1.0,65.23926147508519,1.0,1
150,2026-01-02 14:01:13.805634,7.058828825311324,7.000702146683709,67.64624318600609,63.11417168092053,58.708668248956315,58.295790555139064,58.67900550813194,7.384005301287369,67.64624263280773,58.29579036090528,0.0,0.0,0.0,295.2512169030922,1.0,1.0,69.17892092815237,1.0,185.01653574958254,1.0,64.96125887622384,1.0,1
151,2026-01-02 14:01:20.072136,7.132922297875471,7.070278326194927,67.66245188711561,63.153241410791296,58.777556402090376,58.365366023096655,58.74814412694469,7.453143921807955,67.66245133568026,58.365365829709425,0.0,0.0,0.0,294.39690657047544,1.0,1.0,68.60773672826781,1.0,184.42689858829908,1.0,64.67813093763652,1.0,1
152,2026-01-02 14:01:26.122864,7.2064040099763025,7.139551271017252,67.6785909446894,63.19214919231676,58.84594539349174,58.43463824693095,58.81677890290487,7.521778699450582,67.67859039500745,58.43463805440469,0.0,0.0,0.0,293.54626693249105,1.0,1.0,68.04504743854523,1.0,183.8404832346896,1.0,64.39018187677448,1.0,1
153,2026-01-02 14:01:32.230166,7.279283057847331,7.208515804064954,67.69466040193832,63.23089279774228,58.91384020094137,58.50360205045453,58.884914981057,7.5899147792606145,67.69465985400021,58.50360185880281,0.0,0.0,0.0,292.6992957116297,1.0,1.0,67.49056332807868,1.0,183.2572549210454,1.0,64.09769273261645,1.0,1
154,2026-01-02 14:01:38.537503,7.351568229536118,7.2771670746755035,67.71066022643583,63.26947009261748,58.98124575112517,58.57225258377768,58.95255744790205,7.657557247739851,67.71065968023214,58.57225239301325,0.0,0.0,0.0,291.85599461699434,1.0,1.0,66.94401204981659,1.0,182.67717887965773,1.0,63.800938749523084,1.0,1
155,2026-01-02 14:01:44.642644,7.423268025405513,7.345500508440659,67.72659068036599,63.30787922598995,59.04816680895797,58.640585273279754,59.01971121801145,7.724711019460477,67.72659013588735,58.64058508341459,0.0,0.0,0.0,291.0163498296754,1.0,1.0,66.40513864056174,1.0,182.10023772667228,1.0,63.500177788000656,1.0,1
156,2026-01-02 14:01:50.749431,7.494390662567826,7.413511817147662,67.78449287578289,63.45731443328989,59.175036947674684,58.708609945082706,59.14603896103278,7.851038743608713,67.78449233364492,58.70860973958436,0.0,0.0,0.0,287.964504805719,1.0,1.0,72.71722195184793,1.0,181.3174022026942,1.0,68.72867910033165,1.0,1
157,2026-01-02 14:01:56.875779,7.572273802127089,7.487123062652232,67.80175056048344,63.498511275214085,59.24730182470052,58.78222035402106,59.21856083930978,7.923560623656664,67.80175002021853,58.78222014947145,0.0,0.0,0.0,287.05490580348476,1.0,1.0,72.12493085546612,1.0,180.69095762712095,1.0,68.41137450408041,1.0,1
158,2026-01-02 14:02:02.958299,7.6495225731417715,7.560394460963373,67.81893588461317,63.53953034823552,59.31904529623497,58.85549090821413,59.290556833741185,7.995556619835266,67.8189353462115,58.85549070462566,0.0,0.0,0.0,286.1491207023708,1.0,1.0,71.54058128321594,1.0,180.06779860002098,1.0,68.08992385856527,1.0,1
159,2026-01-02 14:02:09.318377,7.72614548061797,7.63332157909917,67.8360491973236,63.580369930705324,59.390272184829314,58.928417175439264,59.362031909638524,8.067031697456775,67.83604866077546,58.92841697282355,0.0,0.0,0.0,285.2471310996855,1.0,1.0,70.96393565575454,1.0,179.44789035368558,1.0,67.7645850242925,1.0,1
160,2026-01-02 14:02:15.323851,7.802150773687363,7.705900241000836,67.85308998460606,63.6210279107489,59.460987249367264,59.000994980381584,59.43299096715093,8.137990756670998,67.85308944990179,59.00099477874959,0.0,0.0,0.0,284.34896408722926,1.0,1.0,70.39476508566622,1.0,178.83120970964228,1.0,67.43558109405967,1.0,1
161,2026-01-02 14:02:21.452848,7.877546462774723,7.778126524763947,67.87005882732704,63.66150291097179,59.531195056940234,59.073220401808044,59.503438701285326,8.208438492485532,67.87005829445707,59.0732202011701,0.0,0.0,0.0,283.45458904933145,1.0,1.0,69.83284358284436,1.0,178.2177334894186,1.0,67.10312357142811,1.0,1
162,2026-01-02 14:02:27.743920,7.952340315201095,7.849996736195175,67.8869553890297,63.701793120821115,59.60090016580282,59.14508974620519,59.57337979818715,8.27837959104643,67.8869548579845,59.14508954657093,0.0,0.0,0.0,282.56402371958995,1.0,1.0,69.2779683356548,1.0,177.60743851454208,1.0,66.76744134381352,1.0,1
163,2026-01-02 14:02:33.770933,8.026539875485295,7.92150741559599,67.90377966325912,63.74189701650372,59.67010697265603,59.21659955446812,59.6428187739872,8.347818568485106,67.90377913402928,59.21659935584667,0.0,0.0,0.0,281.67726843822203,1.0,1.0,68.72993363515434,1.0,177.00029581192211,1.0,66.4287111470685,1.0,1
164,2026-01-02 14:02:39.895710,8.100152464073197,7.9926553053186895,67.92053185141503,63.78181327699544,59.738819894697805,59.28774656957457,59.71176016086731,8.416759956983963,67.9205313239912,59.28774637197439,0.0,0.0,0.0,280.79431259007185,1.0,1.0,68.18854246432693,1.0,176.39628220308623,1.0,66.08714738206345,1.0,1
165,2026-01-02 14:02:46.147651,8.173185199524774,8.063437366106038,67.93721195543287,63.821540557149234,59.807043193443064,59.35852775280427,59.78020833008443,8.485208127800536,67.93721142980574,59.35852755623331,0.0,0.0,0.0,279.91515607313244,1.0,1.0,67.65360939539278,1.0,175.79537450956195,1.0,65.74292388734193,1.0,1
166,2026-01-02 14:02:52.269605,8.245644996640532,8.133850743294362,67.9538199747079,63.86107758662362,59.87478115364317,59.428940250070276,59.84816767325418,8.553167472550951,67.95381945086824,59.42894005453597,0.0,0.0,0.0,279.0397989192748,1.0,1.0,67.12495769249927,1.0,175.19755534749493,1.0,65.39621739875656,1.0,1
167,2026-01-02 14:02:58.399917,8.31753858778997,8.203892786585186,67.9703559060592,63.90042317835722,59.94203788966068,59.49898141156697,59.9156424055977,8.620642206456877,67.97035538399787,59.498981217076214,0.0,0.0,0.0,278.16824129615543,1.0,1.0,66.60241351710283,1.0,174.60279574379456,1.0,65.04720465215996,1.0,1
168,2026-01-02 14:03:04.574253,8.388872517384268,8.27356101772607,67.8987389147882,63.707620297111,59.89307171381464,59.56862150023548,59.86859668927989,8.573596536862095,67.8987383935226,59.568621342035215,0.0,0.0,0.0,281.94295064642154,1.0,1.0,50.975950944120996,1.0,174.33666052284025,1.0,52.90989315199113,1.0,1
169,2026-01-02 14:03:10.655691,8.443469860484424,8.330229694593262,67.91182389119044,63.73973845712359,59.94533869734434,59.62528941625587,59.92099567407464,8.625995522639876,67.91182337130405,59.6252892591347,0.0,0.0,0.0,281.2532821488078,1.0,1.0,50.64717879861291,1.0,173.87538574212158,1.0,52.548986951705956,1.0,1
170,2026-01-02 14:03:16.844742,8.497715068839401,8.386511822777718,67.92484604583343,63.77165925843645,59.997272607825025,59.68157079231765,59.97306082174618,8.678060671290769,67.92484552731972,59.68157063626935,0.0,0.0,0.0,280.5669247911578,1.0,1.0,50.31963511214599,1.0,173.41630132705177,1.0,52.190169711252565,1.0,1
171,2026-01-02 14:03:23.022277,8.55160947415904,8.442409645979412,67.93780639913089,63.80338416720962,60.04887705459846,59.737467871895134,60.02479566357768,8.729795514097763,67.93780588198351,59.73746771691376,0.0,0.0,0.0,279.88382479063597,1.0,1.0,49.99338072821047,1.0,172.95933194759527,1.0,51.83333712750482,1.0,1
172,2026-01-02 14:03:29.160795,8.605154446001318,8.497925283742516,67.95070451492595,63.83491376711027,60.10015338466501,59.79298277441244,60.076201549676334,8.781201401168026,67.95070399913851,59.792982620492154,0.0,0.0,0.0,279.2040051357128,1.0,1.0,49.66842723604259,1.0,172.50449498760645,1.0,51.478457330063065,1.0,1
173,2026-01-02 14:03:35.248580,8.658351371831646,8.553060828534575,67.96354092971033,63.86624917821017,60.151102944696,59.84811759230991,60.127279825476606,8.832279677936022,67.96354041527651,59.84811743944482,0.0,0.0,0.0,278.52743754957754,1.0,1.0,49.34477463564235,1.0,172.05178465246718,1.0,51.12554770278166,1.0,1
174,2026-01-02 14:03:41.294114,8.711201653657971,8.60781839337502,67.97631557563457,63.89739119003121,60.201727079303275,59.902874438478875,60.17803183685256,8.88303169027576,67.97631506254798,59.90287428666319,0.0,0.0,0.0,277.85412560836437,1.0,1.0,49.02243741355505,1.0,171.60120094217746,1.0,50.77457637526095,1.0,1
175,2026-01-02 14:03:47.373624,8.76370670596724,8.662200059242254,67.98902843134597,63.92834060501857,60.25202701232919,59.957255393792074,60.22845880694415,8.933458661327192,67.98902791960028,59.957255243020015,0.0,0.0,0.0,277.1840704375068,1.0,1.0,48.70141846708975,1.0,171.1527438567373,1.0,50.425537552882815,1.0,1
176,2026-01-02 14:03:53.458251,8.815867933507045,8.716207885977203,68.00167956243892,63.95909826600414,60.30200411635464,60.011262518023635,60.2785621099389,8.983561965277815,68.00167905202778,60.01126236828945,0.0,0.0,0.0,276.51726857972716,1.0,1.0,48.381729385482686,1.0,170.70640180691043,1.0,50.07841964641102,1.0,1
177,2026-01-02 14:03:59.534389,8.867686757827634,8.76984393231203,68.01426909707054,63.98966505117979,60.35165981349459,60.06489786983424,60.328343170065764,9.033343026356535,68.0142685879876,60.06489772113222,0.0,0.0,0.0,275.8537132802651,1.0,1.0,48.06338175797009,1.0,170.26218638193313,1.0,49.73321686122745,1.0,1
178,2026-01-02 14:04:05.772880,8.919164623172739,8.82311025318254,68.02679722450257,64.0200418720367,60.400995286717844,60.118163504038485,60.37780316798901,9.082803025227632,68.0267967167415,60.11816335636297,0.0,0.0,0.0,275.1933945637167,1.0,1.0,47.74637268724291,1.0,169.82009178718727,1.0,49.38990312155056,1.0,1
179,2026-01-02 14:04:11.981477,8.97030295199635,8.87600887276899,68.03926381727895,64.05022944935685,60.450011997408225,60.171061444755445,60.42694356938153,9.13194342756398,68.03926331083339,60.17106129810077,0.0,0.0,0.0,274.5363191479008,1.0,1.0,47.43071086522832,1.0,169.38011802267283,1.0,49.04848422199848,1.0,1
180,2026-01-02 14:04:18.138707,9.021103196460619,8.928541816054489,68.1169659062806,64.25098073755518,60.57942860178914,60.2236127146879,60.55521581568584,9.260215640478808,68.11696540170138,60.22361254229803,0.0,0.0,0.0,270.44088318103763,1.0,1.0,58.59778599415222,1.0,168.75592755354774,1.0,57.65558977998353,1.0,1
181,2026-01-02 14:04:24.262906,9.08386383566031,8.990293323889313,68.1318844670362,64.28606888717897,60.638547560169116,60.285363480350505,60.614518213187246,9.319518039353358,68.13188396405681,60.28536330893857,0.0,0.0,0.0,269.654572142592,1.0,1.0,58.138539329775085,1.0,168.2208641057059,1.0,57.328518354893276,1.0,1
182,2026-01-02 14:04:30.338600,9.146132603006471,9.051694532552341,68.14673283117313,64.32097362896116,60.697239296852786,60.34676394678696,60.673390663818196,9.378390491341605,68.14673232978492,60.34676377635771,0.0,0.0,0.0,268.8719609500647,1.0,1.0,57.68459184366748,1.0,167.6886921723053,1.0,56.99985920443851,1.0,1
183,2026-01-02 14:04:36.493271,9.20791517632049,9.112743731997924,68.16151146803959,64.35569442910027,60.7555085497081,60.40781240426352,60.73183795095889,9.436837779824122,68.16151096823407,60.407812234821456,0.0,0.0,0.0,268.09302486556834,1.0,1.0,57.2358218488489,1.0,167.15936539640097,1.0,56.669696350581944,1.0,1
184,2026-01-02 14:04:42.582688,9.269217098764317,9.173439309740921,68.17622016820106,64.39023040636764,60.81335897117406,60.46850724070482,60.78986380802722,9.494863638219217,68.1762196699697,60.46850707225398,0.0,0.0,0.0,267.3177749277475,1.0,1.0,56.79208737717545,1.0,166.63288957261102,1.0,56.33818335070373,1.0,1
185,2026-01-02 14:04:48.853975,9.330043758114222,9.233779824466895,68.19085939833212,64.42458113623451,60.87079416501997,60.52884701512228,60.84747191333586,9.552471744840016,68.19085890166657,60.528846847666316,0.0,0.0,0.0,266.5461865396319,1.0,1.0,56.35323487126698,1.0,166.10920675475427,1.0,56.005450583711536,1.0,1
186,2026-01-02 14:04:55.054190,9.390400396261207,9.293763968811719,68.20542897159238,64.45874587861826,60.92781755501072,60.58883042048032,60.90466576351872,9.609665596320832,68.20542847648424,60.58883025402249,0.0,0.0,0.0,265.77826954900115,1.0,1.0,55.919136849524875,1.0,165.58833432668507,1.0,55.67162553120397,1.0,1
187,2026-01-02 14:05:01.220661,9.45029209905728,9.353390573265777,68.21992911712918,64.49272418796147,60.98443260192182,60.64845628758702,60.96144888894258,9.666448723028806,68.21992862357015,60.64845612213019,0.0,0.0,0.0,265.014011878208,1.0,1.0,55.48966583035053,1.0,165.0702317260766,1.0,55.33683857208871,1.0,1
188,2026-01-02 14:05:07.558530,9.509723819407531,9.4126586036015,68.23435980635074,64.52651552914242,61.04064265494191,60.70772358254246,61.01782470601016,9.722824541367057,68.23435931433258,60.70772341808915,0.0,0.0,0.0,264.25341503423783,1.0,1.0,55.06469143483628,1.0,164.55489315831073,1.0,55.00121139334624,1.0,1
189,2026-01-02 14:05:13.721969,9.568700375696038,9.471567168490168,68.24872144286996,64.56011967288399,61.09645097245112,60.76663141424682,61.07379653491413,9.77879637152861,68.24872095238452,60.76663125079922,0.0,0.0,0.0,263.496457743906,1.0,1.0,54.64409487331068,1.0,164.04227806106064,1.0,54.664854092720816,1.0,1
190,2026-01-02 14:05:19.912894,9.627226453149184,9.530115473700334,68.26301385174096,64.59353610189982,61.15186080409182,60.82517898879278,61.12936768847712,9.834367526336436,68.26301336278009,60.82517882635273,0.0,0.0,0.0,262.7431492280659,1.0,1.0,54.22776025341136,1.0,163.53239222894445,1.0,54.327879665265755,1.0,1
191,2026-01-02 14:05:26.197697,9.685306618566806,9.58830287130207,68.27723712368434,64.62676451181827,61.20687530665288,60.88336565844259,61.184541382069064,9.889541221160794,68.27723663623989,60.883365497011646,0.0,0.0,0.0,261.99348470512024,1.0,1.0,53.81558037470313,1.0,163.0252182781078,1.0,53.99038951679813,1.0,1
192,2026-01-02 14:05:32.268649,9.742945319640095,9.64612879695794,68.28345510936443,64.63953509239708,61.25170218001602,60.94118855202044,61.22967520682892,9.934675051317603,68.28345462335905,60.941188394851785,0.0,0.0,0.0,261.6657539771202,1.0,1.0,52.0105771119006,1.0,162.5439230917891,1.0,52.56486999996923,1.0,1
193,2026-01-02 14:05:38.495458,9.798650790124686,9.702427939398838,68.29722036923775,64.67174374301447,61.304631860569266,60.997486982793696,61.28275261099984,9.987752456643156,68.29721988469585,60.99748682663976,0.0,0.0,0.0,260.94022984896907,1.0,1.0,51.624412171236145,1.0,162.05446328854123,1.0,52.2254994979221,1.0,1
194,2026-01-02 14:05:44.868910,9.853942661163948,9.758363598979967,68.31091814479322,64.7037635371429,61.35718911821992,61.05342193506688,61.335455854772825,10.040455701560687,68.31091766170714,61.053421779927035,0.0,0.0,0.0,260.2182626097778,1.0,1.0,51.241619698316754,1.0,161.56757050111992,1.0,51.88633760212724,1.0,1
195,2026-01-02 14:05:51.197838,9.908824546430171,9.81393600026077,68.3245482646609,64.73559439177507,61.40937647214261,61.10899363352492,61.38778749666062,10.092787344583224,68.32454778302301,61.108993479398364,0.0,0.0,0.0,259.49986129192405,1.0,1.0,50.86210697925253,1.0,161.08322734567082,1.0,51.54744225876584,1.0,1
196,2026-01-02 14:05:57.513529,9.963299957307362,9.869145434602638,68.33811087861726,64.7672364341883,61.461196614343194,61.164202369670704,61.439750268652176,10.144750117699889,68.33811039841996,61.16420221655641,0.0,0.0,0.0,258.7850180011555,1.0,1.0,50.48581317055323,1.0,160.6014222329577,1.0,51.20889459249156,1.0,1
197,2026-01-02 14:06:03.669721,10.017372344265643,9.923992269979996,68.35160629199751,64.7986899123228,61.51265200488682,61.21904851158733,61.49134666540379,10.196346515567225,68.3516058132333,61.219048359484106,0.0,0.0,0.0,258.07371664419935,1.0,1.0,50.112662942183306,1.0,160.12212618988997,1.0,50.87074385755841,1.0,1
198,2026-01-02 14:06:09.900435,10.07104506628819,9.978476935535323,68.68390429365219,65.01050347091633,63.275750062115534,61.27361752049082,63.269385573889174,10.071045066288217,68.68390387187979,61.27361727091904,0.0,0.0,0.0,240.55932024664236,1.0,1.0,0.0,0.0,141.06128037724375,1.0,83.46898810827952,1.0,1
199,2026-01-02 14:06:16.093760,10.071045073161383,10.067875655665059,68.70082518773782,65.05883644437947,63.327478195075784,61.363013473597334,63.321113706774554,10.0710450731614,68.70082476743335,61.36301322669218,0.0,0.0,0.0,239.66747243250836,1.0,1.0,0.0,0.0,140.57033715175749,1.0,82.57713553632584,1.0,1
200,2026-01-02 14:06:22.243637,10.071045079099514,10.1563191642826,70.26754655666423,68.82353358896687,67.82150263834471,67.82314415774574,67.81513814353772,10.071045079099791,70.2675462818639,61.45131916428259,0.0,0.0,0.0,157.09045131512852,1.0,1.0,0.0,0.0,91.90664164862028,1.0,0.0,0.0,1
201,2026-01-02 14:06:28.431932,10.071045101638518,10.156319133251223,0.0,0.0,6.302936412794224e-11,5.235056164565322e-10,6.320695433714718e-11,10.07104510161966,0.0,61.451319133251154,0.0,0.0,0.0,0.0,0.0,0.0,0.0,0.0,-0.008266747073548686,1.0,0.0,0.0,1
202,2026-01-02 14:06:34.596600,10.071044881619313,10.156318885000234,60.91717121559136,60.92960059575234,60.94908396669074,61.45119451213999,60.95053423582879,9.655534471946961,60.917171241983134,61.451194745721494,0.0,0.0,0.0,0.0,0.0,0.0,-78.96944396065919,1.0,-8.826698406210198,1.0,-78.12105681921366,1.0,1
203,2026-01-02 14:06:40.746749,9.986465353792061,10.072648012301132,60.83294154660483,60.845438730337705,60.86477510999352,61.36752355852312,60.8662223686666,9.57122260470265,60.83294157296123,61.36752379218676,0.0,0.0,0.0,0.0,0.0,0.0,-78.94197747077669,1.0,-8.814868693320932,1.0,-78.14852910371428,1.0,1
204,2026-01-02 14:06:47.040255,9.901915244889022,9.988947720667621,60.505772375665344,60.52149758128727,60.557432628293704,61.283764397018665,60.55975288388579,9.26475318131408,60.50577240989681,61.28376468508305,0.0,0.0,0.0,0.0,0.0,0.0,-99.47454039320291,1.0,-11.448673288327882,1.0,-96.34279267402235,1.0,1
205,2026-01-02 14:06:53.271704,9.795373914471579,9.885760624064831,60.400551117831725,60.41650983363959,60.45190760788441,61.18057700188814,60.454216351174935,9.159216648349858,60.400551151954325,61.18057729020587,0.0,0.0,0.0,0.0,0.0,0.0,-99.38980279514453,1.0,-11.412262805379214,1.0,-96.42752447746261,1.0,1
206,2026-01-02 14:06:59.319472,9.688923343484294,9.782482772113108,60.29534698311271,60.31152784611801,60.3464169680756,61.07729886756497,60.34871485192925,9.053715148864699,60.295347017132386,61.07729915612218,0.0,0.0,0.0,0.0,0.0,0.0,-99.30970958350827,1.0,-11.37784277375431,1.0,-96.50761768909888,1.0,1
207,2026-01-02 14:07:05.462056,9.582558556855819,9.679119136695455,60.19015922216546,60.20655141077749,60.2409590359274,60.97393496504345,60.24324667649313,8.94824697320218,60.19015925608783,60.97393525382704,0.0,0.0,0.0,0.0,0.0,0.0,-99.2339913085516,1.0,-11.345297301090795,1.0,-96.58333016943743,1.0,1
208,2026-01-02 14:07:11.872860,9.476274866795372,9.575674411597692,60.08498710105237,60.10158026461821,60.13553206843696,60.87048998727298,60.13781004443248,8.84281034092751,60.08498713488273,60.870490276270594,0.0,0.0,0.0,0.0,0.0,0.0,-99.16241328824071,1.0,-11.314524981571594,1.0,-96.65490818974831,1.0,1
209,2026-01-02 14:07:18.014256,9.370067839624236,9.472153027561472,59.979830057359216,59.99661428573842,60.030134562030725,60.76696836419127,60.03240341763262,8.737403713925314,59.97983009110256,60.76696865339122,0.0,0.0,0.0,0.0,0.0,0.0,-99.09474084054182,1.0,-11.28542440937963,1.0,-96.72258063744721,1.0,1
210,2026-01-02 14:07:24.235539,9.263933295797225,9.368559163274377,59.87468733300038,59.8916531674984,59.924764975730845,60.66337427373194,59.92702522408707,8.632025520188437,59.87468736666147,60.66337456312319,0.0,0.0,0.0,0.0,0.0,0.0,-99.0307537699664,1.0,-11.25791156255218,1.0,-96.78656191340451,1.0,1
211,2026-01-02 14:07:30.370829,9.157867284839384,9.264896761571473,59.769558409046404,59.78669680273819,59.81942188108568,60.55971165811664,59.8216740035185,8.526674299438946,59.76955844262969,60.55971194768878,0.0,0.0,0.0,0.0,0.0,0.0,-98.97024347026218,1.0,-11.23188793258123,1.0,-96.8470606238725,1.0,1
212,2026-01-02 14:07:36.573634,9.051866075587608,9.161169572963027,59.66444250802055,59.68174484730031,59.714103886031374,60.45598426704208,59.71634833774796,8.421348633497367,59.664442541530235,60.45598455678531,0.0,0.0,0.0,0.0,0.0,0.0,-98.91303900019466,1.0,-11.207275292122176,1.0,-96.90427958048531,1.0,1
213,2026-01-02 14:07:42.899744,8.945926140918852,9.057381095717599,59.55933925907445,59.576797298715945,59.60880979761391,60.352195598303005,59.61104700580287,8.316047301390485,59.559339292514544,60.35219588820799,0.0,0.0,0.0,0.0,0.0,0.0,-98.85892885620251,1.0,-11.184001208448535,1.0,-96.95837813524122,1.0,1
214,2026-01-02 14:07:49.110994,8.840044157833553,8.953534679584571,59.454247924343896,59.4718538239924,59.503538307914454,60.24834900097162,59.505768676160876,8.210768971595495,59.45424795771819,60.24834929102958,0.0,0.0,0.0,0.0,0.0,0.0,-98.80775948090559,1.0,-11.161990351524764,1.0,-97.00954171592002,1.0,1
215,2026-01-02 14:07:55.309125,8.734216979550697,8.84963346476548,59.34916796757049,59.36691425319749,59.39828821234705,60.144447614693945,59.40051212007948,8.105512415369411,59.3491680008825,60.1444479048966,0.0,0.0,0.0,0.0,0.0,0.0,-98.75936862499657,1.0,-11.141164494006262,1.0,-97.0579354691381,1.0,1
216,2026-01-02 14:08:01.539926,8.62844162938248,8.745680419370261,59.384891673042084,59.40100520572115,59.42235612138934,60.040528506134905,59.42406760439065,8.129067865151058,59.38489170182135,60.04052876638044,0.0,0.0,0.0,0.0,0.0,0.0,-87.2110105211732,1.0,-9.625190988344912,1.0,-87.03881185454065,1.0,1
217,2026-01-02 14:08:07.660622,8.535035044399761,8.652458268110463,59.29155519615316,59.307683012786384,59.32900396755075,59.947306338463186,59.33071485242307,8.035715113168292,59.29155522492589,59.94730659872389,0.0,0.0,0.0,0.0,0.0,0.0,-87.20593153839218,1.0,-9.623003520005113,1.0,-87.04388504270355,1.0,1
218,2026-01-02 14:08:13.891607,8.441633902359188,8.559230680475675,59.19822032869842,59.214361467749576,59.235654180962676,59.854078735368596,59.23736449910861,7.942364759839516,59.19822035746496,59.85407899564361,0.0,0.0,0.0,0.0,0.0,0.0,-87.20114518382616,1.0,-9.620937738645807,1.0,-87.04867139726957,1.0,1
219,2026-01-02 14:08:20.018976,8.348237890242684,8.465997966638666,59.104886490150605,59.12104019077658,59.142306408745085,59.760846006987904,59.14401619520825,7.849016455925707,59.10488651891136,59.76084626727639,0.0,0.0,0.0,0.0,0.0,0.0,-87.19664566285701,1.0,-9.618999438885112,1.0,-87.05317671285684,1.0,1
220,2026-01-02 14:08:26.296419,8.25484669712143,8.372760430588595,59.011554016192605,59.02771951303598,59.04896070245374,59.66760845725183,59.05066998693962,7.755670247644378,59.01155404494788,59.66760871755298,0.0,0.0,0.0,0.0,0.0,0.0,-87.19239820777602,1.0,-9.617168339559612,1.0,-87.05741257870159,1.0,1
221,2026-01-02 14:08:32.743246,8.161460048101642,8.27951835689467,58.91822243239291,58.93439905383438,58.95561678370569,59.57436637068922,58.95732559764394,7.662325858336788,58.91822246114304,59.574366631002285,0.0,0.0,0.0,0.0,0.0,0.0,-87.1884173051285,1.0,-9.615447337978367,1.0,-87.06139927596723,1.0,1
222,2026-01-02 14:08:38.851101,8.068077668078745,8.18627201671498,58.82489197634857,58.84107905449603,58.8622746450582,59.48112001840942,58.863983015115465,7.568983275797085,58.82489200509385,59.481120278733684,0.0,0.0,0.0,0.0,0.0,0.0,-87.18465949527854,1.0,-9.613827742214198,1.0,-87.0651425992719,1.0,1
223,2026-01-02 14:08:45.046814,7.974699308473998,8.093021665011916,58.73156241539716,58.747759342531346,58.76893412021465,59.387869655301365,58.770642073029826,7.475642333700894,58.73156244413791,59.38786991563618,0.0,0.0,0.0,0.0,0.0,0.0,-87.18113057284427,1.0,-9.612309552267106,1.0,-87.06867152170616,1.0,1
224,2026-01-02 14:08:51.093804,7.881324728992034,7.999767532369602,58.63823374804604,58.654439944944535,58.67559515461886,59.294615511941444,58.677302715202785,7.382302975863917,58.63823377678251,59.294615772286186,0.0,0.0,0.0,0.0,0.0,0.0,-87.17780735935321,1.0,-9.610881178900854,1.0,-87.07199183788816,1.0,1
225,2026-01-02 14:08:57.118629,7.787953707913117,7.906509846788034,58.54490595030776,58.561120868749924,58.58225763876209,59.20135781626407,58.58396482982796,7.288965090479749,58.54490597904019,59.20135807661815,0.0,0.0,0.0,0.0,0.0,0.0,-87.17468116287819,1.0,-9.609528135570145,1.0,-87.07511513705413,1.0,1
226,2026-01-02 14:09:03.186228,7.6945860346011905,7.813248814500028,58.451578882119584,58.46780201666135,58.48892146499941,59.108096774465004,58.49062830896127,7.195628569604263,58.45157891084823,59.10809703482788,0.0,0.0,0.0,0.0,0.0,0.0,-87.17174039418296,1.0,-9.608262011511215,1.0,-87.07805590574935,1.0,1
227,2026-01-02 14:09:09.514923,7.60122150877659,7.719984629438207,58.358252576484986,58.37448344145377,58.39558658939768,59.014832580479705,58.39729310677639,7.102293367411126,58.35825260521008,59.01483284085084,0.0,0.0,0.0,0.0,0.0,0.0,-87.16897925864941,1.0,-9.607074114796887,1.0,-87.08081993859196,1.0,1
228,2026-01-02 14:09:15.660558,7.507859945748107,7.626717486461582,58.23967836377735,58.25622512033561,58.279061184752855,58.92155931047754,58.28085804721417,6.985858314289451,58.23967839334314,58.92155957646683,0.0,0.0,0.0,0.0,0.0,0.0,-89.3230126519029,1.0,-9.88824347246009,1.0,-88.95980309091556,1.0,1
229,2026-01-02 14:09:21.800814,7.41219131680354,7.531437869737724,58.144158467365315,58.16073488899242,58.18350780628844,58.82627965913938,58.18530339490142,6.890303661945209,58.14415849691753,58.826279925160144,0.0,0.0,0.0,0.0,0.0,0.0,-89.31248093347222,1.0,-9.883703389164111,1.0,-88.97032901472812,1.0,1
230,2026-01-02 14:09:28.073313,7.316533966913554,7.436146985980468,58.04864117249229,58.06524557252206,58.08795900397643,58.73098874273818,58.089753393557075,6.7947536605712155,58.04864120203173,58.73098900878859,0.0,0.0,0.0,0.0,0.0,0.0,-89.30256344456211,1.0,-9.879432755610651,1.0,-88.98024650363823,1.0,1
231,2026-01-02 14:09:34.354789,7.220887241793572,7.340845478165078,57.95312643218234,57.9697571965672,57.99241456132399,58.63568720419255,57.99420782138915,6.699208088375343,57.95312646170974,58.63568747027089,0.0,0.0,0.0,0.0,0.0,0.0,-89.2932167255367,1.0,-9.875405496018175,1.0,-88.98958453073647,1.0,1
232,2026-01-02 14:09:40.567936,7.125250529154133,7.24553397003629,57.85761382339076,57.8742694649891,57.896874070944676,58.54037566708274,57.89866626849321,6.603666535453107,57.85761385290683,58.5403759331874,0.0,0.0,0.0,0.0,0.0,0.0,-89.28442339254161,1.0,-9.871615815768564,1.0,-88.99838945296779,1.0,1
233,2026-01-02 14:09:46.779701,7.0296232365797255,7.15021303163988,57.762103496743684,57.77878257813424,57.80133743992403,58.44505470140318,57.8031286361661,6.50812890310122,57.76210352624907,58.44505496753262,0.0,0.0,0.0,0.0,0.0,0.0,-89.27613419132285,1.0,-9.868040536389344,1.0,-89.00667575687748,1.0,1
234,2026-01-02 14:09:52.880107,6.934004820383009,7.054883216177422,57.66659530244162,57.683296471206106,57.70580445645793,58.34972486025134,57.7075947095272,6.412594976438967,57.66659533193693,58.34972512640411,0.0,0.0,0.0,0.0,0.0,0.0,-89.26832594340794,1.0,-9.864673863262396,1.0,-89.01447821017427,1.0,1
235,2026-01-02 14:09:59.040604,6.838394769304997,6.959545042852925,57.571089079525876,57.5878110657087,57.610274874546604,58.25438666272103,57.61206423912731,6.317064506017069,57.571089109011716,58.2543869288958,0.0,0.0,0.0,0.0,0.0,0.0,-89.26096677839723,1.0,-9.861504207151484,1.0,-89.02183447787593,1.0,1
236,2026-01-02 14:10:05.207867,6.742792597897151,6.864198994906119,57.47558463155383,57.49232624784703,57.51474847949292,58.15904059196705,57.516537008097664,6.22153727496671,57.475584661030744,58.15904085816252,0.0,0.0,0.0,0.0,0.0,0.0,-89.2540364151273,1.0,-9.858519978820368,1.0,-89.0287619438368,1.0,1
237,2026-01-02 14:10:11.354267,6.647197847204917,6.768845527840394,57.38008195858369,57.396842072755106,57.41922510047607,58.0636871034034,57.42101284113519,6.126013107984715,57.38008198805219,58.06368736961839,0.0,0.0,0.0,0.0,0.0,0.0,-89.24750877781662,1.0,-9.855703794414694,1.0,-89.03528958114748,1.0,1
238,2026-01-02 14:10:17.589803,6.551610086273071,6.673485068002378,57.28458094067682,57.30135848699056,57.32370459141301,57.96832662333533,57.32549159019418,6.030491857025335,57.28458097013739,57.9683268895687,0.0,0.0,0.0,0.0,0.0,0.0,-89.24136358530177,1.0,-9.853052756625402,1.0,-89.04143477366233,1.0,1
239,2026-01-02 14:10:24.038949,6.456028912084524,6.578118028199394,57.1890814392535,57.20587541926075,57.22818674392613,57.87295956443185,57.22997304409304,5.934973310906869,57.18908146870661,57.872959830682554,0.0,0.0,0.0,0.0,0.0,0.0,-89.2355689671831,1.0,-9.850558173525314,1.0,-89.04723228909006,1.0,1
240,2026-01-02 14:10:30.469928,6.360453940551747,6.482744776176705,57.28480968581075,57.29944005077539,57.308409322512546,57.77763270349876,57.309511278736714,6.014511492612052,57.284809708234185,57.7776329242976,0.0,0.0,0.0,0.0,0.0,0.0,-71.53035378223649,1.0,-7.499490380382667,1.0,-73.84591215554792,1.0,1
241,2026-01-02 14:10:36.795977,6.283841985621246,6.403652759330784,57.20728529271516,57.22170587286451,57.23108381723374,57.69854090778615,57.23219339483935,5.937193608950222,57.207285315240455,57.69854112834945,0.0,0.0,0.0,0.0,0.0,0.0,-71.60912871825076,1.0,-7.533556940302333,1.0,-73.76713142491553,1.0,1
242,2026-01-02 14:10:42.985542,6.207145656645644,6.324645122021805,57.12973655605493,57.14396277552417,57.15372126426028,57.619533476549094,57.15483797246928,5.859838186799875,57.129736578675185,57.61953369689268,0.0,0.0,0.0,0.0,0.0,0.0,-71.68261316792268,1.0,-7.565317242210767,1.0,-73.69365276986173,1.0,1
243,2026-01-02 14:10:49.231168,6.130370622831015,6.245716186254879,57.05216628592533,57.06621189297454,57.07632486864392,57.54060473281227,57.077448234424935,5.782448448960359,57.052166308634135,57.54060495295103,0.0,0.0,0.0,0.0,0.0,0.0,-71.75112004063067,1.0,-7.594930638106234,1.0,-73.62514589715374,1.0,1
244,2026-01-02 14:10:55.554780,6.053522216913457,6.166860620389075,56.9745745920676,56.98845324355861,56.99889613222832,57.46174934590288,57.00002573478421,5.705025949510713,56.974574614858966,57.46174956585053,0.0,0.0,0.0,0.0,0.0,0.0,-71.81502598655243,1.0,-7.622547788059819,1.0,-73.5612312593048,1.0,1
245,2026-01-02 14:11:01.690364,5.976605371820924,6.088073512490183,56.896963733640256,56.91068758179059,56.921437656551646,57.3829624047364,56.922573088514895,5.627573303419572,56.8969637565086,57.38296262450587,0.0,0.0,0.0,0.0,0.0,0.0,-71.87461494197578,1.0,-7.648290379052014,1.0,-73.5016394065724,1.0,1
246,2026-01-02 14:11:07.946724,5.899624699041558,6.009350231780508,56.819335310163815,56.83291556949389,56.84395170253511,57.304239279338375,56.84509258234045,5.550092797411238,56.81933533310393,57.30423949894173,0.0,0.0,0.0,0.0,0.0,0.0,-71.93017084318853,1.0,-7.672294584608608,1.0,-73.44608350535964,1.0,1
247,2026-01-02 14:11:14.177315,5.822584523689022,5.9306864456933415,56.74169072709592,56.75513775749148,56.76644021874903,57.22557563800507,56.76758618751661,5.47258640274224,56.74169075010291,57.22557585745355,0.0,0.0,0.0,0.0,0.0,0.0,-71.9819573453151,1.0,-7.694661810546677,1.0,-73.39428541399684,1.0,1
248,2026-01-02 14:11:20.324414,5.745488882413808,5.852078144213917,56.664030961249274,56.67735438167494,56.68890484434651,57.14696747131843,56.69005556656911,5.3950557819391145,56.66403098431861,57.14696769062259,0.0,0.0,0.0,0.0,0.0,0.0,-72.03024389809798,1.0,-7.715510846537654,1.0,-73.34601624506831,1.0,1
249,2026-01-02 14:11:26.580936,5.6683415222675135,5.7735215390848715,56.58635747096766,56.599566138707765,56.61134749953645,57.06841099182006,56.61250266017528,5.317502875679824,56.5863574940951,57.06841121098963,0.0,0.0,0.0,0.0,0.0,0.0,-72.07523910778946,1.0,-7.734943098398617,1.0,-73.30100365152248,1.0,1
250,2026-01-02 14:11:32.657634,5.591145969342934,5.695013142330881,56.50867104896902,56.52177319764444,56.53376957026718,56.989902712082696,56.53492887505735,5.239929090687308,56.50867107215062,56.989902931126856,0.0,0.0,0.0,0.0,0.0,0.0,-72.11718345104146,1.0,-7.7530570746375815,1.0,-73.25906220557954,1.0,1
251,2026-01-02 14:11:38.951847,5.51390549244179,5.6165496710520735,56.4309728394041,56.44397606977529,56.4561726378487,56.91143934979723,56.45733581089177,5.1623360266386,56.430972862636146,56.91143956872451,0.0,0.0,0.0,0.0,0.0,0.0,-72.15627104756095,1.0,-7.769931002599151,1.0,-73.21997171175099,1.0,1
252,2026-01-02 14:11:45.234217,5.436623157444565,5.538128064508578,56.46538161693905,56.47712152647894,56.48165590613841,56.833045103439126,56.48242378607773,5.187423965237278,56.46538163528549,56.83304529110967,0.0,0.0,0.0,0.0,0.0,0.0,-59.919697739019284,1.0,-6.135944304332952,1.0,-62.766190894762985,1.0,1
253,2026-01-02 14:11:51.355766,5.372446691587603,5.47090288809636,56.4001003531238,56.411572582521444,56.41661222652724,56.765820199017604,56.4173892378371,5.122389417329494,56.40010037161435,56.765820386355315,0.0,0.0,0.0,0.0,0.0,0.0,-60.03101814769707,1.0,-6.1841439378440555,1.0,-62.65487628070332,1.0,1
254,2026-01-02 14:11:57.426723,5.308150999048017,5.403796932123247,56.33478249072442,56.346010226757414,56.35151491100152,56.69871449375572,56.35230039375001,5.057300573549596,56.33478250934793,56.69871468078622,0.0,0.0,0.0,0.0,0.0,0.0,-60.1337567269411,1.0,-6.228611837286735,1.0,-62.55212611222305,1.0,1
255,2026-01-02 14:12:03.631243,5.24374526895585,5.3368010291289725,56.26943115574281,56.28043550369273,56.286368270848044,56.631718821790066,56.28716160920336,4.9921617892864525,56.26943117448899,56.63171900853706,0.0,0.0,0.0,0.0,0.0,0.0,-60.22857696052597,1.0,-6.269637733566924,1.0,-62.4573116732563,1.0,1
256,2026-01-02 14:12:09.987384,5.179237981096953,5.269906675536774,56.20404965549588,56.21484977263688,56.221176577249494,56.56482468111237,56.22197719543985,4.926977375784506,56.204049674355204,56.56482486759778,0.0,0.0,0.0,0.0,0.0,0.0,-60.31605831026354,1.0,-6.3074794871909035,1.0,-62.36982452890061,1.0,1
257,2026-01-02 14:12:16.252994,5.114637004725957,5.20310602551958,56.13864056772043,56.14925390967518,56.155943398174784,56.498024227264,56.15675075878286,4.861750939368808,56.138640586684105,56.49802441350811,0.0,0.0,0.0,0.0,0.0,0.0,-60.39675705949321,1.0,-6.342377574810598,1.0,-62.28912577967094,1.0,1
258,2026-01-02 14:12:22.459833,5.049949591137353,5.1363918084231175,56.073206482351914,56.0836489289596,56.09067224928883,56.43131019090186,56.09148585163725,4.796486032445757,56.07320650141182,56.43131037692342,0.0,0.0,0.0,0.0,0.0,0.0,-60.4711918265366,1.0,-6.374560883841696,1.0,-62.214691012627554,1.0,1
259,2026-01-02 14:12:28.751328,4.98518245651007,5.0697573081502085,56.00774959887935,56.018035623945316,56.02536623765939,56.3646758571512,56.0261856159994,4.731185797013141,56.00774961802796,56.364676042967524,0.0,0.0,0.0,0.0,0.0,0.0,-60.53983197546131,1.0,-6.40422932860929,1.0,-62.14605086370284,1.0,1
260,2026-01-02 14:12:34.915736,4.920341803225625,5.0031963280641625,55.942272056757076,55.952414842319065,55.960028271147166,56.29811503045453,55.960852991312464,4.665853172515428,55.94227207598746,56.298115216081634,0.0,0.0,0.0,0.0,0.0,0.0,-60.603117897244374,1.0,-6.431579926129416,1.0,-62.08276494191978,1.0,1
261,2026-01-02 14:12:41.099289,4.85543336632526,4.936703131146069,67.2972997968828,62.28501677015767,56.86536306382878,56.23185904585891,56.826226212507486,5.531225905474272,67.29729919552017,56.23185878193122,0.0,0.0,0.0,313.64294001602144,1.0,1.0,102.68689704503231,1.0,201.1250178361479,1.0,88.27030437828398,1.0,1
262,2026-01-02 14:12:47.257061,4.965415261636103,5.031244262167548,67.31888746402475,62.33681200127876,56.96403504876433,56.32639938325412,56.92534358859888,5.63034328424092,67.31888686506564,56.326399120053246,0.0,0.0,0.0,312.50512107717725,1.0,1.0,101.79215875325553,1.0,200.32117102687153,1.0,88.02722014820574,1.0,1
263,2026-01-02 14:12:53.588769,5.074438859223022,5.125525042635197,67.34040459772018,62.3884665805662,57.06200469189748,56.42067933905381,57.02374945676594,5.728749155041908,67.34040400115293,56.42067907660998,0.0,0.0,0.0,311.3710197374034,1.0,1.0,100.91124642030991,1.0,199.5212124063528,1.0,87.77403010412854,1.0,1
264,2026-01-02 14:12:59.866139,5.182518958409257,5.219534640597803,67.27241528548568,62.19879911729596,57.00902395884566,56.514653206096014,56.97268704161566,5.677686782043347,67.27241468938894,56.514652978473514,0.0,0.0,0.0,314.9545253839708,1.0,1.0,86.81365327561252,1.0,199.36384796210405,1.0,76.12807614464145,1.0,1
265,2026-01-02 14:13:05.993075,5.275499959867554,5.301070950842624,67.29108398439912,62.24402782089711,57.09357220454567,56.59618888981316,57.0576040416072,5.762603784326136,67.2910833903715,56.59618866284148,0.0,0.0,0.0,313.9705562015842,1.0,1.0,86.04734689981797,1.0,198.67183728251803,1.0,75.91041290424982,1.0,1
266,2026-01-02 14:13:12.094844,5.367660216361516,5.382374127602682,67.30968313372433,62.28912603377453,57.17750630561484,56.67749141406152,57.14189883886282,5.846898583833364,67.30968254175478,56.677491187769355,0.0,0.0,0.0,312.99025276214996,1.0,1.0,85.29430150758799,1.0,197.9835177746736,1.0,75.68314798163556,1.0,1
267,2026-01-02 14:13:18.240710,5.459013929051204,5.463433895762094,67.32821280567087,62.33408946944336,57.26083218773344,56.75855050537857,57.22557767729863,5.930577424482649,67.32821221574844,56.7585502797931,0.0,0.0,0.0,312.01361125972596,1.0,1.0,84.55400717252815,1.0,197.29886046548017,1.0,75.44679420050215,1.0,1
268,2026-01-02 14:13:24.470688,5.549574749413043,5.544240520101579,67.34667263389699,62.378913806461064,57.343555725159774,56.83935643013929,57.308646737667786,6.013646487028546,67.34667204601085,56.839356205286236,0.0,0.0,0.0,311.04065100305036,1.0,1.0,83.82599742787988,1.0,196.61782479261092,1.0,75.20183830877158,1.0,1
269,2026-01-02 14:13:30.563888,5.639355848394754,5.624784785736589,67.3650626114151,62.423595145877215,57.425682439739724,56.91989997495775,57.39111182407548,6.096111575577561,67.36506202555454,56.91989975086149,0.0,0.0,0.0,310.0713723604145,1.0,1.0,83.10983477997524,1.0,195.94037598835712,1.0,74.94872938934805,1.0,1
270,2026-01-02 14:13:36.645489,5.728369908634711,5.705057965007467,67.38338217355451,62.46812946829879,57.50721794128645,57.000172413544085,57.4729788178516,6.177978571460819,67.38338158970885,57.00017219022774,0.0,0.0,0.0,309.1058050938593,1.0,1.0,82.40510491361874,1.0,195.2664908742463,1.0,74.6878904493542,1.0,1
271,2026-01-02 14:13:42.792980,5.816629165860983,5.785051771823804,67.40163142108176,62.512513320566875,57.58816779986929,57.08016546117481,57.55425354307314,6.259253298756547,67.40163083924048,57.080165238660264,0.0,0.0,0.0,308.1439438922935,1.0,1.0,81.71139641092395,1.0,194.59612888795164,1.0,74.41972711205835,1.0,1
272,2026-01-02 14:13:48.921902,5.904145433536006,5.864758363500386,67.41981033080467,62.55674336117415,57.66853760815334,57.15987127643863,57.63494183474939,6.339941592475103,67.41980975095727,57.15987105474664,0.0,0.0,0.0,307.18578997810494,1.0,1.0,81.02835000556752,1.0,193.92927844023689,1.0,74.1446247195654,1.0,1
273,2026-01-02 14:13:55.157808,5.9909301335334995,5.944170308733647,67.43791843575438,62.600816162682,57.74833272293861,57.23928242921537,57.71504927887549,6.420049038612708,67.43791785789051,57.239282208365616,0.0,0.0,0.0,306.2313679637731,1.0,1.0,80.35560353391702,1.0,193.26588737953898,1.0,73.86293964088964,1.0,1
274,2026-01-02 14:14:01.463659,6.0769942968662765,6.02328055635586,67.45595598010854,62.64472886455678,57.82755851189289,57.31839186950299,57.7945814585044,6.499581220223333,67.4559554042179,57.31839164951411,0.0,0.0,0.0,305.2806649794512,1.0,1.0,79.69282380543063,1.0,192.60594411662169,1.0,73.57501955311818,1.0,1
275,2026-01-02 14:14:07.596755,6.162348591583238,6.102082431772531,67.47392278605456,62.68847851853962,57.90622027877864,57.39719292379607,57.87354388407127,6.5785436477430945,67.47392221212696,57.397192704685736,0.0,0.0,0.0,304.33369039709027,1.0,1.0,79.03967762956654,1.0,191.94940229454005,1.0,73.28119185217474,1.0,1
276,2026-01-02 14:14:13.843597,6.247003341308771,6.180569610997783,67.48787217714008,62.72142953055094,57.978259530407264,57.47567785608033,57.9459499201864,6.650949687639526,67.48787160509666,57.47567763938949,0.0,0.0,0.0,303.59846128418474,1.0,1.0,77.77502830094818,1.0,191.31924916337084,1.0,72.47199661037484,1.0,1
277,2026-01-02 14:14:19.843635,6.330303599004248,6.2581901046897235,67.50556825062665,62.76456222733787,58.05524061037427,57.553297512714195,58.02321798309455,6.728217752429243,67.50556768051162,57.55329729693059,0.0,0.0,0.0,302.66575616955663,1.0,1.0,77.14573856787865,1.0,190.67430237214467,1.0,72.16857302182689,1.0,1
278,2026-01-02 14:14:26.117424,6.412929861129289,6.33548561766639,67.523193745098,62.807524721851216,58.13167717887682,57.63059217797689,58.099936408291356,6.804936179481595,67.52319317690143,57.630591963115386,0.0,0.0,0.0,301.7367710557832,1.0,1.0,76.52515524853243,1.0,190.03267010248237,1.0,71.86017475362405,1.0,1
279,2026-01-02 14:14:32.359125,6.494891451037915,6.4124508233844635,67.54074824305943,62.850314482514946,58.20757428804374,57.70755652620916,58.17611041920977,6.881110192230314,67.54074767677153,57.70755631228384,0.0,0.0,0.0,300.81152794771253,1.0,1.0,75.91301179047605,1.0,189.39431758667524,1.0,71.5470683581998,1.0,1
280,2026-01-02 14:14:38.571762,6.57619741496043,6.489080682355089,67.55823195469857,62.89292945751896,58.28293668502306,57.784185518748856,58.25174491983276,6.956744694659132,67.55823139030957,57.78418530577303,0.0,0.0,0.0,299.89001576700815,1.0,1.0,75.30905323051229,1.0,188.75923323548705,1.0,71.22951459336946,1.0,1
281,2026-01-02 14:14:44.901707,6.656856507283956,6.565370422903003,67.5756449198963,62.93536760763772,58.35776939045383,57.86047438474809,58.326845086924344,7.031844863532815,67.57564435739658,57.86047417273432,0.0,0.0,0.0,298.9722324116716,1.0,1.0,74.71303329737111,1.0,188.12737069197283,1.0,70.90775393578497,1.0,1
282,2026-01-02 14:14:51.162081,6.736877245473743,6.64131554466331,67.59298708361257,62.97762695128925,58.432076981857655,57.93641862460377,58.40141564182452,7.106415420192045,67.59298652299252,57.93641841356394,0.0,0.0,0.0,298.05818078269596,1.0,1.0,74.12472020632777,1.0,187.49871257227824,1.0,70.58202106748013,1.0,1
283,2026-01-02 14:14:57.348652,6.816267876242765,6.71691179600399,67.6102580994307,63.019705442294196,58.50586412639494,58.01201398742504,58.47546139321909,7.180461173323298,67.61025754068079,58.012013777370356,0.0,0.0,0.0,297.1478791386273,1.0,1.0,73.54388796727562,1.0,186.8732414925489,1.0,70.25254197856157,1.0,1
284,2026-01-02 14:15:03.627117,6.895036408107277,6.7921551690233715,67.62745848667068,63.06160163277787,58.57913543016135,58.08725646597294,58.5489870786144,7.253986860433577,67.6274579297815,58.08725625691395,0.0,0.0,0.0,296.2413001077192,1.0,1.0,72.97031928203523,1.0,186.25092847969427,1.0,69.91953106989968,1.0,1
285,2026-01-02 14:15:09.727124,6.973190622777922,6.86704187144343,67.64458801897068,63.10331373532839,58.65189539161796,58.162142268661164,58.6219973254954,7.3269971090084365,67.64458746393284,58.16214206060783,0.0,0.0,0.0,295.3384556208044,1.0,1.0,72.40380844166339,1.0,185.63175035524182,1.0,69.58319405043767,1.0,1
286,2026-01-02 14:15:15.963914,7.050738081165154,6.94156834121041,67.66164664952902,63.14484016107879,58.72414844813926,58.23666783407409,58.69449669409214,7.399496479278528,67.66164609633323,58.23666762703574,0.0,0.0,0.0,294.4393481446509,1.0,1.0,71.84415842914404,1.0,185.01567814610098,1.0,69.24373083450064,1.0,1
287,2026-01-02 14:15:22.203481,7.127686134130643,7.015731228165946,67.67863448563489,63.1861794973037,58.79589892613555,58.310829812674726,58.76648962722236,7.471489414062149,67.6786339342719,58.310829606660164,0.0,0.0,0.0,293.5439720243823,1.0,1.0,71.29118091938835,1.0,184.4027002630355,1.0,68.90132684986838,1.0,1
288,2026-01-02 14:15:28.416882,7.204041926449494,7.089527390363473,67.73014113140235,63.31881304927251,58.918729179587075,58.38463714410531,58.8889226204458,7.59392239230688,67.73014058243427,58.38463692578743,0.0,0.0,0.0,290.8292165741892,1.0,1.0,76.30079053228656,1.0,183.6017217897279,1.0,73.01615760866298,1.0,1
289,2026-01-02 14:15:34.613582,7.285763218482972,7.167730702968675,67.7481615314242,63.36227041355967,58.994573891034705,58.46283947282536,58.965028941515946,7.670028715157021,67.74816098440431,58.46283925556739,0.0,0.0,0.0,289.8794172144175,1.0,1.0,75.7054746452468,1.0,182.9501575446102,1.0,72.6616718452533,1.0,1
290,2026-01-02 14:15:40.852345,7.36684689704646,7.245554346484084,67.76610907912969,63.405533891301694,59.06988744044444,58.540662127971096,59.040600006010266,7.745599781410577,67.76610853404839,58.54066191178232,0.0,0.0,0.0,288.9334576741462,1.0,1.0,75.1171007107132,1.0,182.30179772331212,1.0,72.304080166532,1.0,1
291,2026-01-02 14:15:47.151090,7.447300403277942,7.322994996535067,67.78398401640501,63.44860216986708,59.14467420207118,58.6181017857537,59.11564030175616,7.820640078895487,67.78398347325279,58.61810157064288,0.0,0.0,0.0,287.99132520430794,1.0,1.0,74.5354890955241,1.0,181.6566191473612,1.0,71.94356220566078,1.0,1
292,2026-01-02 14:15:53.374931,7.527130980992684,7.400049513852081,67.801786280102,63.49147383629796,59.218938503125955,58.69515530749125,59.190154267167784,7.895154046026416,67.8017857388694,58.69515509346661,0.0,0.0,0.0,287.0530231332444,1.0,1.0,73.96046885844498,1.0,181.01460443290307,1.0,71.58028600656507,1.0,1
293,2026-01-02 14:15:59.497930,7.606345688511446,7.476714947766807,67.81951557625572,63.53414742197295,59.29268459728372,58.77181974307143,59.26414626383678,7.969146044395516,67.81951503693331,58.77181953014073,0.0,0.0,0.0,286.1185669549357,1.0,1.0,73.39187195555041,1.0,180.3757419907015,1.0,71.21442251047938,1.0,1
294,2026-01-02 14:16:05.769130,7.684951405070751,7.552988526679633,67.83717226208468,63.576621907359886,59.36591664872185,58.84809232144102,59.33762055620414,8.042620338444285,67.83717172466316,58.84809210961149,0.0,0.0,0.0,285.18793784150233,1.0,1.0,72.82952744560589,1.0,179.73999125842965,1.0,70.84613686402008,1.0,1
295,2026-01-02 14:16:12.012399,7.762954834416687,7.628867657056959,67.85475629099074,63.618896113118886,59.43863865944865,58.92397044956592,59.41058124311258,8.11558102701588,67.85475575546081,58.92397023884435,0.0,0.0,0.0,284.26113824898795,1.0,1.0,72.27328756584939,1.0,179.10734644146942,1.0,70.47558262456732,1.0,1
296,2026-01-02 14:16:18.259302,7.840362500092194,7.704349907698791,67.87226732032154,63.660968755957164,59.51085477525394,58.99945169674685,59.48303256817165,8.188032353720315,67.87226678667399,58.99945148713956,0.0,0.0,0.0,283.33818623753547,1.0,1.0,71.7229958615917,1.0,178.47779015596643,1.0,70.10291334950125,1.0,1
297,2026-01-02 14:16:24.431559,7.917180778271409,7.779433012870405,67.88970596465016,63.70283917225182,59.582568984894664,59.07453379771325,59.554978608235615,8.259978395412295,67.88970543287586,59.07453358922613,0.0,0.0,0.0,282.41904941490424,1.0,1.0,71.17850746737986,1.0,177.85128763421199,1.0,69.72827100696577,1.0,1
298,2026-01-02 14:16:30.586733,7.993415890423758,7.854114860423594,67.90707166209388,63.74450608355183,59.65378514175381,59.14921464076805,59.626423306104726,8.331423094892477,67.9070711321837,59.1492144334066,0.0,0.0,0.0,281.50375739618954,1.0,1.0,70.63968620968808,1.0,177.22783308158796,1.0,69.35179177048667,1.0,1
299,2026-01-02 14:16:36.886613,8.069073900668249,7.928393489173595,67.92436482712533,63.785968835981656,59.72450713232632,59.223492265143285,59.6973706311114,8.402370421493707,67.92436429907018,59.22349205891256,0.0,0.0,0.0,280.59228833582443,1.0,1.0,70.10639012037245,1.0,176.60742070347624,1.0,68.97362050551692,1.0,1
300,2026-01-02 14:16:42.996434,8.144160732990347,8.002267077596187,68.14240477989972,64.3320263006758,60.11718521983685,59.29744063803206,60.08690472509617,8.791904425010966,68.1424042579472,59.29744035836172,0.0,0.0,0.0,269.1000791008022,1.0,1.0,100.36314218439202,1.0,174.5663997473912,1.0,93.53541608788873,1.0,1
301,2026-01-02 14:16:49.144772,8.25165379157531,8.102447361430285,68.16619980346424,64.38668546863147,60.21463040720538,59.397619411103726,60.18470967425824,8.88970937660492,68.16619928410366,59.397619132751466,0.0,0.0,0.0,267.84591725534074,1.0,1.0,99.54980089332821,1.0,173.69953067145616,1.0,93.09458471989274,1.0,1
302,2026-01-02 14:16:55.504203,8.358275730789016,8.202155494111388,68.18991671358906,64.441115328115,60.31137452550792,59.49732602506195,60.281807954446016,8.986807659199902,68.18991619680946,59.4973257480401,0.0,0.0,0.0,266.5958725268663,1.0,1.0,98.74471403577445,1.0,172.83632379417213,1.0,92.6496304811053,1.0,1
303,2026-01-02 14:17:01.744803,8.464035386217468,8.301387061674241,68.21355505023587,64.49531380354496,60.40742234911085,59.59655606672445,60.37820447443447,9.08320418157141,68.21355453602627,59.596555791044814,0.0,0.0,0.0,265.3499691625679,1.0,1.0,97.94770487587812,1.0,171.97679070477534,1.0,92.20073010737906,1.0,1
304,2026-01-02 14:17:07.953431,8.568941412266083,8.40013784164564,68.23711479299297,64.54927915658195,60.502778599426506,59.69530531437619,60.47390408315717,9.1789037926535,68.23711428134247,59.695305040050016,0.0,0.0,0.0,264.10820823828453,1.0,1.0,97.15861116433189,1.0,171.1209024301752,1.0,91.74806612918474,1.0,1
305,2026-01-02 14:17:14.189784,8.673002286779282,8.49840379779036,68.26059549146281,64.60300946601286,60.597447905677534,59.7935697325304,60.568911534656635,9.273911246489162,68.26059498236056,59.79356945956844,0.0,0.0,0.0,262.87061349307163,1.0,1.0,96.37727065182844,1.0,170.26864738113545,1.0,91.29180369313872,1.0,1
306,2026-01-02 14:17:20.557957,8.77622631226041,8.59618107965214,68.28399723165818,64.65650320318541,60.691434851051795,59.89134547145139,60.663231530017725,9.36823124416376,68.28399672509336,59.891345199863906,0.0,0.0,0.0,261.6371803934648,1.0,1.0,95.60352108906045,1.0,169.42000237918364,1.0,90.8321137404755,1.0,1
307,2026-01-02 14:17:26.697525,8.878621621039198,8.693466016326884,68.30731973356515,64.7097586921019,60.7847441253259,59.98862886094167,60.75686887694018,9.461868593377444,68.307319229527,59.988628590738394,0.0,0.0,0.0,260.40792369812533,1.0,1.0,94.83722340519307,1.0,168.57496742431977,1.0,90.36916431512054,1.0,1
308,2026-01-02 14:17:33.099054,8.980196195237728,8.790255114626516,68.33056260359224,64.76277425914229,60.87738008192083,60.08541640843037,60.849828039574426,9.554827758281105,68.33056210207,60.08541613962065,0.0,0.0,0.0,259.1828641520432,1.0,1.0,94.07821824822804,1.0,167.73351933807135,1.0,89.90309448790867,1.0,1
309,2026-01-02 14:17:39.242420,9.08095784300621,8.886545032950307,68.35372603215973,64.81554863774153,60.969347375574294,60.18170477300355,60.942113781633566,9.647113502588251,68.35372553314271,60.1817045055962,0.0,0.0,0.0,257.96199171875287,1.0,1.0,93.32637523925769,1.0,166.89565232582027,1.0,89.43407230276534,1.0,1
310,2026-01-02 14:17:45.396966,9.180914237600707,8.982332606121943,68.37680963636429,64.86808028962254,61.06065028472216,60.27749079010711,61.03373048542124,9.738730208602949,68.37680913984184,60.277490524110554,0.0,0.0,0.0,256.7453265799026,1.0,1.0,92.58154951282904,1.0,166.06134900371217,1.0,88.96223393321634,1.0,1
311,2026-01-02 14:17:51.567646,9.280072888784032,9.07761482719688,68.39981317962763,64.92036782584665,61.15129326572661,60.37277145336451,61.12468271013872,9.829682435526893,68.3998126855891,60.372771188786714,0.0,0.0,0.0,255.53288120479922,1.0,1.0,91.84360199810726,1.0,165.23060357712893,1.0,88.48773003933275,1.0,1
312,2026-01-02 14:17:57.808554,9.3784411700391,9.172388832249894,68.15509521042232,64.30500829235297,60.854364921737165,60.46745174933531,60.83286810061118,9.537867959845666,68.15509471446553,60.46745158772384,0.0,0.0,0.0,268.4312058920516,1.0,1.0,47.07885875575357,1.0,165.87216051675568,1.0,54.05076654028562,1.0,1
313,2026-01-02 14:18:03.914835,9.428864566872845,9.230279424225516,68.16812777195028,64.33758378943638,60.90346818562317,60.52534129446113,60.88204664142447,9.587046501253516,68.16812727731809,60.52534113430893,0.0,0.0,0.0,267.744300019793,1.0,1.0,46.880010640393266,1.0,165.42915037234707,1.0,53.562714829240576,1.0,1
314,2026-01-02 14:18:10.338500,9.47907498752778,9.287647296924277,68.18110235812824,64.36990651958686,60.95233490002228,60.58270814388675,60.93099012290028,9.635989983336653,68.18110186481711,60.58270798517196,0.0,0.0,0.0,267.0604498483087,1.0,1.0,46.6768918914795,1.0,164.98732812465278,1.0,53.08197592626129,1.0,1
315,2026-01-02 14:18:16.690807,9.529067860700952,9.344500276428429,68.19401878469945,64.40197962061467,61.00096201297509,60.63956012304746,60.9796954155409,9.684695276596804,68.19401829270568,60.63955996574866,0.0,0.0,0.0,266.37966508920323,1.0,1.0,46.46969083410113,1.0,164.54673433599964,1.0,52.60839627396763,1.0,1
316,2026-01-02 14:18:22.942564,9.578838812524575,9.400846036303756,68.20687677771312,64.43380611790545,61.04934665321617,60.69590490476615,61.02815957217299,9.733159433860084,68.20687628703291,60.69590474886249,0.0,0.0,0.0,265.70196018156906,1.0,1.0,46.258587101419835,1.0,164.10741536333262,1.0,52.1417962391979,1.0,1
317,2026-01-02 14:18:29.138140,9.628383665871258,9.456692041444166,68.21967614943686,64.46538899909633,61.09748606433342,60.75174995332044,61.07637976093655,9.781379623265968,68.21967566006633,60.751749798791536,0.0,0.0,0.0,265.0273450201977,1.0,1.0,46.04376322390635,1.0,163.66939438512418,1.0,51.68201067533573,1.0,1
318,2026-01-02 14:18:35.301521,9.677698428252434,9.512045604939,68.23241657384972,64.49673111208155,61.14537771463779,60.80710258109165,61.12435337743563,9.829353240417992,68.23241608578479,60.80710242791764,0.0,0.0,0.0,264.35583678864515,1.0,1.0,45.82538724548613,1.0,163.23273514217362,1.0,51.22886574383756,1.0,1
319,2026-01-02 14:18:41.639816,9.726779301324957,9.566913833506833,68.24509805856711,64.5278354070568,61.19301925624243,60.8619698942057,61.17207800173713,9.877077865382503,68.2450975718037,60.861969742367165,0.0,0.0,0.0,263.6874350855219,1.0,1.0,45.60364169662989,1.0,162.7974492237172,1.0,50.782219476559476,1.0,1
320,2026-01-02 14:18:48.024755,9.77562268150829,9.621303679751403,68.25772020181668,64.5587045404846,61.24040833156444,60.91635884464415,61.219551204849935,9.924551069167926,68.25771971635048,60.91635869412219,0.0,0.0,0.0,263.022161087007,1.0,1.0,45.378688826644975,1.0,162.36359457593608,1.0,50.3418922403398,1.0,1
321,2026-01-02 14:18:54.277075,9.8242251265325,9.675221919989463,68.27028301538672,64.58934132884988,61.28754292219632,60.97027620810048,61.26677089963454,9.9717707646342,68.27028253121343,60.97027605887668,0.0,0.0,0.0,262.36001417177124,1.0,1.0,45.15070247407493,1.0,161.93118858268463,1.0,49.90772468318028,1.0,1
322,2026-01-02 14:19:00.519854,9.872583389411812,9.728675146472069,68.28278636131897,64.61974842782706,61.334421054308045,61.023728576282814,61.31373504441687,10.018734910106799,68.28278587843411,61.02372842833918,0.0,0.0,0.0,261.70100161117074,1.0,1.0,44.91984488822709,1.0,161.50027180628967,1.0,49.47957193962793,1.0,1
323,2026-01-02 14:19:06.746923,9.920694394539003,9.78166980322325,68.29523004070046,64.64992839783638,61.38104090353609,61.0767223926425,61.36044174884392,10.065441615232208,68.29522955909951,61.07672224596155,0.0,0.0,0.0,261.04513388928785,1.0,1.0,44.68627831840877,1.0,161.0708674252237,1.0,49.05727176037544,1.0,1
324,2026-01-02 14:19:12.908620,9.96855523652836,9.834212163861398,68.50442022510389,65.16900975189121,61.69191136027852,61.12932645834306,61.66786370310439,10.372863470445042,68.5044197473402,61.12932623518922,0.0,0.0,0.0,250.0193684803001,1.0,1.0,77.81264406446553,1.0,159.7875043773911,1.0,74.63353982871013,1.0,1
325,2026-01-02 14:19:19.161749,10.05189578130267,9.914147759700544,68.52439243728611,65.21379206182364,61.76876182888832,61.20926091542915,61.74497278122763,10.449972550511426,68.52439196168041,61.20926069347966,0.0,0.0,0.0,248.96669515890213,1.0,1.0,77.1627631559113,1.0,159.0657673068563,1.0,74.23074143673603,1.0,1
326,2026-01-02 14:19:25.437911,10.134540274393878,9.993651943055976,69.13826872367886,65.6069206805264,64.89115699620469,61.2889231136304,64.88852228286918,10.134540274393965,69.13826835350413,61.288922757707596,0.0,0.0,0.0,216.6111812364434,1.0,1.0,0.0,0.0,123.80450199657389,1.0,119.03796212720863,1.0,1
327,2026-01-02 14:19:31.758064,10.134540286433896,10.12114650247473,59.943076363047545,60.27304264337698,59.851338098963346,61.41595882173883,59.8487033904904,10.134540286433861,59.943076316372434,61.41595911348258,0.0,0.0,0.0,0.0,0.0,0.0,0.0,0.0,15.610434659265593,1.0,-97.57335226424857,1.0,1
328,2026-01-02 14:19:38.035908,10.134540279064318,10.0166414237296,0.0,0.0,1.9528642383193074e-10,1.108195391452682e-09,1.9544019096429112e-10,10.134540279045416,0.0,61.31164142372953,0.0,0.0,0.0,0.0,0.0,0.0,0.0,0.0,0.013747007159281566,1.0,0.0,0.0,1
329,2026-01-02 14:19:44.185074,10.134540058772327,10.016641175478613,61.17454695686653,61.17414011976367,61.20502930242712,61.31160325472061,61.20628149915659,9.911281667991858,61.17454698261285,61.31160337762919,0.0,0.0,0.0,0.0,0.0,0.0,-56.466757234829856,1.0,-8.610828600126297,1.0,-41.106629797127425,1.0,1
330,2026-01-02 14:19:50.631183,10.074061837643336,9.972614277185992,61.122468502021896,61.12237056049343,61.150758621801465,61.26757490836436,61.151925984561196,9.85692615088033,61.122468526751256,61.26757503378905,0.0,0.0,0.0,0.0,0.0,0.0,-55.62523671585495,1.0,-8.270704797723738,1.0,-41.94813872686609,1.0,1
331,2026-01-02 14:19:56.787907,10.014484916842724,9.92768609082823,61.07023780818359,61.07023820546564,61.09660136084016,61.22264542126175,61.09769601809138,9.802696182186393,61.07023783198889,61.222645548910556,0.0,0.0,0.0,0.0,0.0,0.0,-54.88138158796119,1.0,-7.961654634982551,1.0,-42.6919909574508,1.0,1
332,2026-01-02 14:20:03.062085,9.955704696350834,9.881961204904842,59.70389113870314,60.03385742558278,59.61215288196998,61.17677352416981,59.609518173641554,9.955704696350816,59.70389109202802,61.17677381591357,0.0,0.0,0.0,0.0,0.0,0.0,0.0,0.0,15.610437556574652,1.0,-97.57335516155763,1.0,1
333,2026-01-02 14:20:09.278574,9.955704690654935,9.777456126423179,60.963342026439506,60.960465554388406,61.00206999492932,61.07242343828518,61.003666379461066,9.708666557780038,60.96334205573885,61.07242355171003,0.0,0.0,0.0,0.0,0.0,0.0,-59.63856894368291,1.0,-9.799130937722111,1.0,-37.93480939634719,1.0,1
334,2026-01-02 14:20:15.483468,9.89182932643572,9.736826383894721,60.9122420670044,60.91053280692475,60.94776565235077,61.0317916918374,60.94922285985202,9.654223034461953,60.912242094968754,61.03179180897129,0.0,0.0,0.0,0.0,0.0,0.0,-58.39808606992847,1.0,-9.35264691975135,1.0,-39.175292270101636,1.0,1
335,2026-01-02 14:20:21.789075,9.829282567875945,9.694868035095679,60.860682584402085,60.8597904989181,60.89339408214936,60.98983155719675,60.89473510109948,9.599735272486248,60.8606826111485,60.989831677553795,0.0,0.0,0.0,0.0,0.0,0.0,-57.32010167207591,1.0,-8.94530844448127,1.0,-40.25327087333608,1.0,1
336,2026-01-02 14:20:28.199787,9.767890375930326,9.651755118412664,60.69203166880263,60.69220601174687,60.73125015800337,60.946688260780064,60.732890396394815,9.437890604890407,60.69203169830174,60.94668842778686,0.0,0.0,0.0,0.0,0.0,0.0,-69.7311045752258,1.0,-9.865942884630385,1.0,-55.855225108984996,1.0,1
337,2026-01-02 14:20:34.516611,9.693205491434544,9.591931873472227,60.62443013487729,60.62485836540714,60.66182460288185,60.88686369364145,60.66339656311242,9.36839676983065,60.62443016362748,60.88686386242561,0.0,0.0,0.0,0.0,0.0,0.0,-69.13666657283102,1.0,-9.615467619141782,1.0,-56.44966311137978,1.0,1
338,2026-01-02 14:20:40.743644,9.619157276339267,9.531471960512787,60.55673521909507,60.55748072888502,60.59250847098019,60.82640257223496,60.594019712042,9.299019917149579,60.55673524716539,60.82640274262975,0.0,0.0,0.0,0.0,0.0,0.0,-68.59798728328315,1.0,-9.388086804165141,1.0,-56.98833660630953,1.0,1
339,2026-01-02 14:20:47.090912,9.545686005636291,9.470435102575554,60.4889778201585,60.49008039331893,60.52330546932834,60.765364608691854,60.52476253929441,9.229762742939707,60.48897784761052,60.76536478054895,0.0,0.0,0.0,0.0,0.0,0.0,-68.10893020599451,1.0,-9.181294267364137,1.0,-57.477402375525344,1.0,1
340,2026-01-02 14:20:53.191307,9.472738535739342,9.408874434083492,60.42118145974054,60.42266424958201,60.454216273859416,60.70380292786836,60.45562487365869,9.16062507597426,60.42118148662937,60.70380310105517,0.0,0.0,0.0,0.0,0.0,0.0,-67.66420195731371,1.0,-8.992937308107685,1.0,-57.92212482958803,1.0,1
341,2026-01-02 14:20:59.406693,9.400267387452276,9.34683745057866,60.35336369933748,60.35523785967164,60.38523938593115,60.64176501675488,60.386604505285554,9.091604706390239,60.353363725712704,60.641765191152544,0.0,0.0,0.0,0.0,0.0,0.0,-67.25922478892699,1.0,-8.821161648597808,1.0,-58.32709330604757,1.0,1
342,2026-01-02 14:21:05.793771,9.328229987501585,9.284366731149744,60.285537601583464,60.28780555859001,60.316371740718495,60.57929344680876,60.31769776614889,9.02269796614963,60.285537627489774,60.579293622310395,0.0,0.0,0.0,0.0,0.0,0.0,-66.8900120035687,1.0,-8.664336103834103,1.0,-58.69631478333304,1.0,1
343,2026-01-02 14:21:11.987439,9.256588032336888,9.221500562396548,60.217713320619204,60.22037112159879,60.24760955860756,60.516426497821826,60.24890035978413,8.953900558777294,60.21771334609701,60.51642667433101,0.0,0.0,0.0,0.0,0.0,0.0,-66.55302888418646,1.0,-8.521020711214078,1.0,-59.0332892107881,1.0,1
344,2026-01-02 14:21:18.257757,9.185307001572015,9.15827347517553,60.14989816525277,60.15293727076411,60.17894824694431,60.45319869448828,60.18020725001326,8.885207448085925,60.149898190338654,60.45319887191795,0.0,0.0,0.0,0.0,0.0,0.0,-66.24516951546866,1.0,-8.389943552060686,1.0,-59.34114278488778,1.0,1
345,2026-01-02 14:21:24.687011,9.11435569151967,9.09471666659277,60.08209747517279,60.085506093418296,60.11038294503553,60.38964122836604,60.11161319474993,8.816613391980995,60.082097499899945,60.389641406637324,0.0,0.0,0.0,0.0,0.0,0.0,-65.96369594035423,1.0,-8.269968881222667,1.0,-59.62262215462033,1.0,1
346,2026-01-02 14:21:30.781550,9.043705853787607,9.03085838223079,60.01431523745237,60.018079321029276,60.04190861360328,60.32578234004293,60.04311282103357,8.748113017494536,60.01431526185099,60.32578251908429,0.0,0.0,0.0,0.0,0.0,0.0,-65.70613965152461,1.0,-8.160088435147372,1.0,-59.88017264883183,1.0,1
347,2026-01-02 14:21:36.801512,8.973331872283362,8.966724250452783,59.94655408031818,59.9506581130024,59.9735200985553,60.261647653298766,59.97470068511376,8.679700880869582,59.94655410441568,60.26164783304526,0.0,0.0,0.0,0.0,0.0,0.0,-65.47030448871283,1.0,-8.059380869553934,1.0,-60.116002017025494,1.0,1
348,2026-01-02 14:21:43.047961,8.903210475199026,8.902337535832379,59.85735115328588,59.862080020773455,59.88551792009508,60.19725524126887,59.886754822369134,8.591755024454283,59.85735117795696,60.197255428122936,0.0,0.0,0.0,0.0,0.0,0.0,-67.5871393309535,1.0,-8.25121170237253,1.0,-62.493122413229685,1.0,1
349,2026-01-02 14:21:49.159959,8.830821864663115,8.835404826612008,59.78721394047959,59.79226019848744,59.81484519833967,60.130322046742116,59.816061912677434,8.52106211416775,59.787213964896274,60.13032223419099,0.0,0.0,0.0,0.0,0.0,0.0,-67.3881985017033,1.0,-8.166132221845146,1.0,-62.69205455055271,1.0,1
350,2026-01-02 14:21:55.252979,8.758646326950464,8.768259054551102,59.71710100864864,59.722447679899076,59.74424370203266,60.06317582723743,59.74544198692818,8.45044218787152,59.71710103283126,60.06317601523329,0.0,0.0,0.0,0.0,0.0,0.0,-67.20526240769686,1.0,-8.087849828370963,1.0,-62.87499354186821,1.0,1
351,2026-01-02 14:22:01.376480,8.68666673135824,8.700917350528638,59.64701235255089,59.65264261488275,59.67370884722354,59.99583371057665,59.67489029133857,8.37989049177867,59.64701237651804,59.99583389907573,0.0,0.0,0.0,0.0,0.0,0.0,-67.03695482713101,1.0,-8.015785060138114,1.0,-63.04329532781594,1.0,1
352,2026-01-02 14:22:04.121853,8.614867392381996,8.6333953845597,59.57694771857557,59.58284507402796,59.60323636493793,59.92831136400866,59.604402407025596,8.30940260700257,59.5769477423443,59.92831155297088,0.0,0.0,0.0,0.0,0.0,0.0,-66.88206178750988,1.0,-7.949425093443097,1.0,-63.19819416205519,1.0,0
353,2026-01-02 14:22:06.864808,8.54323395043461,8.56570751537414,59.506906727636185,59.51305512407647,59.532822217681606,59.8606231437297,59.53397416156491,8.238974361115476,59.50690675122217,59.860623333118305,0.0,0.0,0.0,0.0,0.0,0.0,-66.73945044099128,1.0,-7.888303461527357,1.0,-63.340796816646616,1.0,0
354,2026-01-02 14:22:09.624083,8.47175325317238,8.497866910733102,59.43688843718724,59.44327240587818,59.46246233652947,59.79278221514543,59.46360136698117,8.168601566139056,59.436888460604834,59.79278240492673,0.0,0.0,0.0,0.0,0.0,0.0,-66.60811831864066,1.0,-7.831985568031996,1.0,-63.47213183630629,1.0,0
355,2026-01-02 14:22:12.166849,8.400413215462477,8.429885640820151,59.36689229679391,59.373496961492734,59.39215319640612,59.72480064631756,59.393280389620585,8.098280588416701,59.3668923200563,59.724800836460616,0.0,0.0,0.0,0.0,0.0,0.0,-66.48712669232282,1.0,-7.780080276234003,1.0,-63.593120565315076,1.0,0
356,2026-01-02 14:22:14.739707,8.329202766813344,8.36177479300296,59.29691724776711,59.30372841367708,59.321891185520165,59.65668952262307,59.32300752122073,8.0280077196835,59.29691727088646,59.65668971309945,0.0,0.0,0.0,0.0,0.0,0.0,-66.37563823971959,1.0,-7.7322370117371975,1.0,-63.70460322330018,1.0,0
357,2026-01-02 14:22:17.608052,8.258111723509273,8.293544539819491,59.22696241433999,59.23396656501684,59.25167311516609,59.58845901478785,59.25277948660504,7.957779684760562,59.22696243732741,59.58845920557148,0.0,0.0,0.0,0.0,0.0,0.0,-66.27287937931214,1.0,-7.688116789381638,1.0,-63.80735918639857,1.0,0
358,2026-01-02 14:22:20.461522,8.187130739729538,8.225204225734565,59.157026787238834,59.164211105486714,59.18149586788802,59.520118465625615,59.18259308962109,7.887593287493352,59.157026810104625,59.5201186566925,0.0,0.0,0.0,0.0,0.0,0.0,-66.17814316769,1.0,-7.64743567287951,1.0,-63.90209539802072,1.0,0
359,2026-01-02 14:22:23.439833,8.116251218345862,8.156762444577389,59.08710942281961,59.094461781297625,59.11135658886646,59.45167646748447,59.11244540441368,7.817445602024741,59.08710944557319,59.451676658812524,0.0,0.0,0.0,0.0,0.0,0.0,-66.09078640224197,1.0,-7.609909725942998,1.0,-63.98944347154156,1.0,0
360,2026-01-02 14:22:26.393850,8.045465256199718,8.088227119518217,58.526529155060196,58.54077399306589,58.590954892794954,59.38302233123896,58.593811053201726,7.298811377219351,58.52652919362639,59.38302263706354,0.0,0.0,0.0,0.0,0.0,0.0,-108.36731193251126,1.0,-12.898417206201884,1.0,-102.28267027969196,1.0,0
361,2026-01-02 14:22:29.026687,7.929399403479996,7.978678167979975,58.41309854823724,58.42775495783321,58.476905970015345,59.27347280005326,58.479738772692585,7.184739096242778,58.41309858660312,59.273473106345264,0.0,0.0,0.0,0.0,0.0,0.0,-108.21097893028764,1.0,-12.831422728822872,1.0,-102.43900038460652,1.0,0
362,2026-01-02 14:22:31.734964,7.813500984516146,7.868961783031903,58.29969226823373,58.31474372025443,58.36291619961722,59.163755865196656,58.365726952949984,7.0707272760573225,58.299692306409774,59.16375617193154,0.0,0.0,0.0,0.0,0.0,0.0,-108.06286849117441,1.0,-12.767933995405656,1.0,-102.58711951564692,1.0,0
363,2026-01-02 14:22:34.270059,7.697761205004347,7.759086755696656,58.18630995838822,58.20174030028614,58.24898301656855,59.05388031617093,58.25177294825066,6.9567732709383145,58.18630999638432,59.053880623325455,0.0,0.0,0.0,0.0,0.0,0.0,-107.92250545648585,1.0,-12.707748194316082,1.0,-102.72746516648112,1.0,0
364,2026-01-02 14:22:36.940802,7.5821717577308965,7.649061406597642,58.07295073727391,58.088744273757904,58.13510372421306,58.943854472091225,58.13787399002035,6.842874312310305,58.072950775099414,58.94385477964345,0.0,0.0,0.0,0.0,0.0,0.0,-107.78949289488082,1.0,-12.65069438431965,1.0,-102.86047772808615,1.0,0
365,2026-01-02 14:22:39.804197,7.466724774880997,7.538893593452566,57.959614279117424,57.975755727799424,58.021275962064706,58.83368618931268,58.02402764588057,6.729027967793546,57.95961431678119,58.83368649724187,0.0,0.0,0.0,0.0,0.0,0.0,-107.66341359385478,1.0,-12.596601624181858,1.0,-102.98655413180313,1.0,0
366,2026-01-02 14:22:42.583095,7.35141282259224,7.428590756486519,57.846299846832416,57.86277439591846,57.90749741774247,58.723382906684364,57.91023154146941,6.615231863025055,57.846299884342834,58.72338321497089,0.0,0.0,0.0,0.0,0.0,0.0,-107.54390538977532,1.0,-12.545316356522562,1.0,-103.1060623358826,1.0,0
367,2026-01-02 14:22:45.355001,7.236228872194571,7.318159917617116,57.733006877671706,57.74980017283135,57.793765809750724,58.61295164493744,57.7964833332687,6.501483654485569,57.73300691503672,58.612951953562714,0.0,0.0,0.0,0.0,0.0,0.0,-107.43060322170095,1.0,-12.496685023961618,1.0,-103.21935870933885,1.0,0
368,2026-01-02 14:22:48.108485,7.1211662712251975,7.207607737701798,57.61973471910988,57.63683287958793,57.680079001141486,58.502399063706115,57.6827808284475,6.387781149343173,57.619734756337,58.502399372652555,0.0,0.0,0.0,0.0,0.0,0.0,-107.32317969370797,1.0,-12.450568555664177,1.0,-103.32677064809559,1.0,0
369,2026-01-02 14:22:50.245828,7.006218726711886,7.096940508385911,57.506484350052396,57.52387293617031,57.56643590154299,58.39173145352746,57.56912285975995,6.274123180350956,57.50648438714871,58.39173176277858,0.0,0.0,0.0,0.0,0.0,0.0,-107.2212842314002,1.0,-12.406819188868212,1.0,-103.42867190502147,1.0,0
370,2026-01-02 14:22:52.792521,6.891380319547868,6.9861641415364195,57.393251355618624,57.41091860426734,57.45283229568528,58.28095472522515,57.455505215430904,6.1605055357331375,57.3932513925909,58.28095503476505,0.0,0.0,0.0,0.0,0.0,0.0,-107.12470243390726,1.0,-12.365332620447589,1.0,-103.52525370251442,1.0,0
371,2026-01-02 14:22:55.622173,6.776645353888331,6.875284331789767,57.28003727523515,57.29797070653286,57.3392675549766,58.1700745724191,57.341927190861526,6.046927510889879,57.28003731208976,58.170074882232875,0.0,0.0,0.0,0.0,0.0,0.0,-107.03310400799637,1.0,-12.325981368803696,1.0,-103.61685212842531,1.0,0
372,2026-01-02 14:22:58.328894,6.6620084949096094,6.764306418748389,56.62322513692254,56.64880581591007,56.72682458899904,58.05896493194699,56.73143697916217,5.436437402588446,56.62322518676511,58.058965335084814,0.0,0.0,0.0,0.0,0.0,0.0,-141.6144172389977,1.0,-16.669789359866627,1.0,-134.8289715735973,1.0,0
373,2026-01-02 14:23:00.973014,6.510333616514212,6.6198990361954655,56.47446119756412,56.50051756172487,56.57738219080954,57.91455690299584,56.58196892405207,5.286969347066389,56.47446124722999,57.914557306545625,0.0,0.0,0.0,0.0,0.0,0.0,-141.47663860399007,1.0,-16.610692946983363,1.0,-134.96675020860494,1.0,0
374,2026-01-02 14:23:03.259743,6.358806312829506,6.475344088227244,56.32572576257308,56.352238964410766,56.427996153844155,57.77000133485749,56.43255828348068,5.137558706099786,56.32572581206943,57.77000173880248,0.0,0.0,0.0,0.0,0.0,0.0,-141.34446046739413,1.0,-16.55399550600123,1.0,-135.09892255058276,1.0,0
375,2026-01-02 14:23:05.970502,6.207420570848727,6.330647579356544,56.17701039998095,56.20396684190763,56.27865984044894,57.625304230988554,56.28319848157256,4.988198903812965,56.17701044931478,57.625304635312204,0.0,0.0,0.0,0.0,0.0,0.0,-141.21780460186528,1.0,-16.499641988048097,1.0,-135.22556682687537,1.0,0
376,2026-01-02 14:23:08.671066,6.0561704873747235,6.185815427461186,56.028317208648936,56.05570187179891,56.12937295255122,57.48047150817497,56.133889128122796,4.838889550000135,56.02831725782696,57.480471912861674,0.0,0.0,0.0,0.0,0.0,0.0,-141.09637837918854,1.0,-16.44753388461595,1.0,-135.34699015224305,1.0,0
377,2026-01-02 14:23:11.328132,5.905050453749001,6.040853223462064,55.879645970841004,55.907444185363566,55.980133865536565,57.33550875638156,55.9846285492669,4.689628970796145,55.879646019869604,57.335509161416354,0.0,0.0,0.0,0.0,0.0,0.0,-140.97995870656632,1.0,-16.397558200651474,1.0,-135.46340982486527,1.0,0
378,2026-01-02 14:23:13.949751,5.754055112985502,5.8957663280137655,67.07061439752195,61.592906228000224,57.17541404158913,57.190771354779024,57.142976401118105,5.84797629533507,67.07061381306893,57.19077131361103,0.0,0.0,0.0,325.59082390992046,1.0,1.0,35.37901195045379,1.0,195.4696212123963,1.0,13.768586317155496,1.0,0
379,2026-01-02 14:23:16.381147,5.791947494099453,5.9105130532858965,67.07583345120774,61.602509557308956,57.20205513231327,57.20551941235324,57.17059296016354,5.87559286079615,67.07583286743827,57.205519365592096,0.0,0.0,0.0,325.31574378720535,1.0,1.0,33.23330542343683,1.0,195.2410119383785,1.0,15.639207835533853,1.0,0
380,2026-01-02 14:23:18.850377,5.827541735086784,5.9272632862650285,67.0804513860253,61.612711055683306,57.22391672406823,57.22227167778978,57.193697431262585,5.89869734020357,67.08045080280651,57.22227162344802,0.0,0.0,0.0,325.0723467744944,1.0,1.0,30.454580326590985,1.0,195.05683579609467,1.0,18.174535792923052,1.0,0
381,2026-01-02 14:23:21.582957,5.860159839034377,5.94672896197511,67.08582180726019,61.62456868015387,57.249324987278804,57.241738458977686,57.21978566947391,5.924785583027071,67.08582122468191,57.24173840087005,0.0,0.0,0.0,324.7892885380277,1.0,1.0,28.91204139416459,1.0,194.84261455886553,1.0,19.434030808724856,1.0,0
382,2026-01-02 14:23:24.340085,5.891125827170985,5.967543611176206,67.09143292315403,61.63717782568137,57.27563173578111,57.26255378343341,57.24654347085231,5.95154338749182,67.09143234123792,57.262553723123744,0.0,0.0,0.0,324.49354403307154,1.0,1.0,27.879817095595172,1.0,194.62115584360618,1.0,20.170497798517317,1.0,0
383,2026-01-02 14:23:26.962932,5.9209862599812935,5.989147045639326,67.09711069769304,61.65018701269913,57.30197697905214,57.284157688523734,57.27323574317083,5.978235662199958,67.09711011643881,57.284157626719214,0.0,0.0,0.0,324.1942861577994,1.0,1.0,27.080611775431862,1.0,194.39978984223671,1.0,20.670448757869053,1.0,0
384,2026-01-02 14:23:29.629835,5.949990712223067,6.011285942774787,67.35820428357688,62.407191314995295,57.60988710518795,57.30636310884357,57.57690832798323,6.281908118834307,67.3582037038244,57.30636292837666,0.0,0.0,0.0,310.4328535363008,1.0,1.0,69.9496109325537,1.0,193.8975297275647,1.0,60.356945135708884,1.0,0
385,2026-01-02 14:23:32.699662,6.024909623094639,6.075930716527831,67.37354829444678,62.44382901828852,57.678429963589466,57.3710076072109,57.64576979692873,6.3507695898495236,67.37354771640476,57.371007427092394,0.0,0.0,0.0,309.6241183426935,1.0,1.0,69.25739744133352,1.0,193.32546764303515,1.0,60.24042115996053,1.0,0
386,2026-01-02 14:23:35.327965,6.099087146621744,6.140450685259807,67.38882803484766,62.48038295859298,57.746437696725025,57.43552726921174,57.714087002226236,6.419086797166285,67.38882745850528,57.435527089481994,0.0,0.0,0.0,308.81877064604544,1.0,1.0,68.58205787807492,1.0,192.7570329894479,1.0,60.1104015186138,1.0,0
387,2026-01-02 14:23:38.069675,6.172541350799295,6.204831400981536,67.40404332710528,62.516846817610585,57.81391679752189,57.49990764917162,57.78186694143585,6.486866738347349,67.40404275245177,57.499907469868226,0.0,0.0,0.0,308.01681981101945,1.0,1.0,67.92270856351479,1.0,192.19219099909424,1.0,59.96780755594955,1.0,0
388,2026-01-02 14:23:40.802176,6.245289369459148,6.26905938958609,67.41919379575923,62.553214578256835,57.88087353356303,57.56413527510877,57.8491163437537,6.554116142591302,67.419193222784,57.56413509626689,0.0,0.0,0.0,307.21828562696646,1.0,1.0,67.27852666188028,1.0,191.63088372579296,1.0,59.813453415813456,1.0,0
389,2026-01-02 14:23:43.152134,6.3173474454487994,6.333122064701181,67.43427899865938,62.589480562500825,57.94731425529057,57.628197562623264,57.91584198829261,6.620841789013205,67.43427842735197,57.62819738427573,0.0,0.0,0.0,306.4231913982464,1.0,1.0,66.64876177012502,1.0,191.0730879910716,1.0,59.64812137165154,1.0,0
390,2026-01-02 14:23:46.039237,6.38873101214664,6.397007658868224,67.44929898846112,62.62563972071031,58.013245374692225,57.692082746097824,57.9820506836695,6.687050486232074,67.44929841881122,57.69208256827536,0.0,0.0,0.0,305.63153434955643,1.0,1.0,66.03271273945666,1.0,190.51874005413083,1.0,59.472512572256164,1.0,0
391,2026-01-02 14:23:48.826746,6.459454766708188,6.460705165347741,67.4642535395728,62.66168716815983,58.07867301079684,57.755779820568975,58.04774891423236,6.752748718597874,67.46425297157018,57.75577964330028,0.0,0.0,0.0,304.8433263711366,1.0,1.0,65.42972188071872,1.0,189.96780514726197,1.0,59.28730788525627,1.0,0
392,2026-01-02 14:23:51.730647,6.5295326924369474,6.524204310592276,67.47914229169794,62.69761825507687,58.14360335098825,57.81927851403095,58.112943210044946,6.817943016176181,67.47914172533255,57.81927833734294,0.0,0.0,0.0,304.05858645309195,1.0,1.0,64.83918075900874,1.0,189.42023691352006,1.0,59.0930954643909,1.0,0
393,2026-01-02 14:23:54.492803,6.598978128388423,6.587495449473926,67.49396555283445,62.73342897712134,58.208042429766905,57.88256918288487,58.17763992101024,6.882639728871643,67.49396498809638,57.88256900680273,0.0,0.0,0.0,303.27729836181135,1.0,1.0,64.26052729636922,1.0,188.87598320134202,1.0,58.8904634633991,1.0,0
394,2026-01-02 14:23:57.201128,6.66780380402259,6.650569562477208,67.50872298872098,62.76911523123401,58.27199618530133,57.945642808990854,58.241845282607265,6.946845092164869,67.50872242560041,57.945642633538185,0.0,0.0,0.0,302.49947971517213,1.0,1.0,63.69323418255135,1.0,188.33500924301916,1.0,58.679936295220614,1.0,0
395,2026-01-02 14:24:00.010698,6.736021880219427,6.713418188341351,67.52341473393534,62.80467341690689,58.33547041858976,58.00849093243429,58.30556537123816,7.010565182459525,67.52341417242259,58.008490757633204,0.0,0.0,0.0,301.72512341999453,1.0,1.0,63.13679149116069,1.0,187.79727447622463,1.0,58.46201809163176,1.0,0
396,2026-01-02 14:24:02.509181,6.803643981301836,6.776033414089892,67.56193157840663,62.90524501356453,58.43126682672883,58.071113263823925,58.40115547403466,7.106155275104039,67.56193101878674,58.07111307999115,0.0,0.0,0.0,299.69502008294626,1.0,1.0,66.53211031277806,1.0,187.16421244675985,1.0,61.48265400838682,1.0,0
397,2026-01-02 14:24:05.273909,6.874902606696133,6.841883868954847,67.57733051332413,62.942391572642514,58.49746551741279,58.13696314614398,58.46760714742847,7.17260695021096,67.57732995538758,58.136962963024864,0.0,0.0,0.0,298.8833900132428,1.0,1.0,65.95916165167637,1.0,186.60121893958603,1.0,61.24397079076971,1.0,0
398,2026-01-02 14:24:07.967339,6.94554758122131,6.907478681686771,67.5926619212222,62.97939675159713,58.56317392608692,58.20255737300098,58.533563186551675,7.238562991017525,67.59266136495926,58.20255719061463,0.0,0.0,0.0,298.0753190831672,1.0,1.0,65.3961652471935,1.0,186.04148780241303,1.0,60.998899006676766,1.0,0
399,2026-01-02 14:24:10.777281,7.015589563240827,6.972811019949012,67.6079258618423,63.016257616127135,58.62839757069028,58.267889113075725,58.59902933037216,7.304029136492769,67.60792530724335,58.2678889314401,0.0,0.0,0.0,297.2708041439321,1.0,1.0,64.84273285991549,1.0,185.48496688367777,1.0,60.74782110090382,1.0,0
400,2026-01-02 14:24:13.560160,7.0850388019652115,7.0378744385960275,57.79096055576302,57.796433763904936,57.842679527396484,58.3327409880968,57.844921717513294,6.549921988191172,57.790960590015686,58.33274123074236,0.0,0.0,0.0,0.0,0.0,0.0,-90.52789628924529,1.0,-11.455763003596076,1.0,-81.15251997992345,1.0,0
401,2026-01-02 14:24:16.166649,6.9880796980236095,6.950956744640333,57.69827938814759,57.70425533291256,57.74896090751499,58.24582240157285,57.75116404111429,6.45616431091652,57.698279422027156,58.24582264509405,0.0,0.0,0.0,0.0,0.0,0.0,-90.23503628952767,1.0,-11.33098169702862,1.0,-81.44537708233202,1.0,0
402,2026-01-02 14:24:18.986340,6.8914342571804905,6.863725389386589,57.6056186816375,57.61208135361375,57.6553370028003,58.15859020940363,57.65750390002899,6.362504169012546,57.605618715167886,58.15859045374348,0.0,0.0,0.0,0.0,0.0,0.0,-89.9612318914933,1.0,-11.214196963464929,1.0,-81.71917568574827,1.0,0
403,2026-01-02 14:24:21.415459,6.795082072733907,6.776200783137852,57.51297852108995,57.51991252616374,57.56180323845409,58.07106481831503,57.56393649944234,6.268936767660281,57.51297855429355,58.0710650634205,0.0,0.0,0.0,0.0,0.0,0.0,-89.70517351144736,1.0,-11.10490467112868,1.0,-81.97523406579421,1.0,0
404,2026-01-02 14:24:23.788956,6.699004134518785,6.6884019307875535,57.420360785445645,57.42774980377201,57.468355696686466,57.98326522984233,57.4704577087847,6.1754579762864,57.42036081834334,57.98326547566404,0.0,0.0,0.0,0.0,0.0,0.0,-89.46562689573057,1.0,-11.002594893625428,1.0,-82.214780681511,1.0,0
405,2026-01-02 14:24:26.735041,6.603182764137466,6.600346516656974,57.327766517582646,57.335593649502265,57.37499035965942,57.89520912515885,57.377063320214084,6.082063587045494,57.32776655019391,57.89520937165084,0.0,0.0,0.0,0.0,0.0,0.0,-89.24145050457355,1.0,-10.906798266887563,1.0,-82.43895707266802,1.0,0
406,2026-01-02 14:24:29.250017,6.507601496270873,6.51205100022243,57.235196641935026,57.243444634989466,57.28170345202948,57.806912960805825,57.28374938485981,5.988749651063726,57.235196674277965,57.8069132079253,0.0,0.0,0.0,0.0,0.0,0.0,-89.03158392286059,1.0,-10.817059913392768,1.0,-82.64881785976286,1.0,0
407,2026-01-02 14:24:31.990544,6.412245001946981,6.42353070952952,57.142651440627354,57.151302925536626,57.18849106576291,57.718392062124025,57.1905118376746,5.895512103290933,57.142651472718924,57.71839230983109,0.0,0.0,0.0,0.0,0.0,0.0,-88.83506814129305,1.0,-10.732988696418033,1.0,-82.84533653863946,1.0,0
408,2026-01-02 14:24:34.837095,6.317098979717386,6.334799937791794,56.9392423382112,56.94983203738776,56.99360278966532,57.62963392809115,56.996001804246724,5.701002096324341,56.93924237339728,57.62963420111974,0.0,0.0,0.0,0.0,0.0,0.0,-97.68501455539536,1.0,-11.767942260121345,1.0,-91.31408979442313,1.0,0
409,2026-01-02 14:24:37.442355,6.2124743086786935,6.23699878937161,56.83740417199276,56.84840841671622,56.89110642915546,57.531832172796065,56.89348060448967,5.598480896028409,56.83740420694813,57.53183244636353,0.0,0.0,0.0,0.0,0.0,0.0,-97.5047874453594,1.0,-11.690784022562184,1.0,-91.49431690445908,1.0,0
410,2026-01-02 14:24:39.393843,6.108042667119226,6.139004608158922,56.735591151364225,56.74699269777612,56.7886764876855,57.43383741903437,56.791027373505464,5.496027664536601,56.735591186102205,57.43383769310942,0.0,0.0,0.0,0.0,0.0,0.0,-97.33501962102764,1.0,-11.618076051718162,1.0,-91.66407603686366,1.0,0
411,2026-01-02 14:24:42.072837,6.003792855752368,6.040828607999884,56.63380275690583,56.64558468849103,56.68630968493798,57.33566087859998,56.688638725962086,5.393639016515005,56.633802791438924,57.335661153153275,0.0,0.0,0.0,0.0,0.0,0.0,-97.17507946902515,1.0,-11.549551795155821,1.0,-91.82402488079333,1.0,0
412,2026-01-02 14:24:45.006383,5.899714345762172,5.942481300202337,56.5320387557825,56.544184491085105,56.584003116131974,57.23731306096939,56.58631165880135,5.291311948903629,56.53203879012246,57.2373133359733,0.0,0.0,0.0,0.0,0.0,0.0,-97.02436434906758,1.0,-11.484959186986998,1.0,-91.97473130882372,1.0,0
413,2026-01-02 14:24:47.323965,5.79579725811614,5.843972569856941,67.2979379626033,62.244763220821056,57.42616207153274,57.13904442483228,57.39333893939339,6.098338740452043,67.29793737889774,57.13904425118936,0.0,0.0,0.0,313.60930428140864,1.0,1.0,66.53569718139352,1.0,195.21963559213873,1.0,58.07466815156204,1.0,0
414,2026-01-02 14:24:49.866260,5.867059724227287,5.906172930317024,67.31257267595868,62.28004676669432,57.49168344622637,57.20124450559299,57.45915844743939,6.164158250438707,67.31257209387971,57.20124433231576,0.0,0.0,0.0,312.83795395852263,1.0,1.0,65.88664780053932,1.0,194.67562525392168,1.0,57.95236404424031,1.0,0
415,2026-01-02 14:24:52.582585,5.937627038242364,5.9682422944359725,67.32714436130341,62.31524417885271,57.55669544811723,57.26331356178658,57.524460065437395,6.229459870329769,67.32714378084059,57.26331338891273,0.0,0.0,0.0,312.06992564647345,1.0,1.0,65.25351623565712,1.0,194.13510327581207,1.0,57.81745664251048,1.0,0
416,2026-01-02 14:24:55.166811,6.0075162423909125,6.030167170133548,67.34165293433814,62.35034956856747,57.62120456495943,57.32523810343396,57.589250753370344,6.294250560110712,67.34165235548116,57.3252379309986,0.0,0.0,0.0,311.30522378841863,1.0,1.0,64.63545647250157,1.0,193.5980348901012,1.0,57.6708035498541,1.0,0
417,2026-01-02 14:24:57.796516,6.076743481089897,6.091934973688322,67.35609820592224,62.38535737539226,57.68521719589854,57.387005548836996,57.65353734541029,6.358537153955896,67.35609762866096,57.38700537687282,0.0,0.0,0.0,310.5438583533743,1.0,1.0,64.03169782686291,1.0,193.0643505613716,1.0,57.51321601280779,1.0,0
418,2026-01-02 14:25:00.544722,6.145324065116791,6.153533994019577,67.37047984219559,62.420262329649304,57.74873965711979,57.448604188684165,57.71732655960837,6.42232636991864,67.37047926652,57.44860401722176,0.0,0.0,0.0,309.7858469380694,1.0,1.0,63.441504382240055,1.0,192.53402131653274,1.0,57.345398077472964,1.0,0
419,2026-01-02 14:25:03.477747,6.213272531532344,6.214953274592896,67.38479774828683,62.45505961861986,57.81177819876233,57.51002306815188,57.780625017765146,6.485624829801495,67.38479717418707,57.510022897219805,0.0,0.0,0.0,309.0311945428807,1.0,1.0,62.8642213467856,1.0,192.0069892094034,1.0,57.16803061147857,1.0,0
420,2026-01-02 14:25:06.092878,6.280602702029421,6.276182587973476,67.57770774536687,62.97248641744354,58.14315413067615,57.57131436365424,58.10909835389757,6.814098083662916,67.57770717576584,57.57131412265917,0.0,0.0,0.0,298.86350728299016,1.0,1.0,90.37966126584251,1.0,190.50239343641806,1.0,80.6005159660117,1.0,0
421,2026-01-02 14:25:08.736135,6.377403044867064,6.3625090600638705,67.59779825293792,63.02021993247057,58.23110884596098,57.65763998938043,58.19741675934321,6.902416491436981,67.59779768555289,57.657639749223065,0.0,0.0,0.0,297.80459897877216,1.0,1.0,89.60092253687435,1.0,189.76125018980383,1.0,80.32034617997397,1.0,0
422,2026-01-02 14:25:11.436657,6.473369326542192,6.448535454511714,67.61781544679405,63.067794008257984,58.318424191687534,57.7436655166918,58.28508861880155,6.990088353189061,67.61781488161385,57.743665277395316,0.0,0.0,0.0,296.74955481293983,1.0,1.0,88.83378463337976,1.0,189.02385026649426,1.0,80.03242609220251,1.0,0
423,2026-01-02 14:25:14.114716,6.568513969587251,6.5342534797137,67.63775960188474,63.11520534241871,58.40510584874177,57.829382655288235,58.372119861365086,7.077119598012725,67.63775903889825,57.829382416874665,0.0,0.0,0.0,295.6983602937638,1.0,1.0,88.07788539172634,1.0,188.29016469339876,1.0,79.73713525018411,1.0,0
424,2026-01-02 14:25:16.954821,6.6628490145096775,6.619655232763153,67.65763014852149,63.16245029873403,58.49115917517066,57.91478350362182,58.45851608100403,7.163515819879277,67.65762958771771,57.91478326611211,0.0,0.0,0.0,294.651045447755,1.0,1.0,87.33286554559072,1.0,187.56016449742674,1.0,79.4348416121693,1.0,0
425,2026-01-02 14:25:19.522651,6.756386109840138,6.704733222311004,67.67742696345826,63.20952566883747,58.57658970832762,57.999860571526725,58.54428304052454,7.249282781595857,67.67742640482622,57.99986033494078,0.0,0.0,0.0,293.60761677082945,1.0,1.0,86.59839190443108,1.0,186.83382650010572,1.0,79.12588995793612,1.0,0
426,2026-01-02 14:25:22.295079,6.849136554411585,6.789480308910922,67.6971499968012,63.256428430134804,58.66140271859279,58.08460672071246,58.62942622146557,7.334425964702397,67.69714944033008,58.08460648506924,0.0,0.0,0.0,292.56807689273637,1.0,1.0,85.87413996963278,1.0,186.11111013910886,1.0,78.81059609417207,1.0,0
427,2026-01-02 14:25:24.842224,6.941111291133496,6.873889698181497,67.71679892625298,63.30315554193224,58.745603687204614,58.16901515799225,58.71395131177271,7.418951057145395,67.71679837193196,58.169014923309724,0.0,0.0,0.0,291.53244280076956,1.0,1.0,85.15980552374458,1.0,185.39200961981805,1.0,78.48929321141895,1.0,0
428,2026-01-02 14:25:27.233718,7.0323209517645955,6.957954958027003,67.73637378143437,63.34970431605458,58.82919778168308,58.25307945230502,58.797863670245064,7.502863417724809,67.73637322925276,58.2530792186003,0.0,0.0,0.0,290.50071293370894,1.0,1.0,84.45510173316961,1.0,184.67648437990647,1.0,78.16226814327365,1.0,0
429,2026-01-02 14:25:29.986023,7.122775843355267,7.041669964171107,58.05256007092853,58.05359980480243,58.08843796039553,58.33659735851582,58.089958957626074,6.794959165375785,58.052560099043156,58.336597533136995,0.0,0.0,0.0,0.0,0.0,0.0,-69.48164626521702,1.0,-9.402903642694582,1.0,-58.401846777087485,1.0,0
430,2026-01-02 14:25:32.750702,7.048358143098019,6.979119178399067,57.98353256917289,57.98495425265826,58.01805473191975,58.274045517727465,58.01952490793761,6.724525114320317,57.98353259670878,58.27404569371569,0.0,0.0,0.0,0.0,0.0,0.0,-69.02445379296296,1.0,-9.209346013676623,1.0,-58.859053735886846,1.0,0
431,2026-01-02 14:25:35.404768,6.974430115583791,6.916078708107168,57.91447934374808,57.91629707083513,57.94778464147593,58.211004079523406,57.949209177830184,6.654209382966605,57.91447937075556,58.2110042567579,0.0,0.0,0.0,0.0,0.0,0.0,-68.60763242514167,1.0,-9.032621750293401,1.0,-59.27586930909001,1.0,0
432,2026-01-02 14:25:38.022209,6.900948513916375,6.852591810984652,57.26783445890208,57.27792426191767,57.34755455945489,58.147376654338984,57.35102655120376,6.056026897591688,57.26783450216914,58.14737696843479,0.0,0.0,0.0,0.0,0.0,0.0,-115.84903311643302,1.0,-14.470615891468697,1.0,-105.04897171529137,1.0,0
433,2026-01-02 14:25:40.701483,6.776869429955536,6.740080031808613,57.14863140364239,57.15933156862486,57.22717587451905,58.034863846991506,57.23060362365732,5.9356039692351015,57.148631446563755,58.034864161897445,0.0,0.0,0.0,0.0,0.0,0.0,-115.57807967051303,1.0,-14.354998773455918,1.0,-105.31991936659324,1.0,0
434,2026-01-02 14:25:43.512208,6.6530805469534755,6.627278062234972,57.02945034434528,57.04074456731258,57.106887401260735,57.92206090074788,57.11027345679547,5.815273801605356,57.02945038693879,57.92206121642171,0.0,0.0,0.0,0.0,0.0,0.0,-115.32125929818449,1.0,-14.24535011210537,1.0,-105.57673973892179,1.0,0
435,2026-01-02 14:25:46.269944,6.52956672795871,6.514201025350971,56.91029286177385,56.922164172556855,56.98668605318381,57.808982936051564,56.99003279541654,5.695033139498398,56.91029290405638,57.80898325245342,0.0,0.0,0.0,0.0,0.0,0.0,-115.077772342147,1.0,-14.141342511493349,1.0,-105.82022669495927,1.0,0
436,2026-01-02 14:25:49.083536,6.406313697433116,6.400863207914182,56.79115957929082,56.80359059641621,56.86656847899797,57.6956442371014,56.86987813687431,5.574878480265784,56.79115962127832,57.69564455419361,0.0,0.0,0.0,0.0,0.0,0.0,-114.84687129666327,1.0,-14.042668856859564,1.0,-106.05111615120677,1.0,0
437,2026-01-02 14:25:51.483972,6.283307963233439,6.28727809553104,56.67205116183224,56.685024227051024,56.74653155319143,57.58205828715708,56.74980621440655,5.45480655714323,56.672051203539795,57.58205860490407,0.0,0.0,0.0,0.0,0.0,0.0,-114.6278781914134,1.0,-13.949039417298081,1.0,-106.27010346183852,1.0,0
438,2026-01-02 14:25:54.206988,6.160536782072852,6.1734584422238035,56.55296802606816,56.5664653458803,56.62657212790744,57.46823783793134,56.62981374820838,5.334814090323898,56.55296806751001,57.46823815629947,0.0,0.0,0.0,0.0,0.0,0.0,-114.42013243993188,1.0,-13.860178948448265,1.0,-106.47784631601098,1.0,0
439,2026-01-02 14:25:56.902135,6.0379881068312455,6.059416289765913,56.43391029098968,56.44791406234338,56.50668704571577,57.35419492903225,56.50989745878484,5.214897800311023,56.43391033217936,57.35419524798974,0.0,0.0,0.0,0.0,0.0,0.0,-114.22302850462529,1.0,-13.775838281731012,1.0,-106.67495604593569,1.0,0
440,2026-01-02 14:25:59.751125,5.915650538141295,5.945163016024417,56.31487827721755,56.32937074723782,56.38687358011048,57.23994093641483,56.39005450733006,5.095054848296956,56.314878318167835,57.23994125593159,0.0,0.0,0.0,0.0,0.0,0.0,-114.03597533444554,1.0,-13.695774043185338,1.0,-106.86200342149732,1.0,0
441,2026-01-02 14:26:02.213036,5.793513314358119,5.830709412739669,67.2081353172025,61.987439956124035,57.30855959786862,57.125755797617586,57.27749538575104,5.982495231447135,67.20813473260995,57.12575566056245,0.0,0.0,0.0,318.3425230226193,1.0,1.0,51.606758867137614,1.0,195.51629106672408,1.0,45.83792969640399,1.0,0
442,2026-01-02 14:26:04.950035,5.848786277083585,5.879803720696759,67.21966139005876,62.01562195324518,57.360079088066406,57.17484994429962,57.32924840736908,6.034248254623752,67.2196608067426,57.17484980750235,0.0,0.0,0.0,317.73501949293683,1.0,1.0,51.08549530234541,1.0,195.0894015499216,1.0,45.75168549763475,1.0,0
443,2026-01-02 14:26:07.530737,5.903500948725977,5.928805661104003,67.2311323585237,62.043737078218356,57.411185213621835,57.22385169928877,57.380580128331005,6.085579977096458,67.23113177647487,57.223851562788475,0.0,0.0,0.0,317.13042034470743,1.0,1.0,50.58021619163355,1.0,194.6655426183952,1.0,45.65236284577168,1.0,0
444,2026-01-02 14:26:09.993726,5.957674444940133,5.977701223095903,67.52861334244591,62.85757248518011,57.87916882354922,57.27284384968487,57.84367991679005,6.548679631196851,67.52861276587589,57.27284359816098,0.0,0.0,0.0,301.45112089901346,1.0,1.0,95.5163091890654,1.0,192.833162682291,1.0,84.12186773171015,1.0,0
445,2026-01-02 14:26:12.728128,6.059976348288369,6.067799207442339,67.54951510790667,62.90720378612387,57.971637378643955,57.36294097289367,57.93654197432396,6.641541691202967,67.5495145336496,57.36294072219159,0.0,0.0,0.0,300.34945370912584,1.0,1.0,94.68948092433038,1.0,192.0595985473028,1.0,83.8470145077963,1.0,0
446,2026-01-02 14:26:15.150914,6.16139268471107,6.15760281533221,67.57034432318294,62.956678952029534,58.06343707474564,57.45274369563974,58.02872734453424,6.733727063848672,67.5703437512274,57.452743445784755,0.0,0.0,0.0,299.2516104143053,1.0,1.0,93.87495753117037,1.0,191.28985886027294,1.0,83.56370403873825,1.0,0
447,2026-01-02 14:26:17.804726,6.261936631432298,6.247102981848419,67.59110028329415,63.005993812355605,58.154573336402166,57.542242954497176,58.12024172306562,6.825241444779869,67.5910997136288,57.5422427055134,0.0,0.0,0.0,298.15762817189284,1.0,1.0,93.07233918093516,1.0,190.52390305887457,1.0,83.27233035856807,1.0,0
448,2026-01-02 14:26:20.656642,6.361620936695898,6.336291076418604,67.6117830876828,63.05514484303071,58.245051845655524,57.63143012032506,58.21109104976764,6.9160907738472215,67.6117825202964,57.63142987223541,0.0,0.0,0.0,297.06750174058044,1.0,1.0,92.28125791537423,1.0,189.7617079646352,1.0,82.97329039862689,1.0,0
449,2026-01-02 14:26:23.213097,6.460457968224667,6.42515888505,67.6323921914082,63.10412831228919,58.33487785509475,57.720296980475545,58.30128081944126,7.006280545852735,67.6323916262896,57.72029673330187,0.0,0.0,0.0,295.98125984250163,1.0,1.0,91.50136026278233,1.0,189.0032503990824,1.0,82.66694342523806,1.0,0
450,2026-01-02 14:26:25.986092,6.55845969233691,6.513698583405818,67.65292746587438,63.15294088967891,58.42405691818514,57.80883571191687,58.39081681916214,7.095816547873079,67.65292690301247,57.80883546567997,0.0,0.0,0.0,294.8989092555511,1.0,1.0,90.73230723799952,1.0,188.24850138912552,1.0,82.35364291010683,1.0,0
451,2026-01-02 14:26:28.596649,6.655637726700262,6.601902725948592,67.67338882070693,63.20157942061669,58.51259448167854,57.89703887032036,58.47970471703304,7.184704448011966,67.6733882600907,57.897038625040025,0.0,0.0,0.0,293.8204547430837,1.0,1.0,89.97378013702928,1.0,187.49743775629213,1.0,82.0337162491569,1.0,0
452,2026-01-02 14:26:31.267976,6.752003349711315,6.68976421554155,67.69377588039002,63.25004072512294,58.600495766267635,57.98489935973686,58.56794994358897,7.27294967680536,67.69377532200853,57.98489911543196,0.0,0.0,0.0,292.74591609737394,1.0,1.0,89.22546315318414,1.0,186.75003052749162,1.0,81.70748504369385,1.0,0
453,2026-01-02 14:26:34.257743,6.847567497843754,6.777276299092928,67.71408866455087,63.29832199344788,58.687766132926406,58.07241042822597,58.6555580609011,7.360557796325274,67.71408810839323,58.07241018491441,0.0,0.0,0.0,291.67529228393033,1.0,1.0,88.48707235017628,1.0,186.00626811348775,1.0,81.37526510040516,1.0,0
454,2026-01-02 14:26:36.826499,6.942340800281002,6.864432558042405,67.73432677403225,63.346420306972846,58.77441069482123,58.15956565825025,58.74253437325924,7.447534110862379,67.73432622008767,58.159565415949146,0.0,0.0,0.0,290.6086043410932,1.0,1.0,87.75832089440883,1.0,185.2661157465718,1.0,81.03732007441522,1.0,0
455,2026-01-02 14:26:39.382447,7.03633357247464,6.951226866419751,67.7544901928136,63.39433308913403,58.860434773205895,58.24635892489585,58.82888438682325,7.533884126577338,67.75448964107134,58.246358683621416,0.0,0.0,0.0,289.5458531132558,1.0,1.0,87.0389364388302,1.0,184.52954445365322,1.0,80.69394838855715,1.0,0
456,2026-01-02 14:26:41.661863,7.129555856883686,7.0376534056142095,58.11398923033812,58.11423317070362,58.14637215450748,58.33259630173943,58.147729933562466,6.852730123186906,58.113989256939206,58.33259645509897,0.0,0.0,0.0,0.0,0.0,0.0,-63.4196702611689,1.0,-8.8967002903928,1.0,-51.290920309270405,1.0,0
457,2026-01-02 14:26:44.193458,7.061630780663705,6.982718715754835,58.05219090097977,58.05270189720678,58.083003966817365,58.27766045635367,58.084302957995945,6.789303145950408,58.05219092687651,58.27766061138322,0.0,0.0,0.0,0.0,0.0,0.0,-62.86114730187364,1.0,-8.661137474632596,1.0,-51.84944906318378,1.0,0
458,2026-01-02 14:26:46.832902,6.994303902441624,6.92718581999602,57.99031898639991,57.99114528036491,58.019747448406946,58.22212651177351,58.020994566395274,6.725994752847062,57.99031901166168,58.2221266683057,0.0,0.0,0.0,0.0,0.0,0.0,-62.35858007244133,1.0,-8.448770515201431,1.0,-52.35200470337986,1.0,0
459,2026-01-02 14:26:49.905532,6.927515294499496,6.87111466599376,57.92840087392868,57.92957059295246,57.95660403078568,58.166054404813316,57.95780521722272,6.662805402319782,57.92840089861696,58.16605456270023,0.0,0.0,0.0,0.0,0.0,0.0,-61.90549308712434,1.0,-8.25696575816437,1.0,-52.80509168869685,1.0,0
460,2026-01-02 14:26:52.878935,6.861211959028461,6.814558235040041,57.86645736726672,57.86798435892572,57.89357279561109,58.10949710724737,57.894733183909494,6.599733367783095,57.86645739143622,58.10949726635775,0.0,0.0,0.0,0.0,0.0,0.0,-61.496309025983464,1.0,-8.08346040514607,1.0,-53.214278647146784,1.0,0
461,2026-01-02 14:26:55.638557,6.795346878321773,6.757563552731741,57.804503620613914,57.80639163249375,57.83065077604497,58.052501636252245,57.831774824233705,6.536775007000773,57.80450364431349,58.05250179646915,0.0,0.0,0.0,0.0,0.0,0.0,-61.12622994521644,1.0,-7.926295875222422,1.0,-53.58435483060475,1.0,0
462,2026-01-02 14:26:58.009856,6.7298781636409855,6.700172503791075,57.74255087926529,57.744796487659094,57.76783396413775,57.99510986905802,57.76892556236459,6.473925744129592,57.74255090253872,57.99511003027699,0.0,0.0,0.0,0.0,0.0,0.0,-60.791089514395935,1.0,-7.783771447975596,1.0,-53.919495261425254,1.0,0
463,2026-01-02 14:27:00.890621,6.6647684021409805,6.642422501195408,57.68060705595123,57.6832018150684,57.705117421320445,57.93735921201322,57.70617997917451,6.411180160031028,57.68060707883784,57.93735937414067,0.0,0.0,0.0,0.0,0.0,0.0,-60.48724871334343,1.0,-7.654400803858152,1.0,-54.223336062477756,1.0,0
464,2026-01-02 14:27:03.741821,6.599984066349599,6.584347076756347,57.61867805082866,57.62161003459348,57.64249592147966,57.879283190946325,57.643532436504955,6.348532616537012,57.61867807336383,57.879283353898245,0.0,0.0,0.0,0.0,0.0,0.0,-60.211508912857425,1.0,-7.536859872629975,1.0,-54.499075862963764,1.0,0
465,2026-01-02 14:27:06.282170,6.535495059922563,6.52597632795045,57.556767857624635,57.560022830348146,57.57996398342211,57.82091189796376,57.580977100770916,6.285977280054108,57.55676787984024,57.82091206166454,0.0,0.0,0.0,0.0,0.0,0.0,-59.96105103122318,1.0,-7.429981038740152,1.0,-54.74953084728895,1.0,0
466,2026-01-02 14:27:08.887218,6.4712743057155295,6.467337321777406,57.49487905668198,57.49844134309661,57.51751609132466,57.762272395298034,57.51850815361178,6.223508332214224,57.494879078606836,57.762272559679545,0.0,0.0,0.0,0.0,0.0,0.0,-59.733374690722485,1.0,-7.332741552090738,1.0,-54.977201393171526,1.0,0
467,2026-01-02 14:27:11.586433,6.407297401202494,6.408454472262159,57.4330132752624,57.43686640030928,57.45514675099543,57.70338909263263,57.456119836860104,6.161120014843299,57.43301329692254,57.70338925763337,0.0,0.0,0.0,0.0,0.0,0.0,-59.52626924454307,1.0,-7.244208479164627,1.0,-55.18430394204188,1.0,0
468,2026-01-02 14:27:14.316837,6.3435423130922235,6.349349813851995,57.041422386184095,57.05017440697754,57.090292581171624,57.64420433915162,57.0924431799431,5.797443453606437,57.041422419404455,57.64420459337744,0.0,0.0,0.0,0.0,0.0,0.0,-91.52637852650969,1.0,-11.110510964158493,1.0,-85.02552394077156,1.0,0
469,2026-01-02 14:27:17.135567,6.245513794053064,6.2582839765735025,56.94625492682012,56.95541934043716,56.99444650967323,57.553137882667635,56.996571515610086,5.701571788689231,56.946254959790544,57.5531381374776,0.0,0.0,0.0,0.0,0.0,0.0,-91.3309984900934,1.0,-11.026920700487608,1.0,-85.22089238795161,1.0,0
470,2026-01-02 14:27:19.775235,6.147694533404958,6.1670088930302915,56.851112725807006,56.86067190339108,56.898671202547085,57.46186221706802,56.90077232024846,5.605772592779534,56.85111275854283,57.461862472426084,0.0,0.0,0.0,0.0,0.0,0.0,-91.1476973351455,1.0,-10.948458673851746,1.0,-85.4042022348267,1.0,0
471,2026-01-02 14:27:22.458337,6.050071594132909,6.0755374754999965,56.75599566706536,56.76593238890651,56.80296323045553,57.370390252403794,56.80504204410052,5.510042316117251,56.75599569958096,57.37039050827615,0.0,0.0,0.0,0.0,0.0,0.0,-90.97567540436557,1.0,-10.874800385636263,1.0,-85.57620967906132,1.0,0
472,2026-01-02 14:27:25.412826,5.952632900284597,5.983881830224499,56.66090305400324,56.671200424461176,56.70731890629651,57.2787340927109,56.70937688528355,5.4143771568175465,56.66090308631202,57.278734349066,0.0,0.0,0.0,0.0,0.0,0.0,-90.81422575434317,1.0,-10.80563002915369,1.0,-85.73766222639279,1.0,0
473,2026-01-02 14:27:28.349258,5.855367124871214,5.892053260352713,67.34523670888838,62.37087799182569,57.53007665780892,57.187136713966765,57.49690926143877,6.201909047363401,67.34523612699279,57.18713652569479,0.0,0.0,0.0,311.1163341539341,1.0,1.0,71.5972555457256,1.0,194.61429501575367,1.0,62.967339473516404,1.0,0
474,2026-01-02 14:27:31.317287,5.932050736636364,5.959493874991674,67.36102194210709,62.40890733866809,57.60045903766843,57.254576934502516,57.56760136103251,6.272601148963662,67.36102136196149,57.25457674671164,0.0,0.0,0.0,310.2843434996315,1.0,1.0,70.92617502678422,1.0,194.02900961267733,1.0,62.806434517597154,1.0,0
475,2026-01-02 14:27:34.104775,6.008015592756692,6.026762156451203,67.37674119274944,62.446831939150016,57.670305810128916,57.32184479598642,57.637749906042046,6.342749695936637,67.37674061434319,57.32184460870938,0.0,0.0,0.0,309.45583058215436,1.0,1.0,70.26950572310398,1.0,193.44728210512585,1.0,62.634586425360794,1.0,0
476,2026-01-02 14:27:36.697762,6.083277125748447,6.093846376817049,67.39239439892582,62.48464671709738,57.73962326246358,57.38892857238344,57.707361574754366,6.412361366571308,67.3923938222485,57.38892838565091,0.0,0.0,0.0,308.63079866351325,1.0,1.0,69.62657835629216,1.0,192.86904875229993,1.0,62.45247606443627,1.0,0
477,2026-01-02 14:27:39.622017,6.157850059101432,6.160735552253056,67.4079815525386,62.52234694125971,57.80841753237132,57.45581728155501,57.77644286661903,6.48144266031909,67.40798097757981,57.45581709539577,0.0,0.0,0.0,307.8092481705087,1.0,1.0,68.99677000490101,1.0,192.2942863757271,1.0,62.26073504819851,1.0,0
478,2026-01-02 14:27:42.132953,6.231748444747609,6.227419365411794,67.42350223998096,62.559927931108604,57.87669459890982,57.522500607783776,57.845000098370285,6.549999893916005,67.42350166673052,57.52250042222485,0.0,0.0,0.0,306.99120090307196,1.0,1.0,68.37949251519149,1.0,191.72293702922616,1.0,62.05996311962281,1.0,0
479,2026-01-02 14:27:44.913807,6.3049856965089655,6.293888138261302,67.43895648773642,62.59738552659523,57.94446054249337,57.58896887458851,57.913039666763275,6.618039464118834,67.43895591618416,57.58896868965524,0.0,0.0,0.0,306.17665546534124,1.0,1.0,67.77419539844232,1.0,191.15497753432464,1.0,61.85071366473949,1.0,0
480,2026-01-02 14:27:47.472604,6.377574654500235,6.360132800115413,67.48464395905279,62.71746728843254,58.05510503784491,57.6552230853618,58.02339567401593,6.728395458517342,67.48464338961527,57.65522288891013,0.0,0.0,0.0,303.7686106409596,1.0,1.0,72.0732486564657,1.0,190.44770383061405,1.0,65.70302794159488,1.0,0
481,2026-01-02 14:27:50.082083,6.454768074797244,6.430503449334722,67.50099509203973,62.75696600144982,58.12640074558228,57.7255931338918,58.09497404322957,6.7999738296002965,67.5009945243962,57.72559293814766,0.0,0.0,0.0,302.90679316611266,1.0,1.0,71.44805861571513,1.0,189.8477058921344,1.0,65.46639312148272,1.0,0
482,2026-01-02 14:27:52.644819,6.5312918941612566,6.500620652505601,67.51727765364396,62.79632451380427,58.197170619962556,57.79570972003185,58.166020552097685,6.87102034030536,67.51727708778428,57.79570952501678,0.0,0.0,0.0,302.04858987604206,1.0,1.0,70.83369292161024,1.0,189.25109780525418,1.0,65.22255848835812,1.0,0
483,2026-01-02 14:27:55.482067,6.607157693181832,6.570476700876218,67.53349169039245,62.83553953365481,58.267420389517085,57.8655651362331,58.23654117430376,6.941540964317302,67.53349112630659,57.86556494196738,0.0,0.0,0.0,301.19399831845374,1.0,1.0,70.22972277241024,1.0,188.65785059688278,1.0,64.9719412547256,1.0,0
484,2026-01-02 14:27:57.701864,6.68237662357263,6.640064322641642,67.54963701062817,62.87460781597203,58.337155494242445,57.93515211187867,58.306541579416404,7.0115413712058485,67.54963644830622,57.93515191838141,0.0,0.0,0.0,300.343028594994,1.0,1.0,69.63577441524649,1.0,188.06791211545715,1.0,64.71492965999914,1.0,0
485,2026-01-02 14:28:00.228622,6.7569594070413554,6.709376680679839,67.5657132931279,62.91352622398985,58.40638131026783,58.00446381088645,58.376027361343695,7.081027154880235,67.56571273255999,58.004463618175656,0.0,0.0,0.0,299.49569763634463,1.0,1.0,69.05145961070502,1.0,187.48127656635916,1.0,64.45189745704738,1.0,0
486,2026-01-02 14:28:02.888053,6.830916362849549,6.7784073130798586,67.58172098879339,62.95229221871419,58.475103272052394,58.07349377243233,58.44500415957746,7.150003954833307,67.58172042996979,58.07349358052494,0.0,0.0,0.0,298.6519816768718,1.0,1.0,68.47643937362591,1.0,186.89789179802574,1.0,64.18319811757556,1.0,0
487,2026-01-02 14:28:05.950728,6.904257448452797,6.8471501568839255,67.59765995124363,62.99090308738787,58.54332658440065,58.142235934540125,58.51347737337013,7.218477170318506,67.59765939415473,58.14223574345209,0.0,0.0,0.0,297.8118884318655,1.0,1.0,67.9103747188492,1.0,186.31772304274818,1.0,63.90916772943456,1.0,0
488,2026-01-02 14:28:08.813497,6.976992261204123,6.91559950686655,67.61353023951112,63.02935638433886,58.61105631028273,58.21068459288242,58.58145224816583,7.286452046780891,67.6135296841474,58.210684402628736,0.0,0.0,0.0,296.9754147899054,1.0,1.0,67.35295563430554,1.0,185.7407413274359,1.0,63.63012209931185,1.0,0
489,2026-01-02 14:28:11.472092,7.049130051151932,6.98374998324259,67.62933170721728,63.067649682924404,58.67829747532485,58.27883436856352,58.648933984736125,7.353933784992942,67.62933115356927,58.27883417915831,0.0,0.0,0.0,296.14256846615115,1.0,1.0,66.8038721079256,1.0,185.1669234736164,1.0,63.34635095811336,1.0,0
490,2026-01-02 14:28:14.543685,7.120679746855152,7.05159653161199,57.85153583053075,57.85553051958514,57.90274503185939,58.34647334895129,57.904949920842974,6.609950184788668,57.85153586460036,58.346473581322215,0.0,0.0,0.0,0.0,0.0,0.0,-88.27632498650928,1.0,-11.39453996586326,1.0,-77.71618105664402,1.0,0
491,2026-01-02 14:28:17.763532,7.0261321677156,6.968359301922518,57.76189747741879,57.76640120784215,57.81190182237563,58.26323511400081,57.81406147464487,6.519061737567713,57.761897511053185,58.26323534739454,0.0,0.0,0.0,0.0,0.0,0.0,-87.93423391125543,1.0,-11.24898205603131,1.0,-78.05826054266163,1.0,0
492,2026-01-02 14:28:20.277301,6.931950979802501,6.884755689568468,57.39487293177502,57.40369692255474,57.46660309367069,58.17956351599082,57.46972471706648,6.174725043553316,57.394872972643796,58.179563811487775,0.0,0.0,0.0,0.0,0.0,0.0,-109.19313772831174,1.0,-13.668513262246051,1.0,-98.82860851689657,1.0,0
493,2026-01-02 14:28:22.664417,6.8150006296360655,6.778906180166197,57.2826102901418,57.29201490945484,57.353208996639815,58.07371301983872,57.356288044763055,6.061288370431003,57.28261033066121,58.07371331615457,0.0,0.0,0.0,0.0,0.0,0.0,-108.91926089755088,1.0,-13.551670582501174,1.0,-99.10248534765742,1.0,0
494,2026-01-02 14:28:25.195717,6.698343612688319,6.672763340637472,57.17036924789466,57.18033851496387,57.23990567352334,57.96756924562575,57.242944733250674,5.947945058144746,57.17036928808372,57.96756954271548,0.0,0.0,0.0,0.0,0.0,0.0,-108.66043848466234,1.0,-13.441184598832479,1.0,-99.36131065785503,1.0,0
495,2026-01-02 14:28:27.799700,6.581963811567995,6.566343283475865,57.05815109210159,57.068668307814576,57.12668964489592,57.86114830303408,57.129691125251526,5.834691449414041,57.05815113197821,57.86114860085536,0.0,0.0,0.0,0.0,0.0,0.0,-108.41576942652864,1.0,-13.33668735298943,1.0,-99.6059739213706,1.0,0
496,2026-01-02 14:28:30.232588,6.46584605622314,6.459661182793334,56.9459569797687,56.957004929651134,57.01355763590276,57.7544653634583,57.0165237821066,5.72152410557742,56.94595701934976,57.75446566197126,0.0,0.0,0.0,0.0,0.0,0.0,-108.18443378468601,1.0,-13.237836962503025,1.0,-99.83730666590418,1.0,0
497,2026-01-02 14:28:32.850947,6.349976075214213,6.35273131569254,56.83378738755962,56.84534856454999,56.90050616445857,57.647534701456955,56.903439072135164,5.6084393949518345,56.83378742686101,57.64753500062406,0.0,0.0,0.0,0.0,0.0,0.0,-107.96565508030653,1.0,-13.1443031341405,1.0,-100.05608537028365,1.0,0
498,2026-01-02 14:28:35.243699,6.234340414997065,6.24556712549646,56.721643046256546,56.733699757359254,56.78753205913151,57.540369757999166,56.790433682677886,5.495434004875755,56.721643085293266,57.54037005778504,0.0,0.0,0.0,0.0,0.0,0.0,-107.75869739688915,1.0,-13.055784547759686,1.0,-100.2630314644648,1.0,0
499,2026-01-02 14:28:37.922726,6.118926407633567,6.1381812884235645,56.609523869431676,56.622058426865905,56.67463202720996,57.43298320700978,56.67750419643313,5.382504518045586,56.60952390821791,57.43298350738109,0.0,0.0,0.0,0.0,0.0,0.0,-107.56290594258644,1.0,-12.972008856309003,1.0,-100.45883161069469,1.0,0
500,2026-01-02 14:28:40.905582,6.003722104413779,6.030585740661228,56.49743034687812,56.51042509912002,56.56180314765613,57.3253869826342,56.564647570893634,5.2696478919520935,56.49743038542719,57.32538728355948,0.0,0.0,0.0,0.0,0.0,0.0,-107.37762302824194,1.0,-12.892692123500638,1.0,-100.64410583311201,1.0,0
