iteration,timestamp,error_flag,P2,T1,V5F,J5,V5,T2,V4F,J4,V4,J1,P1F,V1F,P1
0.0,2026-01-01 19:52:19.602430,False,1.0,0.0,0.0,0.0,1.0,0.0,0.0,0.0,1.0,0.0,0.0,0.0,1.0
1.0,2026-01-01 19:52:22.416169,False,1.0,3.1915781497955322,130.785888671875,55.54426956176758,1.0,3.2186312675476074,155.1534881591797,54.51407241821289,1.0,69.21785736083984,212.41648864746094,232.28428649902344,1.0
2.0,2026-01-01 19:52:25.087442,False,1.0,3.3316550254821777,130.31216430664062,55.67726135253906,1.0,3.3848071098327637,153.80491638183594,54.68024444580078,1.0,69.23635864257812,211.44125366210938,231.2305145263672,1.0
3.0,2026-01-01 19:52:27.855036,False,1.0,3.471224784851074,129.8325653076172,55.8096809387207,1.0,3.5495386123657227,152.466796875,54.844966888427734,1.0,69.25482940673828,210.4677734375,230.1776580810547,1.0
4.0,2026-01-01 19:52:30.623160,False,1.0,3.610280752182007,129.34710693359375,55.941524505615234,1.0,3.712836742401123,151.13912963867188,55.00825881958008,1.0,69.27326202392578,209.49607849121094,229.12579345703125,1.0
5.0,2026-01-01 19:52:33.341155,False,1.0,3.748816967010498,128.85586547851562,56.07278060913086,1.0,3.8747129440307617,149.82188415527344,55.170127868652344,1.0,69.29166412353516,208.52621459960938,228.074951171875,1.0
6.0,2026-01-01 19:52:36.082525,False,1.0,3.886826753616333,128.35887145996094,56.203453063964844,1.0,4.035178184509277,148.5150604248047,55.33058547973633,1.0,69.31002807617188,207.55819702148438,227.02516174316406,1.0
7.0,2026-01-01 19:52:39.136760,False,1.0,4.024304389953613,127.85619354248047,56.333534240722656,1.0,4.194244384765625,147.2186279296875,55.489646911621094,1.0,69.32836151123047,206.59207153320312,225.97650146484375,1.0
8.0,2026-01-01 19:52:41.424498,False,1.0,4.161243915557861,127.3478775024414,56.46302032470703,1.0,4.351921558380127,145.93255615234375,55.647315979003906,1.0,69.3466567993164,205.6278533935547,224.92898559570312,1.0
9.0,2026-01-01 19:52:44.210933,False,1.0,4.297638416290283,126.83397674560547,56.59190368652344,1.0,4.50822114944458,144.65682983398438,55.803611755371094,1.0,69.36491394042969,204.6656036376953,223.88267517089844,1.0
10.0,2026-01-01 19:52:47.140215,False,1.0,4.433483123779297,126.31455993652344,56.72018051147461,1.0,4.663154602050781,143.3914337158203,55.95853805541992,1.0,69.38313293457031,203.705322265625,222.8376007080078,1.0
11.0,2026-01-01 19:52:49.878727,False,1.0,4.568770885467529,125.78968048095703,56.84785079956055,1.0,4.816732883453369,142.1363525390625,56.11211013793945,1.0,69.40131378173828,202.74705505371094,221.79383850097656,1.0
12.0,2026-01-01 19:52:52.677433,False,1.0,4.703496932983398,141.26699829101562,57.218505859375,1.0,4.968966484069824,153.6309814453125,56.264400482177734,1.0,69.50458526611328,197.30368041992188,219.2068634033203,1.0
13.0,2026-01-01 19:52:55.066935,False,1.0,4.854799747467041,140.5559844970703,57.358463287353516,1.0,5.133511543273926,152.39065551757812,56.42893981933594,1.0,69.5246353149414,196.2471466064453,218.048095703125,1.0
14.0,2026-01-01 19:52:57.938173,False,1.0,5.005341053009033,139.84173583984375,57.49765396118164,1.0,5.296728134155273,151.1583251953125,56.5921516418457,1.0,69.54463195800781,195.19288635253906,216.89112854003906,1.0
15.0,2026-01-01 19:53:00.724847,False,1.0,5.155117511749268,139.1243133544922,57.636077880859375,1.0,5.458625316619873,149.93389892578125,56.7540397644043,1.0,69.5645980834961,194.140869140625,215.7359619140625,1.0
16.0,2026-01-01 19:53:02.954983,False,1.0,5.3041253089904785,138.40377807617188,57.77373504638672,1.0,5.619210720062256,148.71737670898438,56.91461944580078,1.0,69.58451080322266,193.0911407470703,214.5826416015625,1.0
17.0,2026-01-01 19:53:05.413889,False,1.0,5.452361106872559,137.68019104003906,57.91062545776367,1.0,5.7784929275512695,147.5087127685547,57.07389450073242,1.0,69.60438537597656,192.0437469482422,213.4311981201172,1.0
18.0,2026-01-01 19:53:07.832682,False,1.0,5.599822521209717,136.95361328125,58.0467414855957,1.0,5.93648099899292,146.3079071044922,57.231876373291016,1.0,69.62421417236328,190.99868774414062,212.2816619873047,1.0
19.0,2026-01-01 19:53:10.785047,False,1.0,5.746505260467529,136.2240753173828,58.18208694458008,1.0,6.093182563781738,145.11488342285156,57.388572692871094,1.0,69.64399719238281,189.95599365234375,211.13406372070312,1.0
20.0,2026-01-01 19:53:13.508429,False,1.0,5.892406940460205,135.49168395996094,58.31665802001953,1.0,6.2486066818237305,143.9296417236328,57.54399108886719,1.0,69.66373443603516,188.9156951904297,209.98843383789062,1.0
21.0,2026-01-01 19:53:16.457681,False,1.0,6.037524223327637,134.7564697265625,58.4504508972168,1.0,6.402761459350586,142.7521209716797,57.69813919067383,1.0,69.68342590332031,187.8778076171875,208.84483337402344,1.0
22.0,2026-01-01 19:53:19.236636,False,1.0,6.181853771209717,134.0185089111328,58.58346939086914,1.0,6.555654525756836,141.58230590820312,57.85102844238281,1.0,69.70307159423828,186.8423614501953,207.7032470703125,1.0
23.0,2026-01-01 19:53:21.965454,False,1.0,6.325393199920654,133.27784729003906,58.7157096862793,1.0,6.707294940948486,140.42015075683594,58.002662658691406,1.0,69.72266387939453,185.8093719482422,206.56375122070312,1.0
24.0,2026-01-01 19:53:24.817786,False,1.0,6.468139171600342,125.21408081054688,58.738895416259766,1.0,6.857690811157227,133.16854858398438,58.15302276611328,1.0,69.70276641845703,186.85824584960938,206.1358642578125,1.0
25.0,2026-01-01 19:53:27.818933,False,1.0,6.602248668670654,124.54622650146484,58.86338806152344,1.0,7.000319957733154,132.0323028564453,58.29564666748047,1.0,69.72132873535156,185.8798065185547,205.05723571777344,1.0
26.0,2026-01-01 19:53:30.607761,False,0.0,6.735642910003662,110.24523162841797,58.80143737792969,1.0,7.1417317390441895,82.22906494140625,58.43687057495117,1.0,67.82870483398438,285.6344299316406,185.59564208984375,1.0
27.0,2026-01-01 19:53:33.405610,False,0.0,6.853720188140869,109.00474548339844,58.90353012084961,1.0,7.22980260848999,82.26844787597656,58.524940490722656,1.0,67.85148620605469,284.43328857421875,184.71656799316406,1.0
28.0,2026-01-01 19:53:36.144680,False,0.0,6.970468521118164,107.79515838623047,59.00483703613281,1.0,7.317915439605713,82.2797622680664,58.61305236816406,1.0,67.87422180175781,283.23504638671875,183.8418731689453,1.0
29.0,2026-01-01 19:53:38.737257,False,0.0,7.085921764373779,106.61470031738281,59.10536575317383,1.0,7.406040668487549,82.26498413085938,58.701175689697266,1.0,67.89690399169922,282.039794921875,182.9716033935547,1.0
30.0,2026-01-01 19:53:41.676175,False,0.0,7.20011043548584,-35.52178192138672,58.40048599243164,1.0,7.494149684906006,-57.63850021362305,58.78907775878906,1.0,58.40040588378906,0.0,-0.2582052946090698,0.0
31.0,2026-01-01 19:53:44.114836,False,0.0,7.162065029144287,-36.4771614074707,58.35767364501953,1.0,7.4324164390563965,-56.6831169128418,58.72734832763672,1.0,58.357337951660156,0.0,-0.6862856149673462,0.0
32.0,2026-01-01 19:53:46.782407,False,0.0,7.122996807098389,-37.35970687866211,58.31410598754883,1.0,7.371706485748291,-55.800575256347656,58.66664123535156,1.0,58.31337356567383,0.0,-1.0804181098937988,0.0
33.0,2026-01-01 19:53:49.565022,False,0.0,7.082983016967773,-38.17377471923828,58.269859313964844,1.0,7.311942100524902,-54.98650360107422,58.606876373291016,1.0,58.26864242553711,0.0,-1.442917823791504,0.0
34.0,2026-01-01 19:53:52.389286,False,0.0,7.042097091674805,-38.92352294921875,58.22500991821289,1.0,7.253048896789551,-54.23674774169922,58.5479850769043,1.0,58.223243713378906,0.0,-1.7759027481079102,0.0
35.0,2026-01-01 19:53:54.896577,False,0.0,7.00040864944458,-39.61297607421875,58.17961502075195,1.0,7.1949591636657715,-53.54729461669922,58.489898681640625,1.0,58.17726135253906,0.0,-2.081371784210205,0.0
36.0,2026-01-01 19:53:57.254651,False,0.0,6.957981109619141,-21.529132843017578,58.21554946899414,1.0,7.137608051300049,-40.737449645996094,58.43257141113281,1.0,58.21593475341797,0.0,0.8150362372398376,0.0
37.0,2026-01-01 19:53:59.822383,False,0.0,6.934922695159912,-22.64554786682129,58.18881607055664,1.0,7.0939764976501465,-39.62103271484375,58.38894271850586,1.0,58.188880920410156,0.0,0.319222629070282,0.0
38.0,2026-01-01 19:54:02.300131,False,0.0,6.91066837310791,-23.660520553588867,58.16108322143555,1.0,7.051540851593018,-38.60606002807617,58.34650802612305,1.0,58.16105651855469,0.0,-0.13609819114208221,0.0
39.0,2026-01-01 19:54:04.814571,False,0.0,6.885326862335205,-24.571420669555664,58.132511138916016,1.0,7.010191917419434,-37.69517135620117,58.30516052246094,1.0,58.13229751586914,0.0,-0.5441262125968933,0.0
40.0,2026-01-01 19:54:07.364884,False,0.0,6.859010219573975,-25.38394546508789,58.10322570800781,1.0,6.969819068908691,-36.88262939453125,58.26478958129883,1.0,58.10270690917969,0.0,-0.9064260125160217,0.0
41.0,2026-01-01 19:54:09.917586,False,0.0,6.831822872161865,-26.106449127197266,58.07332992553711,1.0,6.930315971374512,-36.160125732421875,58.225284576416016,1.0,58.07243728637695,0.0,-1.2273378372192383,0.0
42.0,2026-01-01 19:54:12.240997,False,0.0,6.803861618041992,-26.746816635131836,58.042911529541016,1.0,6.891587257385254,-35.51976013183594,58.18655776977539,1.0,58.04161834716797,0.0,-1.5108046531677246,0.0
43.0,2026-01-01 19:54:14.668229,False,0.0,6.775214672088623,-27.312604904174805,58.012054443359375,1.0,6.853544235229492,-34.953975677490234,58.14851760864258,1.0,58.010345458984375,0.0,-1.7604948282241821,0.0
44.0,2026-01-01 19:54:17.360877,False,0.0,6.745961666107178,-27.811002731323242,57.98081970214844,1.0,6.816106796264648,-34.45557403564453,58.111080169677734,1.0,57.978702545166016,0.0,-1.979838490486145,0.0
45.0,2026-01-01 19:54:19.877833,False,0.0,6.716175079345703,-28.24880599975586,57.94926834106445,1.0,6.779203414916992,-34.01776123046875,58.07417678833008,1.0,57.94675827026367,0.0,-2.172037363052368,0.0
46.0,2026-01-01 19:54:22.333667,False,0.0,6.685919284820557,-28.632408142089844,57.91744613647461,1.0,6.742769241333008,-33.6341667175293,58.037742614746094,1.0,57.914573669433594,0.0,-2.3400723934173584,0.0
47.0,2026-01-01 19:54:24.935934,False,0.0,6.655252933502197,-28.967693328857422,57.88539505004883,1.0,6.706745624542236,-33.29887390136719,58.0017204284668,1.0,57.88218307495117,0.0,-2.4866530895233154,0.0
48.0,2026-01-01 19:54:27.661780,False,0.0,6.624227523803711,-56.76414108276367,57.69378662109375,1.0,6.671081066131592,-56.19839096069336,57.96601486206055,1.0,57.67572021484375,0.0,-6.337765216827393,0.0
49.0,2026-01-01 19:54:30.338257,False,0.0,6.5634307861328125,-56.739891052246094,57.6331672668457,1.0,6.6108903884887695,-56.2226448059082,57.90582275390625,1.0,57.61515808105469,0.0,-6.327317237854004,0.0
50.0,2026-01-01 19:54:33.121782,False,0.0,6.502659797668457,-56.71772384643555,57.57255935668945,1.0,6.550673484802246,-56.24480056762695,57.845603942871094,1.0,57.55459976196289,0.0,-6.317773818969727,0.0
51.0,2026-01-01 19:54:35.736846,False,0.0,6.441912651062012,-56.697471618652344,57.511962890625,1.0,6.490433216094971,-56.26505661010742,57.78536605834961,1.0,57.49404525756836,0.0,-6.309049606323242,0.0
52.0,2026-01-01 19:54:38.323500,False,0.0,6.381187438964844,-56.678955078125,57.45137405395508,1.0,6.430171012878418,-56.283573150634766,57.725101470947266,1.0,57.43349838256836,0.0,-6.301070690155029,0.0
53.0,2026-01-01 19:54:40.853432,False,0.0,6.32048225402832,-56.662025451660156,57.39079284667969,1.0,6.369888782501221,-56.30049514770508,57.66482162475586,1.0,57.372955322265625,0.0,-6.2937750816345215,0.0
54.0,2026-01-01 19:54:43.452758,False,0.0,6.25979471206665,-56.64655303955078,57.33021926879883,1.0,6.309588432312012,-56.315975189208984,57.60451889038086,1.0,57.312416076660156,0.0,-6.287114143371582,0.0
55.0,2026-01-01 19:54:46.075942,False,0.0,6.199123859405518,-56.63240432739258,57.269649505615234,1.0,6.249271869659424,-56.33011245727539,57.54420471191406,1.0,57.25188064575195,0.0,-6.2810211181640625,0.0
56.0,2026-01-01 19:54:48.814402,False,0.0,6.138468265533447,-56.61947250366211,57.20909118652344,1.0,6.188940048217773,-56.343048095703125,57.48387145996094,1.0,57.191349029541016,0.0,-6.275449752807617,0.0
57.0,2026-01-01 19:54:51.591049,False,0.0,6.077826499938965,-56.60765075683594,57.148536682128906,1.0,6.128594398498535,-56.35487365722656,57.423526763916016,1.0,57.130821228027344,0.0,-6.270353317260742,0.0
58.0,2026-01-01 19:54:54.243992,False,0.0,6.017197132110596,-56.596839904785156,57.08798599243164,1.0,6.068235874176025,-56.36568832397461,57.36316680908203,1.0,57.07029724121094,0.0,-6.265691757202148,0.0
59.0,2026-01-01 19:54:56.558440,False,0.0,5.956579685211182,-56.586952209472656,57.02743911743164,1.0,6.007865905761719,-56.375572204589844,57.302799224853516,1.0,57.00977325439453,0.0,-6.261435508728027,0.0
60.0,2026-01-01 19:54:59.131052,False,0.0,5.895972728729248,71.52561950683594,57.53687286376953,1.0,5.947485446929932,62.20459747314453,57.2425651550293,1.0,67.35464477539062,310.6202697753906,194.2867431640625,1.0
61.0,2026-01-01 19:55:01.711663,False,0.0,5.9725799560546875,70.83650207519531,57.60733413696289,1.0,6.014109134674072,62.065677642822266,57.30918884277344,1.0,67.370361328125,309.7922668457031,193.70237731933594,1.0
62.0,2026-01-01 19:55:04.448682,False,0.0,6.04844856262207,70.16309356689453,57.67724609375,1.0,6.0805840492248535,61.91450500488281,57.37566375732422,1.0,67.38600158691406,308.9676818847656,193.12164306640625,1.0
63.0,2026-01-01 19:55:07.122845,False,0.0,6.12359619140625,69.50460815429688,57.746612548828125,1.0,6.146896839141846,61.75185775756836,57.441978454589844,1.0,67.40158081054688,308.14654541015625,192.54449462890625,1.0
64.0,2026-01-01 19:55:09.971766,False,0.0,6.198038578033447,68.86033630371094,57.81544876098633,1.0,6.213035583496094,61.57845687866211,57.50811767578125,1.0,67.41709899902344,307.328857421875,191.97085571289062,1.0
65.0,2026-01-01 19:55:12.600643,False,0.0,6.271790504455566,68.22960662841797,57.883750915527344,1.0,6.278988838195801,61.394996643066406,57.57406997680664,1.0,67.43254089355469,306.5146789550781,191.40069580078125,1.0
66.0,2026-01-01 19:55:15.645085,False,0.0,6.34486722946167,67.61180877685547,57.951534271240234,1.0,6.34474515914917,61.20210266113281,57.63982391357422,1.0,67.44792175292969,305.7040100097656,190.833984375,1.0
67.0,2026-01-01 19:55:18.095181,False,0.0,6.417282581329346,67.00634765625,58.018798828125,1.0,6.410295486450195,61.0003547668457,57.70537567138672,1.0,67.46324157714844,304.89678955078125,190.2706756591797,1.0
68.0,2026-01-01 19:55:20.694371,False,0.0,6.489048957824707,66.41268920898438,58.08555603027344,1.0,6.4756293296813965,60.79030990600586,57.77070617675781,1.0,67.47848510742188,304.09307861328125,189.71070861816406,1.0
69.0,2026-01-01 19:55:23.656093,False,0.0,6.560179710388184,65.83032989501953,58.15180969238281,1.0,6.540738105773926,60.572479248046875,57.8358154296875,1.0,67.49366760253906,303.2928771972656,189.15408325195312,1.0
70.0,2026-01-01 19:55:26.354372,False,0.0,6.6306867599487305,65.25878143310547,58.21756362915039,1.0,6.605613708496094,60.34733581542969,57.900691986083984,1.0,67.5087890625,302.4961853027344,188.6007080078125,1.0
71.0,2026-01-01 19:55:28.983244,False,0.0,6.7005815505981445,64.69759368896484,58.2828254699707,1.0,6.670248031616211,60.11533737182617,57.96532440185547,1.0,67.52383422851562,301.7030029296875,188.0505828857422,1.0
72.0,2026-01-01 19:55:31.759966,False,0.0,6.769875526428223,59.915992736816406,58.31404495239258,1.0,6.7346343994140625,56.420352935791016,58.029701232910156,1.0,67.51348114013672,302.2486267089844,187.59986877441406,1.0
73.0,2026-01-01 19:55:34.627954,False,0.0,6.834047794342041,59.41572952270508,58.3743782043457,1.0,6.795063018798828,56.18179702758789,58.09012985229492,1.0,67.52749633789062,301.50982666015625,187.09005737304688,1.0
74.0,2026-01-01 19:55:37.174689,False,0.0,6.897684574127197,58.92403030395508,58.434268951416016,1.0,6.855235576629639,55.93806076049805,58.15030288696289,1.0,67.54145050048828,300.7743835449219,186.58323669433594,1.0
75.0,2026-01-01 19:55:39.689297,False,0.0,6.960794448852539,58.440547943115234,58.49372100830078,1.0,6.91514778137207,55.689483642578125,58.21021270751953,1.0,67.55534362792969,300.0423278808594,186.07936096191406,1.0
76.0,2026-01-01 19:55:42.395063,False,0.0,7.0233869552612305,57.964962005615234,58.552738189697266,1.0,6.974793434143066,55.4364013671875,58.269859313964844,1.0,67.56916809082031,299.31365966796875,185.578369140625,1.0
77.0,2026-01-01 19:55:44.621702,False,0.0,7.085469722747803,-97.94087982177734,57.76137924194336,1.0,7.034168243408203,-87.97156524658203,58.32901382446289,1.0,57.69920349121094,0.0,-12.366384506225586,0.0
78.0,2026-01-01 19:55:47.196004,False,0.0,6.9805707931518555,-97.65011596679688,57.659881591796875,1.0,6.939947128295898,-88.2623291015625,58.23479080200195,1.0,57.598846435546875,0.0,-12.242437362670898,0.0
79.0,2026-01-01 19:55:49.835879,False,0.0,6.875983715057373,-97.37699890136719,57.55847930908203,1.0,6.845414638519287,-88.53544616699219,58.1402587890625,1.0,57.498512268066406,0.0,-12.125927925109863,0.0
80.0,2026-01-01 19:55:52.288271,False,0.0,6.771688938140869,-97.12041473388672,57.45716857910156,1.0,6.750589370727539,-88.79203033447266,58.045433044433594,1.0,57.398197174072266,0.0,-12.016409873962402,0.0
81.0,2026-01-01 19:55:55.117144,False,0.0,6.66766881942749,-96.87928009033203,57.35594940185547,1.0,6.655489444732666,-89.03316497802734,57.95033264160156,1.0,57.29790115356445,0.0,-11.913418769836426,0.0
82.0,2026-01-01 19:55:57.692413,False,0.0,6.563907146453857,-96.65259552001953,57.25481414794922,1.0,6.560131072998047,-89.25984191894531,57.85497283935547,1.0,57.1976318359375,0.0,-11.816547393798828,0.0
83.0,2026-01-01 19:56:00.257544,False,0.0,6.46038818359375,-96.43944549560547,57.15375900268555,1.0,6.464529991149902,-89.47299194335938,57.759368896484375,1.0,57.097389221191406,0.0,-11.725412368774414,0.0
84.0,2026-01-01 19:56:03.219063,False,0.0,6.357097625732422,-139.34713745117188,56.462615966796875,1.0,6.368700981140137,-129.4102020263672,57.66338348388672,1.0,56.35141372680664,0.0,-16.92159652709961,0.0
85.0,2026-01-01 19:56:05.814517,False,0.0,6.207850933074951,-139.13829040527344,56.31666946411133,1.0,6.23009729385376,-129.6190643310547,57.5247802734375,1.0,56.20654296875,0.0,-16.832246780395508,0.0
86.0,2026-01-01 19:56:08.494603,False,0.0,6.058828353881836,-138.93846130371094,56.170799255371094,1.0,6.0912699699401855,-129.8188934326172,57.38595199584961,1.0,56.061702728271484,0.0,-16.746736526489258,0.0
87.0,2026-01-01 19:56:11.327677,False,0.0,5.910019397735596,-138.74725341796875,56.02500534057617,1.0,5.952228546142578,-130.0100860595703,57.246910095214844,1.0,55.91688537597656,0.0,-16.664884567260742,0.0
88.0,2026-01-01 19:56:14.118089,False,0.0,5.761415481567383,30.326824188232422,57.127017974853516,1.0,5.812982559204102,26.098209381103516,57.10799789428711,1.0,67.078369140625,325.1822204589844,195.75906372070312,1.0
89.0,2026-01-01 19:56:16.429205,False,0.0,5.793896675109863,29.896095275878906,57.15765380859375,1.0,5.840934753417969,26.17337417602539,57.13595199584961,1.0,67.08511352539062,324.82666015625,195.5064239501953,1.0
90.0,2026-01-01 19:56:18.979771,False,0.0,5.825916767120361,29.497390747070312,57.18798828125,1.0,5.868967533111572,26.218303680419922,57.16398239135742,1.0,67.09182739257812,324.4728698730469,195.25624084472656,1.0
91.0,2026-01-01 19:56:21.489006,False,0.0,5.857509613037109,29.126163482666016,57.21802520751953,1.0,5.897048473358154,26.23759651184082,57.19206619262695,1.0,67.09850311279297,324.1209411621094,195.00840759277344,1.0
92.0,2026-01-01 19:56:24.186868,False,0.0,5.888704776763916,28.778736114501953,57.247779846191406,1.0,5.925149917602539,26.234983444213867,57.22016525268555,1.0,67.10514068603516,323.7709045410156,194.76284790039062,1.0
93.0,2026-01-01 19:56:26.854077,False,0.0,5.919528007507324,28.452068328857422,57.27726364135742,1.0,5.953248500823975,26.213502883911133,57.24826431274414,1.0,67.11174774169922,323.4227600097656,194.51943969726562,1.0
94.0,2026-01-01 19:56:29.331334,False,0.0,5.9500017166137695,28.14362907409668,57.30648422241211,1.0,5.981324195861816,26.175708770751953,57.27634048461914,1.0,67.11831665039062,323.0765380859375,194.27813720703125,1.0
95.0,2026-01-01 19:56:32.074436,False,0.0,5.980144500732422,27.851282119750977,57.33544921875,1.0,6.009359836578369,26.12373161315918,57.30437469482422,1.0,67.12484741210938,322.7322082519531,194.038818359375,1.0
96.0,2026-01-01 19:56:34.790644,False,0.0,6.009974479675293,26.177337646484375,57.35873794555664,1.0,6.037339210510254,24.880414962768555,57.33235549926758,1.0,67.12405395507812,322.7741394042969,193.7831268310547,1.0
97.0,2026-01-01 19:56:37.703490,False,0.0,6.03801155090332,25.929697036743164,57.38583755493164,1.0,6.0639872550964355,24.803665161132812,57.35900115966797,1.0,67.13021087646484,322.4497375488281,193.55908203125,1.0
98.0,2026-01-01 19:56:40.292128,False,0.0,6.0657830238342285,25.69272232055664,57.412715911865234,1.0,6.090552806854248,24.71808433532715,57.38556671142578,1.0,67.1363296508789,322.127197265625,193.33676147460938,1.0
99.0,2026-01-01 19:56:43.024544,False,0.0,6.093301296234131,25.465274810791016,57.439388275146484,1.0,6.1170268058776855,24.624797821044922,57.41204071044922,1.0,67.14241790771484,321.80645751953125,193.11607360839844,1.0
100.0,2026-01-01 19:56:45.530675,False,0.0,6.120575428009033,25.246355056762695,57.465850830078125,1.0,6.143401145935059,24.52479362487793,57.43841552734375,1.0,67.14846801757812,321.4875183105469,192.89697265625,1.0
101.0,2026-01-01 19:56:48.402798,False,0.0,6.147615432739258,25.03510093688965,57.49211502075195,1.0,6.169668197631836,24.418935775756836,57.464683532714844,1.0,67.15447998046875,321.17041015625,192.67941284179688,1.0
102.0,2026-01-01 19:56:51.089901,False,0.0,6.174428939819336,24.830747604370117,57.518184661865234,1.0,6.195821762084961,24.307964324951172,57.49083709716797,1.0,67.16046142578125,320.8551025390625,192.46336364746094,1.0
103.0,2026-01-01 19:56:53.515387,False,0.0,6.201023578643799,24.63262939453125,57.54405975341797,1.0,6.221856594085693,24.192548751831055,57.51687240600586,1.0,67.16641235351562,320.54156494140625,192.248779296875,1.0
104.0,2026-01-01 19:56:56.149020,False,0.0,6.2274065017700195,24.440139770507812,57.56974792480469,1.0,6.247767925262451,24.073270797729492,57.542781829833984,1.0,67.17232513427734,320.22979736328125,192.03561401367188,1.0
105.0,2026-01-01 19:56:58.659768,False,0.0,6.25358247756958,24.252769470214844,57.59525680541992,1.0,6.2735514640808105,23.950651168823242,57.568565368652344,1.0,67.17820739746094,319.9197998046875,191.82386779785156,1.0
106.0,2026-01-01 19:57:01.253255,False,0.0,6.279558181762695,24.070035934448242,57.620582580566406,1.0,6.299203395843506,23.825149536132812,57.59421920776367,1.0,67.1840591430664,319.611572265625,191.6134796142578,1.0
107.0,2026-01-01 19:57:03.864799,False,0.0,6.305338382720947,23.89153480529785,57.64573287963867,1.0,6.324721336364746,23.69715118408203,57.61973571777344,1.0,67.18987274169922,319.3050842285156,191.4044189453125,1.0
108.0,2026-01-01 19:57:06.526839,False,0.0,6.33092737197876,55.83110046386719,57.84455490112305,1.0,6.350101947784424,50.33800506591797,57.64515686035156,1.0,67.37240600585938,309.68450927734375,191.1885986328125,1.0
109.0,2026-01-01 19:57:09.081105,False,0.0,6.3907246589660645,55.29952621459961,57.9005126953125,1.0,6.404016017913818,50.200218200683594,57.69906997680664,1.0,67.38510131835938,309.01513671875,190.72047424316406,1.0
110.0,2026-01-01 19:57:11.997739,False,0.0,6.449952602386475,54.78135299682617,57.95602798461914,1.0,6.45778226852417,50.05217742919922,57.752838134765625,1.0,67.39774322509766,308.3489074707031,190.25546264648438,1.0
111.0,2026-01-01 19:57:14.753314,False,0.0,6.5086259841918945,54.27583312988281,58.0111083984375,1.0,6.511390209197998,49.89463806152344,57.80644607543945,1.0,67.41032409667969,307.68585205078125,189.7935333251953,1.0
112.0,2026-01-01 19:57:17.624748,False,0.0,6.5667572021484375,53.78227233886719,58.065757751464844,1.0,6.5648298263549805,49.72829055786133,57.85988235473633,1.0,67.42284393310547,307.0259704589844,189.33462524414062,1.0
113.0,2026-01-01 19:57:20.291775,False,0.0,6.62436056137085,53.30004119873047,58.11998748779297,1.0,6.618090629577637,49.553768157958984,57.913143157958984,1.0,67.435302734375,306.36920166015625,188.87867736816406,1.0
114.0,2026-01-01 19:57:23.281002,False,0.0,6.6814470291137695,52.82853317260742,58.173797607421875,1.0,6.6711649894714355,49.371673583984375,57.966217041015625,1.0,67.44770050048828,305.7156066894531,188.42567443847656,1.0
115.0,2026-01-01 19:57:26.084903,False,0.0,6.738028526306152,52.367210388183594,58.22719955444336,1.0,6.724043846130371,49.18254089355469,58.01909637451172,1.0,67.46004486083984,305.0651550292969,187.9755401611328,1.0
116.0,2026-01-01 19:57:28.758133,False,0.0,6.794116020202637,51.915550231933594,58.28019714355469,1.0,6.7767205238342285,48.98687744140625,58.071773529052734,1.0,67.47232818603516,304.4178161621094,187.5282440185547,1.0
117.0,2026-01-01 19:57:31.628183,False,0.0,6.849719524383545,51.473087310791016,58.33279800415039,1.0,6.829187393188477,48.78516387939453,58.12424087524414,1.0,67.48455047607422,303.7736511230469,187.083740234375,1.0
118.0,2026-01-01 19:57:34.193523,False,0.0,6.904849529266357,51.03936004638672,58.38500213623047,1.0,6.881438255310059,48.57783508300781,58.176490783691406,1.0,67.49671173095703,303.1325988769531,186.64199829101562,1.0
119.0,2026-01-01 19:57:37.067727,False,0.0,6.959514617919922,50.61396026611328,58.43681716918945,1.0,6.933467388153076,48.36531066894531,58.228519439697266,1.0,67.5088119506836,302.4946594238281,186.2029571533203,1.0
120.0,2026-01-01 19:57:39.653305,False,0.0,7.013724327087402,69.34923553466797,58.63538360595703,1.0,6.985268592834473,63.811561584472656,58.28035354614258,1.0,67.63459014892578,295.86541748046875,185.37008666992188,1.0
121.0,2026-01-01 19:57:42.224343,False,0.0,7.088000297546387,-85.54119110107422,57.901187896728516,1.0,7.053613185882568,-77.1635971069336,58.34849166870117,1.0,57.85322952270508,0.0,-10.748726844787598,0.0
122.0,2026-01-01 19:57:44.704072,False,0.0,6.996382236480713,-85.26795959472656,57.812416076660156,1.0,6.970967769622803,-77.43683624267578,58.265846252441406,1.0,57.76540756225586,0.0,-10.63218879699707,0.0
123.0,2026-01-01 19:57:47.612868,False,0.0,6.905056476593018,-85.01325988769531,57.72373962402344,1.0,6.8880295753479,-77.69152069091797,58.18290710449219,1.0,57.6776123046875,0.0,-10.523481369018555,0.0
124.0,2026-01-01 19:57:50.063016,False,0.0,6.814003944396973,-84.77577209472656,57.63514709472656,1.0,6.804819107055664,-77.92902374267578,58.099693298339844,1.0,57.58983612060547,0.0,-10.422046661376953,0.0
125.0,2026-01-01 19:57:52.809163,False,0.0,6.72320556640625,-84.55421447753906,57.54663848876953,1.0,6.721354007720947,-78.15058135986328,58.01622772216797,1.0,57.50208282470703,0.0,-10.327356338500977,0.0
126.0,2026-01-01 19:57:55.593116,False,0.0,6.6326446533203125,-84.34746551513672,57.45820999145508,1.0,6.637651443481445,-78.35733032226562,57.932525634765625,1.0,57.41435623168945,0.0,-10.238953590393066,0.0
127.0,2026-01-01 19:57:57.974238,False,0.0,6.542304992675781,-84.15446472167969,57.36985778808594,1.0,6.553727149963379,-78.5503158569336,57.848602294921875,1.0,57.32665252685547,0.0,-10.156380653381348,0.0
128.0,2026-01-01 19:58:00.456304,False,0.0,6.45217227935791,-83.97425842285156,57.281578063964844,1.0,6.469596862792969,-78.73052978515625,57.764469146728516,1.0,57.23897171020508,0.0,-10.079242706298828,0.0
129.0,2026-01-01 19:58:03.249005,False,0.0,6.362232208251953,-83.80593872070312,57.19336700439453,1.0,6.385272979736328,-78.89883422851562,57.680145263671875,1.0,57.15131759643555,0.0,-10.007157325744629,0.0
130.0,2026-01-01 19:58:05.761192,False,0.0,6.272472381591797,-83.64869689941406,57.10521697998047,1.0,6.300769329071045,-79.05607604980469,57.59564208984375,1.0,57.063690185546875,0.0,-9.93979263305664,0.0
131.0,2026-01-01 19:58:08.333585,False,0.0,6.1828813552856445,-83.50175476074219,57.017127990722656,1.0,6.216096878051758,-79.20301818847656,57.51097106933594,1.0,56.97608184814453,0.0,-9.876808166503906,0.0
132.0,2026-01-01 19:58:11.063469,False,0.0,6.093447685241699,-93.72343444824219,56.81782150268555,1.0,6.131267070770264,-88.72721099853516,57.426109313964844,1.0,56.766761779785156,0.0,-11.113089561462402,0.0
133.0,2026-01-01 19:58:13.510735,False,0.0,5.99306583404541,-93.57853698730469,56.71907424926758,1.0,6.036236763000488,-88.87210845947266,57.331077575683594,1.0,56.66853713989258,0.0,-11.050976753234863,0.0
134.0,2026-01-01 19:58:16.145274,False,0.0,5.892839431762695,68.93632507324219,57.51090621948242,1.0,5.941051006317139,60.12554168701172,57.23612594604492,1.0,67.33772277832031,311.5123596191406,194.3869171142578,1.0
135.0,2026-01-01 19:58:18.677305,False,0.0,5.966672897338867,68.26907348632812,57.57897186279297,1.0,6.005447864532471,59.992820739746094,57.3005256652832,1.0,67.35289764404297,310.7123718261719,193.8227081298828,1.0
136.0,2026-01-01 19:58:21.293384,False,0.0,6.039792060852051,67.61751556396484,57.646507263183594,1.0,6.069702625274658,59.8477897644043,57.36478042602539,1.0,67.36801147460938,309.9158020019531,193.2620391845703,1.0
137.0,2026-01-01 19:58:23.846511,False,0.0,6.112213134765625,66.98085021972656,57.7135124206543,1.0,6.1338019371032715,59.691261291503906,57.42887878417969,1.0,67.38306427001953,309.12261962890625,192.70489501953125,1.0
138.0,2026-01-01 19:58:26.522761,False,0.0,6.183952331542969,66.35834503173828,57.78000259399414,1.0,6.1977338790893555,59.52400207519531,57.4928092956543,1.0,67.3980484008789,308.33282470703125,192.1511993408203,1.0
139.0,2026-01-01 19:58:29.375465,False,0.0,6.2550249099731445,65.74930572509766,57.845977783203125,1.0,6.261486530303955,59.3466911315918,57.55656051635742,1.0,67.4129638671875,307.5464782714844,191.60093688964844,1.0
140.0,2026-01-01 19:58:31.627443,False,0.0,6.325445175170898,65.15308380126953,57.91144561767578,1.0,6.32504940032959,59.15998458862305,57.62012481689453,1.0,67.42781829833984,306.7635803222656,191.0540313720703,1.0
141.0,2026-01-01 19:58:34.322517,False,0.0,6.395226955413818,64.5691146850586,57.976417541503906,1.0,6.388411998748779,58.964473724365234,57.68348693847656,1.0,67.44261169433594,305.9841003417969,190.5104522705078,1.0
142.0,2026-01-01 19:58:37.161029,False,0.0,6.464383125305176,63.996822357177734,58.0408935546875,1.0,6.451565742492676,58.760719299316406,57.746639251708984,1.0,67.45733642578125,305.2080383300781,189.97018432617188,1.0
143.0,2026-01-01 19:58:39.830481,False,0.0,6.532926082611084,63.435699462890625,58.104881286621094,1.0,6.514500617980957,58.54924774169922,57.809574127197266,1.0,67.47199249267578,304.4354553222656,189.43313598632812,1.0
144.0,2026-01-01 19:58:42.575260,False,0.0,6.600868225097656,72.8025131225586,58.253292083740234,1.0,6.57720947265625,66.54061889648438,57.8723030090332,1.0,67.54753112792969,300.45416259765625,188.6236572265625,1.0
145.0,2026-01-01 19:58:45.000011,False,0.0,6.678843021392822,72.17342376708984,58.32556915283203,1.0,6.648477077484131,66.29338073730469,57.94356918334961,1.0,67.56415557861328,299.5778503417969,188.01406860351562,1.0
146.0,2026-01-01 19:58:51.277238,False,0.0,6.756143569946289,71.55489349365234,58.39730453491211,1.0,6.719480037689209,66.03924560546875,58.01457214355469,1.0,67.5807113647461,298.7051696777344,187.40785217285156,1.0
147.0,2026-01-01 19:58:57.282436,False,0.0,6.832781791687012,70.94654083251953,58.46851348876953,1.0,6.790210723876953,65.77859497070312,58.08530044555664,1.0,67.59719848632812,297.836181640625,186.80503845214844,1.0
148.0,2026-01-01 19:59:03.525655,False,0.0,6.908768653869629,70.3479995727539,58.5391960144043,1.0,6.860662460327148,65.5118179321289,58.1557502746582,1.0,67.61361694335938,296.9708557128906,186.20556640625,1.0
149.0,2026-01-01 19:59:09.547126,False,0.0,6.984114170074463,69.75889587402344,58.60935974121094,1.0,6.930828094482422,65.2392578125,58.22591781616211,1.0,67.62996673583984,296.10919189453125,185.6094207763672,1.0
150.0,2026-01-01 19:59:15.758140,False,0.0,7.058828830718994,69.17892456054688,58.67900466918945,1.0,7.000702381134033,64.96125793457031,58.29579162597656,1.0,67.646240234375,295.251220703125,185.01654052734375,1.0
151.0,2026-01-01 19:59:21.846835,False,0.0,7.132922172546387,68.60773468017578,58.74814224243164,1.0,7.070278167724609,64.67813110351562,58.3653678894043,1.0,67.6624526977539,294.39691162109375,184.42689514160156,1.0
152.0,2026-01-01 19:59:28.242344,False,0.0,7.206404209136963,68.0450439453125,58.81678009033203,1.0,7.139551162719727,64.39018249511719,58.43463897705078,1.0,67.6785888671875,293.5462646484375,183.84048461914062,1.0
153.0,2026-01-01 19:59:34.091914,False,0.0,7.279283046722412,67.49056243896484,58.88491439819336,1.0,7.208515644073486,64.09769439697266,58.50360107421875,1.0,67.69466400146484,292.6993103027344,183.2572479248047,1.0
154.0,2026-01-01 19:59:40.057365,False,0.0,7.351568222045898,66.94401550292969,58.95255661010742,1.0,7.277166843414307,63.80093765258789,58.5722541809082,1.0,67.71066284179688,291.8559875488281,182.67718505859375,1.0
155.0,2026-01-01 19:59:46.729366,False,0.0,7.423267841339111,66.40513610839844,59.019710540771484,1.0,7.345500469207764,63.500179290771484,58.640586853027344,1.0,67.72659301757812,291.016357421875,182.10023498535156,1.0
156.0,2026-01-01 19:59:52.428609,False,0.0,7.494390487670898,72.71722412109375,59.14603805541992,1.0,7.413511753082275,68.72867584228516,58.70861053466797,1.0,67.78449249267578,287.9645080566406,181.31739807128906,1.0
157.0,2026-01-01 19:59:58.640327,False,0.0,7.5722737312316895,72.12493133544922,59.21855926513672,1.0,7.487123012542725,68.411376953125,58.78221893310547,1.0,67.80175018310547,287.0549011230469,180.6909637451172,1.0
158.0,2026-01-01 20:00:05.237496,False,0.0,7.64952278137207,71.54058074951172,59.290557861328125,1.0,7.560394287109375,68.08992004394531,58.855491638183594,1.0,67.81893920898438,286.14910888671875,180.0677947998047,1.0
159.0,2026-01-01 20:00:11.248290,False,0.0,7.726145267486572,70.96393585205078,59.362030029296875,1.0,7.633321762084961,67.76458740234375,58.92841720581055,1.0,67.83605194091797,285.24713134765625,179.44789123535156,1.0
160.0,2026-01-01 20:00:17.193261,False,0.0,7.802150726318359,70.39476776123047,59.43299102783203,1.0,7.705900192260742,67.43557739257812,59.00099563598633,1.0,67.85308837890625,284.3489685058594,178.83120727539062,1.0
161.0,2026-01-01 20:00:23.621943,False,0.0,7.877546310424805,69.83283996582031,59.50343704223633,1.0,7.7781267166137695,67.1031265258789,59.073219299316406,1.0,67.87005615234375,283.45458984375,178.2177276611328,1.0
162.0,2026-01-01 20:00:30.022824,False,0.0,7.952340126037598,69.27796936035156,59.57337951660156,1.0,7.849996566772461,66.76744079589844,59.14508819580078,1.0,67.88695526123047,282.56402587890625,177.60743713378906,1.0
163.0,2026-01-01 20:00:36.074306,False,0.0,8.02653980255127,68.72993469238281,59.642818450927734,1.0,7.921507358551025,66.4287109375,59.21659851074219,1.0,67.90377807617188,281.6772766113281,177.0002899169922,1.0
164.0,2026-01-01 20:00:42.471913,False,0.0,8.100152015686035,68.18854522705078,59.711761474609375,1.0,7.992655277252197,66.08715057373047,59.28774642944336,1.0,67.9205322265625,280.7943115234375,176.3962860107422,1.0
165.0,2026-01-01 20:00:48.348042,False,0.0,8.173185348510742,67.65361022949219,59.780208587646484,1.0,8.063437461853027,65.74292755126953,59.35852813720703,1.0,67.93721008300781,279.9151611328125,175.79537963867188,1.0
166.0,2026-01-01 20:00:54.353927,False,0.0,8.245644569396973,67.12495422363281,59.848167419433594,1.0,8.133851051330566,65.3962173461914,59.42893981933594,1.0,67.95381927490234,279.039794921875,175.1975555419922,1.0
167.0,2026-01-01 20:01:00.585934,False,0.0,8.317538261413574,66.6024169921875,59.91564178466797,1.0,8.203892707824707,65.04720306396484,59.49898147583008,1.0,67.97035217285156,278.1682434082031,174.60279846191406,1.0
168.0,2026-01-01 20:01:06.670924,False,0.0,8.388872146606445,50.9759521484375,59.868595123291016,1.0,8.273561477661133,52.90989303588867,59.56862258911133,1.0,67.89874267578125,281.9429626464844,174.33665466308594,1.0
169.0,2026-01-01 20:01:13.036716,False,0.0,8.443470001220703,50.647178649902344,59.92099380493164,1.0,8.330229759216309,52.548988342285156,59.62528991699219,1.0,67.91182708740234,281.2532958984375,173.87538146972656,1.0
170.0,2026-01-01 20:01:19.029706,False,0.0,8.49771499633789,50.31963348388672,59.973060607910156,1.0,8.38651180267334,52.19017028808594,59.68157196044922,1.0,67.92484283447266,280.5669250488281,173.4163055419922,1.0
171.0,2026-01-01 20:01:25.125729,False,0.0,8.55160903930664,49.99338150024414,60.02479553222656,1.0,8.44240951538086,51.833335876464844,59.73746871948242,1.0,67.93780517578125,279.8838195800781,172.95933532714844,1.0
172.0,2026-01-01 20:01:31.322407,False,0.0,8.605154037475586,49.668426513671875,60.076202392578125,1.0,8.497925758361816,51.478458404541016,59.79298400878906,1.0,67.9507064819336,279.2040100097656,172.50450134277344,1.0
173.0,2026-01-01 20:01:37.271293,False,0.0,8.658350944519043,49.34477615356445,60.127281188964844,1.0,8.553060531616211,51.12554931640625,59.84811782836914,1.0,67.96353912353516,278.5274353027344,172.05178833007812,1.0
174.0,2026-01-01 20:01:43.379437,False,0.0,8.711201667785645,49.022438049316406,60.17803192138672,1.0,8.607818603515625,50.77457809448242,59.90287399291992,1.0,67.976318359375,277.8541259765625,171.6011962890625,1.0
175.0,2026-01-01 20:01:48.848677,False,0.0,8.763707160949707,48.701419830322266,60.228458404541016,1.0,8.662199974060059,50.425537109375,59.95725631713867,1.0,67.98902893066406,277.18408203125,171.15274047851562,1.0
176.0,2026-01-01 20:01:55.614870,False,0.0,8.815868377685547,48.38172912597656,60.278560638427734,1.0,8.716207504272461,50.07841873168945,60.011260986328125,1.0,68.00167846679688,276.51727294921875,170.70640563964844,1.0
177.0,2026-01-01 20:02:01.722497,False,0.0,8.867687225341797,48.06338119506836,60.32834243774414,1.0,8.769844055175781,49.73321533203125,60.06489944458008,1.0,68.01426696777344,275.85369873046875,170.26219177246094,1.0
178.0,2026-01-01 20:02:08.149533,False,0.0,8.919164657592773,47.74637222290039,60.377803802490234,1.0,8.823110580444336,49.3899040222168,60.1181640625,1.0,68.02679443359375,275.1933898925781,169.82009887695312,1.0
179.0,2026-01-01 20:02:14.115361,False,0.0,8.97030258178711,47.43070983886719,60.426944732666016,1.0,8.876008987426758,49.048484802246094,60.17106246948242,1.0,68.03926086425781,274.53631591796875,169.38011169433594,1.0
180.0,2026-01-01 20:02:20.137848,False,0.0,9.021102905273438,58.59778594970703,60.555213928222656,1.0,8.928542137145996,57.65559005737305,60.22361373901367,1.0,68.1169662475586,270.4408874511719,168.75592041015625,1.0
181.0,2026-01-01 20:02:26.300842,False,0.0,9.083864212036133,58.1385383605957,60.61451721191406,1.0,8.990293502807617,57.32851791381836,60.285362243652344,1.0,68.13188171386719,269.6545715332031,168.2208709716797,1.0
182.0,2026-01-01 20:02:32.215733,False,0.0,9.146132469177246,57.684593200683594,60.67338943481445,1.0,9.051694869995117,56.99985885620117,60.346763610839844,1.0,68.14673614501953,268.8719482421875,167.68869018554688,1.0
183.0,2026-01-01 20:02:38.425588,False,0.0,9.207915306091309,57.23582077026367,60.73183822631836,1.0,9.112743377685547,56.66969680786133,60.407814025878906,1.0,68.16151428222656,268.093017578125,167.15936279296875,1.0
184.0,2026-01-01 20:02:44.478333,False,0.0,9.269217491149902,56.79208755493164,60.78986358642578,1.0,9.173439025878906,56.33818435668945,60.468505859375,1.0,68.17622375488281,267.3177795410156,166.6328887939453,1.0
185.0,2026-01-01 20:02:50.756278,False,0.0,9.33004379272461,56.353233337402344,60.84747314453125,1.0,9.233779907226562,56.00545120239258,60.528846740722656,1.0,68.19085693359375,266.5461730957031,166.1092071533203,1.0
186.0,2026-01-01 20:02:56.630522,False,0.0,9.390399932861328,55.91913604736328,60.904666900634766,1.0,9.293764114379883,55.671627044677734,60.588829040527344,1.0,68.20542907714844,265.77825927734375,165.5883331298828,1.0
187.0,2026-01-01 20:03:02.624370,False,0.0,9.450291633605957,55.48966598510742,60.961448669433594,1.0,9.35339069366455,55.33683776855469,60.64845657348633,1.0,68.21993255615234,265.0140075683594,165.0702362060547,1.0
188.0,2026-01-01 20:03:09.036825,False,0.0,9.509723663330078,55.06468963623047,61.017826080322266,1.0,9.41265869140625,55.00121307373047,60.70772171020508,1.0,68.23435974121094,264.25341796875,164.5548858642578,1.0
189.0,2026-01-01 20:03:14.947568,False,0.0,9.568700790405273,54.64409637451172,61.073795318603516,1.0,9.471567153930664,54.66485595703125,60.766632080078125,1.0,68.24871826171875,263.4964599609375,164.0422821044922,1.0
190.0,2026-01-01 20:03:21.193356,False,0.0,9.627226829528809,54.227760314941406,61.12936782836914,1.0,9.530115127563477,54.327880859375,60.82518005371094,1.0,68.26301574707031,262.7431640625,163.5323944091797,1.0
191.0,2026-01-01 20:03:27.202257,False,0.0,9.685306549072266,53.815582275390625,61.184539794921875,1.0,9.588302612304688,53.99039077758789,60.883365631103516,1.0,68.27723693847656,261.9934997558594,163.0252227783203,1.0
192.0,2026-01-01 20:03:33.399048,False,0.0,9.742945671081543,52.01057815551758,61.22967529296875,1.0,9.64612865447998,52.56486892700195,60.94118881225586,1.0,68.28345489501953,261.6657409667969,162.54393005371094,1.0
193.0,2026-01-01 20:03:39.850458,False,0.0,9.798650741577148,51.624412536621094,61.282752990722656,1.0,9.702427864074707,52.22549819946289,60.99748611450195,1.0,68.2972183227539,260.9402160644531,162.05445861816406,1.0
194.0,2026-01-01 20:03:46.047630,False,0.0,9.85394287109375,51.24161911010742,61.33545684814453,1.0,9.758363723754883,51.88633728027344,61.05342102050781,1.0,68.31092071533203,260.21826171875,161.56756591796875,1.0
195.0,2026-01-01 20:03:52.262191,False,0.0,9.908824920654297,50.86210632324219,61.387786865234375,1.0,9.813936233520508,51.54744338989258,61.10899353027344,1.0,68.32454681396484,259.4998474121094,161.08322143554688,1.0
196.0,2026-01-01 20:03:58.186425,False,0.0,9.963299751281738,50.48581314086914,61.43975067138672,1.0,9.869145393371582,51.208892822265625,61.16420364379883,1.0,68.3381118774414,258.7850036621094,160.60142517089844,1.0
197.0,2026-01-01 20:04:04.665558,False,0.0,10.017372131347656,50.11266326904297,61.49134826660156,1.0,9.923992156982422,50.87074279785156,61.21904754638672,1.0,68.35160827636719,258.07373046875,160.12213134765625,1.0
198.0,2026-01-01 20:04:10.777286,False,0.0,10.071044921875,0.0,63.269386291503906,0.0,9.978476524353027,83.46898651123047,61.273616790771484,1.0,68.68390655517578,240.559326171875,141.061279296875,1.0
199.0,2026-01-01 20:04:16.884523,False,0.0,10.071044921875,0.0,63.32111358642578,0.0,10.067875862121582,82.57713317871094,61.363014221191406,1.0,68.7008285522461,239.66746520996094,140.57034301757812,1.0
200.0,2026-01-01 20:04:23.180419,False,0.0,10.071044921875,0.0,67.81513977050781,0.0,10.156319618225098,0.0,67.8231430053711,0.0,70.26754760742188,157.0904541015625,91.9066390991211,1.0
201.0,2026-01-01 20:04:29.163292,False,0.0,10.071044921875,0.0,6.320695355999106e-11,0.0,10.156318664550781,0.0,5.235056277363981e-10,0.0,-8.669824302920404e-10,0.0,-0.008266746997833252,0.0
202.0,2026-01-01 20:04:35.695685,False,0.0,10.071044921875,-78.96944427490234,60.95053482055664,1.0,10.156318664550781,-78.12105560302734,61.451194763183594,1.0,60.917171478271484,0.0,-8.826698303222656,0.0
203.0,2026-01-01 20:04:41.227391,False,0.0,9.986465454101562,-78.94197845458984,60.8662223815918,1.0,10.072648048400879,-78.14852905273438,61.367523193359375,1.0,60.832942962646484,0.0,-8.814868927001953,0.0
204.0,2026-01-01 20:04:47.654697,False,0.0,9.901915550231934,-99.47454071044922,60.55975341796875,1.0,9.988947868347168,-96.3427963256836,61.28376388549805,1.0,60.50577163696289,0.0,-11.448673248291016,0.0
205.0,2026-01-01 20:04:53.662720,False,0.0,9.795373916625977,-99.38980102539062,60.45421600341797,1.0,9.885760307312012,-96.42752075195312,61.18057632446289,1.0,60.400550842285156,0.0,-11.412262916564941,0.0
206.0,2026-01-01 20:04:59.822121,False,0.0,9.688922882080078,-99.30970764160156,60.348716735839844,1.0,9.782483100891113,-96.50761413574219,61.07729721069336,1.0,60.295345306396484,0.0,-11.377842903137207,0.0
207.0,2026-01-01 20:05:06.210017,False,0.0,9.582558631896973,-99.23399353027344,60.243247985839844,1.0,9.679119110107422,-96.58332824707031,60.973934173583984,1.0,60.19015884399414,0.0,-11.345296859741211,0.0
208.0,2026-01-01 20:05:12.251673,False,0.0,9.476274490356445,-99.16241455078125,60.13780975341797,1.0,9.575674057006836,-96.6549072265625,60.87049102783203,1.0,60.08498764038086,0.0,-11.31452465057373,0.0
209.0,2026-01-01 20:05:18.051010,False,0.0,9.370067596435547,-99.09474182128906,60.03240203857422,1.0,9.472152709960938,-96.72257995605469,60.7669677734375,1.0,59.97983169555664,0.0,-11.28542423248291,0.0
210.0,2026-01-01 20:05:24.323322,False,0.0,9.263933181762695,-99.03075408935547,59.927024841308594,1.0,9.368558883666992,-96.78656005859375,60.66337585449219,1.0,59.87468719482422,0.0,-11.257911682128906,0.0
211.0,2026-01-01 20:05:30.064863,False,0.0,9.157867431640625,-98.97024536132812,59.82167434692383,1.0,9.264896392822266,-96.84706115722656,60.55971145629883,1.0,59.76955795288086,0.0,-11.231887817382812,0.0
212.0,2026-01-01 20:05:36.333463,False,0.0,9.05186653137207,-98.91304016113281,59.716346740722656,1.0,9.16117000579834,-96.90428161621094,60.45598602294922,1.0,59.66444396972656,0.0,-11.207275390625,0.0
213.0,2026-01-01 20:05:42.384735,False,0.0,8.94592571258545,-98.85893249511719,59.611045837402344,1.0,9.057380676269531,-96.95838165283203,60.352195739746094,1.0,59.5593376159668,0.0,-11.184000968933105,0.0
214.0,2026-01-01 20:05:48.767971,False,0.0,8.840044021606445,-98.8077621459961,59.505767822265625,1.0,8.953535079956055,-97.0095443725586,60.248348236083984,1.0,59.454246520996094,0.0,-11.16199016571045,0.0
215.0,2026-01-01 20:05:54.890244,False,0.0,8.734216690063477,-98.75936889648438,59.4005126953125,1.0,8.84963321685791,-97.05793762207031,60.144447326660156,1.0,59.34916687011719,0.0,-11.141164779663086,0.0
216.0,2026-01-01 20:06:00.921917,False,0.0,8.62844181060791,-87.21101379394531,59.424068450927734,1.0,8.745680809020996,-87.03881072998047,60.04052734375,1.0,59.384891510009766,0.0,-9.625190734863281,0.0
217.0,2026-01-01 20:06:06.983640,False,0.0,8.535035133361816,-87.2059326171875,59.33071517944336,1.0,8.652458190917969,-87.04388427734375,59.94730758666992,1.0,59.29155349731445,0.0,-9.623003959655762,0.0
218.0,2026-01-01 20:06:13.702003,False,0.0,8.441634178161621,-87.2011489868164,59.23736572265625,1.0,8.55923080444336,-87.04866790771484,59.85408020019531,1.0,59.198219299316406,0.0,-9.62093734741211,0.0
219.0,2026-01-01 20:06:19.508622,False,0.0,8.348237991333008,-87.19664764404297,59.14401626586914,1.0,8.465997695922852,-87.05317687988281,59.76084518432617,1.0,59.10488510131836,0.0,-9.618999481201172,0.0
220.0,2026-01-01 20:06:25.888531,False,0.0,8.254846572875977,-87.19239807128906,59.0506706237793,1.0,8.372760772705078,-87.05741119384766,59.66761016845703,1.0,59.01155471801758,0.0,-9.617168426513672,0.0
221.0,2026-01-01 20:06:31.972698,False,0.0,8.161459922790527,-87.18841552734375,58.95732498168945,1.0,8.279518127441406,-87.0614013671875,59.57436752319336,1.0,58.9182243347168,0.0,-9.615447044372559,0.0
222.0,2026-01-01 20:06:38.303972,False,0.0,8.06807804107666,-87.18466186523438,58.863983154296875,1.0,8.186271667480469,-87.06513977050781,59.48112106323242,1.0,58.82489013671875,0.0,-9.6138277053833,0.0
223.0,2026-01-01 20:06:44.516643,False,0.0,7.9746994972229,-87.1811294555664,58.7706413269043,1.0,8.093021392822266,-87.06867218017578,59.38787078857422,1.0,58.731563568115234,0.0,-9.612309455871582,0.0
224.0,2026-01-01 20:06:50.575305,False,0.0,7.881324768066406,-87.17781066894531,58.677303314208984,1.0,7.999767303466797,-87.07199096679688,59.29461669921875,1.0,58.63823318481445,0.0,-9.610880851745605,0.0
225.0,2026-01-01 20:06:57.174363,False,0.0,7.787953853607178,-87.1746826171875,58.58396530151367,1.0,7.906509876251221,-87.07511138916016,59.201358795166016,1.0,58.54490661621094,0.0,-9.609528541564941,0.0
226.0,2026-01-01 20:07:03.568513,False,0.0,7.694585800170898,-87.17173767089844,58.49062728881836,1.0,7.813248634338379,-87.07805633544922,59.108097076416016,1.0,58.45158004760742,0.0,-9.608262062072754,0.0
227.0,2026-01-01 20:07:09.970177,False,0.0,7.601221561431885,-87.16897583007812,58.39729309082031,1.0,7.719984531402588,-87.08081817626953,59.01483154296875,1.0,58.358253479003906,0.0,-9.607073783874512,0.0
228.0,2026-01-01 20:07:16.505739,False,0.0,7.50786018371582,-89.32301330566406,58.28085708618164,1.0,7.626717567443848,-88.95980072021484,58.92155838012695,1.0,58.23967742919922,0.0,-9.888243675231934,0.0
229.0,2026-01-01 20:07:22.392764,False,0.0,7.412191390991211,-89.31248474121094,58.185302734375,1.0,7.531437873840332,-88.97032928466797,58.82627868652344,1.0,58.14415740966797,0.0,-9.883703231811523,0.0
230.0,2026-01-01 20:07:28.584434,False,0.0,7.316534042358398,-89.30256652832031,58.089752197265625,1.0,7.436147212982178,-88.9802474975586,58.730987548828125,1.0,58.048641204833984,0.0,-9.879432678222656,0.0
231.0,2026-01-01 20:07:34.620980,False,0.0,7.220887184143066,-89.29322052001953,57.99420928955078,1.0,7.340845584869385,-88.98958587646484,58.63568878173828,1.0,57.953125,0.0,-9.875405311584473,0.0
232.0,2026-01-01 20:07:40.892599,False,0.0,7.125250339508057,-89.284423828125,57.89866638183594,1.0,7.2455339431762695,-88.9983901977539,58.540374755859375,1.0,57.85761260986328,0.0,-9.871615409851074,0.0
233.0,2026-01-01 20:07:47.146045,False,0.0,7.029623031616211,-89.27613067626953,57.80312728881836,1.0,7.150213241577148,-89.00667572021484,58.44505310058594,1.0,57.76210403442383,0.0,-9.868040084838867,0.0
234.0,2026-01-01 20:07:53.400678,False,0.0,6.934004783630371,-89.26832580566406,57.70759582519531,1.0,7.054883003234863,-89.01448059082031,58.34972381591797,1.0,57.666595458984375,0.0,-9.864673614501953,0.0
235.0,2026-01-01 20:07:59.423547,False,0.0,6.838394641876221,-89.2609634399414,57.612064361572266,1.0,6.959545135498047,-89.02183532714844,58.25438690185547,1.0,57.57109069824219,0.0,-9.861504554748535,0.0
236.0,2026-01-01 20:08:05.643154,False,0.0,6.74279260635376,-89.25403594970703,57.516536712646484,1.0,6.864199161529541,-89.02876281738281,58.15904235839844,1.0,57.4755859375,0.0,-9.858519554138184,0.0
237.0,2026-01-01 20:08:11.596579,False,0.0,6.647197723388672,-89.24750518798828,57.42101287841797,1.0,6.768845558166504,-89.03528594970703,58.06368637084961,1.0,57.38008117675781,0.0,-9.855703353881836,0.0
238.0,2026-01-01 20:08:17.982647,False,0.0,6.551609992980957,-89.24136352539062,57.32549285888672,1.0,6.673485279083252,-89.04143524169922,57.968326568603516,1.0,57.28458023071289,0.0,-9.853053092956543,0.0
239.0,2026-01-01 20:08:24.078038,False,0.0,6.456028938293457,-89.23556518554688,57.22997283935547,1.0,6.578117847442627,-89.04723358154297,57.87295913696289,1.0,57.189083099365234,0.0,-9.850558280944824,0.0
240.0,2026-01-01 20:08:30.008072,False,0.0,6.360454082489014,-71.53035736083984,57.309513092041016,1.0,6.4827446937561035,-73.84590911865234,57.77763366699219,1.0,57.28480911254883,0.0,-7.499490261077881,0.0
241.0,2026-01-01 20:08:36.387918,False,0.0,6.283842086791992,-71.609130859375,57.23219299316406,1.0,6.403652667999268,-73.76712799072266,57.69853973388672,1.0,57.2072868347168,0.0,-7.533556938171387,0.0
242.0,2026-01-01 20:08:42.226205,False,0.0,6.207145690917969,-71.68260955810547,57.15483856201172,1.0,6.324645042419434,-73.69364929199219,57.61953353881836,1.0,57.129737854003906,0.0,-7.565317153930664,0.0
243.0,2026-01-01 20:08:48.600153,False,0.0,6.130370616912842,-71.7511215209961,57.077449798583984,1.0,6.245716094970703,-73.6251449584961,57.54060363769531,1.0,57.05216598510742,0.0,-7.594930648803711,0.0
244.0,2026-01-01 20:08:54.784107,False,0.0,6.053522109985352,-71.81502532958984,57.00002670288086,1.0,6.166860580444336,-73.56123352050781,57.46175003051758,1.0,56.97457504272461,0.0,-7.622547626495361,0.0
245.0,2026-01-01 20:09:01.190712,False,0.0,5.976605415344238,-71.87461853027344,56.92257308959961,1.0,6.08807373046875,-73.50164031982422,57.38296127319336,1.0,56.89696502685547,0.0,-7.648290157318115,0.0
246.0,2026-01-01 20:09:06.828602,False,0.0,5.899624824523926,-71.93016815185547,56.8450927734375,1.0,6.009350299835205,-73.44608306884766,57.30424118041992,1.0,56.8193359375,0.0,-7.672294616699219,0.0
247.0,2026-01-01 20:09:13.133682,False,0.0,5.822584629058838,-71.9819564819336,56.76758575439453,1.0,5.9306864738464355,-73.394287109375,57.2255744934082,1.0,56.74169158935547,0.0,-7.694661617279053,0.0
248.0,2026-01-01 20:09:19.474304,False,0.0,5.745489120483398,-72.03024291992188,56.69005584716797,1.0,5.852077960968018,-73.34601593017578,57.146968841552734,1.0,56.664031982421875,0.0,-7.715510845184326,0.0
249.0,2026-01-01 20:09:26.066380,False,0.0,5.668341636657715,-72.07524108886719,56.61250305175781,1.0,5.773521423339844,-73.3010025024414,57.06841278076172,1.0,56.58635711669922,0.0,-7.73494291305542,0.0
250.0,2026-01-01 20:09:31.717660,False,0.0,5.591145992279053,-72.11717987060547,56.53492736816406,1.0,5.695013046264648,-73.25906372070312,56.98990249633789,1.0,56.508670806884766,0.0,-7.75305700302124,0.0
251.0,2026-01-01 20:09:38.172907,False,0.0,5.5139055252075195,-72.1562728881836,56.45733642578125,1.0,5.616549491882324,-73.219970703125,56.91143798828125,1.0,56.430973052978516,0.0,-7.769930839538574,0.0
252.0,2026-01-01 20:09:44.067919,False,0.0,5.4366230964660645,-59.91969680786133,56.482425689697266,1.0,5.538127899169922,-62.76618957519531,56.833045959472656,1.0,56.46538162231445,0.0,-6.135944366455078,0.0
253.0,2026-01-01 20:09:50.559316,False,0.0,5.372446537017822,-60.0310173034668,56.417388916015625,1.0,5.470902919769287,-62.654876708984375,56.76581954956055,1.0,56.40010070800781,0.0,-6.184144020080566,0.0
254.0,2026-01-01 20:09:57.069477,False,0.0,5.308150768280029,-60.133758544921875,56.352298736572266,1.0,5.403797149658203,-62.552127838134766,56.69871520996094,1.0,56.334781646728516,0.0,-6.228611946105957,0.0
255.0,2026-01-01 20:10:03.448414,False,0.0,5.24374532699585,-60.22857666015625,56.28716278076172,1.0,5.336801052093506,-62.457313537597656,56.631717681884766,1.0,56.269432067871094,0.0,-6.269637584686279,0.0
256.0,2026-01-01 20:10:09.825057,False,0.0,5.1792378425598145,-60.31605911254883,56.22197723388672,1.0,5.269906520843506,-62.36982345581055,56.564823150634766,1.0,56.20404815673828,0.0,-6.307479381561279,0.0
257.0,2026-01-01 20:10:15.786231,False,0.0,5.1146368980407715,-60.39675521850586,56.1567497253418,1.0,5.203105926513672,-62.289127349853516,56.498023986816406,1.0,56.138641357421875,0.0,-6.342377662658691,0.0
258.0,2026-01-01 20:10:22.131549,False,0.0,5.049949645996094,-60.47119140625,56.09148406982422,1.0,5.136391639709473,-62.214691162109375,56.43130874633789,1.0,56.07320785522461,0.0,-6.374560832977295,0.0
259.0,2026-01-01 20:10:27.931928,False,0.0,4.985182285308838,-60.539833068847656,56.02618408203125,1.0,5.069757461547852,-62.14604949951172,56.36467742919922,1.0,56.00775146484375,0.0,-6.404229164123535,0.0
260.0,2026-01-01 20:10:34.172262,False,0.0,4.920341968536377,-60.603118896484375,55.960853576660156,1.0,5.0031962394714355,-62.082763671875,56.29811477661133,1.0,55.9422721862793,0.0,-6.431580066680908,0.0
261.0,2026-01-01 20:10:40.288141,False,0.0,4.855433464050293,-60.66143798828125,55.89549255371094,1.0,4.936703205108643,-62.02444076538086,56.23162078857422,1.0,55.87677764892578,0.0,-6.456783771514893,0.0
262.0,2026-01-01 20:10:46.364412,False,0.0,4.790462493896484,-60.7152214050293,55.830101013183594,1.0,4.870272636413574,-61.970645904541016,56.165191650390625,1.0,55.81126403808594,0.0,-6.480014324188232,0.0
263.0,2026-01-01 20:10:52.345715,False,0.0,4.725433826446533,-60.764801025390625,55.764686584472656,1.0,4.80389928817749,-61.92107391357422,56.098819732666016,1.0,55.745731353759766,0.0,-6.501425266265869,0.0
264.0,2026-01-01 20:10:58.752209,False,0.0,4.6603522300720215,-76.51065826416016,55.56348419189453,1.0,4.737579345703125,-75.50227355957031,56.03246307373047,1.0,55.53181838989258,0.0,-8.581713676452637,0.0
265.0,2026-01-01 20:11:04.952058,False,0.0,4.57840633392334,-76.47705078125,55.48185729980469,1.0,4.656713008880615,-75.53588104248047,55.951595306396484,1.0,55.450286865234375,0.0,-8.56724739074707,0.0
266.0,2026-01-01 20:11:11.195250,False,0.0,4.496496200561523,-76.44569396972656,55.40024185180664,1.0,4.575811386108398,-75.56723022460938,55.87069320678711,1.0,55.36876678466797,0.0,-8.553746223449707,0.0
267.0,2026-01-01 20:11:17.152262,False,0.0,4.4146199226379395,-76.41644287109375,55.31864547729492,1.0,4.494875431060791,-75.59648895263672,55.789756774902344,1.0,55.28725051879883,0.0,-8.541153907775879,0.0
268.0,2026-01-01 20:11:23.237500,False,0.0,4.332774639129639,-76.38914489746094,55.237056732177734,1.0,4.4139084815979,-75.62378692626953,55.70878982543945,1.0,55.205745697021484,0.0,-8.529394149780273,0.0
269.0,2026-01-01 20:11:29.419188,False,0.0,4.250958442687988,-76.3636703491211,55.15548324584961,1.0,4.332912445068359,-75.64925384521484,55.6277961730957,1.0,55.124244689941406,0.0,-8.518427848815918,0.0
270.0,2026-01-01 20:11:35.574919,False,0.0,4.169169902801514,-76.33990478515625,55.073917388916016,1.0,4.251888751983643,-75.67302703857422,55.54677200317383,1.0,55.04275131225586,0.0,-8.508191108703613,0.0
271.0,2026-01-01 20:11:41.468053,False,0.0,4.087406635284424,-76.31771850585938,54.992366790771484,1.0,4.170840263366699,-75.69520568847656,55.465721130371094,1.0,54.96126174926758,0.0,-8.49863338470459,0.0
272.0,2026-01-01 20:11:48.012383,False,0.0,4.005667209625244,-76.29701232910156,54.910823822021484,1.0,4.0897674560546875,-75.71591186523438,55.38465118408203,1.0,54.87977600097656,0.0,-8.489715576171875,0.0
273.0,2026-01-01 20:11:53.745575,False,0.0,3.9239501953125,-76.2776870727539,54.829288482666016,1.0,4.008672714233398,-75.7352294921875,55.30355453491211,1.0,54.79829788208008,0.0,-8.481388092041016,0.0
274.0,2026-01-01 20:11:59.973187,False,0.0,3.8422536849975586,-76.25965118408203,54.74776077270508,1.0,3.9275569915771484,-75.75325775146484,55.22243881225586,1.0,54.71682357788086,0.0,-8.473623275756836,0.0
275.0,2026-01-01 20:12:05.880215,False,0.0,3.7605764865875244,-76.2428207397461,54.66624450683594,1.0,3.8464221954345703,-75.77009582519531,55.14130401611328,1.0,54.63535690307617,0.0,-8.466371536254883,0.0
276.0,2026-01-01 20:12:12.106023,False,0.0,3.678917169570923,-76.94190979003906,54.57794952392578,1.0,3.7652692794799805,-76.40962982177734,55.060150146484375,1.0,54.54647445678711,0.0,-8.552850723266602,0.0
277.0,2026-01-01 20:12:18.241422,False,0.0,3.5965092182159424,-76.9243392944336,54.49570846557617,1.0,3.683431386947632,-76.42719268798828,54.97831344604492,1.0,54.46428298950195,0.0,-8.54528522491455,0.0
278.0,2026-01-01 20:12:24.127495,False,0.0,3.514120101928711,-76.90794372558594,54.413475036621094,1.0,3.601574659347534,-76.44359588623047,54.896453857421875,1.0,54.38209915161133,0.0,-8.538216590881348,0.0
279.0,2026-01-01 20:12:30.428276,False,0.0,3.431748628616333,-76.89262390136719,54.33124923706055,1.0,3.519700527191162,-76.45890808105469,54.814579010009766,1.0,54.29991912841797,0.0,-8.53161907196045,0.0
280.0,2026-01-01 20:12:36.143846,False,0.0,3.349393367767334,-76.87832641601562,54.24903106689453,1.0,3.437809705734253,-76.47321319580078,54.732688903808594,1.0,54.21773910522461,0.0,-8.525459289550781,0.0
281.0,2026-01-01 20:12:42.772121,False,0.0,3.2670536041259766,-76.86495971679688,54.16681671142578,1.0,3.3559038639068604,-76.486572265625,54.65078353881836,1.0,54.13556671142578,0.0,-8.519699096679688,0.0
282.0,2026-01-01 20:12:48.845269,False,0.0,3.184727907180786,-76.85247802734375,54.08460998535156,1.0,3.2739834785461426,-76.49903869628906,54.56886291503906,1.0,54.05339431762695,0.0,-8.514322280883789,0.0
283.0,2026-01-01 20:12:54.975339,False,0.0,3.1024158000946045,-76.84082794189453,54.002410888671875,1.0,3.192049980163574,-76.51068115234375,54.48693084716797,1.0,53.971229553222656,0.0,-8.50930118560791,0.0
284.0,2026-01-01 20:13:01.117633,False,0.0,3.020116090774536,-76.82994842529297,53.92021179199219,1.0,3.1101038455963135,-76.52157592773438,54.40498352050781,1.0,53.88906478881836,0.0,-8.504618644714355,0.0
285.0,2026-01-01 20:13:07.304457,False,0.0,2.9378280639648438,-76.81978607177734,53.83802032470703,1.0,3.0281460285186768,-76.53173065185547,54.32302474975586,1.0,53.80690383911133,0.0,-8.500232696533203,0.0
286.0,2026-01-01 20:13:13.336473,False,0.0,2.85555100440979,-76.81029510498047,53.755836486816406,1.0,2.9461774826049805,-76.54122924804688,54.241058349609375,1.0,53.7247428894043,0.0,-8.49614143371582,0.0
287.0,2026-01-01 20:13:19.169951,False,1.0,2.7732839584350586,34.139766693115234,54.15620422363281,1.0,2.864198684692383,106.64814758300781,54.159420013427734,1.0,58.683250427246094,0.0,127.91259002685547,0.0
288.0,2026-01-01 20:13:25.412549,False,1.0,2.8098490238189697,45.495235443115234,54.254486083984375,1.0,2.9784231185913086,104.676025390625,54.27363586425781,1.0,58.805442810058594,0.0,128.24107360839844,0.0
289.0,2026-01-01 20:13:31.293097,False,1.0,2.8585762977600098,49.72408676147461,54.32999038696289,1.0,3.0905356407165527,99.59583282470703,54.3857307434082,1.0,58.8607292175293,0.0,127.90911102294922,0.0
290.0,2026-01-01 20:13:37.752742,False,1.0,2.911832809448242,51.99203872680664,54.3984375,1.0,3.197206735610962,96.53406524658203,54.49238967895508,1.0,58.91065979003906,0.0,127.61275482177734,0.0
291.0,2026-01-01 20:13:43.478510,False,1.0,2.9675185680389404,53.6279411315918,54.46543502807617,1.0,3.3005988597869873,94.12495422363281,54.59577560424805,1.0,58.95937728881836,0.0,127.32284545898438,0.0
292.0,2026-01-01 20:13:49.750650,False,1.0,3.024956226348877,54.9058952331543,54.53192138671875,1.0,3.4014103412628174,92.08667755126953,54.69657897949219,1.0,59.00760269165039,0.0,127.0345687866211,0.0
293.0,2026-01-01 20:13:55.610258,False,1.0,3.0837626457214355,55.94564437866211,54.59822082519531,1.0,3.5000391006469727,90.296142578125,54.79520034790039,1.0,59.05558776855469,0.0,126.74625396728516,0.0
294.0,2026-01-01 20:14:01.897219,False,1.0,3.1436827182769775,56.81098175048828,54.664466857910156,1.0,3.596750020980835,88.68769836425781,54.89190673828125,1.0,59.103450775146484,0.0,126.4572525024414,0.0
295.0,2026-01-01 20:14:08.309800,False,1.0,3.2045297622680664,57.54146194458008,54.73072052001953,1.0,3.6917381286621094,87.22061157226562,54.98688888549805,1.0,59.151241302490234,0.0,126.16727447509766,0.0
296.0,2026-01-01 20:14:14.225197,False,1.0,3.2661588191986084,58.163673400878906,54.797000885009766,1.0,3.7851550579071045,85.8675308227539,55.08030319213867,1.0,59.19898986816406,0.0,125.87622833251953,0.0
297.0,2026-01-01 20:14:20.430679,False,1.0,3.3284547328948975,58.696537017822266,54.86331558227539,1.0,3.877122640609741,84.60895538330078,55.17226791381836,1.0,59.2467041015625,0.0,125.5841064453125,0.0
298.0,2026-01-01 20:14:26.304988,False,1.0,3.3913209438323975,59.15409851074219,54.929656982421875,1.0,3.967742443084717,83.43040466308594,55.262882232666016,1.0,59.29438781738281,0.0,125.29093170166016,0.0
299.0,2026-01-01 20:14:32.644711,False,1.0,3.4546775817871094,59.54716491699219,54.99601364135742,1.0,4.05709981918335,82.32075500488281,55.352237701416016,1.0,59.342037200927734,0.0,124.99678039550781,0.0
300.0,2026-01-01 20:14:38.499430,False,1.0,3.5184550285339355,90.62321472167969,55.34961700439453,1.0,4.145268440246582,107.18383026123047,55.44049072265625,1.0,59.865203857421875,0.0,127.57068634033203,0.0
301.0,2026-01-01 20:14:44.719391,False,1.0,3.615516185760498,90.98255157470703,55.45062255859375,1.0,4.260066986083984,105.82926940917969,55.5552864074707,1.0,59.93636703491211,0.0,127.10983276367188,0.0
302.0,2026-01-01 20:14:51.085258,False,1.0,3.7129621505737305,91.24234008789062,55.550926208496094,1.0,4.373414516448975,104.58170318603516,55.66862869262695,1.0,60.00701141357422,0.0,126.65096282958984,0.0
303.0,2026-01-01 20:14:56.887974,False,1.0,3.8106865882873535,91.42234802246094,55.650638580322266,1.0,4.48542594909668,103.42034912109375,55.780635833740234,1.0,60.077213287353516,0.0,126.19357299804688,0.0
304.0,2026-01-01 20:15:02.952896,False,1.0,3.9086036682128906,91.53665161132812,55.74981689453125,1.0,4.596193313598633,102.3304443359375,55.89139938354492,1.0,60.14702606201172,0.0,125.73735809326172,0.0
305.0,2026-01-01 20:15:09.177296,False,1.0,4.006643295288086,91.59574890136719,55.8485107421875,1.0,4.705793380737305,101.30094146728516,56.00099563598633,1.0,60.21648025512695,0.0,125.28208923339844,0.0
306.0,2026-01-01 20:15:15.482959,False,1.0,4.104745864868164,91.60771179199219,55.94674301147461,1.0,4.814291000366211,100.32337188720703,56.10948944091797,1.0,60.28559875488281,0.0,124.8276596069336,0.0
307.0,2026-01-01 20:15:21.273707,False,1.0,4.202861785888672,91.57893371582031,56.04454040527344,1.0,4.921741485595703,99.3910140991211,56.21693420410156,1.0,60.35440444946289,0.0,124.37397003173828,0.0
308.0,2026-01-01 20:15:27.202689,False,1.0,4.300946235656738,91.51453399658203,56.14191436767578,1.0,5.02819299697876,98.49846649169922,56.32338333129883,1.0,60.42290115356445,0.0,123.92096710205078,0.0
309.0,2026-01-01 20:15:33.509638,False,1.0,4.398962020874023,91.41875457763672,56.23887252807617,1.0,5.133688926696777,97.64127349853516,56.42887878417969,1.0,60.49110412597656,0.0,123.46861267089844,0.0
310.0,2026-01-01 20:15:39.129812,False,1.0,4.496875286102295,91.29513549804688,56.33542251586914,1.0,5.238266944885254,96.81572723388672,56.533451080322266,1.0,60.55901336669922,0.0,123.01689910888672,0.0
311.0,2026-01-01 20:15:45.147526,False,1.0,4.594656467437744,91.14665222167969,56.43156814575195,1.0,5.341960430145264,96.01868438720703,56.637142181396484,1.0,60.62663650512695,0.0,122.56580352783203,0.0
312.0,2026-01-01 20:15:51.378543,False,1.0,4.6922783851623535,44.07282257080078,56.12836837768555,1.0,5.44480037689209,63.43306350708008,56.73988342285156,1.0,60.043983459472656,0.0,118.1561279296875,0.0
313.0,2026-01-01 20:15:57.297622,False,1.0,4.7394819259643555,44.29033660888672,56.17686462402344,1.0,5.512740135192871,62.65955352783203,56.807823181152344,1.0,60.07916259765625,0.0,117.93653106689453,0.0
314.0,2026-01-01 20:16:03.282110,False,1.0,4.786918640136719,44.480735778808594,56.22543716430664,1.0,5.579850673675537,61.91593551635742,56.87493133544922,1.0,60.1143684387207,0.0,117.7159194946289,0.0
315.0,2026-01-01 20:16:09.525188,False,1.0,4.834559440612793,44.646244049072266,56.27406692504883,1.0,5.646165370941162,61.19990158081055,56.941246032714844,1.0,60.14958953857422,0.0,117.49440002441406,0.0
316.0,2026-01-01 20:16:15.473292,False,1.0,4.882377624511719,44.78883361816406,56.3227424621582,1.0,5.711712837219238,60.509437561035156,57.00679016113281,1.0,60.184818267822266,0.0,117.27205657958984,0.0
317.0,2026-01-01 20:16:21.751572,False,1.0,4.930347919464111,44.91025924682617,56.37144088745117,1.0,5.7765212059021,59.84273910522461,57.071598052978516,1.0,60.22004318237305,0.0,117.0489730834961,0.0
318.0,2026-01-01 20:16:27.732626,False,1.0,4.978448867797852,45.012107849121094,56.42015838623047,1.0,5.840615272521973,59.198184967041016,57.13568878173828,1.0,60.25525665283203,0.0,116.82523345947266,0.0
319.0,2026-01-01 20:16:33.478185,False,1.0,5.026658535003662,45.09577178955078,56.4688720703125,1.0,5.904018878936768,58.57432556152344,57.199092864990234,1.0,60.29044723510742,0.0,116.60091400146484,0.0
320.0,2026-01-01 20:16:39.859070,False,1.0,5.074958324432373,45.162540435791016,56.517574310302734,1.0,5.96675443649292,57.96984100341797,57.26182556152344,1.0,60.32561492919922,0.0,116.37608337402344,0.0
321.0,2026-01-01 20:16:45.880173,False,1.0,5.123329162597656,45.21358108520508,56.566253662109375,1.0,6.028842449188232,57.38353729248047,57.32391357421875,1.0,60.360748291015625,0.0,116.15079498291016,0.0
322.0,2026-01-01 20:16:51.815922,False,1.0,5.171754837036133,45.24993896484375,56.61490249633789,1.0,6.090302467346191,56.8143310546875,57.385372161865234,1.0,60.39583969116211,0.0,115.92513275146484,0.0
323.0,2026-01-01 20:16:57.985901,False,1.0,5.220219135284424,45.27257537841797,56.66350173950195,1.0,6.151153087615967,56.261234283447266,57.44622039794922,1.0,60.430885314941406,0.0,115.69914245605469,0.0
324.0,2026-01-01 20:17:04.169792,False,1.0,5.268707752227783,82.605712890625,57.01534652709961,1.0,6.211410999298096,78.0117416381836,57.506534576416016,1.0,60.95488357543945,0.0,118.45549774169922,0.0
325.0,2026-01-01 20:17:10.463635,False,1.0,5.357182025909424,82.18690490722656,57.09959030151367,1.0,6.294964790344238,77.6178970336914,57.590087890625,1.0,61.0141716003418,0.0,118.0499038696289,0.0
326.0,2026-01-01 20:17:16.735261,False,1.0,5.445207595825195,81.7691879272461,57.18341064453125,1.0,6.378097057342529,77.22515869140625,57.6732177734375,1.0,61.07318115234375,0.0,117.64541625976562,0.0
327.0,2026-01-01 20:17:22.968291,False,1.0,5.532785892486572,81.35249328613281,57.266815185546875,1.0,6.460808277130127,76.83360290527344,57.75592803955078,1.0,61.13191223144531,0.0,117.24201965332031,0.0
328.0,2026-01-01 20:17:29.133274,False,1.0,5.619917869567871,80.93682861328125,57.34980392456055,1.0,6.543100357055664,76.4432144165039,57.838218688964844,1.0,61.190364837646484,0.0,116.8397216796875,0.0
329.0,2026-01-01 20:17:35.347192,False,1.0,5.706604480743408,80.5221939086914,57.432373046875,1.0,6.624974250793457,76.05398559570312,57.92009353637695,1.0,61.248538970947266,0.0,116.43853759765625,0.0
330.0,2026-01-01 20:17:41.311157,False,1.0,5.792847156524658,80.10861206054688,57.5145263671875,1.0,6.706430912017822,75.6659164428711,58.001548767089844,1.0,61.30643844604492,0.0,116.0384521484375,0.0
331.0,2026-01-01 20:17:47.483143,False,1.0,5.878646373748779,79.69608306884766,57.59626388549805,1.0,6.787472248077393,75.27900695800781,58.08258819580078,1.0,61.36405563354492,0.0,115.63947296142578,0.0
332.0,2026-01-01 20:17:53.644745,False,1.0,5.9640045166015625,79.28460693359375,57.67759323120117,1.0,6.868099212646484,74.89324951171875,58.16321563720703,1.0,61.42140197753906,0.0,115.24160766601562,0.0
333.0,2026-01-01 20:17:59.864301,False,1.0,6.048921585083008,78.87419891357422,57.75850296020508,1.0,6.948312759399414,74.50863647460938,58.24342727661133,1.0,61.47846984863281,0.0,114.84484100341797,0.0
334.0,2026-01-01 20:18:05.982163,False,1.0,6.13339900970459,78.46485900878906,57.83900451660156,1.0,7.0281147956848145,74.12517547607422,58.32322692871094,1.0,61.53526306152344,0.0,114.4491958618164,0.0
335.0,2026-01-01 20:18:11.821352,False,0.0,6.217438220977783,-18.195938110351562,57.485023498535156,1.0,7.107505798339844,-79.37734985351562,58.40237808227539,1.0,57.51210021972656,0.0,7.975141525268555,0.0
336.0,2026-01-01 20:18:18.085107,False,0.0,6.197949409484863,-38.68229293823242,57.382144927978516,1.0,7.022489547729492,-86.90396881103516,58.31733703613281,1.0,57.38866424560547,0.0,3.7224974632263184,0.0
337.0,2026-01-01 20:18:24.068393,False,0.0,6.156518936157227,-40.12923049926758,57.332916259765625,1.0,6.929411888122559,-85.45702362060547,58.224266052246094,1.0,57.3375244140625,0.0,3.0913968086242676,0.0
338.0,2026-01-01 20:18:30.008905,False,0.0,6.113539218902588,-41.51235580444336,57.28225326538086,1.0,6.837883949279785,-84.07390594482422,58.13274002075195,1.0,57.28532028198242,0.0,2.485569477081299,0.0
339.0,2026-01-01 20:18:36.310764,False,0.0,6.069077491760254,-42.832698822021484,57.23025131225586,1.0,6.747837066650391,-82.75355529785156,58.04269790649414,1.0,57.232120513916016,0.0,1.9046474695205688,0.0
340.0,2026-01-01 20:18:42.289590,False,0.0,6.023201942443848,-44.09140396118164,57.177001953125,1.0,6.659204483032227,-81.4948501586914,57.954071044921875,1.0,57.17798614501953,0.0,1.348184585571289,0.0
341.0,2026-01-01 20:18:48.761459,False,0.0,5.975978374481201,-45.28934860229492,57.12259292602539,1.0,6.571920394897461,-80.29691314697266,57.866790771484375,1.0,57.12297058105469,0.0,0.8158706426620483,0.0
342.0,2026-01-01 20:18:54.496622,False,0.0,5.92747163772583,-46.42796325683594,57.06710433959961,1.0,6.485918998718262,-79.15828704833984,57.780792236328125,1.0,57.067138671875,0.0,0.3070886731147766,0.0
343.0,2026-01-01 20:19:01.119707,False,0.0,5.877745151519775,-47.508636474609375,57.01061248779297,1.0,6.401137351989746,-78.07762145996094,57.696014404296875,1.0,57.01054000854492,0.0,-0.17855826020240784,0.0
344.0,2026-01-01 20:19:07.121359,False,0.0,5.826861381530762,-48.52794647216797,56.95322799682617,1.0,6.3175129890441895,-77.05829620361328,57.61239242553711,1.0,56.95290756225586,0.0,-0.6359535455703735,0.0
345.0,2026-01-01 20:19:13.285820,False,0.0,5.774886131286621,-49.487491607666016,56.895023345947266,1.0,6.23498010635376,-76.0987548828125,57.52986145019531,1.0,56.894283294677734,0.0,-1.0653260946273804,0.0
346.0,2026-01-01 20:19:19.703194,False,0.0,5.7218828201293945,-50.390071868896484,56.8360710144043,1.0,6.153475284576416,-75.19617462158203,57.448360443115234,1.0,56.834781646728516,0.0,-1.468222975730896,0.0
347.0,2026-01-01 20:19:25.633004,False,0.0,5.667913436889648,-51.23831558227539,56.77642059326172,1.0,6.07293701171875,-74.34793090820312,57.36782455444336,1.0,56.77449417114258,0.0,-1.8460350036621094,0.0
348.0,2026-01-01 20:19:31.906457,False,0.0,5.613034725189209,-54.701934814453125,56.69752502441406,1.0,5.993307590484619,-75.37825775146484,57.28819274902344,1.0,56.69386672973633,0.0,-2.6359572410583496,0.0
349.0,2026-01-01 20:19:37.988257,False,0.0,5.554446697235107,-55.403892517089844,56.633907318115234,1.0,5.912574291229248,-74.67627716064453,57.20745849609375,1.0,56.629432678222656,0.0,-2.9468066692352295,0.0
350.0,2026-01-01 20:19:43.976672,False,0.0,5.495107173919678,-56.06257247924805,56.56979751586914,1.0,5.832592964172363,-74.0176010131836,57.127479553222656,1.0,56.564491271972656,0.0,-3.238006591796875,0.0
351.0,2026-01-01 20:19:50.074764,False,0.0,5.435061454772949,-56.68012619018555,56.5052375793457,1.0,5.753316879272461,-73.40005493164062,57.0482063293457,1.0,56.499088287353516,0.0,-3.510608434677124,0.0
352.0,2026-01-01 20:19:52.609446,False,0.0,5.374354839324951,100.36186981201172,57.317081451416016,1.0,5.6747026443481445,77.42069244384766,56.969825744628906,1.0,67.40696716308594,307.8625793457031,197.12161254882812,1.0
353.0,2026-01-01 20:19:55.036886,False,0.0,5.481846809387207,99.27558898925781,57.411651611328125,1.0,5.757623195648193,77.4317398071289,57.0527458190918,1.0,67.4273681640625,306.787353515625,196.3404998779297,1.0
354.0,2026-01-01 20:19:57.561828,False,0.0,5.588174819946289,98.21682739257812,57.505496978759766,1.0,5.840555667877197,77.41839599609375,57.135677337646484,1.0,67.44770812988281,305.7152404785156,195.56369018554688,1.0
355.0,2026-01-01 20:19:59.780613,False,0.0,5.693368911743164,97.18394470214844,57.59862518310547,1.0,5.923474311828613,77.3823471069336,57.218597412109375,1.0,67.4679946899414,304.6463317871094,194.79110717773438,1.0
356.0,2026-01-01 20:20:02.304607,False,0.0,5.797457218170166,96.17554473876953,57.6910400390625,1.0,6.006353855133057,77.32511138916016,57.301475524902344,1.0,67.48821258544922,303.5806884765625,194.02276611328125,1.0
357.0,2026-01-01 20:20:04.733530,False,0.0,5.90046501159668,95.1903305053711,57.78274154663086,1.0,6.08917236328125,77.24803924560547,57.38429260253906,1.0,67.50836181640625,302.5184020996094,193.25863647460938,1.0
358.0,2026-01-01 20:20:07.344061,False,0.0,6.002418041229248,94.22713470458984,57.87373352050781,1.0,6.171907901763916,77.15238952636719,57.4670295715332,1.0,67.52845001220703,301.4595642089844,192.49871826171875,1.0
359.0,2026-01-01 20:20:09.756508,False,0.0,6.103339195251465,93.28486633300781,57.964027404785156,1.0,6.254541397094727,77.03929138183594,57.54966354370117,1.0,67.54847717285156,300.4042053222656,191.74298095703125,1.0
360.0,2026-01-01 20:20:12.464779,False,0.0,6.203250885009766,56.774261474609375,57.7237663269043,1.0,6.3370537757873535,44.131874084472656,57.63209533691406,1.0,67.33689880371094,311.555908203125,192.09706115722656,1.0
361.0,2026-01-01 20:20:14.983165,False,0.0,6.264058589935303,55.97467041015625,57.77872848510742,1.0,6.3843207359313965,44.297733306884766,57.67936325073242,1.0,67.34892272949219,310.92218017578125,191.63568115234375,1.0
362.0,2026-01-01 20:20:17.309738,False,0.0,6.324009895324707,55.21616744995117,57.83319854736328,1.0,6.431765556335449,44.42481994628906,57.726810455322266,1.0,67.36090087890625,310.290771484375,191.17799377441406,1.0
363.0,2026-01-01 20:20:19.789183,False,0.0,6.383148670196533,54.494380950927734,57.88718032836914,1.0,6.47934627532959,44.51765060424805,57.774391174316406,1.0,67.37283325195312,309.6618347167969,190.72396850585938,1.0
364.0,2026-01-01 20:20:22.412494,False,0.0,6.441514015197754,53.8056526184082,57.940677642822266,1.0,6.527026653289795,44.58002471923828,57.82207107543945,1.0,67.38471984863281,309.03546142578125,190.27357482910156,1.0
365.0,2026-01-01 20:20:25.105221,False,0.0,6.499142169952393,53.146846771240234,57.99370193481445,1.0,6.574773788452148,44.615177154541016,57.869815826416016,1.0,67.39654541015625,308.41180419921875,189.8267822265625,1.0
366.0,2026-01-01 20:20:27.409898,False,0.0,6.556064605712891,52.51527404785156,58.0462532043457,1.0,6.622558116912842,44.62586212158203,57.9176025390625,1.0,67.40833282470703,307.7909240722656,189.3834991455078,1.0
367.0,2026-01-01 20:20:29.781374,False,0.0,6.612310886383057,51.908599853515625,58.09834671020508,1.0,6.67035436630249,44.614463806152344,57.965396881103516,1.0,67.42005920410156,307.1728515625,188.94369506835938,1.0
368.0,2026-01-01 20:20:32.337886,False,0.0,6.667906761169434,51.324790954589844,58.14998245239258,1.0,6.718138217926025,44.583091735839844,58.01318359375,1.0,67.43172454833984,306.55767822265625,188.50729370117188,1.0
369.0,2026-01-01 20:20:34.711847,False,0.0,6.7228779792785645,50.76203536987305,58.201171875,1.0,6.765888690948486,44.53356170654297,58.06093215942383,1.0,67.44334411621094,305.9454040527344,188.07423400878906,1.0
370.0,2026-01-01 20:20:37.154203,False,0.0,6.777245998382568,50.218746185302734,58.251922607421875,1.0,6.8135857582092285,44.467506408691406,58.1086311340332,1.0,67.45490264892578,305.3360595703125,187.64442443847656,1.0
371.0,2026-01-01 20:20:39.764498,False,0.0,6.831032752990723,49.6934814453125,58.30224609375,1.0,6.861212253570557,44.38637161254883,58.15625762939453,1.0,67.4664077758789,304.7296447753906,187.21783447265625,1.0
372.0,2026-01-01 20:20:42.212133,False,0.0,6.884256362915039,18.237972259521484,58.206787109375,1.0,6.908751964569092,18.204025268554688,58.20376205444336,1.0,67.31167602539062,312.8852233886719,186.6011505126953,1.0
373.0,2026-01-01 20:20:44.612962,False,0.0,6.90378999710083,18.110246658325195,58.2259635925293,1.0,6.928249359130859,18.093616485595703,58.22325897216797,1.0,67.31619262695312,312.6471252441406,186.43899536132812,1.0
374.0,2026-01-01 20:20:47.117426,False,0.0,6.923186779022217,17.98464584350586,58.24501419067383,1.0,6.947628498077393,17.982500076293945,58.242637634277344,1.0,67.32068634033203,312.410400390625,186.27783203125,1.0
375.0,2026-01-01 20:20:49.727361,False,0.0,6.94244909286499,17.860963821411133,58.26393508911133,1.0,6.966888427734375,17.870878219604492,58.261898040771484,1.0,67.32514953613281,312.1750793457031,186.11767578125,1.0
376.0,2026-01-01 20:20:52.332892,False,0.0,6.961578845977783,17.739009857177734,58.28273010253906,1.0,6.986028671264648,17.7589054107666,58.281036376953125,1.0,67.32958984375,311.941162109375,185.95848083496094,1.0
377.0,2026-01-01 20:20:54.807978,False,0.0,6.9805779457092285,17.618640899658203,58.3014030456543,1.0,7.005049228668213,17.646738052368164,58.30005645751953,1.0,67.33399963378906,311.7086181640625,185.80027770996094,1.0
378.0,2026-01-01 20:20:57.367698,False,0.0,6.999448299407959,17.49972915649414,58.319950103759766,1.0,7.02394962310791,17.534568786621094,58.3189582824707,1.0,67.33838653564453,311.4775390625,185.64306640625,1.0
379.0,2026-01-01 20:20:59.920346,False,0.0,7.018191337585449,17.38214111328125,58.338375091552734,1.0,7.04272985458374,17.42237091064453,58.337738037109375,1.0,67.34274291992188,311.2477722167969,185.48675537109375,1.0
380.0,2026-01-01 20:21:02.433180,False,0.0,7.036808490753174,-143.09555053710938,57.08238983154297,1.0,7.061389923095703,-133.3478546142578,58.356056213378906,1.0,56.96647644042969,0.0,-17.30425453186035,0.0
381.0,2026-01-01 20:21:04.737067,False,0.0,6.883547306060791,-142.8957977294922,56.93235778808594,1.0,6.918569087982178,-133.54759216308594,58.213233947753906,1.0,56.81749725341797,0.0,-17.21877670288086,0.0
382.0,2026-01-01 20:21:07.450427,False,0.0,6.730499744415283,-142.7044677734375,56.78239822387695,1.0,6.775534152984619,-133.73892211914062,58.07019805908203,1.0,56.668540954589844,0.0,-17.136877059936523,0.0
383.0,2026-01-01 20:21:10.066778,False,0.0,6.577657222747803,-142.52117919921875,56.632511138916016,1.0,6.632294178009033,-133.9221954345703,57.92695617675781,1.0,56.51961135864258,0.0,-17.058391571044922,0.0
384.0,2026-01-01 20:21:12.652159,False,0.0,6.425011157989502,-91.79475402832031,57.17094421386719,1.0,6.488857746124268,-88.33171081542969,57.7837028503418,1.0,57.12368392944336,0.0,-10.65633487701416,0.0
385.0,2026-01-01 20:21:15.219883,False,0.0,6.326695442199707,-91.69387817382812,57.07374572753906,1.0,6.394250869750977,-88.43257141113281,57.68909454345703,1.0,57.02683639526367,0.0,-10.613017082214355,0.0
386.0,2026-01-01 20:21:17.407528,False,0.0,6.228487491607666,-91.59896850585938,56.976585388183594,1.0,6.299536228179932,-88.5274887084961,57.59437942504883,1.0,56.93000793457031,0.0,-10.572251319885254,0.0
387.0,2026-01-01 20:21:19.945518,False,0.0,6.130381107330322,-91.50965118408203,56.87946701049805,1.0,6.204719543457031,-88.61679077148438,57.49956130981445,1.0,56.83320236206055,0.0,-10.533885955810547,0.0
388.0,2026-01-01 20:21:22.749188,False,0.0,6.032370567321777,-91.42557525634766,56.782386779785156,1.0,6.10980749130249,-88.70087432861328,57.4046516418457,1.0,56.736412048339844,0.0,-10.497758865356445,0.0
389.0,2026-01-01 20:21:25.116254,False,0.0,5.934450149536133,-91.34647369384766,56.68533706665039,1.0,6.014804840087891,-88.77997589111328,57.30964660644531,1.0,56.6396369934082,0.0,-10.463765144348145,0.0
390.0,2026-01-01 20:21:27.307254,False,0.0,5.83661413192749,71.1392822265625,57.474063873291016,1.0,5.919717788696289,60.3532829284668,57.21479415893555,1.0,67.33570098876953,311.6188659667969,194.75289916992188,1.0
391.0,2026-01-01 20:21:29.938763,False,0.0,5.912807464599609,70.41210174560547,57.543800354003906,1.0,5.984358787536621,60.266876220703125,57.27943420410156,1.0,67.35113525390625,310.8052673339844,194.1747589111328,1.0
392.0,2026-01-01 20:21:32.757375,False,0.0,5.988221645355225,69.70379638671875,57.61298370361328,1.0,6.048907279968262,60.1649169921875,57.3439826965332,1.0,67.36650848388672,309.9950256347656,193.600341796875,1.0
393.0,2026-01-01 20:21:35.118165,False,0.0,6.062877178192139,69.0133285522461,57.68161392211914,1.0,6.113346099853516,60.048484802246094,57.408424377441406,1.0,67.38182067871094,309.1881103515625,193.02960205078125,1.0
394.0,2026-01-01 20:21:37.501743,False,0.0,6.13679313659668,68.33972930908203,57.74970245361328,1.0,6.1776604652404785,59.91856384277344,57.47273635864258,1.0,67.39706420898438,308.38458251953125,192.4625244140625,1.0
395.0,2026-01-01 20:21:40.039064,False,0.0,6.209988117218018,67.68211364746094,57.81725311279297,1.0,6.241836071014404,59.77606201171875,57.53691101074219,1.0,67.41224670410156,307.58447265625,191.89901733398438,1.0
396.0,2026-01-01 20:21:42.419080,False,0.0,6.282478332519531,70.9169692993164,57.917945861816406,1.0,6.305858612060547,62.91944885253906,57.6009407043457,1.0,67.45147705078125,305.51666259765625,191.23057556152344,1.0
397.0,2026-01-01 20:21:44.859517,False,0.0,6.358433246612549,70.25918579101562,57.988075256347656,1.0,6.3732476234436035,62.74057388305664,57.668331146240234,1.0,67.46735382080078,304.67999267578125,190.6434326171875,1.0
398.0,2026-01-01 20:21:47.215302,False,0.0,6.4336838722229,69.61495971679688,58.05766677856445,1.0,6.440445423126221,62.551673889160156,57.73552703857422,1.0,67.48316192626953,303.84686279296875,190.05982971191406,1.0
399.0,2026-01-01 20:21:49.646378,False,0.0,6.508244514465332,68.98369598388672,58.12672424316406,1.0,6.50744104385376,62.35335159301758,57.80252456665039,1.0,67.4989013671875,303.0173034667969,189.47972106933594,1.0
400.0,2026-01-01 20:21:52.255824,False,0.0,6.582128524780273,68.36482238769531,58.195255279541016,1.0,6.57422399520874,62.146183013916016,57.86930465698242,1.0,67.51457214355469,302.1912536621094,188.90306091308594,1.0
401.0,2026-01-01 20:21:54.802749,False,0.0,6.655350208282471,67.75780487060547,58.26326370239258,1.0,6.640785217285156,61.93071365356445,57.93586730957031,1.0,67.5301742553711,301.3687744140625,188.329833984375,1.0
402.0,2026-01-01 20:21:57.215274,False,0.0,6.727921485900879,67.16213989257812,58.33076095581055,1.0,6.707115650177002,61.70744323730469,58.002197265625,1.0,67.54571533203125,300.5498352050781,187.7599639892578,1.0
403.0,2026-01-01 20:21:59.686569,False,0.0,6.7998552322387695,66.57735443115234,58.39774703979492,1.0,6.77320671081543,61.47685241699219,58.06828689575195,1.0,67.5611801147461,299.7344665527344,187.19342041015625,1.0
404.0,2026-01-01 20:22:02.025556,False,0.0,6.871161937713623,66.00301361083984,58.4642333984375,1.0,6.839050769805908,61.2393798828125,58.13412857055664,1.0,67.57658386230469,298.9226379394531,186.63018798828125,1.0
405.0,2026-01-01 20:22:04.417462,False,0.0,6.941854000091553,65.4386978149414,58.53022384643555,1.0,6.9046406745910645,60.99544906616211,58.1997184753418,1.0,67.5919189453125,298.1144104003906,186.0701904296875,1.0
406.0,2026-01-01 20:22:06.712439,False,0.0,7.011941432952881,64.88400268554688,58.59572219848633,1.0,6.969969272613525,60.74544906616211,58.26504898071289,1.0,67.60718536376953,297.3096923828125,185.513427734375,1.0
407.0,2026-01-01 20:22:09.058630,False,0.0,7.081435203552246,-90.50569915771484,57.84156036376953,1.0,7.035030364990234,-81.17472076416016,58.32989501953125,1.0,57.787681579589844,0.0,-11.446300506591797,0.0
408.0,2026-01-01 20:22:11.537154,False,0.0,6.984499454498291,-99.12474822998047,57.646480560302734,1.0,6.948088645935059,-89.8743667602539,58.24292755126953,1.0,57.584136962890625,0.0,-12.383145332336426,0.0
409.0,2026-01-01 20:22:13.875101,False,0.0,6.87833309173584,-98.85973358154297,57.5434455871582,1.0,6.851829528808594,-90.13938903808594,58.14666748046875,1.0,57.482147216796875,0.0,-12.270060539245605,0.0
410.0,2026-01-01 20:22:16.340641,False,0.0,6.772449970245361,-98.61048126220703,57.44049835205078,1.0,6.755286693572998,-90.38863372802734,58.05012512207031,1.0,57.38017654418945,0.0,-12.163633346557617,0.0
411.0,2026-01-01 20:22:18.845773,False,0.0,6.666834354400635,-98.3759994506836,57.337642669677734,1.0,6.658476829528809,-90.62311553955078,57.953311920166016,1.0,57.27823257446289,0.0,-12.063459396362305,0.0
412.0,2026-01-01 20:22:21.424527,False,0.0,6.561469554901123,-98.15534973144531,57.234867095947266,1.0,6.561415672302246,-90.84376525878906,57.85625076293945,1.0,57.176307678222656,0.0,-11.96914291381836,0.0
413.0,2026-01-01 20:22:23.952892,False,0.0,6.45634126663208,-97.9476547241211,57.132171630859375,1.0,6.464118480682373,-91.05146026611328,57.75895309448242,1.0,57.07440948486328,0.0,-11.88032054901123,0.0
414.0,2026-01-01 20:22:26.219020,False,0.0,6.35143518447876,-97.75211334228516,57.0295524597168,1.0,6.366598606109619,-91.24697875976562,57.661434173583984,1.0,56.972537994384766,0.0,-11.796660423278809,0.0
415.0,2026-01-01 20:22:28.511996,False,0.0,6.246738433837891,-97.56798553466797,56.927005767822266,1.0,6.268868923187256,-91.43112182617188,57.56370162963867,1.0,56.87069320678711,0.0,-11.71784782409668,0.0
416.0,2026-01-01 20:22:31.143220,False,0.0,6.142239093780518,-97.3945541381836,56.82453155517578,1.0,6.170942783355713,-91.60455322265625,57.46577453613281,1.0,56.76887130737305,0.0,-11.643575668334961,0.0
417.0,2026-01-01 20:22:33.947537,False,0.0,6.037925720214844,-97.23117065429688,56.72211837768555,1.0,6.0728302001953125,-91.76793670654297,57.3676643371582,1.0,56.66707229614258,0.0,-11.57358169555664,0.0
418.0,2026-01-01 20:22:36.315969,False,0.0,5.933786869049072,-97.07722473144531,56.61977005004883,1.0,5.97454309463501,-91.921875,57.26937484741211,1.0,56.56529998779297,0.0,-11.507610321044922,0.0
419.0,2026-01-01 20:22:38.874361,False,0.0,5.829813480377197,66.28397369384766,57.42523956298828,1.0,5.876091003417969,57.945194244384766,57.17116165161133,1.0,67.30516815185547,313.2281188964844,194.9573211669922,1.0
420.0,2026-01-01 20:22:41.449144,False,0.0,5.900806427001953,93.41931915283203,57.76300811767578,1.0,5.93815279006958,81.68409729003906,57.2332878112793,1.0,67.49948120117188,302.98675537109375,193.3885498046875,1.0
421.0,2026-01-01 20:22:44.006555,False,0.0,6.000862121582031,92.59548950195312,57.85383224487305,1.0,6.025639533996582,81.4343032836914,57.32077407836914,1.0,67.51984405517578,301.9131164550781,192.63311767578125,1.0
422.0,2026-01-01 20:22:46.576538,False,0.0,6.100035667419434,91.78472900390625,57.943992614746094,1.0,6.11285924911499,81.17523193359375,57.40799331665039,1.0,67.54014587402344,300.8432922363281,191.88150024414062,1.0
423.0,2026-01-01 20:22:49.141483,False,0.0,6.198340892791748,90.98657989501953,58.03348922729492,1.0,6.199801445007324,80.90736389160156,57.49493408203125,1.0,67.56037139892578,299.77728271484375,191.1337127685547,1.0
424.0,2026-01-01 20:22:51.651359,False,0.0,6.2957916259765625,90.20063781738281,58.12232971191406,1.0,6.28645658493042,80.63111877441406,57.58158874511719,1.0,67.58052062988281,298.715087890625,190.3896942138672,1.0
425.0,2026-01-01 20:22:54.347349,False,0.0,6.392399787902832,89.4264907836914,58.21052169799805,1.0,6.3728156089782715,80.34691619873047,57.667945861816406,1.0,67.60060119628906,297.65673828125,189.64944458007812,1.0
426.0,2026-01-01 20:22:56.576706,False,0.0,6.4881792068481445,88.66376495361328,58.29806900024414,1.0,6.4588704109191895,80.05514526367188,57.75400161743164,1.0,67.62061309814453,296.6022644042969,188.9128875732422,1.0
427.0,2026-01-01 20:22:59.100826,False,0.0,6.583141803741455,87.912109375,58.38497543334961,1.0,6.544612884521484,79.75618743896484,57.83974075317383,1.0,67.64054107666016,295.5516357421875,188.18006896972656,1.0
428.0,2026-01-01 20:23:01.668602,False,0.0,6.677299499511719,87.17115783691406,58.47125244140625,1.0,6.630034923553467,79.45038604736328,57.92516326904297,1.0,67.660400390625,294.5048828125,187.45089721679688,1.0
429.0,2026-01-01 20:23:04.367330,False,0.0,6.770663261413574,86.44059753417969,58.55690002441406,1.0,6.715129852294922,79.1380844116211,58.010257720947266,1.0,67.68019104003906,293.4620056152344,186.72537231445312,1.0
430.0,2026-01-01 20:23:06.601816,False,0.0,6.863245010375977,85.7201156616211,58.64192199707031,1.0,6.79988956451416,78.8196029663086,58.09501647949219,1.0,67.69989776611328,292.4230651855469,186.0034637451172,1.0
431.0,2026-01-01 20:23:09.202658,False,0.0,6.955054759979248,85.00940704345703,58.72633361816406,1.0,6.884308815002441,78.49524688720703,58.17943572998047,1.0,67.71953582763672,291.38800048828125,185.28515625,1.0
432.0,2026-01-01 20:23:11.647134,False,0.0,7.046103000640869,40.207820892333984,58.46013641357422,1.0,6.968380451202393,43.06806564331055,58.26342010498047,1.0,67.47695922851562,304.1737365722656,185.60928344726562,1.0
433.0,2026-01-01 20:23:14.181180,False,0.0,7.089167594909668,-116.4673080444336,57.53087615966797,1.0,7.014508247375488,-104.43069458007812,58.309295654296875,1.0,57.44486999511719,0.0,-14.734204292297363,0.0
434.0,2026-01-01 20:23:16.640411,False,0.0,6.964426040649414,-116.16388702392578,57.410247802734375,1.0,6.902658462524414,-104.7341079711914,58.197444915771484,1.0,57.325626373291016,0.0,-14.604886054992676,0.0
435.0,2026-01-01 20:23:19.060571,False,0.0,6.840009689331055,-115.87644958496094,57.28971862792969,1.0,6.7904839515686035,-105.02155303955078,58.085269927978516,1.0,57.20640182495117,0.0,-14.482303619384766,0.0
436.0,2026-01-01 20:23:21.744211,False,0.0,6.7159013748168945,-115.60406494140625,57.16928482055664,1.0,6.678001403808594,-105.29393768310547,57.97278594970703,1.0,57.087196350097656,0.0,-14.366084098815918,0.0
437.0,2026-01-01 20:23:24.261506,False,0.0,6.592084884643555,-115.34587860107422,57.048946380615234,1.0,6.565227508544922,-105.5521011352539,57.86001205444336,1.0,56.968013763427734,0.0,-14.255864143371582,0.0
438.0,2026-01-01 20:23:26.714156,False,0.0,6.4685444831848145,-115.10111999511719,56.92869567871094,1.0,6.452177047729492,-105.79686737060547,57.7469596862793,1.0,56.848854064941406,0.0,-14.151317596435547,0.0
439.0,2026-01-01 20:23:29.243505,False,0.0,6.345266342163086,-114.86902618408203,56.80853271484375,1.0,6.338863849639893,-106.02896118164062,57.633644104003906,1.0,56.72971725463867,0.0,-14.05213737487793,0.0
440.0,2026-01-01 20:23:31.742336,False,0.0,6.2222371101379395,-114.64888763427734,56.688453674316406,1.0,6.225302696228027,-106.24909210205078,57.520084381103516,1.0,56.6106071472168,0.0,-13.95802116394043,0.0
441.0,2026-01-01 20:23:34.260747,False,0.0,6.099443435668945,-114.44007110595703,56.56845474243164,1.0,6.111505508422852,-106.45791625976562,57.40628433227539,1.0,56.491519927978516,0.0,-13.868708610534668,0.0
442.0,2026-01-01 20:23:36.506995,False,0.0,5.976873397827148,-114.24193572998047,56.44853210449219,1.0,5.9974846839904785,-106.65603637695312,57.29226303100586,1.0,56.372459411621094,0.0,-13.783933639526367,0.0
443.0,2026-01-01 20:23:38.981461,False,0.0,5.854515552520752,50.98314666748047,57.33428955078125,1.0,5.883251667022705,45.799964904785156,57.17829895019531,1.0,67.22068786621094,317.6809387207031,195.04698181152344,1.0
444.0,2026-01-01 20:23:41.439942,False,0.0,5.909120559692383,95.86325073242188,57.79910659790039,1.0,5.932305335998535,84.31075286865234,57.227447509765625,1.0,67.51844787597656,301.9869384765625,193.20233154296875,1.0
445.0,2026-01-01 20:23:43.830555,False,0.0,6.011794090270996,95.03275299072266,57.892269134521484,1.0,6.0226054191589355,84.03772735595703,57.3177490234375,1.0,67.53938293457031,300.8834228515625,192.4272003173828,1.0
446.0,2026-01-01 20:23:46.347593,False,0.0,6.113577842712402,94.21463775634766,57.9847526550293,1.0,6.112613677978516,83.75614929199219,57.40775680541992,1.0,67.56024932861328,299.78375244140625,191.6558837890625,1.0
447.0,2026-01-01 20:23:48.502519,False,0.0,6.2144856452941895,93.40852355957031,58.07656478881836,1.0,6.202319622039795,83.46641540527344,57.497459411621094,1.0,67.58103942871094,298.6878967285156,190.8883514404297,1.0
448.0,2026-01-01 20:23:50.972834,False,0.0,6.314529895782471,92.61402893066406,58.16770935058594,1.0,6.291715621948242,83.16893768310547,57.586856842041016,1.0,67.60176086425781,297.5959167480469,190.12460327148438,1.0
449.0,2026-01-01 20:23:53.374839,False,0.0,6.413723468780518,91.8307876586914,58.2581901550293,1.0,6.38079309463501,82.86405944824219,57.67593002319336,1.0,67.62239837646484,296.5078125,189.36459350585938,1.0
450.0,2026-01-01 20:23:55.448267,False,0.0,6.512078285217285,91.05846405029297,58.348018646240234,1.0,6.469543933868408,82.5521469116211,57.76468276977539,1.0,67.64297485351562,295.423583984375,188.6082763671875,1.0
451.0,2026-01-01 20:23:57.868234,False,0.0,6.609605312347412,90.29674530029297,58.43719482421875,1.0,6.557960510253906,82.2335433959961,57.85309600830078,1.0,67.66346740722656,294.34326171875,187.8556671142578,1.0
452.0,2026-01-01 20:24:00.406461,False,0.0,6.706316947937012,89.5453109741211,58.525726318359375,1.0,6.646036148071289,81.90856170654297,57.9411735534668,1.0,67.68389129638672,293.266845703125,187.1067352294922,1.0
453.0,2026-01-01 20:24:02.889350,False,0.0,6.8022236824035645,88.80386352539062,58.61362075805664,1.0,6.733763694763184,81.57750701904297,58.028900146484375,1.0,67.70423889160156,292.1943359375,186.36141967773438,1.0
454.0,2026-01-01 20:24:05.459807,False,0.0,6.897336483001709,88.0721206665039,58.70088195800781,1.0,6.821136474609375,81.24067687988281,58.11627197265625,1.0,67.72451782226562,291.1257629394531,185.61973571777344,1.0
455.0,2026-01-01 20:24:07.971286,False,0.0,6.991665363311768,87.34980773925781,58.787513732910156,1.0,6.908148765563965,80.8983383178711,58.20328140258789,1.0,67.74471282958984,290.0611267089844,184.88165283203125,1.0
456.0,2026-01-01 20:24:10.563868,False,0.0,7.0852203369140625,89.90445709228516,58.908531188964844,1.0,6.994793891906738,83.24725341796875,58.28993225097656,1.0,67.78643798828125,287.8621520996094,183.99241638183594,1.0
457.0,2026-01-01 20:24:13.242200,False,0.0,7.181511878967285,-63.664485931396484,58.19770431518555,1.0,7.08395528793335,-51.046112060546875,58.37889862060547,1.0,58.163238525390625,0.0,-8.999813079833984,0.0
458.0,2026-01-01 20:24:15.850119,False,0.0,7.1133246421813965,-63.081058502197266,58.13422775268555,1.0,7.029283046722412,-51.6295280456543,58.32422637939453,1.0,58.101478576660156,0.0,-8.753941535949707,0.0
459.0,2026-01-01 20:24:18.373352,False,0.0,7.045762062072754,-62.556583404541016,58.07087326049805,1.0,6.97398567199707,-52.15399932861328,58.268924713134766,1.0,58.039634704589844,0.0,-8.532490730285645,0.0
460.0,2026-01-01 20:24:20.953189,False,0.0,6.978761196136475,-62.0841064453125,58.00763702392578,1.0,6.918126583099365,-52.62648391723633,58.21306610107422,1.0,57.97773361206055,0.0,-8.332620620727539,0.0
461.0,2026-01-01 20:24:23.444882,False,0.0,6.912266731262207,-61.65768814086914,57.944515228271484,1.0,6.861761093139648,-53.052894592285156,58.156700134277344,1.0,57.91579818725586,0.0,-8.15192699432373,0.0
462.0,2026-01-01 20:24:25.881718,False,0.0,6.846229076385498,-61.272254943847656,57.88151168823242,1.0,6.804939270019531,-53.43833923339844,58.099876403808594,1.0,57.85384750366211,0.0,-7.988336086273193,0.0
463.0,2026-01-01 20:24:28.150275,False,0.0,6.780603885650635,-60.92337417602539,57.81861877441406,1.0,6.747704982757568,-53.78721237182617,58.042640686035156,1.0,57.791893005371094,0.0,-7.840051651000977,0.0
464.0,2026-01-01 20:24:30.342287,False,0.0,6.715352535247803,-60.60721206665039,57.75583267211914,1.0,6.690096378326416,-54.10336685180664,57.98503494262695,1.0,57.729942321777344,0.0,-7.7054948806762695,0.0
465.0,2026-01-01 20:24:33.135234,False,0.0,6.650439262390137,-60.320411682128906,57.693145751953125,1.0,6.632149696350098,-54.390174865722656,57.927085876464844,1.0,57.668006896972656,0.0,-7.583294868469238,0.0
466.0,2026-01-01 20:24:35.613463,False,0.0,6.58583402633667,-60.05998992919922,57.63055419921875,1.0,6.573895454406738,-54.65058898925781,57.868831634521484,1.0,57.6060905456543,0.0,-7.472215175628662,0.0
467.0,2026-01-01 20:24:37.936512,False,0.0,6.521507263183594,-59.823333740234375,57.568050384521484,1.0,6.51536226272583,-54.887245178222656,57.810298919677734,1.0,57.544193267822266,0.0,-7.3711771965026855,0.0
468.0,2026-01-01 20:24:40.349037,False,0.0,6.457433700561523,-91.71377563476562,57.204261779785156,1.0,6.456575870513916,-84.83811950683594,57.75143051147461,1.0,57.15256118774414,0.0,-11.190648078918457,0.0
469.0,2026-01-01 20:24:42.977684,False,0.0,6.3592047691345215,-91.50677490234375,57.10832214355469,1.0,6.365710735321045,-85.04512786865234,57.66056442260742,1.0,57.057373046875,0.0,-11.102123260498047,0.0
470.0,2026-01-01 20:24:45.490195,False,0.0,6.261197090148926,-91.31259155273438,57.01245880126953,1.0,6.274623870849609,-85.23930358886719,57.56947708129883,1.0,56.96220779418945,0.0,-11.01904296875,0.0
471.0,2026-01-01 20:24:48.181132,False,0.0,6.163397312164307,-91.13042449951172,56.916664123535156,1.0,6.183329105377197,-85.42147064208984,57.47818374633789,1.0,56.867069244384766,0.0,-10.941067695617676,0.0
472.0,2026-01-01 20:24:50.601591,False,0.0,6.065793037414551,-90.95948028564453,56.82094192504883,1.0,6.09183931350708,-85.59242248535156,57.38669204711914,1.0,56.77195358276367,0.0,-10.86785888671875,0.0
473.0,2026-01-01 20:24:53.234156,False,0.0,5.968371868133545,-90.79900360107422,56.725284576416016,1.0,6.000165939331055,-85.75287628173828,57.29501724243164,1.0,56.67686462402344,0.0,-10.799114227294922,0.0
474.0,2026-01-01 20:24:55.451481,False,0.0,5.871122360229492,71.51270294189453,57.511905670166016,1.0,5.908321380615234,62.868064880371094,57.20340347290039,1.0,67.34872436523438,310.9325256347656,194.491455078125,1.0
475.0,2026-01-01 20:24:57.624139,False,0.0,5.9477152824401855,70.84136199951172,57.58251190185547,1.0,5.975655555725098,62.70817947387695,57.27073669433594,1.0,67.36449432373047,310.1012878417969,193.90663146972656,1.0
476.0,2026-01-01 20:24:59.927268,False,0.0,6.023589134216309,70.18448638916016,57.65257263183594,1.0,6.042818546295166,62.537288665771484,57.3379020690918,1.0,67.38020324707031,309.2735290527344,193.3253631591797,1.0
477.0,2026-01-01 20:25:02.748853,False,0.0,6.098759651184082,69.5414047241211,57.72209930419922,1.0,6.109798431396484,62.35608673095703,57.40488052368164,1.0,67.39583587646484,308.4492492675781,192.7476043701172,1.0
478.0,2026-01-01 20:25:05.048920,False,0.0,6.17324161529541,68.91149139404297,57.79109573364258,1.0,6.176584720611572,62.16521072387695,57.47166442871094,1.0,67.41141510009766,307.6284484863281,192.17330932617188,1.0
479.0,2026-01-01 20:25:07.337711,False,0.0,6.247048377990723,68.29414367675781,57.85956573486328,1.0,6.243165969848633,61.96525955200195,57.538246154785156,1.0,67.42691802978516,306.8111572265625,191.60243225097656,1.0
480.0,2026-01-01 20:25:09.745816,False,0.0,6.320194244384766,72.57221984863281,57.97052764892578,1.0,6.309533596038818,65.83421325683594,57.6046257019043,1.0,67.47268676757812,304.3987731933594,190.89097595214844,1.0
481.0,2026-01-01 20:25:12.509621,False,0.0,6.397922039031982,71.93704986572266,58.04251480102539,1.0,6.380044460296631,65.60491943359375,57.675132751464844,1.0,67.48908996582031,303.5343017578125,190.28826904296875,1.0
482.0,2026-01-01 20:25:15.144060,False,0.0,6.474969863891602,71.31310272216797,58.11396789550781,1.0,6.450310230255127,65.36799621582031,57.745399475097656,1.0,67.50542449951172,302.6734313964844,189.6890106201172,1.0
483.0,2026-01-01 20:25:17.140761,False,0.0,6.55134916305542,70.69995880126953,58.18489074707031,1.0,6.520321846008301,65.1239013671875,57.81541061401367,1.0,67.52169036865234,301.8161926269531,189.0931396484375,1.0
484.0,2026-01-01 20:25:19.602249,False,0.0,6.627071857452393,70.0971908569336,58.255287170410156,1.0,6.590072154998779,64.873046875,57.885162353515625,1.0,67.53787994384766,300.96258544921875,188.50062561035156,1.0
485.0,2026-01-01 20:25:22.154443,False,0.0,6.7021484375,69.50440979003906,58.325164794921875,1.0,6.6595540046691895,64.6158218383789,57.95464324951172,1.0,67.55400848388672,300.1125793457031,187.9114227294922,1.0
486.0,2026-01-01 20:25:24.463417,False,0.0,6.776590824127197,68.92125701904297,58.394527435302734,1.0,6.728760242462158,64.35261535644531,58.02384567260742,1.0,67.570068359375,299.2662048339844,187.3255157470703,1.0
487.0,2026-01-01 20:25:26.732274,False,0.0,6.85040807723999,68.34736633300781,58.463382720947266,1.0,6.797684669494629,64.08374786376953,58.092769622802734,1.0,67.5860595703125,298.4234619140625,186.7428436279297,1.0
488.0,2026-01-01 20:25:29.059469,False,0.0,6.923611164093018,67.78241729736328,58.531734466552734,1.0,6.866321086883545,63.809574127197266,58.161407470703125,1.0,67.60197448730469,297.5843200683594,186.1634063720703,1.0
489.0,2026-01-01 20:25:31.519918,False,0.0,6.996208667755127,67.22607421875,58.59959030151367,1.0,6.934663772583008,63.53040313720703,58.2297477722168,1.0,67.61782836914062,296.7488098144531,185.58714294433594,1.0
490.0,2026-01-01 20:25:34.083789,False,0.0,7.068210601806641,66.67806243896484,58.666954040527344,1.0,7.002707481384277,63.24653244018555,58.29779052734375,1.0,67.63361358642578,295.91693115234375,185.0140380859375,1.0
491.0,2026-01-01 20:25:36.180977,False,0.0,7.139625549316406,-88.27921295166016,57.923866271972656,1.0,7.070446968078613,-77.71328735351562,58.36532211303711,1.0,57.87044143676758,0.0,-11.395768165588379,0.0
492.0,2026-01-01 20:25:38.497981,False,0.0,7.045074939727783,-109.4569091796875,57.5794563293457,1.0,6.987212657928467,-98.56484985351562,58.282020568847656,1.0,57.50346755981445,0.0,-13.780981063842773,0.0
493.0,2026-01-01 20:25:40.772990,False,0.0,6.927842140197754,-109.16847229003906,57.4659309387207,1.0,6.881645679473877,-98.85327911376953,58.17645263671875,1.0,57.39118576049805,0.0,-13.65799331665039,0.0
494.0,2026-01-01 20:25:42.777762,False,0.0,6.81091833114624,-108.89594268798828,57.35250473022461,1.0,6.7757697105407715,-99.12579345703125,58.07057571411133,1.0,57.278926849365234,0.0,-13.541718482971191,0.0
495.0,2026-01-01 20:25:45.182340,False,0.0,6.694286346435547,-108.63839721679688,57.23917007446289,1.0,6.669601917266846,-99.38333892822266,57.96440887451172,1.0,57.16668701171875,0.0,-13.431771278381348,0.0
496.0,2026-01-01 20:25:47.599766,False,0.0,6.577929973602295,-108.39494323730469,57.12592315673828,1.0,6.5631585121154785,-99.62680053710938,57.85796356201172,1.0,57.05447006225586,0.0,-13.327786445617676,0.0
497.0,2026-01-01 20:25:50.053417,False,0.0,6.46183443069458,-108.16473388671875,57.01276397705078,1.0,6.456453800201416,-99.85700225830078,57.751258850097656,1.0,56.94227981567383,0.0,-13.229411125183105,0.0
498.0,2026-01-01 20:25:52.576686,False,0.0,6.345985412597656,-107.947021484375,56.89968490600586,1.0,6.349503040313721,-100.07471466064453,57.64430618286133,1.0,56.83011245727539,0.0,-13.136338233947754,0.0
499.0,2026-01-01 20:25:55.061159,False,0.0,6.230370044708252,-107.74107360839844,56.786685943603516,1.0,6.242318630218506,-100.28065490722656,57.5371208190918,1.0,56.71796798706055,0.0,-13.048248291015625,0.0
