iteration,timestamp,error_flag,P2,ScadaCommand_P2,ScadaCommand_P1,T1,T2,P1,J1,J2
0,2025-12-25 22:07:39.281964,0,1,0,0,0,0,1,0,0
1.0,2025-12-25 22:07:45.068048,,1.0,,,3.252293348312378,3.2810044288635254,1.0,79.06969451904297,79.2622299194336
2.0,2025-12-25 22:07:50.842344,,1.0,,,3.4527666568756104,3.5094101428985596,1.0,79.07292175292969,79.26464080810547
3.0,2025-12-25 22:07:56.378426,,1.0,,,3.652416467666626,3.736224412918091,1.0,79.07614135742188,79.26705169677734
4.0,2025-12-25 22:08:02.092968,,1.0,,,3.8512396812438965,3.9614546298980713,1.0,79.07935333251953,79.26945495605469
5.0,2025-12-25 22:08:07.269588,,1.0,,,4.049232482910156,4.185107707977295,1.0,79.08256530761719,79.2718505859375
6.0,2025-12-25 22:08:13.216483,,1.0,,,4.246391773223877,4.407191753387451,1.0,79.08577728271484,79.27423858642578
7.0,2025-12-25 22:08:18.560974,,1.0,,,4.442714691162109,4.627713203430176,1.0,79.08898162841797,79.27661895751953
8.0,2025-12-25 22:08:23.950088,,1.0,,,4.638197422027588,4.846680164337158,1.0,79.0921859741211,79.27899932861328
9.0,2025-12-25 22:08:29.017158,,1.0,,,4.832837104797363,5.0640997886657715,1.0,79.09538269042969,79.2813720703125
10.0,2025-12-25 22:08:34.605804,,1.0,,,5.026630401611328,5.279979228973389,1.0,79.09857940673828,79.28373718261719
11.0,2025-12-25 22:08:39.974843,,1.0,,,5.219573974609375,5.494325637817383,1.0,79.10177612304688,79.28609466552734
12.0,2025-12-25 22:08:45.108821,,1.0,,,5.411664962768555,5.707146644592285,1.0,79.11824035644531,79.30004119873047
13.0,2025-12-25 22:08:50.899324,,1.0,,,5.619582653045654,5.931300163269043,1.0,79.12167358398438,79.30253601074219
14.0,2025-12-25 22:08:56.389090,,1.0,,,5.8264923095703125,6.153923034667969,1.0,79.1250991821289,79.3050308227539
15.0,2025-12-25 22:09:01.757675,,1.0,,,6.0323920249938965,6.3750200271606445,1.0,79.1285171508789,79.3075180053711
16.0,2025-12-25 22:09:06.633495,,1.0,,,6.237279415130615,6.594597816467285,1.0,79.1319351196289,79.30999755859375
17.0,2025-12-25 22:09:12.024084,,1.0,,,6.441153049468994,6.812661647796631,1.0,79.1353530883789,79.3124771118164
18.0,2025-12-25 22:09:17.285764,,1.0,,,6.644010543823242,7.0292181968688965,1.0,79.13876342773438,79.31494903564453
19.0,2025-12-25 22:09:22.313169,,0.0,,,6.845850467681885,7.244272708892822,1.0,78.66368865966797,70.34709930419922
20.0,2025-12-25 22:09:27.159143,,0.0,,,7.043867111206055,7.409078121185303,1.0,78.68110656738281,70.42289733886719
21.0,2025-12-25 22:09:32.540013,,0.0,,,7.240476131439209,7.573425769805908,0.0,58.49657440185547,58.5477180480957
22.0,2025-12-25 22:09:37.669415,,0.0,,,7.215979099273682,7.516871452331543,0.0,58.466064453125,58.510807037353516
23.0,2025-12-25 22:09:42.862159,,0.0,,,7.190006732940674,7.461793422698975,0.0,58.43454360961914,58.47364044189453
24.0,2025-12-25 22:09:48.420339,,0.0,,,7.16265869140625,7.408090591430664,0.0,58.352272033691406,58.38238525390625
25.0,2025-12-25 22:09:53.571698,,0.0,,,7.122500419616699,7.348470211029053,0.0,58.30742645263672,58.334529876708984
26.0,2025-12-25 22:09:58.752929,,0.0,,,7.08148193359375,7.28971004486084,0.0,58.261924743652344,58.286399841308594
27.0,2025-12-25 22:10:03.904671,,0.0,,,7.039671421051025,7.2317423820495605,0.0,58.21586227416992,58.23802947998047
28.0,2025-12-25 22:10:09.118515,,0.0,,,6.997131824493408,7.174503326416016,0.0,58.169307708740234,58.189456939697266
29.0,2025-12-25 22:10:14.498523,,0.0,,,6.95392370223999,7.1179327964782715,0.0,58.1223258972168,58.14070510864258
30.0,2025-12-25 22:10:19.655170,,0.0,,,6.910102844238281,7.061975479125977,0.0,58.074974060058594,58.091800689697266
31.0,2025-12-25 22:10:24.923209,,0.0,,,6.865720272064209,7.0065789222717285,0.0,58.02730178833008,58.04276657104492
32.0,2025-12-25 22:10:29.739053,,0.0,,,6.820825576782227,6.951695919036865,0.0,57.979347229003906,57.993621826171875
33.0,2025-12-25 22:10:35.110413,,0.0,,,6.7754621505737305,6.897280693054199,0.0,57.931156158447266,57.94437789916992
34.0,2025-12-25 22:10:40.288001,,0.0,,,6.729671478271484,6.843292713165283,0.0,57.88275146484375,57.89505386352539
35.0,2025-12-25 22:10:45.366845,,0.0,,,6.683492183685303,6.789693355560303,0.0,57.834163665771484,57.84565734863281
36.0,2025-12-25 22:10:50.174198,,0.0,,,6.636959075927734,6.736448287963867,0.0,57.877830505371094,57.88954544067383
37.0,2025-12-25 22:10:55.966241,,0.0,,,6.609060764312744,6.697656154632568,0.0,57.84705352783203,57.85721969604492
38.0,2025-12-25 22:11:01.135733,,0.0,,,6.580469608306885,6.659557342529297,0.0,57.81581497192383,57.824703216552734
39.0,2025-12-25 22:11:06.294472,,0.0,,,6.551266193389893,6.622071266174316,0.0,57.784202575683594,57.792030334472656
40.0,2025-12-25 22:11:12.272740,,0.0,,,6.521522521972656,6.585124492645264,0.0,57.75228500366211,57.75923538208008
41.0,2025-12-25 22:11:17.594987,,0.0,,,6.491304874420166,6.548652172088623,0.0,57.720115661621094,57.72633743286133
42.0,2025-12-25 22:11:23.492330,,0.0,,,6.460671424865723,6.512595176696777,0.0,57.687744140625,57.693363189697266
43.0,2025-12-25 22:11:28.483712,,0.0,,,6.429675102233887,6.476902008056641,0.0,57.65520477294922,57.66032028198242
44.0,2025-12-25 22:11:33.676056,,0.0,,,6.398361682891846,6.441525459289551,0.0,57.622528076171875,57.62722396850586
45.0,2025-12-25 22:11:38.697881,,0.0,,,6.366772174835205,6.406424522399902,0.0,57.58974075317383,57.594085693359375
46.0,2025-12-25 22:11:43.915131,,0.0,,,6.334942817687988,6.371563911437988,0.0,57.556861877441406,57.5609130859375
47.0,2025-12-25 22:11:48.814666,,0.0,,,6.302905082702637,6.336911201477051,0.0,57.52390670776367,57.5277099609375
48.0,2025-12-25 22:11:54.231862,,0.0,,,6.270687580108643,6.302438735961914,0.0,57.31630325317383,57.32200241088867
49.0,2025-12-25 22:11:59.523720,,0.0,,,6.209240436553955,6.242898464202881,0.0,57.25560760498047,57.26144027709961
50.0,2025-12-25 22:12:05.184748,,0.0,,,6.147876262664795,6.18327522277832,0.0,57.194923400878906,57.20088195800781
51.0,2025-12-25 22:12:10.201497,,0.0,,,6.086586952209473,6.123577117919922,0.0,57.13425827026367,57.14032745361328
52.0,2025-12-25 22:12:15.341719,,0.0,,,6.025365829467773,6.063810348510742,0.0,57.073604583740234,57.079776763916016
53.0,2025-12-25 22:12:20.903741,,0.0,,,5.964208126068115,6.003981113433838,0.0,57.012962341308594,57.01923370361328
54.0,2025-12-25 22:12:26.534169,,0.0,,,5.903107166290283,5.944094181060791,1.0,78.48429107666016,69.39965057373047
55.0,2025-12-25 22:12:31.742916,,0.0,,,6.08535099029541,6.103949546813965,1.0,78.50043487548828,69.47364807128906
56.0,2025-12-25 22:12:36.612805,,0.0,,,6.266380786895752,6.2632904052734375,1.0,78.51654815673828,69.54743957519531
57.0,2025-12-25 22:12:42.755788,,0.0,,,6.446206092834473,6.422110080718994,1.0,78.53262329101562,69.62100982666016
58.0,2025-12-25 22:12:48.726197,,0.0,,,6.62483549118042,6.5804033279418945,1.0,78.54866790771484,69.6943588256836
59.0,2025-12-25 22:12:54.203070,,0.0,,,6.802278518676758,6.738164901733398,1.0,78.56468200683594,69.7674789428711
60.0,2025-12-25 22:12:59.702239,,0.0,,,6.978544235229492,6.895389080047607,1.0,78.45838928222656,69.21942901611328
61.0,2025-12-25 22:13:04.687676,,0.0,,,7.1236252784729,7.026712894439697,1.0,78.47174072265625,69.28178405761719
62.0,2025-12-25 22:13:09.922291,,0.0,,,7.267728805541992,7.157583236694336,0.0,57.91378402709961,57.916954040527344
63.0,2025-12-25 22:13:14.769421,,0.0,,,7.1659722328186035,7.069883346557617,0.0,57.81826400756836,57.821983337402344
64.0,2025-12-25 22:13:20.156646,,0.0,,,7.064651012420654,6.981748104095459,0.0,57.72273635864258,57.72700500488281
65.0,2025-12-25 22:13:24.963056,,0.0,,,6.963736534118652,6.893205642700195,0.0,57.62721252441406,57.63202667236328
66.0,2025-12-25 22:13:30.618775,,0.0,,,6.8632025718688965,6.804283142089844,0.0,57.53169631958008,57.53704833984375
67.0,2025-12-25 22:13:35.527506,,0.0,,,6.763023853302002,6.715004920959473,0.0,57.43619155883789,57.44207000732422
68.0,2025-12-25 22:13:41.038605,,0.0,,,6.663178443908691,6.625393867492676,0.0,57.34070587158203,57.34709548950195
69.0,2025-12-25 22:13:46.453702,,0.0,,,6.5636444091796875,6.535470962524414,0.0,57.245235443115234,57.25212478637695
70.0,2025-12-25 22:13:51.572540,,0.0,,,6.464401721954346,6.44525671005249,0.0,57.14978790283203,57.15715789794922
71.0,2025-12-25 22:13:57.045729,,0.0,,,6.3654327392578125,6.354768753051758,0.0,57.054359436035156,57.062198638916016
72.0,2025-12-25 22:14:02.102727,,0.0,,,6.266719818115234,6.2640252113342285,0.0,56.90089416503906,56.90999984741211
73.0,2025-12-25 22:14:07.406580,,0.0,,,6.163232326507568,6.168393135070801,0.0,56.80065155029297,56.810211181640625
74.0,2025-12-25 22:14:12.497301,,0.0,,,6.059970855712891,6.072534084320068,0.0,56.700435638427734,56.71043395996094
75.0,2025-12-25 22:14:17.633604,,0.0,,,5.95692253112793,5.9764628410339355,0.0,56.60024642944336,56.610660552978516
76.0,2025-12-25 22:14:21.962324,,0.0,,,5.854074954986572,5.880190849304199,1.0,78.33930969238281,68.64936828613281
77.0,2025-12-25 22:14:26.787582,,0.0,,,6.002418518066406,6.011342525482178,1.0,78.3525619506836,68.7116928100586
78.0,2025-12-25 22:14:31.825330,,0.0,,,6.14974308013916,6.142094135284424,1.0,78.36578369140625,68.77384948730469
79.0,2025-12-25 22:14:35.918250,,0.0,,,6.296058177947998,6.272439002990723,1.0,78.37896728515625,68.83583068847656
80.0,2025-12-25 22:14:40.824351,,0.0,,,6.4413743019104,6.402370929718018,1.0,78.39212036132812,68.89762878417969
81.0,2025-12-25 22:14:45.192265,,0.0,,,6.585700035095215,6.531883716583252,1.0,78.40523529052734,68.9592514038086
82.0,2025-12-25 22:14:50.221608,,0.0,,,6.729045867919922,6.6609721183776855,1.0,78.41831970214844,69.02068328857422
83.0,2025-12-25 22:14:55.508987,,0.0,,,6.871420383453369,6.78963041305542,1.0,78.43136596679688,69.0819320678711
84.0,2025-12-25 22:15:00.602428,,0.0,,,7.012833118438721,6.917853355407715,1.0,78.29606628417969,68.34371948242188
85.0,2025-12-25 22:15:05.761680,,0.0,,,7.113380432128906,7.012702465057373,0.0,57.060611724853516,57.07353591918945
86.0,2025-12-25 22:15:11.131763,,0.0,,,6.961755752563477,6.876477241516113,0.0,56.9155387878418,56.929237365722656
87.0,2025-12-25 22:15:16.551648,,0.0,,,6.810458660125732,6.73992395401001,0.0,56.77049255371094,56.78494644165039
88.0,2025-12-25 22:15:21.698743,,0.0,,,6.659475803375244,6.603056907653809,0.0,56.62546157836914,56.64065933227539
89.0,2025-12-25 22:15:26.968071,,0.0,,,6.508792400360107,6.465889930725098,0.0,56.4804573059082,56.49637985229492
90.0,2025-12-25 22:15:32.734908,,0.0,,,6.358395576477051,6.328436851501465,0.0,56.335472106933594,56.352108001708984
91.0,2025-12-25 22:15:38.348688,,0.0,,,6.208272457122803,6.190709590911865,0.0,56.190513610839844,56.20783996582031
92.0,2025-12-25 22:15:43.671378,,0.0,,,6.058411121368408,6.052720546722412,0.0,56.04558181762695,56.06357955932617
93.0,2025-12-25 22:15:48.925631,,0.0,,,5.9088006019592285,5.914480686187744,0.0,55.900672912597656,55.91932678222656
94.0,2025-12-25 22:15:53.399628,,0.0,,,5.759429454803467,5.776001930236816,1.0,78.18047332763672,67.78426361083984
95.0,2025-12-25 22:15:58.911612,,0.0,,,5.8687896728515625,5.87441873550415,1.0,78.19039916992188,67.83240509033203
96.0,2025-12-25 22:16:03.856734,,0.0,,,5.977372169494629,5.972550392150879,1.0,78.19514465332031,67.85147857666016
97.0,2025-12-25 22:16:08.661906,,0.0,,,6.083761215209961,6.069197654724121,1.0,78.20488739013672,67.89881896972656
98.0,2025-12-25 22:16:13.662574,,0.0,,,6.189402103424072,6.165549278259277,1.0,78.21459197998047,67.94602966308594
99.0,2025-12-25 22:16:18.831840,,0.0,,,6.294305324554443,6.261600017547607,1.0,78.2242660522461,67.99309539794922
100.0,2025-12-25 22:16:23.781805,,0.0,,,6.39847993850708,6.357342720031738,1.0,78.23390197753906,68.04002380371094
101.0,2025-12-25 22:16:28.883201,,0.0,,,6.50193452835083,6.452773094177246,1.0,78.24351501464844,68.08679962158203
102.0,2025-12-25 22:16:34.413797,,0.0,,,6.604678630828857,6.547884464263916,1.0,78.25308990478516,68.13343811035156
103.0,2025-12-25 22:16:39.907831,,0.0,,,6.70672082901001,6.642672538757324,1.0,78.26263427734375,68.17992401123047
104.0,2025-12-25 22:16:44.892236,,0.0,,,6.808069705963135,6.737132549285889,1.0,78.27214050292969,68.22625732421875
105.0,2025-12-25 22:16:50.153962,,0.0,,,6.9087324142456055,6.831258773803711,1.0,78.28162384033203,68.27244567871094
106.0,2025-12-25 22:16:54.920757,,0.0,,,7.0087175369262695,6.925047874450684,1.0,78.29106903076172,68.31847381591797
107.0,2025-12-25 22:17:00.284065,,0.0,,,7.108033180236816,7.018495082855225,0.0,57.03327941894531,57.047122955322266
108.0,2025-12-25 22:17:05.781465,,0.0,,,6.955017566680908,6.880490779876709,0.0,57.43854904174805,57.44557571411133
109.0,2025-12-25 22:17:11.090983,,0.0,,,6.839810848236084,6.777724266052246,0.0,57.32867431640625,57.3363037109375
110.0,2025-12-25 22:17:16.854750,,0.0,,,6.724941253662109,6.674620151519775,0.0,57.218814849853516,57.22703170776367
111.0,2025-12-25 22:17:22.274970,,0.0,,,6.610389232635498,6.571198463439941,0.0,57.10897445678711,57.117767333984375
112.0,2025-12-25 22:17:27.459274,,0.0,,,6.496137619018555,6.467476844787598,0.0,56.9991569519043,57.008506774902344
113.0,2025-12-25 22:17:32.653995,,0.0,,,6.382168769836426,6.363471984863281,0.0,56.88935852050781,56.899253845214844
114.0,2025-12-25 22:17:38.211165,,0.0,,,6.268467426300049,6.259200096130371,0.0,56.77958679199219,56.790008544921875
115.0,2025-12-25 22:17:43.210798,,0.0,,,6.155018329620361,6.154675483703613,0.0,56.669837951660156,56.68076705932617
116.0,2025-12-25 22:17:48.374352,,0.0,,,6.041808128356934,6.049912452697754,0.0,56.56011199951172,56.571533203125
117.0,2025-12-25 22:17:54.477741,,0.0,,,5.9288225173950195,5.944924354553223,0.0,56.450416564941406,56.46230697631836
118.0,2025-12-25 22:17:59.455951,,0.0,,,5.8160505294799805,5.839722633361816,1.0,78.30301666259766,68.45664978027344
119.0,2025-12-25 22:18:04.212697,,0.0,,,5.956274032592773,5.9640278816223145,1.0,78.3155746459961,68.5160903930664
120.0,2025-12-25 22:18:09.397913,,0.0,,,6.095527648925781,6.087958812713623,1.0,78.40424346923828,68.97665405273438
121.0,2025-12-25 22:18:14.945252,,0.0,,,6.253046989440918,6.227836608886719,1.0,78.41837310791016,69.04259490966797
122.0,2025-12-25 22:18:19.938884,,0.0,,,6.409502029418945,6.367264747619629,1.0,78.4324722290039,69.10834503173828
123.0,2025-12-25 22:18:24.887615,,0.0,,,6.564902305603027,6.5062384605407715,1.0,78.446533203125,69.17389678955078
124.0,2025-12-25 22:18:29.954720,,0.0,,,6.719257354736328,6.64475154876709,1.0,78.46056365966797,69.2392578125
125.0,2025-12-25 22:18:35.087427,,0.0,,,6.872575283050537,6.7827982902526855,1.0,78.47455596923828,69.30441284179688
126.0,2025-12-25 22:18:40.265718,,0.0,,,7.024866104125977,6.920373916625977,1.0,78.48851013183594,69.36936950683594
127.0,2025-12-25 22:18:45.858509,,0.0,,,7.176138401031494,7.057473659515381,0.0,57.904319763183594,57.90618896484375
128.0,2025-12-25 22:18:50.818259,,0.0,,,7.081727504730225,6.977620601654053,0.0,57.81648635864258,57.81884765625
129.0,2025-12-25 22:18:56.893511,,0.0,,,6.987805366516113,6.897279262542725,0.0,57.728633880615234,57.73149871826172
130.0,2025-12-25 22:19:02.484452,,0.0,,,6.894336223602295,6.8164849281311035,0.0,57.640769958496094,57.64413833618164
131.0,2025-12-25 22:19:07.370267,,0.0,,,6.80128812789917,6.735269546508789,0.0,57.55290222167969,57.55677795410156
132.0,2025-12-25 22:19:11.946346,,0.0,,,6.7086310386657715,6.65366268157959,0.0,57.343353271484375,57.3493766784668
133.0,2025-12-25 22:19:16.768255,,0.0,,,6.60552453994751,6.561357021331787,0.0,57.24485778808594,57.25141525268555
134.0,2025-12-25 22:19:22.168645,,0.0,,,6.502738952636719,6.468730926513672,0.0,57.14638137817383,57.15345764160156
135.0,2025-12-25 22:19:27.628998,,0.0,,,6.400253772735596,6.3758039474487305,0.0,57.04792404174805,57.055503845214844
136.0,2025-12-25 22:19:32.759611,,0.0,,,6.298050403594971,6.282594680786133,0.0,56.949485778808594,56.957557678222656
137.0,2025-12-25 22:19:37.914165,,0.0,,,6.196112155914307,6.189120769500732,0.0,56.85107421875,56.859619140625
138.0,2025-12-25 22:19:42.485509,,0.0,,,6.094422817230225,6.095398426055908,0.0,56.752685546875,56.76168441772461
139.0,2025-12-25 22:19:47.153674,,0.0,,,5.992967128753662,6.001441955566406,0.0,56.65432357788086,56.66375732421875
140.0,2025-12-25 22:19:52.191623,,0.0,,,5.891730785369873,5.907266139984131,1.0,78.3488540649414,68.69658660888672
141.0,2025-12-25 22:19:57.109154,,0.0,,,6.041364669799805,6.039813041687012,1.0,78.36223602294922,68.7594985961914
142.0,2025-12-25 22:20:02.253417,,0.0,,,6.189975261688232,6.171949863433838,1.0,78.3755874633789,68.82223510742188
143.0,2025-12-25 22:20:07.054533,,0.0,,,6.33757209777832,6.3036699295043945,1.0,78.38890838623047,68.8847885131836
144.0,2025-12-25 22:20:11.399924,,0.0,,,6.484165191650391,6.434967517852783,1.0,78.44227600097656,69.15583801269531
145.0,2025-12-25 22:20:16.447709,,0.0,,,6.639824390411377,6.574338436126709,1.0,78.45639038085938,69.2215576171875
146.0,2025-12-25 22:20:21.807152,,0.0,,,6.794437408447266,6.713244438171387,1.0,78.47046661376953,69.28707122802734
147.0,2025-12-25 22:20:26.247264,,0.0,,,6.9480133056640625,6.851679801940918,1.0,78.48450469970703,69.35238647460938
148.0,2025-12-25 22:20:30.565137,,0.0,,,7.100560665130615,6.989639759063721,1.0,78.4985122680664,69.41749572753906
149.0,2025-12-25 22:20:35.251092,,0.0,,,7.252089023590088,7.1271185874938965,0.0,57.98665237426758,57.98823165893555
150.0,2025-12-25 22:20:40.245817,,0.0,,,7.158316135406494,7.04833459854126,0.0,57.89970016479492,57.90175247192383
151.0,2025-12-25 22:20:45.120108,,0.0,,,7.065051555633545,6.9690423011779785,0.0,57.81271743774414,57.81526184082031
152.0,2025-12-25 22:20:50.517372,,0.0,,,6.972258567810059,6.889278411865234,0.0,57.7257194519043,57.728763580322266
153.0,2025-12-25 22:20:55.729041,,0.0,,,6.879903316497803,6.809077262878418,0.0,57.63871383666992,57.64225769042969
154.0,2025-12-25 22:21:01.440510,,0.0,,,6.787954330444336,6.7284698486328125,0.0,57.55170822143555,57.555747985839844
155.0,2025-12-25 22:21:07.682097,,0.0,,,6.696382522583008,6.64748477935791,0.0,57.4647102355957,57.469242095947266
156.0,2025-12-25 22:21:12.985014,,0.0,,,6.605162143707275,6.566148281097412,0.0,57.45927047729492,57.463165283203125
157.0,2025-12-25 22:21:18.203959,,0.0,,,6.522275447845459,6.492107391357422,0.0,57.380165100097656,57.38449478149414
158.0,2025-12-25 22:21:23.151153,,0.0,,,6.439705848693848,6.417749404907227,0.0,57.30107879638672,57.30582809448242
159.0,2025-12-25 22:21:27.925821,,0.0,,,6.357429027557373,6.3430986404418945,0.0,57.222007751464844,57.22716522216797
160.0,2025-12-25 22:21:32.735684,,0.0,,,6.275423049926758,6.268176555633545,0.0,57.14296340942383,57.14850997924805
161.0,2025-12-25 22:21:38.157964,,0.0,,,6.193668842315674,6.1930036544799805,0.0,57.063941955566406,57.069862365722656
162.0,2025-12-25 22:21:43.353921,,0.0,,,6.112147331237793,6.117597579956055,0.0,56.98494338989258,56.99121856689453
163.0,2025-12-25 22:21:48.795687,,0.0,,,6.03084135055542,6.041975498199463,0.0,56.90597152709961,56.91258239746094
164.0,2025-12-25 22:21:53.606647,,0.0,,,5.94973611831665,5.966153621673584,0.0,56.82701873779297,56.83395767211914
165.0,2025-12-25 22:21:58.882474,,0.0,,,5.868815898895264,5.890146255493164,1.0,78.4150161743164,69.04335021972656
166.0,2025-12-25 22:22:03.408087,,0.0,,,6.035458564758301,6.037082672119141,1.0,78.42984008789062,69.1121826171875
167.0,2025-12-25 22:22:08.231994,,0.0,,,6.200979709625244,6.183553218841553,1.0,78.44462585449219,69.18082427978516
168.0,2025-12-25 22:22:13.382403,,0.0,,,6.3653883934021,6.329552173614502,1.0,78.39967346191406,68.9400634765625
169.0,2025-12-25 22:22:18.472899,,0.0,,,6.51387882232666,6.462504863739014,1.0,78.41312408447266,69.00312805175781
170.0,2025-12-25 22:22:23.570245,,0.0,,,6.66136360168457,6.595022678375244,1.0,78.42654418945312,69.06600189208984
171.0,2025-12-25 22:22:28.374165,,0.0,,,6.807852268218994,6.727099418640137,1.0,78.43992614746094,69.1286849975586
172.0,2025-12-25 22:22:32.980207,,0.0,,,6.953353404998779,6.858729839324951,1.0,78.45327758789062,69.19116973876953
173.0,2025-12-25 22:22:37.323208,,0.0,,,7.097876071929932,6.9899091720581055,1.0,78.46659088134766,69.25346374511719
174.0,2025-12-25 22:22:42.755765,,0.0,,,7.241429328918457,7.120631694793701,0.0,57.875370025634766,57.87824249267578
175.0,2025-12-25 22:22:47.451537,,0.0,,,7.138713836669922,7.0326409339904785,0.0,57.77922821044922,57.78264617919922
176.0,2025-12-25 22:22:52.844130,,0.0,,,7.036452770233154,6.944194793701172,0.0,57.683074951171875,57.68704605102539
177.0,2025-12-25 22:22:57.924625,,0.0,,,6.934617042541504,6.8553242683410645,0.0,57.586917877197266,57.5914421081543
178.0,2025-12-25 22:23:03.283203,,0.0,,,6.833178520202637,6.766056060791016,0.0,57.49076843261719,57.49583435058594
179.0,2025-12-25 22:23:08.133344,,0.0,,,6.732110977172852,6.676416397094727,0.0,57.39462661743164,57.400230407714844
180.0,2025-12-25 22:23:13.636040,,0.0,,,6.631392002105713,6.586429119110107,0.0,57.44091796875,57.445098876953125
181.0,2025-12-25 22:23:18.320679,,0.0,,,6.544095516204834,6.508584499359131,0.0,57.357669830322266,57.362308502197266
182.0,2025-12-25 22:23:23.954612,,0.0,,,6.457123279571533,6.430415153503418,0.0,57.274436950683594,57.27952575683594
183.0,2025-12-25 22:23:29.224542,,0.0,,,6.370451927185059,6.351945400238037,0.0,57.191226959228516,57.19674301147461
184.0,2025-12-25 22:23:34.344881,,0.0,,,6.284060478210449,6.273195266723633,0.0,57.108036041259766,57.11396789550781
185.0,2025-12-25 22:23:39.487905,,0.0,,,6.197928428649902,6.194186210632324,0.0,57.02486801147461,57.03120040893555
186.0,2025-12-25 22:23:44.375913,,0.0,,,6.1120381355285645,6.114934921264648,0.0,56.94172286987305,56.94844055175781
187.0,2025-12-25 22:23:49.877204,,0.0,,,6.02637243270874,6.035459518432617,0.0,56.858604431152344,56.865684509277344
188.0,2025-12-25 22:23:54.818529,,0.0,,,5.940915584564209,5.955775260925293,0.0,56.775508880615234,56.78293991088867
189.0,2025-12-25 22:23:59.902656,,0.0,,,5.855653285980225,5.875896453857422,1.0,78.3990478515625,68.9609146118164
190.0,2025-12-25 22:24:05.662615,,0.0,,,6.018777370452881,6.019847869873047,1.0,78.41357421875,69.0285415649414
191.0,2025-12-25 22:24:10.561534,,0.0,,,6.180799961090088,6.1633453369140625,1.0,78.42805480957031,69.0959701538086
192.0,2025-12-25 22:24:15.261365,,0.0,,,6.341731071472168,6.30638313293457,1.0,78.4369888305664,69.13471984863281
193.0,2025-12-25 22:24:19.914791,,0.0,,,6.500218391418457,6.447798728942871,1.0,78.4512939453125,69.20128631591797
194.0,2025-12-25 22:24:24.020816,,0.0,,,6.6576409339904785,6.588747978210449,1.0,78.46556091308594,69.26764678955078
195.0,2025-12-25 22:24:29.139734,,0.0,,,6.81400728225708,6.72922420501709,1.0,78.47978973388672,69.33380889892578
196.0,2025-12-25 22:24:33.816064,,0.0,,,6.969326972961426,6.869223117828369,1.0,78.4939956665039,69.39976501464844
197.0,2025-12-25 22:24:38.941702,,0.0,,,7.123608589172363,7.008739471435547,1.0,78.5081558227539,69.46551513671875
198.0,2025-12-25 22:24:43.633154,,0.0,,,7.27686071395874,7.147767543792725,0.0,58.032527923583984,58.03375244140625
199.0,2025-12-25 22:24:47.873314,,0.0,,,7.185085773468018,7.071292400360107,0.0,57.94777297973633,57.94944381713867
200.0,2025-12-25 22:24:53.015543,,0.0,,,7.093842506408691,6.9942851066589355,0.0,57.86297607421875,57.86511993408203
201.0,2025-12-25 22:24:57.755476,,0.0,,,7.003092288970947,6.91678524017334,0.0,57.77815628051758,57.78078079223633
202.0,2025-12-25 22:25:02.039323,,0.0,,,6.912797451019287,6.838829517364502,0.0,57.69332504272461,57.69643783569336
203.0,2025-12-25 22:25:06.959952,,0.0,,,6.822925090789795,6.760451316833496,0.0,57.60848617553711,57.612091064453125
204.0,2025-12-25 22:25:11.766648,,0.0,,,6.733445167541504,6.6816816329956055,0.0,57.28044891357422,57.28784942626953
205.0,2025-12-25 22:25:16.961538,,0.0,,,6.62308931350708,6.582308769226074,0.0,57.17475509643555,57.182716369628906
206.0,2025-12-25 22:25:21.855593,,0.0,,,6.513039588928223,6.482630252838135,0.0,57.0690803527832,57.07758712768555
207.0,2025-12-25 22:25:26.841461,,0.0,,,6.403278350830078,6.382662773132324,0.0,56.96342849731445,56.97246551513672
208.0,2025-12-25 22:25:32.015233,,0.0,,,6.293789386749268,6.282423973083496,0.0,56.8577995300293,56.867347717285156
209.0,2025-12-25 22:25:37.162876,,0.0,,,6.184556007385254,6.181928634643555,0.0,56.752193450927734,56.762237548828125
210.0,2025-12-25 22:25:41.216268,,0.0,,,6.075563907623291,6.081192493438721,0.0,56.64661407470703,56.65713119506836
211.0,2025-12-25 22:25:45.938843,,0.0,,,5.966799736022949,5.980228424072266,0.0,56.54105758666992,56.55203628540039
212.0,2025-12-25 22:25:50.733653,,0.0,,,5.858250617980957,5.879049301147461,1.0,78.32107543945312,68.55127716064453
213.0,2025-12-25 22:25:56.018126,,0.0,,,6.001840591430664,6.0062994956970215,1.0,78.33393096923828,68.61196899414062
214.0,2025-12-25 22:26:00.926617,,0.0,,,6.144440650939941,6.133162021636963,1.0,78.34675598144531,68.6724853515625
215.0,2025-12-25 22:26:05.852450,,0.0,,,6.2860612869262695,6.259631156921387,1.0,78.35954284667969,68.73283386230469
216.0,2025-12-25 22:26:10.663248,,0.0,,,6.426711559295654,6.385700702667236,1.0,78.41240692138672,69.00390625
217.0,2025-12-25 22:26:15.496078,,0.0,,,6.576598644256592,6.519970893859863,1.0,78.4260025024414,69.06752014160156
218.0,2025-12-25 22:26:20.826131,,0.0,,,6.725472450256348,6.6537981033325195,1.0,78.43955993652344,69.13093566894531
219.0,2025-12-25 22:26:25.412578,,0.0,,,6.873342514038086,6.787177562713623,1.0,78.45308685302734,69.19415283203125
220.0,2025-12-25 22:26:30.296183,,0.0,,,7.020217418670654,6.920103549957275,1.0,78.4665756225586,69.2571792602539
221.0,2025-12-25 22:26:34.753567,,0.0,,,7.1661057472229,7.052570819854736,0.0,57.827117919921875,57.8299674987793
222.0,2025-12-25 22:26:39.688773,,0.0,,,7.065666198730469,6.966381549835205,0.0,57.733028411865234,57.73641586303711
223.0,2025-12-25 22:26:44.721073,,0.0,,,6.96567440032959,6.879744529724121,0.0,57.63893127441406,57.64285659790039
224.0,2025-12-25 22:26:49.063676,,0.0,,,6.866100788116455,6.792689800262451,0.0,57.544830322265625,57.54929733276367
225.0,2025-12-25 22:26:54.265844,,0.0,,,6.766917705535889,6.705244541168213,0.0,57.45073699951172,57.45573425292969
226.0,2025-12-25 22:26:58.782129,,0.0,,,6.6680989265441895,6.617434024810791,0.0,57.356651306152344,57.36217498779297
227.0,2025-12-25 22:27:04.164259,,0.0,,,6.5696210861206055,6.52928352355957,0.0,57.2625846862793,57.26861572265625
228.0,2025-12-25 22:27:09.394556,,0.0,,,6.471462249755859,6.4408135414123535,0.0,57.14320755004883,57.150089263916016
229.0,2025-12-25 22:27:14.352858,,0.0,,,6.3713765144348145,6.349951267242432,0.0,57.04700469970703,57.054378509521484
230.0,2025-12-25 22:27:19.029587,,0.0,,,6.271568298339844,6.258810997009277,0.0,56.95082092285156,56.95866775512695
231.0,2025-12-25 22:27:23.897840,,0.0,,,6.172019958496094,6.167410850524902,0.0,56.85466384887695,56.86296844482422
232.0,2025-12-25 22:27:28.609487,,0.0,,,6.072716236114502,6.075766563415527,0.0,56.75852966308594,56.76727294921875
233.0,2025-12-25 22:27:33.818292,,0.0,,,5.973641395568848,5.983893394470215,0.0,56.662418365478516,56.67158508300781
234.0,2025-12-25 22:27:39.561488,,0.0,,,5.874781131744385,5.891805648803711,1.0,78.3551254272461,68.73040008544922
235.0,2025-12-25 22:27:44.710093,,0.0,,,6.026483058929443,6.026076793670654,1.0,78.3686752319336,68.79402923583984
236.0,2025-12-25 22:27:49.285897,,0.0,,,6.177149295806885,6.1599321365356445,1.0,78.3822021484375,68.85748291015625
237.0,2025-12-25 22:27:54.217762,,0.0,,,6.326789855957031,6.293364524841309,1.0,78.39569091796875,68.9207534790039
238.0,2025-12-25 22:27:59.205414,,0.0,,,6.475414752960205,6.426368713378906,1.0,78.40914154052734,68.98383331298828
239.0,2025-12-25 22:28:04.210459,,0.0,,,6.623032569885254,6.558938503265381,1.0,78.42256164550781,69.0467300415039
240.0,2025-12-25 22:28:09.249781,,0.0,,,6.769652843475342,6.691068649291992,1.0,78.4981460571289,69.4299545288086
241.0,2025-12-25 22:28:13.948783,,0.0,,,6.930795669555664,6.835824966430664,1.0,78.51283264160156,69.49785614013672
242.0,2025-12-25 22:28:19.296060,,0.0,,,7.0908637046813965,6.980083465576172,1.0,78.52748107910156,69.56554412841797
243.0,2025-12-25 22:28:23.928148,,0.0,,,7.249865531921387,7.123838424682617,0.0,58.07103729248047,58.071746826171875
244.0,2025-12-25 22:28:28.891009,,0.0,,,7.164403438568115,7.0535969734191895,0.0,57.992652893066406,57.99374008178711
245.0,2025-12-25 22:28:33.892683,,0.0,,,7.07951021194458,6.982786178588867,0.0,57.91421127319336,57.91571807861328
246.0,2025-12-25 22:28:39.319693,,0.0,,,6.995140075683594,6.911452293395996,0.0,57.835731506347656,57.837677001953125
247.0,2025-12-25 22:28:44.601717,,0.0,,,6.911250591278076,6.839637756347656,0.0,57.757232666015625,57.75962829589844
248.0,2025-12-25 22:28:49.772775,,0.0,,,6.827805042266846,6.7673797607421875,0.0,57.6787223815918,57.68157196044922
249.0,2025-12-25 22:28:54.792245,,0.0,,,6.744767665863037,6.6947126388549805,0.0,57.60021209716797,57.603511810302734
250.0,2025-12-25 22:28:59.289214,,0.0,,,6.662107467651367,6.621668815612793,0.0,57.521705627441406,57.52545166015625
251.0,2025-12-25 22:29:04.211568,,0.0,,,6.5797953605651855,6.548276901245117,0.0,57.443214416503906,57.44739532470703
252.0,2025-12-25 22:29:09.179027,,0.0,,,6.497805118560791,6.474563121795654,0.0,57.47751998901367,57.480560302734375
253.0,2025-12-25 22:29:14.106925,,0.0,,,6.428602695465088,6.4123640060424805,0.0,57.411293029785156,57.41468811035156
254.0,2025-12-25 22:29:19.324137,,0.0,,,6.359691143035889,6.349874019622803,0.0,57.3450813293457,57.348819732666016
255.0,2025-12-25 22:29:24.801477,,0.0,,,6.291045188903809,6.287118434906006,0.0,57.27889633178711,57.282958984375
256.0,2025-12-25 22:29:29.528118,,0.0,,,6.222642421722412,6.224119663238525,0.0,57.212730407714844,57.217105865478516
257.0,2025-12-25 22:29:34.633092,,0.0,,,6.15446138381958,6.160898685455322,0.0,57.14659118652344,57.1512565612793
258.0,2025-12-25 22:29:39.414876,,0.0,,,6.086483955383301,6.097474575042725,0.0,57.080474853515625,57.08541488647461
259.0,2025-12-25 22:29:44.941441,,0.0,,,6.018692493438721,6.033864498138428,0.0,57.014381408691406,57.01958084106445
260.0,2025-12-25 22:29:50.481469,,0.0,,,5.951071739196777,5.970083236694336,0.0,56.94831466674805,56.953758239746094
261.0,2025-12-25 22:29:55.470187,,0.0,,,5.883607387542725,5.906146049499512,1.0,78.46260070800781,69.2865219116211
262.0,2025-12-25 22:30:01.063774,,0.0,,,6.061258792877197,6.062503337860107,1.0,78.47836303710938,69.35914611816406
263.0,2025-12-25 22:30:05.868303,,0.0,,,6.237726211547852,6.218355655670166,1.0,78.49409484863281,69.43155670166016
264.0,2025-12-25 22:30:11.254902,,0.0,,,6.41301965713501,6.373697757720947,1.0,78.4532470703125,69.2160415649414
265.0,2025-12-25 22:30:16.726218,,0.0,,,6.573453426361084,6.516863822937012,1.0,78.46773529052734,69.28331756591797
266.0,2025-12-25 22:30:21.642030,,0.0,,,6.732810974121094,6.6595540046691895,1.0,78.48219299316406,69.35038757324219
267.0,2025-12-25 22:30:26.681199,,0.0,,,6.891101360321045,6.801763534545898,1.0,78.49662017822266,69.41725158691406
268.0,2025-12-25 22:30:31.419520,,0.0,,,7.048333168029785,6.943486213684082,1.0,78.5110092163086,69.4839096069336
269.0,2025-12-25 22:30:36.429565,,0.0,,,7.20451545715332,7.084717750549316,0.0,57.992794036865234,57.99399185180664
270.0,2025-12-25 22:30:40.451544,,0.0,,,7.115766525268555,7.010654449462891,0.0,57.910770416259766,57.91240692138672
271.0,2025-12-25 22:30:45.379983,,0.0,,,7.027542591094971,6.936066150665283,0.0,57.828712463378906,57.83080291748047
272.0,2025-12-25 22:30:50.561547,,0.0,,,6.939803600311279,6.860992908477783,0.0,57.74662780761719,57.74919128417969
273.0,2025-12-25 22:30:55.708786,,0.0,,,6.852511882781982,6.785472393035889,0.0,57.66453552246094,57.667572021484375
274.0,2025-12-25 22:31:00.644982,,0.0,,,6.765634536743164,6.709537506103516,0.0,57.58244323730469,57.58595275878906
275.0,2025-12-25 22:31:05.758807,,0.0,,,6.679140567779541,6.6332197189331055,0.0,57.5003547668457,57.504329681396484
276.0,2025-12-25 22:31:11.110798,,0.0,,,6.593001365661621,6.556546688079834,0.0,57.41084289550781,57.415374755859375
277.0,2025-12-25 22:31:16.000943,,0.0,,,6.506455898284912,6.478846073150635,0.0,57.328060150146484,57.333038330078125
278.0,2025-12-25 22:31:21.154116,,0.0,,,6.420214653015137,6.400841236114502,0.0,57.245296478271484,57.25070571899414
279.0,2025-12-25 22:31:26.287890,,0.0,,,6.334255695343018,6.322554588317871,0.0,57.16255569458008,57.16837692260742
280.0,2025-12-25 22:31:31.879248,,0.0,,,6.248558521270752,6.2440056800842285,0.0,57.079833984375,57.086055755615234
281.0,2025-12-25 22:31:37.170107,,0.0,,,6.163105010986328,6.165213584899902,0.0,56.99713897705078,57.00374221801758
282.0,2025-12-25 22:31:41.557421,,0.0,,,6.077877998352051,6.0861945152282715,0.0,56.914466857910156,56.92143630981445
283.0,2025-12-25 22:31:46.501003,,0.0,,,5.992861270904541,6.006965160369873,0.0,56.83182144165039,56.83913803100586
284.0,2025-12-25 22:31:51.693723,,0.0,,,5.908040523529053,5.927540302276611,1.0,78.4055404663086,68.99324798583984
285.0,2025-12-25 22:31:57.181577,,0.0,,,6.07126522064209,6.071590900421143,1.0,78.42008972167969,69.0609130859375
286.0,2025-12-25 22:32:02.610971,,0.0,,,6.233387470245361,6.215187072753906,1.0,78.4345932006836,69.12837982177734
287.0,2025-12-25 22:32:07.163496,,0.0,,,6.394416332244873,6.358321666717529,1.0,78.4490737915039,69.19564819335938
288.0,2025-12-25 22:32:11.954471,,0.0,,,6.554361820220947,6.50098991394043,1.0,78.48616027832031,69.3785400390625
289.0,2025-12-25 22:32:16.666276,,0.0,,,6.718781471252441,6.647891998291016,1.0,78.50103759765625,69.44732666015625
290.0,2025-12-25 22:32:31.872716,,0.0,,,,,1.0,78.5158920288086,69.51589965820312
291.0,2025-12-25 22:32:46.795626,,0.0,,,,,1.0,78.53070831298828,69.58426666259766
292.0,2025-12-25 22:33:02.259172,,0.0,,,,,1.0,78.54548645019531,69.65241241455078
293.0,2025-12-25 22:33:17.326846,,0.0,,,,,1.0,78.56023406982422,69.72034454345703
294.0,2025-12-25 22:33:32.575023,,0.0,,,,,1.0,78.57494354248047,69.78805541992188
295.0,2025-12-25 22:33:47.496448,,0.0,,,,,0.0,58.50568389892578,58.50571823120117
296.0,2025-12-25 22:34:02.571907,,0.0,,,,,0.0,58.42966079711914,58.42987060546875
297.0,2025-12-25 22:34:17.348912,,0.0,,,,,0.0,58.35350036621094,58.35398483276367
298.0,2025-12-25 22:34:32.190960,,0.0,,,,,0.0,58.27723693847656,58.27806854248047
299.0,2025-12-25 22:34:47.137294,,0.0,,,,,0.0,58.20090866088867,58.20212936401367
300.0,2025-12-25 22:35:02.180303,,0.0,,,,,0.0,58.39539337158203,58.39474105834961
301.0,2025-12-25 22:35:17.198985,,0.0,,,,,0.0,58.35543441772461,58.355220794677734
302.0,2025-12-25 22:35:31.951226,,0.0,,,,,0.0,58.31526184082031,58.315242767333984
303.0,2025-12-25 22:35:46.735574,,0.0,,,,,0.0,58.27494430541992,58.27497863769531
304.0,2025-12-25 22:36:01.184041,,0.0,,,,,0.0,58.23447799682617,58.23465347290039
305.0,2025-12-25 22:36:16.498486,,0.0,,,,,0.0,58.19392013549805,58.194297790527344
306.0,2025-12-25 22:36:31.578168,,0.0,,,,,0.0,58.153316497802734,58.153926849365234
307.0,2025-12-25 22:36:46.762961,,0.0,,,,,0.0,58.112693786621094,58.113548278808594
308.0,2025-12-25 22:37:02.060349,,0.0,,,,,0.0,58.07207107543945,58.07316589355469
309.0,2025-12-25 22:37:17.070630,,0.0,,,,,1.0,78.64794921875,70.18768310546875
310.0,2025-12-25 22:37:31.632973,,0.0,,,,,1.0,78.66542053222656,70.26594543457031
311.0,2025-12-25 22:37:46.915570,,0.0,,,,,1.0,78.68286895751953,70.3439712524414
312.0,2025-12-25 22:38:02.115521,,0.0,,,,,1.0,78.52137756347656,69.53382110595703
313.0,2025-12-25 22:38:16.777460,,0.0,,,,,1.0,78.5350112915039,69.59676361083984
314.0,2025-12-25 22:38:31.584643,,0.0,,,,,1.0,78.54861450195312,69.65950775146484
315.0,2025-12-25 22:38:46.110041,,0.0,,,,,1.0,78.56217956542969,69.7220458984375
316.0,2025-12-25 22:39:00.741383,,0.0,,,,,1.0,78.5757064819336,69.78438568115234
317.0,2025-12-25 22:39:15.847999,,0.0,,,,,1.0,78.58920288085938,69.84651947021484
318.0,2025-12-25 22:39:30.595670,,0.0,,,,,0.0,58.99461364746094,58.995784759521484
319.0,2025-12-25 22:39:45.257741,,0.0,,,,,0.0,58.90437316894531,58.906005859375
320.0,2025-12-25 22:39:59.956482,,0.0,,,,,0.0,58.8140869140625,58.81620788574219
321.0,2025-12-25 22:40:14.906836,,0.0,,,,,0.0,58.7237663269043,58.72639846801758
322.0,2025-12-25 22:40:29.469877,,0.0,,,,,0.0,58.633426666259766,58.636573791503906
323.0,2025-12-25 22:40:44.348829,,0.0,,,,,0.0,58.5430793762207,58.546749114990234
324.0,2025-12-25 22:40:58.957253,,0.0,,,,,0.0,58.794166564941406,58.79436492919922
325.0,2025-12-25 22:41:13.771548,,0.0,,,,,0.0,58.7415885925293,58.74202346801758
326.0,2025-12-25 22:41:28.940543,,0.0,,,,,0.0,58.688941955566406,58.68965530395508
327.0,2025-12-25 22:41:43.793393,,0.0,,,,,0.0,58.63625717163086,58.637271881103516
328.0,2025-12-25 22:41:58.284590,,0.0,,,,,0.0,58.58355712890625,58.58488464355469
329.0,2025-12-25 22:42:13.130789,,0.0,,,,,0.0,58.53085708618164,58.53248977661133
330.0,2025-12-25 22:42:28.321866,,0.0,,,,,0.0,58.47816467285156,58.48009490966797
331.0,2025-12-25 22:42:43.846698,,0.0,,,,,0.0,58.42548370361328,58.427703857421875
332.0,2025-12-25 22:42:58.812033,,0.0,,,,,1.0,78.64330291748047,70.16128540039062
333.0,2025-12-25 22:43:13.649300,,0.0,,,,,1.0,78.65980529785156,70.23528289794922
334.0,2025-12-25 22:43:28.382418,,0.0,,,,,1.0,78.67627716064453,70.30906677246094
335.0,2025-12-25 22:43:43.324196,,0.0,,,,,1.0,78.69271087646484,70.38260650634766
336.0,2025-12-25 22:43:58.145239,,0.0,,,,,1.0,78.65443420410156,70.18843841552734
337.0,2025-12-25 22:44:13.049104,,0.0,,,,,1.0,78.6696548461914,70.25711059570312
338.0,2025-12-25 22:44:27.828604,,0.0,,,,,1.0,78.68484497070312,70.3255615234375
339.0,2025-12-25 22:44:42.657790,,0.0,,,,,1.0,78.69999694824219,70.39379119873047
340.0,2025-12-25 22:44:57.321533,,0.0,,,,,1.0,78.71511840820312,70.4617919921875
341.0,2025-12-25 22:45:11.755064,,0.0,,,,,0.0,59.70523452758789,59.705047607421875
342.0,2025-12-25 22:45:26.943860,,0.0,,,,,0.0,59.638038635253906,59.63802719116211
343.0,2025-12-25 22:45:41.866702,,0.0,,,,,0.0,59.57070541381836,59.57075119018555
344.0,2025-12-25 22:45:57.278548,,0.0,,,,,0.0,59.503196716308594,59.50343322753906
345.0,2025-12-25 22:46:12.794356,,0.0,,,,,0.0,59.43556594848633,59.436073303222656
346.0,2025-12-25 22:46:27.820568,,0.0,,,,,0.0,59.36785125732422,59.368690490722656
347.0,2025-12-25 22:46:43.008028,,0.0,,,,,0.0,59.30008316040039,59.30128479003906
348.0,2025-12-25 22:46:57.784926,,0.0,,,,,0.0,59.210880279541016,59.21272659301758
349.0,2025-12-25 22:47:13.073088,,0.0,,,,,0.0,59.140628814697266,59.14288330078125
350.0,2025-12-25 22:47:28.128873,,0.0,,,,,0.0,59.070377349853516,59.073036193847656
351.0,2025-12-25 22:47:42.987611,,0.0,,,,,0.0,59.00012969970703,59.00318908691406
352.0,2025-12-25 22:47:57.649130,,0.0,,,,,0.0,58.92989730834961,58.933345794677734
353.0,2025-12-25 22:48:12.802048,,0.0,,,,,0.0,58.85968017578125,58.863502502441406
354.0,2025-12-25 22:48:28.156829,,0.0,,,,,0.0,58.78948211669922,58.79366683959961
355.0,2025-12-25 22:48:43.343117,,0.0,,,,,1.0,78.62691497802734,70.07353973388672
356.0,2025-12-25 22:48:58.502775,,0.0,,,,,1.0,78.64199829101562,70.14141845703125
357.0,2025-12-25 22:49:13.534834,,0.0,,,,,1.0,78.65705108642578,70.20909118652344
358.0,2025-12-25 22:49:28.635789,,0.0,,,,,1.0,78.67205810546875,70.27655029296875
359.0,2025-12-25 22:49:43.653550,,0.0,,,,,1.0,78.68704223632812,70.34380340576172
360.0,2025-12-25 22:49:58.693927,,0.0,,,,,1.0,78.55216217041016,69.65296936035156
361.0,2025-12-25 22:50:13.977960,,0.0,,,,,1.0,78.56367492675781,69.70634460449219
362.0,2025-12-25 22:50:29.055448,,0.0,,,,,1.0,78.57514953613281,69.75953674316406
363.0,2025-12-25 22:50:44.310030,,0.0,,,,,1.0,78.58659362792969,69.81254577636719
364.0,2025-12-25 22:50:59.131194,,0.0,,,,,0.0,59.45722198486328,59.46257019042969
365.0,2025-12-25 22:51:13.858003,,0.0,,,,,0.0,59.34347152709961,59.34946823120117
366.0,2025-12-25 22:51:28.045527,,0.0,,,,,0.0,59.22972106933594,59.23636245727539
367.0,2025-12-25 22:51:42.785894,,0.0,,,,,0.0,59.1159782409668,59.12325668334961
368.0,2025-12-25 22:51:57.811700,,0.0,,,,,0.0,59.00224685668945,59.01015090942383
369.0,2025-12-25 22:52:12.558621,,0.0,,,,,0.0,58.88853073120117,58.89705276489258
370.0,2025-12-25 22:52:27.853872,,0.0,,,,,0.0,58.77483367919922,58.78395462036133
371.0,2025-12-25 22:52:42.847137,,0.0,,,,,0.0,58.661155700683594,58.67086410522461
372.0,2025-12-25 22:52:57.584947,,0.0,,,,,0.0,58.003501892089844,58.021400451660156
373.0,2025-12-25 22:53:12.325250,,0.0,,,,,0.0,57.85441207885742,57.873008728027344
374.0,2025-12-25 22:53:27.365152,,0.0,,,,,0.0,57.705345153808594,57.72462844848633
375.0,2025-12-25 22:53:42.314406,,0.0,,,,,0.0,57.556304931640625,57.57625198364258
376.0,2025-12-25 22:53:57.239371,,0.0,,,,,0.0,57.407291412353516,57.427886962890625
377.0,2025-12-25 22:54:12.136783,,0.0,,,,,0.0,57.258304595947266,57.2795295715332
378.0,2025-12-25 22:54:26.884337,,0.0,,,,,1.0,78.30461120605469,68.41142272949219
379.0,2025-12-25 22:54:42.112811,,0.0,,,,,1.0,78.31376647949219,68.45484161376953
380.0,2025-12-25 22:54:57.181677,,0.0,,,,,1.0,78.32288360595703,68.49815368652344
381.0,2025-12-25 22:55:12.493003,,0.0,,,,,1.0,78.33197021484375,68.54134368896484
382.0,2025-12-25 22:55:27.307842,,0.0,,,,,1.0,78.34101867675781,68.58441925048828
383.0,2025-12-25 22:55:41.514443,,0.0,,,,,1.0,78.35004425048828,68.62737274169922
384.0,2025-12-25 22:55:56.510991,,0.0,,,,,1.0,78.53043365478516,69.58467102050781
385.0,2025-12-25 22:56:11.355490,,0.0,,,,,1.0,78.54345703125,69.64437866210938
386.0,2025-12-25 22:56:26.149500,,0.0,,,,,1.0,78.55644226074219,69.70391082763672
387.0,2025-12-25 22:56:40.867231,,0.0,,,,,0.0,58.818023681640625,58.82377624511719
388.0,2025-12-25 22:56:56.019445,,0.0,,,,,0.0,58.72077941894531,58.7270622253418
389.0,2025-12-25 22:57:11.217087,,0.0,,,,,0.0,58.62355041503906,58.63035202026367
390.0,2025-12-25 22:57:25.924523,,0.0,,,,,0.0,58.526344299316406,58.53364562988281
391.0,2025-12-25 22:57:30.974853,,0.0,,,7.763337135314941,7.746528625488281,0.0,58.42915725708008,58.43694305419922
392.0,2025-12-25 22:57:36.079473,,0.0,,,7.662646293640137,7.654296398162842,0.0,58.331993103027344,58.34025192260742
393.0,2025-12-25 22:57:40.924391,,0.0,,,7.562207221984863,7.561812877655029,0.0,58.2348518371582,58.24356460571289
394.0,2025-12-25 22:57:45.900338,,0.0,,,7.462003707885742,7.469093322753906,0.0,58.13773727416992,58.14688491821289
395.0,2025-12-25 22:57:51.091702,,0.0,,,7.3620219230651855,7.376152515411377,0.0,58.0406494140625,58.05021286010742
396.0,2025-12-25 22:57:55.771948,,0.0,,,7.2622480392456055,7.283003330230713,0.0,57.996524810791016,58.0057487487793
397.0,2025-12-25 22:58:00.760090,,0.0,,,7.167392730712891,7.193981647491455,0.0,57.90404510498047,57.91362762451172
398.0,2025-12-25 22:58:05.614804,,0.0,,,7.07271671295166,7.104781150817871,0.0,57.81158447265625,57.82151412963867
399.0,2025-12-25 22:58:11.063871,,0.0,,,6.978207588195801,7.015413284301758,0.0,57.71915054321289,57.72940444946289
400.0,2025-12-25 22:58:16.139857,,0.0,,,6.883856296539307,6.9258880615234375,0.0,57.626739501953125,57.637306213378906
401.0,2025-12-25 22:58:20.957297,,0.0,,,6.789651870727539,6.836215496063232,0.0,57.53435134887695,57.54521560668945
402.0,2025-12-25 22:58:26.507545,,0.0,,,6.695585250854492,6.746405124664307,0.0,57.441986083984375,57.453128814697266
403.0,2025-12-25 22:58:31.843552,,0.0,,,6.601648807525635,6.65646505355835,0.0,57.349639892578125,57.36104965209961
404.0,2025-12-25 22:58:36.638302,,0.0,,,6.507833480834961,6.566403388977051,0.0,57.25731658935547,57.26898193359375
405.0,2025-12-25 22:58:41.854647,,0.0,,,6.414132118225098,6.476227760314941,0.0,57.16501235961914,57.17691421508789
406.0,2025-12-25 22:58:46.948340,,0.0,,,6.32053804397583,6.3859453201293945,0.0,57.07272720336914,57.08485794067383
407.0,2025-12-25 22:58:52.601774,,0.0,,,6.227044105529785,6.295562267303467,0.0,56.98046112060547,56.99280548095703
408.0,2025-12-25 22:58:57.598421,,0.0,,,6.1336445808410645,6.205085277557373,0.0,56.77743148803711,56.791465759277344
409.0,2025-12-25 22:59:03.434575,,0.0,,,6.030531883239746,6.105772018432617,0.0,56.67582321166992,56.69011688232422
410.0,2025-12-25 22:59:08.990337,,0.0,,,5.927525520324707,6.00635290145874,0.0,56.57423400878906,56.588775634765625
411.0,2025-12-25 22:59:14.335946,,0.0,,,5.824619293212891,5.906833171844482,1.0,78.33325958251953,68.62984466552734
412.0,2025-12-25 22:59:19.535721,,0.0,,,5.9723968505859375,6.035892963409424,1.0,78.34639739990234,68.69129943847656
413.0,2025-12-25 22:59:24.140866,,0.0,,,6.119137287139893,6.1645827293396,1.0,78.3594970703125,68.75259399414062
414.0,2025-12-25 22:59:28.766197,,0.0,,,6.2648515701293945,6.292895793914795,1.0,78.37255859375,68.81372833251953
415.0,2025-12-25 22:59:33.983560,,0.0,,,6.409550666809082,6.420825004577637,1.0,78.38558959960938,68.87469482421875
416.0,2025-12-25 22:59:39.060121,,0.0,,,6.553244590759277,6.54836368560791,1.0,78.3985824584961,68.93548583984375
417.0,2025-12-25 22:59:44.209500,,0.0,,,6.695943355560303,6.675505638122559,1.0,78.41154479980469,68.99610900878906
418.0,2025-12-25 22:59:49.356955,,0.0,,,6.8376569747924805,6.802244186401367,1.0,78.42447662353516,69.05654907226562
419.0,2025-12-25 22:59:54.048611,,0.0,,,6.978395938873291,6.928573131561279,1.0,78.43737030029297,69.1168212890625
420.0,2025-12-25 22:59:58.760162,,0.0,,,7.118168354034424,7.054487228393555,1.0,78.56584930419922,69.76829528808594
421.0,2025-12-25 23:00:03.968456,,0.0,,,7.285755634307861,7.204284191131592,0.0,58.21537399291992,58.216400146484375
422.0,2025-12-25 23:00:09.418023,,0.0,,,7.211322784423828,7.141748428344727,0.0,58.14634704589844,58.14775466918945
423.0,2025-12-25 23:00:14.517006,,0.0,,,7.137381076812744,7.07872200012207,0.0,58.077293395996094,58.079097747802734
424.0,2025-12-25 23:00:19.975583,,0.0,,,7.063886642456055,7.015247344970703,0.0,58.00822830200195,58.01043701171875
425.0,2025-12-25 23:00:24.460623,,0.0,,,6.9908013343811035,6.951364517211914,0.0,57.93916320800781,57.941768646240234
426.0,2025-12-25 23:00:29.268821,,0.0,,,6.918088912963867,6.887108325958252,0.0,57.87010192871094,57.87310028076172
427.0,2025-12-25 23:00:34.302727,,0.0,,,6.845717906951904,6.822510719299316,0.0,57.801055908203125,57.80443572998047
428.0,2025-12-25 23:00:39.121671,,0.0,,,6.773659706115723,6.757600784301758,0.0,57.732025146484375,57.73577117919922
429.0,2025-12-25 23:00:43.616732,,0.0,,,6.701887607574463,6.692404270172119,0.0,57.66301727294922,57.6671142578125
430.0,2025-12-25 23:00:48.046320,,0.0,,,6.630378246307373,6.6269450187683105,0.0,57.59402847290039,57.59846496582031
431.0,2025-12-25 23:00:53.167353,,0.0,,,6.559109210968018,6.561245441436768,0.0,57.52506637573242,57.52981948852539
432.0,2025-12-25 23:00:58.147548,,0.0,,,6.488061428070068,6.495325088500977,0.0,56.8781623840332,56.891326904296875
433.0,2025-12-25 23:01:03.690664,,0.0,,,6.365372180938721,6.381423473358154,0.0,56.759090423583984,56.77277374267578
434.0,2025-12-25 23:01:09.583547,,0.0,,,6.242900848388672,6.267303466796875,0.0,56.64004135131836,56.65422439575195
435.0,2025-12-25 23:01:14.356306,,0.0,,,6.1206374168396,6.1529765129089355,0.0,56.521018981933594,56.535682678222656
436.0,2025-12-25 23:01:19.217717,,0.0,,,5.998569965362549,6.038453102111816,0.0,56.40201950073242,56.417152404785156
437.0,2025-12-25 23:01:23.814748,,0.0,,,5.876689434051514,5.923742771148682,1.0,78.27804565429688,68.32477569580078
438.0,2025-12-25 23:01:28.860059,,0.0,,,6.008694171905518,6.040323734283447,1.0,78.28988647460938,68.38091278076172
439.0,2025-12-25 23:01:33.757773,,0.0,,,6.13976526260376,6.1565704345703125,1.0,78.30168914794922,68.43689727783203
440.0,2025-12-25 23:01:39.071657,,0.0,,,6.269913673400879,6.272475719451904,1.0,78.31346130371094,68.49273681640625
441.0,2025-12-25 23:01:43.739623,,0.0,,,6.399149417877197,6.388032913208008,1.0,78.3251953125,68.54841613769531
442.0,2025-12-25 23:01:48.546639,,0.0,,,6.5274834632873535,6.503235340118408,1.0,78.33689880371094,68.60393524169922
443.0,2025-12-25 23:01:53.375705,,0.0,,,6.6549248695373535,6.618076324462891,1.0,78.34856414794922,68.65929412841797
444.0,2025-12-25 23:01:58.161780,,0.0,,,6.781484127044678,6.732550144195557,1.0,78.54608154296875,69.67808532714844
445.0,2025-12-25 23:02:02.811878,,0.0,,,6.953909397125244,6.886126518249512,1.0,78.56170654296875,69.7495346069336
446.0,2025-12-25 23:02:07.713487,,0.0,,,7.125185012817383,7.03917932510376,1.0,78.57730102539062,69.82077026367188
447.0,2025-12-25 23:02:13.101049,,0.0,,,7.295319557189941,7.1917033195495605,0.0,58.242774963378906,58.24303436279297
448.0,2025-12-25 23:02:18.061676,,0.0,,,7.223148822784424,7.133406639099121,0.0,58.17715835571289,58.177696228027344
449.0,2025-12-25 23:02:22.594926,,0.0,,,7.151586055755615,7.074502468109131,0.0,58.11146545410156,58.11233139038086
450.0,2025-12-25 23:02:26.574854,,0.0,,,7.080573081970215,7.015048980712891,0.0,58.04572296142578,58.04694747924805
451.0,2025-12-25 23:02:31.894259,,0.0,,,7.0100579261779785,6.955097198486328,0.0,57.979949951171875,57.98154830932617
452.0,2025-12-25 23:02:37.365808,,0.0,,,6.9399943351745605,6.894693851470947,0.0,57.91416549682617,57.91614532470703
453.0,2025-12-25 23:02:42.276564,,0.0,,,6.870341777801514,6.833879470825195,0.0,57.84837341308594,57.850738525390625
454.0,2025-12-25 23:02:47.261684,,0.0,,,6.801063537597656,6.772691249847412,0.0,57.7825927734375,57.78532791137695
455.0,2025-12-25 23:02:51.766739,,0.0,,,6.732125282287598,6.711162567138672,0.0,57.71682357788086,57.71992111206055
456.0,2025-12-25 23:02:56.627586,,0.0,,,6.6634979248046875,6.649322986602783,0.0,57.68281173706055,57.68581771850586
457.0,2025-12-25 23:03:00.996061,,0.0,,,6.5990729331970215,6.590888023376465,0.0,57.620906829833984,57.62423324584961
458.0,2025-12-25 23:03:06.123032,,0.0,,,6.534910678863525,6.532190799713135,0.0,57.55902099609375,57.562652587890625
459.0,2025-12-25 23:03:11.634030,,0.0,,,6.470986843109131,6.473254680633545,0.0,57.497161865234375,57.50107955932617
460.0,2025-12-25 23:03:16.123184,,0.0,,,6.407279968261719,6.414102077484131,0.0,57.435325622558594,57.43951416015625
461.0,2025-12-25 23:03:21.020836,,0.0,,,6.343770503997803,6.354751110076904,0.0,57.373512268066406,57.377952575683594
462.0,2025-12-25 23:03:25.754400,,0.0,,,6.2804412841796875,6.295220851898193,0.0,57.31172561645508,57.316402435302734
463.0,2025-12-25 23:03:30.682553,,0.0,,,6.217276096343994,6.235526084899902,0.0,57.24995803833008,57.254859924316406
464.0,2025-12-25 23:03:35.567307,,0.0,,,6.154260635375977,6.175682067871094,0.0,57.18821716308594,57.193321228027344
465.0,2025-12-25 23:03:40.328139,,0.0,,,6.091381072998047,6.115701675415039,0.0,57.126495361328125,57.13179397583008
466.0,2025-12-25 23:03:44.732813,,0.0,,,6.028626441955566,6.055596828460693,0.0,57.064796447753906,57.07027053833008
467.0,2025-12-25 23:03:49.502259,,0.0,,,5.96598482131958,5.995378494262695,0.0,57.00311279296875,57.00875473022461
468.0,2025-12-25 23:03:54.566392,,0.0,,,5.903447151184082,5.935056686401367,1.0,78.3617172241211,68.76737213134766
469.0,2025-12-25 23:03:59.123624,,0.0,,,6.0559892654418945,6.069635391235352,1.0,78.37533569335938,68.83113098144531
470.0,2025-12-25 23:04:04.281382,,0.0,,,6.207485198974609,6.203802108764648,1.0,78.388916015625,68.89471435546875
471.0,2025-12-25 23:04:09.379281,,0.0,,,6.357945442199707,6.337549686431885,1.0,78.4024658203125,68.95811462402344
472.0,2025-12-25 23:04:14.569416,,0.0,,,6.507379531860352,6.470871925354004,1.0,78.41597747802734,69.02133178710938
473.0,2025-12-25 23:04:19.744327,,0.0,,,6.655797004699707,6.603763580322266,1.0,78.42945861816406,69.08435821533203
474.0,2025-12-25 23:04:25.328594,,0.0,,,6.8032073974609375,6.736218452453613,1.0,78.44290924072266,69.14720153808594
475.0,2025-12-25 23:04:29.848652,,0.0,,,6.949619770050049,6.868231296539307,1.0,78.4563217163086,69.20985412597656
476.0,2025-12-25 23:04:34.873565,,0.0,,,7.095043182373047,6.999796390533447,1.0,78.46969604492188,69.27230834960938
477.0,2025-12-25 23:04:39.941906,,0.0,,,7.2394866943359375,7.130908966064453,0.0,57.888362884521484,57.89156723022461
478.0,2025-12-25 23:04:45.118759,,0.0,,,7.137961387634277,7.04334020614624,0.0,57.79302215576172,57.796775817871094
479.0,2025-12-25 23:04:50.418007,,0.0,,,7.036868572235107,6.955338478088379,0.0,57.69768142700195,57.70198059082031
480.0,2025-12-25 23:04:55.831282,,0.0,,,6.936180591583252,6.866931915283203,0.0,57.66696548461914,57.67095184326172
481.0,2025-12-25 23:04:59.570161,,0.0,,,6.841627597808838,6.783699989318848,0.0,57.577327728271484,57.58182144165039
482.0,2025-12-25 23:05:04.665378,,0.0,,,6.747441291809082,6.700101375579834,0.0,57.48769760131836,57.49269485473633
483.0,2025-12-25 23:05:10.114510,,0.0,,,6.653596878051758,6.616161346435547,0.0,57.3980827331543,57.403568267822266
484.0,2025-12-25 23:05:15.397628,,0.0,,,6.5600714683532715,6.531901836395264,0.0,57.30848693847656,57.314449310302734
485.0,2025-12-25 23:05:20.266374,,0.0,,,6.466843128204346,6.447345733642578,0.0,57.218910217285156,57.2253303527832
486.0,2025-12-25 23:05:25.634816,,0.0,,,6.373891830444336,6.36251163482666,0.0,57.129356384277344,57.1362190246582
487.0,2025-12-25 23:05:30.929802,,0.0,,,6.281199932098389,6.277419090270996,0.0,57.039825439453125,57.047115325927734
488.0,2025-12-25 23:05:35.880709,,0.0,,,6.18874979019165,6.192084312438965,0.0,56.9503173828125,56.9580192565918
489.0,2025-12-25 23:05:40.794721,,0.0,,,6.096526145935059,6.106523513793945,0.0,56.860836029052734,56.86893081665039
490.0,2025-12-25 23:05:45.590795,,0.0,,,6.004512786865234,6.020751476287842,0.0,56.77138137817383,56.77984619140625
491.0,2025-12-25 23:05:50.358379,,0.0,,,5.9126973152160645,5.9347825050354,0.0,56.68194580078125,56.690773010253906
492.0,2025-12-25 23:05:54.916533,,0.0,,,5.821066379547119,5.848628520965576,1.0,78.2953872680664,68.41633605957031
493.0,2025-12-25 23:05:59.680974,,0.0,,,5.9591875076293945,5.97102689743042,1.0,78.3077621459961,68.47496795654297
494.0,2025-12-25 23:06:04.884526,,0.0,,,6.096348762512207,6.09306001663208,1.0,78.32010650634766,68.53343200683594
495.0,2025-12-25 23:06:09.651140,,0.0,,,6.232560157775879,6.214720726013184,1.0,78.33241271972656,68.59173583984375
496.0,2025-12-25 23:06:14.507722,,0.0,,,6.367831707000732,6.33600378036499,1.0,78.34468078613281,68.64987182617188
497.0,2025-12-25 23:06:19.224316,,0.0,,,6.50217342376709,6.456902027130127,1.0,78.35691833496094,68.70783996582031
498.0,2025-12-25 23:06:24.069640,,0.0,,,6.635594367980957,6.577409744262695,1.0,78.36912536621094,68.76564025878906
499.0,2025-12-25 23:06:29.162837,,0.0,,,6.768104553222656,6.697521686553955,1.0,78.38129425048828,68.82325744628906
0,2026-01-01 15:06:19.773236,0,1,0,0,0,0,1,0,0
1.0,2026-01-01 15:06:24.837868,,1.0,,,3.252293348312378,3.2810044288635254,1.0,79.06969451904297,79.2622299194336
2.0,2026-01-01 15:06:28.987906,,1.0,,,3.4527666568756104,3.5094101428985596,1.0,79.07292175292969,79.26464080810547
3.0,2026-01-01 15:06:33.217567,,1.0,,,3.652416467666626,3.736224412918091,1.0,79.07614135742188,79.26705169677734
4.0,2026-01-01 15:06:37.772329,,1.0,,,3.8512396812438965,3.9614546298980713,1.0,79.07935333251953,79.26945495605469
5.0,2026-01-01 15:06:42.435186,,1.0,,,4.049232482910156,4.185107707977295,1.0,79.08256530761719,79.2718505859375
6.0,2026-01-01 15:06:47.005567,,1.0,,,4.246391773223877,4.407191753387451,1.0,79.08577728271484,79.27423858642578
7.0,2026-01-01 15:06:51.605522,,1.0,,,4.442714691162109,4.627713203430176,1.0,79.08898162841797,79.27661895751953
8.0,2026-01-01 15:06:55.951357,,1.0,,,4.638197422027588,4.846680164337158,1.0,79.0921859741211,79.27899932861328
9.0,2026-01-01 15:07:01.163499,,1.0,,,4.832837104797363,5.0640997886657715,1.0,79.09538269042969,79.2813720703125
10.0,2026-01-01 15:07:05.760062,,1.0,,,5.026630401611328,5.279979228973389,1.0,79.09857940673828,79.28373718261719
11.0,2026-01-01 15:07:10.198657,,1.0,,,5.219573974609375,5.494325637817383,1.0,79.10177612304688,79.28609466552734
12.0,2026-01-01 15:07:13.903114,,1.0,,,5.411664962768555,5.707146644592285,1.0,79.11824035644531,79.30004119873047
13.0,2026-01-01 15:07:19.102019,,1.0,,,5.619582653045654,5.931300163269043,1.0,79.12167358398438,79.30253601074219
14.0,2026-01-01 15:07:24.005280,,1.0,,,5.8264923095703125,6.153923034667969,1.0,79.1250991821289,79.3050308227539
15.0,2026-01-01 15:07:28.645005,,1.0,,,6.0323920249938965,6.3750200271606445,1.0,79.1285171508789,79.3075180053711
16.0,2026-01-01 15:07:33.423851,,1.0,,,6.237279415130615,6.594597816467285,1.0,79.1319351196289,79.30999755859375
17.0,2026-01-01 15:07:37.717032,,1.0,,,6.441153049468994,6.812661647796631,1.0,79.1353530883789,79.3124771118164
18.0,2026-01-01 15:07:41.679866,,1.0,,,6.644010543823242,7.0292181968688965,1.0,79.13876342773438,79.31494903564453
19.0,2026-01-01 15:07:46.362850,,0.0,,,6.845850467681885,7.244272708892822,1.0,78.66368865966797,70.34709930419922
20.0,2026-01-01 15:07:51.825188,,0.0,,,7.043867111206055,7.409078121185303,1.0,78.68110656738281,70.42289733886719
21.0,2026-01-01 15:07:56.844403,,0.0,,,7.240476131439209,7.573425769805908,0.0,58.49657440185547,58.5477180480957
22.0,2026-01-01 15:08:01.630669,,0.0,,,7.215979099273682,7.516871452331543,0.0,58.466064453125,58.510807037353516
23.0,2026-01-01 15:08:07.511204,,0.0,,,7.190006732940674,7.461793422698975,0.0,58.43454360961914,58.47364044189453
24.0,2026-01-01 15:08:12.458045,,0.0,,,7.16265869140625,7.408090591430664,0.0,58.352272033691406,58.38238525390625
25.0,2026-01-01 15:08:17.860381,,0.0,,,7.122500419616699,7.348470211029053,0.0,58.30742645263672,58.334529876708984
26.0,2026-01-01 15:08:23.081516,,0.0,,,7.08148193359375,7.28971004486084,0.0,58.261924743652344,58.286399841308594
27.0,2026-01-01 15:08:28.014238,,0.0,,,7.039671421051025,7.2317423820495605,0.0,58.21586227416992,58.23802947998047
28.0,2026-01-01 15:08:32.731517,,0.0,,,6.997131824493408,7.174503326416016,0.0,58.169307708740234,58.189456939697266
29.0,2026-01-01 15:08:37.540835,,0.0,,,6.95392370223999,7.1179327964782715,0.0,58.1223258972168,58.14070510864258
30.0,2026-01-01 15:08:42.712956,,0.0,,,6.910102844238281,7.061975479125977,0.0,58.074974060058594,58.091800689697266
31.0,2026-01-01 15:08:47.785567,,0.0,,,6.865720272064209,7.0065789222717285,0.0,58.02730178833008,58.04276657104492
32.0,2026-01-01 15:08:52.656697,,0.0,,,6.820825576782227,6.951695919036865,0.0,57.979347229003906,57.993621826171875
33.0,2026-01-01 15:08:57.753555,,0.0,,,6.7754621505737305,6.897280693054199,0.0,57.931156158447266,57.94437789916992
34.0,2026-01-01 15:09:03.680710,,0.0,,,6.729671478271484,6.843292713165283,0.0,57.88275146484375,57.89505386352539
35.0,2026-01-01 15:09:09.473988,,0.0,,,6.683492183685303,6.789693355560303,0.0,57.834163665771484,57.84565734863281
36.0,2026-01-01 15:09:14.932005,,0.0,,,6.636959075927734,6.736448287963867,0.0,57.877830505371094,57.88954544067383
37.0,2026-01-01 15:09:20.527236,,0.0,,,6.609060764312744,6.697656154632568,0.0,57.84705352783203,57.85721969604492
38.0,2026-01-01 15:09:26.775931,,0.0,,,6.580469608306885,6.659557342529297,0.0,57.81581497192383,57.824703216552734
39.0,2026-01-01 15:09:32.535151,,0.0,,,6.551266193389893,6.622071266174316,0.0,57.784202575683594,57.792030334472656
40.0,2026-01-01 15:09:39.154603,,0.0,,,6.521522521972656,6.585124492645264,0.0,57.75228500366211,57.75923538208008
41.0,2026-01-01 15:09:44.653302,,0.0,,,6.491304874420166,6.548652172088623,0.0,57.720115661621094,57.72633743286133
42.0,2026-01-01 15:09:50.258423,,0.0,,,6.460671424865723,6.512595176696777,0.0,57.687744140625,57.693363189697266
43.0,2026-01-01 15:09:56.047811,,0.0,,,6.429675102233887,6.476902008056641,0.0,57.65520477294922,57.66032028198242
44.0,2026-01-01 15:10:01.966757,,0.0,,,6.398361682891846,6.441525459289551,0.0,57.622528076171875,57.62722396850586
45.0,2026-01-01 15:10:07.404553,,0.0,,,6.366772174835205,6.406424522399902,0.0,57.58974075317383,57.594085693359375
46.0,2026-01-01 15:10:13.526713,,0.0,,,6.334942817687988,6.371563911437988,0.0,57.556861877441406,57.5609130859375
47.0,2026-01-01 15:10:19.200571,,0.0,,,6.302905082702637,6.336911201477051,0.0,57.52390670776367,57.5277099609375
48.0,2026-01-01 15:10:24.902951,,0.0,,,6.270687580108643,6.302438735961914,0.0,57.31630325317383,57.32200241088867
49.0,2026-01-01 15:10:30.626451,,0.0,,,6.209240436553955,6.242898464202881,0.0,57.25560760498047,57.26144027709961
50.0,2026-01-01 15:10:35.085132,,0.0,,,6.147876262664795,6.18327522277832,0.0,57.194923400878906,57.20088195800781
51.0,2026-01-01 15:10:40.563668,,0.0,,,6.086586952209473,6.123577117919922,0.0,57.13425827026367,57.14032745361328
52.0,2026-01-01 15:10:46.388473,,0.0,,,6.025365829467773,6.063810348510742,0.0,57.073604583740234,57.079776763916016
53.0,2026-01-01 15:10:51.888084,,0.0,,,5.964208126068115,6.003981113433838,0.0,57.012962341308594,57.01923370361328
54.0,2026-01-01 15:10:57.586655,,0.0,,,5.903107166290283,5.944094181060791,1.0,78.48429107666016,69.39965057373047
55.0,2026-01-01 15:11:02.577120,,0.0,,,6.08535099029541,6.103949546813965,1.0,78.50043487548828,69.47364807128906
56.0,2026-01-01 15:11:07.734208,,0.0,,,6.266380786895752,6.2632904052734375,1.0,78.51654815673828,69.54743957519531
57.0,2026-01-01 15:11:13.151312,,0.0,,,6.446206092834473,6.422110080718994,1.0,78.53262329101562,69.62100982666016
58.0,2026-01-01 15:11:18.414090,,0.0,,,6.62483549118042,6.5804033279418945,1.0,78.54866790771484,69.6943588256836
59.0,2026-01-01 15:11:23.625230,,0.0,,,6.802278518676758,6.738164901733398,1.0,78.56468200683594,69.7674789428711
60.0,2026-01-01 15:11:29.491155,,0.0,,,6.978544235229492,6.895389080047607,1.0,78.45838928222656,69.21942901611328
61.0,2026-01-01 15:11:34.875248,,0.0,,,7.1236252784729,7.026712894439697,1.0,78.47174072265625,69.28178405761719
62.0,2026-01-01 15:11:39.941901,,0.0,,,7.267728805541992,7.157583236694336,0.0,57.91378402709961,57.916954040527344
63.0,2026-01-01 15:11:46.012264,,0.0,,,7.1659722328186035,7.069883346557617,0.0,57.81826400756836,57.821983337402344
64.0,2026-01-01 15:11:50.979713,,0.0,,,7.064651012420654,6.981748104095459,0.0,57.72273635864258,57.72700500488281
65.0,2026-01-01 15:11:57.341213,,0.0,,,6.963736534118652,6.893205642700195,0.0,57.62721252441406,57.63202667236328
66.0,2026-01-01 15:12:02.643126,,0.0,,,6.8632025718688965,6.804283142089844,0.0,57.53169631958008,57.53704833984375
67.0,2026-01-01 15:12:08.006837,,0.0,,,6.763023853302002,6.715004920959473,0.0,57.43619155883789,57.44207000732422
68.0,2026-01-01 15:12:12.815425,,0.0,,,6.663178443908691,6.625393867492676,0.0,57.34070587158203,57.34709548950195
69.0,2026-01-01 15:12:19.048342,,0.0,,,6.5636444091796875,6.535470962524414,0.0,57.245235443115234,57.25212478637695
70.0,2026-01-01 15:12:24.653556,,0.0,,,6.464401721954346,6.44525671005249,0.0,57.14978790283203,57.15715789794922
71.0,2026-01-01 15:12:30.571075,,0.0,,,6.3654327392578125,6.354768753051758,0.0,57.054359436035156,57.062198638916016
72.0,2026-01-01 15:12:36.242784,,0.0,,,6.266719818115234,6.2640252113342285,0.0,56.90089416503906,56.90999984741211
73.0,2026-01-01 15:12:41.821766,,0.0,,,6.163232326507568,6.168393135070801,0.0,56.80065155029297,56.810211181640625
74.0,2026-01-01 15:12:47.471105,,0.0,,,6.059970855712891,6.072534084320068,0.0,56.700435638427734,56.71043395996094
75.0,2026-01-01 15:12:52.478119,,0.0,,,5.95692253112793,5.9764628410339355,0.0,56.60024642944336,56.610660552978516
76.0,2026-01-01 15:12:57.962078,,0.0,,,5.854074954986572,5.880190849304199,1.0,78.33930969238281,68.64936828613281
77.0,2026-01-01 15:13:03.594097,,0.0,,,6.002418518066406,6.011342525482178,1.0,78.3525619506836,68.7116928100586
78.0,2026-01-01 15:13:08.952535,,0.0,,,6.14974308013916,6.142094135284424,1.0,78.36578369140625,68.77384948730469
79.0,2026-01-01 15:13:14.233074,,0.0,,,6.296058177947998,6.272439002990723,1.0,78.37896728515625,68.83583068847656
80.0,2026-01-01 15:13:19.553708,,0.0,,,6.4413743019104,6.402370929718018,1.0,78.39212036132812,68.89762878417969
81.0,2026-01-01 15:13:24.887305,,0.0,,,6.585700035095215,6.531883716583252,1.0,78.40523529052734,68.9592514038086
82.0,2026-01-01 15:13:30.941328,,0.0,,,6.729045867919922,6.6609721183776855,1.0,78.41831970214844,69.02068328857422
83.0,2026-01-01 15:13:36.553309,,0.0,,,6.871420383453369,6.78963041305542,1.0,78.43136596679688,69.0819320678711
84.0,2026-01-01 15:13:42.029654,,0.0,,,7.012833118438721,6.917853355407715,1.0,78.29606628417969,68.34371948242188
85.0,2026-01-01 15:13:47.391152,,0.0,,,7.113380432128906,7.012702465057373,0.0,57.060611724853516,57.07353591918945
86.0,2026-01-01 15:13:52.473534,,0.0,,,6.961755752563477,6.876477241516113,0.0,56.9155387878418,56.929237365722656
87.0,2026-01-01 15:13:57.738096,,0.0,,,6.810458660125732,6.73992395401001,0.0,56.77049255371094,56.78494644165039
88.0,2026-01-01 15:14:03.324230,,0.0,,,6.659475803375244,6.603056907653809,0.0,56.62546157836914,56.64065933227539
89.0,2026-01-01 15:14:08.838864,,0.0,,,6.508792400360107,6.465889930725098,0.0,56.4804573059082,56.49637985229492
90.0,2026-01-01 15:14:13.838698,,0.0,,,6.358395576477051,6.328436851501465,0.0,56.335472106933594,56.352108001708984
91.0,2026-01-01 15:14:19.411222,,0.0,,,6.208272457122803,6.190709590911865,0.0,56.190513610839844,56.20783996582031
92.0,2026-01-01 15:14:24.840737,,0.0,,,6.058411121368408,6.052720546722412,0.0,56.04558181762695,56.06357955932617
93.0,2026-01-01 15:14:29.231908,,0.0,,,5.9088006019592285,5.914480686187744,0.0,55.900672912597656,55.91932678222656
94.0,2026-01-01 15:14:34.709187,,0.0,,,5.759429454803467,5.776001930236816,1.0,78.18047332763672,67.78426361083984
95.0,2026-01-01 15:14:39.650990,,0.0,,,5.8687896728515625,5.87441873550415,1.0,78.19039916992188,67.83240509033203
96.0,2026-01-01 15:14:44.458288,,0.0,,,5.977372169494629,5.972550392150879,1.0,78.19514465332031,67.85147857666016
97.0,2026-01-01 15:14:49.886402,,0.0,,,6.083761215209961,6.069197654724121,1.0,78.20488739013672,67.89881896972656
98.0,2026-01-01 15:14:55.063677,,0.0,,,6.189402103424072,6.165549278259277,1.0,78.21459197998047,67.94602966308594
99.0,2026-01-01 15:14:59.878542,,0.0,,,6.294305324554443,6.261600017547607,1.0,78.2242660522461,67.99309539794922
100.0,2026-01-01 15:15:05.378033,,0.0,,,6.39847993850708,6.357342720031738,1.0,78.23390197753906,68.04002380371094
101.0,2026-01-01 15:15:09.989848,,0.0,,,6.50193452835083,6.452773094177246,1.0,78.24351501464844,68.08679962158203
102.0,2026-01-01 15:15:14.899203,,0.0,,,6.604678630828857,6.547884464263916,1.0,78.25308990478516,68.13343811035156
103.0,2026-01-01 15:15:19.859410,,0.0,,,6.70672082901001,6.642672538757324,1.0,78.26263427734375,68.17992401123047
104.0,2026-01-01 15:15:24.394177,,0.0,,,6.808069705963135,6.737132549285889,1.0,78.27214050292969,68.22625732421875
105.0,2026-01-01 15:15:29.058048,,0.0,,,6.9087324142456055,6.831258773803711,1.0,78.28162384033203,68.27244567871094
106.0,2026-01-01 15:15:34.468871,,0.0,,,7.0087175369262695,6.925047874450684,1.0,78.29106903076172,68.31847381591797
107.0,2026-01-01 15:15:39.762541,,0.0,,,7.108033180236816,7.018495082855225,0.0,57.03327941894531,57.047122955322266
108.0,2026-01-01 15:15:45.790895,,0.0,,,6.955017566680908,6.880490779876709,0.0,57.43854904174805,57.44557571411133
109.0,2026-01-01 15:15:51.877303,,0.0,,,6.839810848236084,6.777724266052246,0.0,57.32867431640625,57.3363037109375
110.0,2026-01-01 15:15:58.150312,,0.0,,,6.724941253662109,6.674620151519775,0.0,57.218814849853516,57.22703170776367
111.0,2026-01-01 15:16:04.159182,,0.0,,,6.610389232635498,6.571198463439941,0.0,57.10897445678711,57.117767333984375
112.0,2026-01-01 15:16:10.380868,,0.0,,,6.496137619018555,6.467476844787598,0.0,56.9991569519043,57.008506774902344
113.0,2026-01-01 15:16:15.535333,,0.0,,,6.382168769836426,6.363471984863281,0.0,56.88935852050781,56.899253845214844
114.0,2026-01-01 15:16:20.440376,,0.0,,,6.268467426300049,6.259200096130371,0.0,56.77958679199219,56.790008544921875
115.0,2026-01-01 15:16:26.437246,,0.0,,,6.155018329620361,6.154675483703613,0.0,56.669837951660156,56.68076705932617
116.0,2026-01-01 15:16:31.046866,,0.0,,,6.041808128356934,6.049912452697754,0.0,56.56011199951172,56.571533203125
117.0,2026-01-01 15:16:36.708147,,0.0,,,5.9288225173950195,5.944924354553223,0.0,56.450416564941406,56.46230697631836
118.0,2026-01-01 15:16:43.066130,,0.0,,,5.8160505294799805,5.839722633361816,1.0,78.30301666259766,68.45664978027344
119.0,2026-01-01 15:16:48.560007,,0.0,,,5.956274032592773,5.9640278816223145,1.0,78.3155746459961,68.5160903930664
120.0,2026-01-01 15:16:54.348762,,0.0,,,6.095527648925781,6.087958812713623,1.0,78.40424346923828,68.97665405273438
121.0,2026-01-01 15:17:00.285293,,0.0,,,6.253046989440918,6.227836608886719,1.0,78.41837310791016,69.04259490966797
122.0,2026-01-01 15:17:06.528874,,0.0,,,6.409502029418945,6.367264747619629,1.0,78.4324722290039,69.10834503173828
123.0,2026-01-01 15:17:11.749764,,0.0,,,6.564902305603027,6.5062384605407715,1.0,78.446533203125,69.17389678955078
124.0,2026-01-01 15:17:16.997274,,0.0,,,6.719257354736328,6.64475154876709,1.0,78.46056365966797,69.2392578125
125.0,2026-01-01 15:17:21.947212,,0.0,,,6.872575283050537,6.7827982902526855,1.0,78.47455596923828,69.30441284179688
126.0,2026-01-01 15:17:27.053929,,0.0,,,7.024866104125977,6.920373916625977,1.0,78.48851013183594,69.36936950683594
127.0,2026-01-01 15:17:32.309396,,0.0,,,7.176138401031494,7.057473659515381,0.0,57.904319763183594,57.90618896484375
128.0,2026-01-01 15:17:38.005331,,0.0,,,7.081727504730225,6.977620601654053,0.0,57.81648635864258,57.81884765625
129.0,2026-01-01 15:17:43.582974,,0.0,,,6.987805366516113,6.897279262542725,0.0,57.728633880615234,57.73149871826172
130.0,2026-01-01 15:17:49.236817,,0.0,,,6.894336223602295,6.8164849281311035,0.0,57.640769958496094,57.64413833618164
131.0,2026-01-01 15:17:55.091935,,0.0,,,6.80128812789917,6.735269546508789,0.0,57.55290222167969,57.55677795410156
132.0,2026-01-01 15:18:00.614209,,0.0,,,6.7086310386657715,6.65366268157959,0.0,57.343353271484375,57.3493766784668
133.0,2026-01-01 15:18:05.939960,,0.0,,,6.60552453994751,6.561357021331787,0.0,57.24485778808594,57.25141525268555
134.0,2026-01-01 15:18:11.630367,,0.0,,,6.502738952636719,6.468730926513672,0.0,57.14638137817383,57.15345764160156
135.0,2026-01-01 15:18:16.038505,,0.0,,,6.400253772735596,6.3758039474487305,0.0,57.04792404174805,57.055503845214844
136.0,2026-01-01 15:18:21.727969,,0.0,,,6.298050403594971,6.282594680786133,0.0,56.949485778808594,56.957557678222656
137.0,2026-01-01 15:18:26.900112,,0.0,,,6.196112155914307,6.189120769500732,0.0,56.85107421875,56.859619140625
138.0,2026-01-01 15:18:31.494032,,0.0,,,6.094422817230225,6.095398426055908,0.0,56.752685546875,56.76168441772461
139.0,2026-01-01 15:18:38.188106,,0.0,,,5.992967128753662,6.001441955566406,0.0,56.65432357788086,56.66375732421875
140.0,2026-01-01 15:18:43.684678,,0.0,,,5.891730785369873,5.907266139984131,1.0,78.3488540649414,68.69658660888672
141.0,2026-01-01 15:18:48.596430,,0.0,,,6.041364669799805,6.039813041687012,1.0,78.36223602294922,68.7594985961914
142.0,2026-01-01 15:18:54.664307,,0.0,,,6.189975261688232,6.171949863433838,1.0,78.3755874633789,68.82223510742188
143.0,2026-01-01 15:18:59.983649,,0.0,,,6.33757209777832,6.3036699295043945,1.0,78.38890838623047,68.8847885131836
144.0,2026-01-01 15:19:05.711205,,0.0,,,6.484165191650391,6.434967517852783,1.0,78.44227600097656,69.15583801269531
145.0,2026-01-01 15:19:11.168297,,0.0,,,6.639824390411377,6.574338436126709,1.0,78.45639038085938,69.2215576171875
146.0,2026-01-01 15:19:17.393149,,0.0,,,6.794437408447266,6.713244438171387,1.0,78.47046661376953,69.28707122802734
147.0,2026-01-01 15:19:22.571953,,0.0,,,6.9480133056640625,6.851679801940918,1.0,78.48450469970703,69.35238647460938
148.0,2026-01-01 15:19:27.767126,,0.0,,,7.100560665130615,6.989639759063721,1.0,78.4985122680664,69.41749572753906
149.0,2026-01-01 15:19:32.867590,,0.0,,,7.252089023590088,7.1271185874938965,0.0,57.98665237426758,57.98823165893555
150.0,2026-01-01 15:19:37.724397,,0.0,,,7.158316135406494,7.04833459854126,0.0,57.89970016479492,57.90175247192383
151.0,2026-01-01 15:19:42.887982,,0.0,,,7.065051555633545,6.9690423011779785,0.0,57.81271743774414,57.81526184082031
152.0,2026-01-01 15:19:48.833438,,0.0,,,6.972258567810059,6.889278411865234,0.0,57.7257194519043,57.728763580322266
153.0,2026-01-01 15:19:55.328390,,0.0,,,6.879903316497803,6.809077262878418,0.0,57.63871383666992,57.64225769042969
154.0,2026-01-01 15:20:00.802180,,0.0,,,6.787954330444336,6.7284698486328125,0.0,57.55170822143555,57.555747985839844
155.0,2026-01-01 15:20:06.033072,,0.0,,,6.696382522583008,6.64748477935791,0.0,57.4647102355957,57.469242095947266
156.0,2026-01-01 15:20:11.134008,,0.0,,,6.605162143707275,6.566148281097412,0.0,57.45927047729492,57.463165283203125
157.0,2026-01-01 15:20:16.131033,,0.0,,,6.522275447845459,6.492107391357422,0.0,57.380165100097656,57.38449478149414
158.0,2026-01-01 15:20:21.396154,,0.0,,,6.439705848693848,6.417749404907227,0.0,57.30107879638672,57.30582809448242
159.0,2026-01-01 15:20:26.410697,,0.0,,,6.357429027557373,6.3430986404418945,0.0,57.222007751464844,57.22716522216797
160.0,2026-01-01 15:20:31.871465,,0.0,,,6.275423049926758,6.268176555633545,0.0,57.14296340942383,57.14850997924805
161.0,2026-01-01 15:20:37.364386,,0.0,,,6.193668842315674,6.1930036544799805,0.0,57.063941955566406,57.069862365722656
162.0,2026-01-01 15:20:42.237675,,0.0,,,6.112147331237793,6.117597579956055,0.0,56.98494338989258,56.99121856689453
163.0,2026-01-01 15:20:47.488162,,0.0,,,6.03084135055542,6.041975498199463,0.0,56.90597152709961,56.91258239746094
164.0,2026-01-01 15:20:52.431787,,0.0,,,5.94973611831665,5.966153621673584,0.0,56.82701873779297,56.83395767211914
165.0,2026-01-01 15:20:57.416096,,0.0,,,5.868815898895264,5.890146255493164,1.0,78.4150161743164,69.04335021972656
166.0,2026-01-01 15:21:02.276671,,0.0,,,6.035458564758301,6.037082672119141,1.0,78.42984008789062,69.1121826171875
167.0,2026-01-01 15:21:07.716418,,0.0,,,6.200979709625244,6.183553218841553,1.0,78.44462585449219,69.18082427978516
168.0,2026-01-01 15:21:12.886063,,0.0,,,6.3653883934021,6.329552173614502,1.0,78.39967346191406,68.9400634765625
169.0,2026-01-01 15:21:18.297390,,0.0,,,6.51387882232666,6.462504863739014,1.0,78.41312408447266,69.00312805175781
170.0,2026-01-01 15:21:23.465043,,0.0,,,6.66136360168457,6.595022678375244,1.0,78.42654418945312,69.06600189208984
171.0,2026-01-01 15:21:28.973490,,0.0,,,6.807852268218994,6.727099418640137,1.0,78.43992614746094,69.1286849975586
172.0,2026-01-01 15:21:33.388752,,0.0,,,6.953353404998779,6.858729839324951,1.0,78.45327758789062,69.19116973876953
173.0,2026-01-01 15:21:38.308379,,0.0,,,7.097876071929932,6.9899091720581055,1.0,78.46659088134766,69.25346374511719
174.0,2026-01-01 15:21:43.866374,,0.0,,,7.241429328918457,7.120631694793701,0.0,57.875370025634766,57.87824249267578
175.0,2026-01-01 15:21:48.790520,,0.0,,,7.138713836669922,7.0326409339904785,0.0,57.77922821044922,57.78264617919922
176.0,2026-01-01 15:21:53.472969,,0.0,,,7.036452770233154,6.944194793701172,0.0,57.683074951171875,57.68704605102539
177.0,2026-01-01 15:21:59.034867,,0.0,,,6.934617042541504,6.8553242683410645,0.0,57.586917877197266,57.5914421081543
178.0,2026-01-01 15:22:04.077293,,0.0,,,6.833178520202637,6.766056060791016,0.0,57.49076843261719,57.49583435058594
179.0,2026-01-01 15:22:09.313190,,0.0,,,6.732110977172852,6.676416397094727,0.0,57.39462661743164,57.400230407714844
180.0,2026-01-01 15:22:14.102438,,0.0,,,6.631392002105713,6.586429119110107,0.0,57.44091796875,57.445098876953125
181.0,2026-01-01 15:22:19.264102,,0.0,,,6.544095516204834,6.508584499359131,0.0,57.357669830322266,57.362308502197266
182.0,2026-01-01 15:22:24.049112,,0.0,,,6.457123279571533,6.430415153503418,0.0,57.274436950683594,57.27952575683594
183.0,2026-01-01 15:22:29.037455,,0.0,,,6.370451927185059,6.351945400238037,0.0,57.191226959228516,57.19674301147461
184.0,2026-01-01 15:22:34.244005,,0.0,,,6.284060478210449,6.273195266723633,0.0,57.108036041259766,57.11396789550781
185.0,2026-01-01 15:22:39.613370,,0.0,,,6.197928428649902,6.194186210632324,0.0,57.02486801147461,57.03120040893555
186.0,2026-01-01 15:22:44.590986,,0.0,,,6.1120381355285645,6.114934921264648,0.0,56.94172286987305,56.94844055175781
187.0,2026-01-01 15:22:49.427063,,0.0,,,6.02637243270874,6.035459518432617,0.0,56.858604431152344,56.865684509277344
188.0,2026-01-01 15:22:54.764460,,0.0,,,5.940915584564209,5.955775260925293,0.0,56.775508880615234,56.78293991088867
189.0,2026-01-01 15:22:59.950097,,0.0,,,5.855653285980225,5.875896453857422,1.0,78.3990478515625,68.9609146118164
190.0,2026-01-01 15:23:04.753718,,0.0,,,6.018777370452881,6.019847869873047,1.0,78.41357421875,69.0285415649414
191.0,2026-01-01 15:23:09.676984,,0.0,,,6.180799961090088,6.1633453369140625,1.0,78.42805480957031,69.0959701538086
192.0,2026-01-01 15:23:14.640800,,0.0,,,6.341731071472168,6.30638313293457,1.0,78.4369888305664,69.13471984863281
193.0,2026-01-01 15:23:20.294293,,0.0,,,6.500218391418457,6.447798728942871,1.0,78.4512939453125,69.20128631591797
194.0,2026-01-01 15:23:25.184510,,0.0,,,6.6576409339904785,6.588747978210449,1.0,78.46556091308594,69.26764678955078
195.0,2026-01-01 15:23:30.266367,,0.0,,,6.81400728225708,6.72922420501709,1.0,78.47978973388672,69.33380889892578
196.0,2026-01-01 15:23:35.310499,,0.0,,,6.969326972961426,6.869223117828369,1.0,78.4939956665039,69.39976501464844
197.0,2026-01-01 15:23:40.787108,,0.0,,,7.123608589172363,7.008739471435547,1.0,78.5081558227539,69.46551513671875
198.0,2026-01-01 15:23:45.808185,,0.0,,,7.27686071395874,7.147767543792725,0.0,58.032527923583984,58.03375244140625
199.0,2026-01-01 15:23:50.546770,,0.0,,,7.185085773468018,7.071292400360107,0.0,57.94777297973633,57.94944381713867
200.0,2026-01-01 15:23:55.077202,,0.0,,,7.093842506408691,6.9942851066589355,0.0,57.86297607421875,57.86511993408203
201.0,2026-01-01 15:24:00.344039,,0.0,,,7.003092288970947,6.91678524017334,0.0,57.77815628051758,57.78078079223633
202.0,2026-01-01 15:24:05.228570,,0.0,,,6.912797451019287,6.838829517364502,0.0,57.69332504272461,57.69643783569336
203.0,2026-01-01 15:24:10.431360,,0.0,,,6.822925090789795,6.760451316833496,0.0,57.60848617553711,57.612091064453125
204.0,2026-01-01 15:24:15.155680,,0.0,,,6.733445167541504,6.6816816329956055,0.0,57.28044891357422,57.28784942626953
205.0,2026-01-01 15:24:19.895880,,0.0,,,6.62308931350708,6.582308769226074,0.0,57.17475509643555,57.182716369628906
206.0,2026-01-01 15:24:24.695147,,0.0,,,6.513039588928223,6.482630252838135,0.0,57.0690803527832,57.07758712768555
207.0,2026-01-01 15:24:29.318192,,0.0,,,6.403278350830078,6.382662773132324,0.0,56.96342849731445,56.97246551513672
208.0,2026-01-01 15:24:34.224646,,0.0,,,6.293789386749268,6.282423973083496,0.0,56.8577995300293,56.867347717285156
209.0,2026-01-01 15:24:39.040113,,0.0,,,6.184556007385254,6.181928634643555,0.0,56.752193450927734,56.762237548828125
210.0,2026-01-01 15:24:44.106026,,0.0,,,6.075563907623291,6.081192493438721,0.0,56.64661407470703,56.65713119506836
211.0,2026-01-01 15:24:48.746001,,0.0,,,5.966799736022949,5.980228424072266,0.0,56.54105758666992,56.55203628540039
212.0,2026-01-01 15:24:53.808359,,0.0,,,5.858250617980957,5.879049301147461,1.0,78.32107543945312,68.55127716064453
213.0,2026-01-01 15:24:59.040386,,0.0,,,6.001840591430664,6.0062994956970215,1.0,78.33393096923828,68.61196899414062
214.0,2026-01-01 15:25:04.227911,,0.0,,,6.144440650939941,6.133162021636963,1.0,78.34675598144531,68.6724853515625
215.0,2026-01-01 15:25:10.091102,,0.0,,,6.2860612869262695,6.259631156921387,1.0,78.35954284667969,68.73283386230469
216.0,2026-01-01 15:25:15.789457,,0.0,,,6.426711559295654,6.385700702667236,1.0,78.41240692138672,69.00390625
217.0,2026-01-01 15:25:20.981057,,0.0,,,6.576598644256592,6.519970893859863,1.0,78.4260025024414,69.06752014160156
218.0,2026-01-01 15:25:25.688240,,0.0,,,6.725472450256348,6.6537981033325195,1.0,78.43955993652344,69.13093566894531
219.0,2026-01-01 15:25:30.996433,,0.0,,,6.873342514038086,6.787177562713623,1.0,78.45308685302734,69.19415283203125
220.0,2026-01-01 15:25:36.019201,,0.0,,,7.020217418670654,6.920103549957275,1.0,78.4665756225586,69.2571792602539
221.0,2026-01-01 15:25:41.415243,,0.0,,,7.1661057472229,7.052570819854736,0.0,57.827117919921875,57.8299674987793
222.0,2026-01-01 15:25:46.433417,,0.0,,,7.065666198730469,6.966381549835205,0.0,57.733028411865234,57.73641586303711
223.0,2026-01-01 15:25:51.263403,,0.0,,,6.96567440032959,6.879744529724121,0.0,57.63893127441406,57.64285659790039
224.0,2026-01-01 15:25:56.610901,,0.0,,,6.866100788116455,6.792689800262451,0.0,57.544830322265625,57.54929733276367
225.0,2026-01-01 15:26:01.852966,,0.0,,,6.766917705535889,6.705244541168213,0.0,57.45073699951172,57.45573425292969
226.0,2026-01-01 15:26:07.160295,,0.0,,,6.6680989265441895,6.617434024810791,0.0,57.356651306152344,57.36217498779297
227.0,2026-01-01 15:26:13.574752,,0.0,,,6.5696210861206055,6.52928352355957,0.0,57.2625846862793,57.26861572265625
228.0,2026-01-01 15:26:18.906342,,0.0,,,6.471462249755859,6.4408135414123535,0.0,57.14320755004883,57.150089263916016
229.0,2026-01-01 15:26:24.728975,,0.0,,,6.3713765144348145,6.349951267242432,0.0,57.04700469970703,57.054378509521484
230.0,2026-01-01 15:26:29.522361,,0.0,,,6.271568298339844,6.258810997009277,0.0,56.95082092285156,56.95866775512695
231.0,2026-01-01 15:26:35.358348,,0.0,,,6.172019958496094,6.167410850524902,0.0,56.85466384887695,56.86296844482422
232.0,2026-01-01 15:26:41.086291,,0.0,,,6.072716236114502,6.075766563415527,0.0,56.75852966308594,56.76727294921875
233.0,2026-01-01 15:26:46.792381,,0.0,,,5.973641395568848,5.983893394470215,0.0,56.662418365478516,56.67158508300781
234.0,2026-01-01 15:26:51.860643,,0.0,,,5.874781131744385,5.891805648803711,1.0,78.3551254272461,68.73040008544922
235.0,2026-01-01 15:26:56.753180,,0.0,,,6.026483058929443,6.026076793670654,1.0,78.3686752319336,68.79402923583984
236.0,2026-01-01 15:27:02.058877,,0.0,,,6.177149295806885,6.1599321365356445,1.0,78.3822021484375,68.85748291015625
237.0,2026-01-01 15:27:07.043257,,0.0,,,6.326789855957031,6.293364524841309,1.0,78.39569091796875,68.9207534790039
238.0,2026-01-01 15:27:11.547312,,0.0,,,6.475414752960205,6.426368713378906,1.0,78.40914154052734,68.98383331298828
239.0,2026-01-01 15:27:16.952047,,0.0,,,6.623032569885254,6.558938503265381,1.0,78.42256164550781,69.0467300415039
240.0,2026-01-01 15:27:22.509206,,0.0,,,6.769652843475342,6.691068649291992,1.0,78.4981460571289,69.4299545288086
241.0,2026-01-01 15:27:27.898600,,0.0,,,6.930795669555664,6.835824966430664,1.0,78.51283264160156,69.49785614013672
242.0,2026-01-01 15:27:32.633368,,0.0,,,7.0908637046813965,6.980083465576172,1.0,78.52748107910156,69.56554412841797
243.0,2026-01-01 15:27:37.704301,,0.0,,,7.249865531921387,7.123838424682617,0.0,58.07103729248047,58.071746826171875
244.0,2026-01-01 15:27:42.220115,,0.0,,,7.164403438568115,7.0535969734191895,0.0,57.992652893066406,57.99374008178711
245.0,2026-01-01 15:27:47.065245,,0.0,,,7.07951021194458,6.982786178588867,0.0,57.91421127319336,57.91571807861328
246.0,2026-01-01 15:27:52.278300,,0.0,,,6.995140075683594,6.911452293395996,0.0,57.835731506347656,57.837677001953125
247.0,2026-01-01 15:27:57.307221,,0.0,,,6.911250591278076,6.839637756347656,0.0,57.757232666015625,57.75962829589844
248.0,2026-01-01 15:28:01.843902,,0.0,,,6.827805042266846,6.7673797607421875,0.0,57.6787223815918,57.68157196044922
249.0,2026-01-01 15:28:06.809174,,0.0,,,6.744767665863037,6.6947126388549805,0.0,57.60021209716797,57.603511810302734
250.0,2026-01-01 15:28:12.381255,,0.0,,,6.662107467651367,6.621668815612793,0.0,57.521705627441406,57.52545166015625
251.0,2026-01-01 15:28:16.839144,,0.0,,,6.5797953605651855,6.548276901245117,0.0,57.443214416503906,57.44739532470703
252.0,2026-01-01 15:28:21.941327,,0.0,,,6.497805118560791,6.474563121795654,0.0,57.47751998901367,57.480560302734375
253.0,2026-01-01 15:28:27.164409,,0.0,,,6.428602695465088,6.4123640060424805,0.0,57.411293029785156,57.41468811035156
254.0,2026-01-01 15:28:32.376081,,0.0,,,6.359691143035889,6.349874019622803,0.0,57.3450813293457,57.348819732666016
255.0,2026-01-01 15:28:36.903896,,0.0,,,6.291045188903809,6.287118434906006,0.0,57.27889633178711,57.282958984375
256.0,2026-01-01 15:28:41.624687,,0.0,,,6.222642421722412,6.224119663238525,0.0,57.212730407714844,57.217105865478516
257.0,2026-01-01 15:28:46.494452,,0.0,,,6.15446138381958,6.160898685455322,0.0,57.14659118652344,57.1512565612793
258.0,2026-01-01 15:28:50.768089,,0.0,,,6.086483955383301,6.097474575042725,0.0,57.080474853515625,57.08541488647461
259.0,2026-01-01 15:28:56.103435,,0.0,,,6.018692493438721,6.033864498138428,0.0,57.014381408691406,57.01958084106445
260.0,2026-01-01 15:29:01.166133,,0.0,,,5.951071739196777,5.970083236694336,0.0,56.94831466674805,56.953758239746094
261.0,2026-01-01 15:29:07.142735,,0.0,,,5.883607387542725,5.906146049499512,1.0,78.46260070800781,69.2865219116211
262.0,2026-01-01 15:29:12.530931,,0.0,,,6.061258792877197,6.062503337860107,1.0,78.47836303710938,69.35914611816406
263.0,2026-01-01 15:29:17.676186,,0.0,,,6.237726211547852,6.218355655670166,1.0,78.49409484863281,69.43155670166016
264.0,2026-01-01 15:29:23.402050,,0.0,,,6.41301965713501,6.373697757720947,1.0,78.4532470703125,69.2160415649414
265.0,2026-01-01 15:29:27.517314,,0.0,,,6.573453426361084,6.516863822937012,1.0,78.46773529052734,69.28331756591797
266.0,2026-01-01 15:29:33.031420,,0.0,,,6.732810974121094,6.6595540046691895,1.0,78.48219299316406,69.35038757324219
267.0,2026-01-01 15:29:38.471297,,0.0,,,6.891101360321045,6.801763534545898,1.0,78.49662017822266,69.41725158691406
268.0,2026-01-01 15:29:43.687232,,0.0,,,7.048333168029785,6.943486213684082,1.0,78.5110092163086,69.4839096069336
269.0,2026-01-01 15:29:49.226296,,0.0,,,7.20451545715332,7.084717750549316,0.0,57.992794036865234,57.99399185180664
270.0,2026-01-01 15:29:55.258219,,0.0,,,7.115766525268555,7.010654449462891,0.0,57.910770416259766,57.91240692138672
271.0,2026-01-01 15:30:01.114797,,0.0,,,7.027542591094971,6.936066150665283,0.0,57.828712463378906,57.83080291748047
272.0,2026-01-01 15:30:05.516995,,0.0,,,6.939803600311279,6.860992908477783,0.0,57.74662780761719,57.74919128417969
273.0,2026-01-01 15:30:10.937938,,0.0,,,6.852511882781982,6.785472393035889,0.0,57.66453552246094,57.667572021484375
274.0,2026-01-01 15:30:16.271243,,0.0,,,6.765634536743164,6.709537506103516,0.0,57.58244323730469,57.58595275878906
275.0,2026-01-01 15:30:21.458292,,0.0,,,6.679140567779541,6.6332197189331055,0.0,57.5003547668457,57.504329681396484
276.0,2026-01-01 15:30:26.520762,,0.0,,,6.593001365661621,6.556546688079834,0.0,57.41084289550781,57.415374755859375
277.0,2026-01-01 15:30:31.621089,,0.0,,,6.506455898284912,6.478846073150635,0.0,57.328060150146484,57.333038330078125
278.0,2026-01-01 15:30:37.198571,,0.0,,,6.420214653015137,6.400841236114502,0.0,57.245296478271484,57.25070571899414
279.0,2026-01-01 15:30:42.736462,,0.0,,,6.334255695343018,6.322554588317871,0.0,57.16255569458008,57.16837692260742
280.0,2026-01-01 15:30:48.669794,,0.0,,,6.248558521270752,6.2440056800842285,0.0,57.079833984375,57.086055755615234
281.0,2026-01-01 15:30:53.602146,,0.0,,,6.163105010986328,6.165213584899902,0.0,56.99713897705078,57.00374221801758
282.0,2026-01-01 15:30:59.005939,,0.0,,,6.077877998352051,6.0861945152282715,0.0,56.914466857910156,56.92143630981445
283.0,2026-01-01 15:31:04.332248,,0.0,,,5.992861270904541,6.006965160369873,0.0,56.83182144165039,56.83913803100586
284.0,2026-01-01 15:31:09.853156,,0.0,,,5.908040523529053,5.927540302276611,1.0,78.4055404663086,68.99324798583984
285.0,2026-01-01 15:31:15.084585,,0.0,,,6.07126522064209,6.071590900421143,1.0,78.42008972167969,69.0609130859375
286.0,2026-01-01 15:31:20.962489,,0.0,,,6.233387470245361,6.215187072753906,1.0,78.4345932006836,69.12837982177734
287.0,2026-01-01 15:31:26.013838,,0.0,,,6.394416332244873,6.358321666717529,1.0,78.4490737915039,69.19564819335938
288.0,2026-01-01 15:31:31.368943,,0.0,,,6.554361820220947,6.50098991394043,1.0,78.48616027832031,69.3785400390625
289.0,2026-01-01 15:31:37.323316,,0.0,,,6.718781471252441,6.647891998291016,1.0,78.50103759765625,69.44732666015625
290.0,2026-01-01 15:31:52.583811,,0.0,,,,,1.0,78.5158920288086,69.51589965820312
291.0,2026-01-01 15:32:07.550274,,0.0,,,,,1.0,78.53070831298828,69.58426666259766
292.0,2026-01-01 15:32:22.186150,,0.0,,,,,1.0,78.54548645019531,69.65241241455078
293.0,2026-01-01 15:32:37.327733,,0.0,,,,,1.0,78.56023406982422,69.72034454345703
294.0,2026-01-01 15:32:51.583917,,0.0,,,,,1.0,78.57494354248047,69.78805541992188
295.0,2026-01-01 15:33:07.068183,,0.0,,,,,0.0,58.50568389892578,58.50571823120117
296.0,2026-01-01 15:33:21.733048,,0.0,,,,,0.0,58.42966079711914,58.42987060546875
297.0,2026-01-01 15:33:36.519303,,0.0,,,,,0.0,58.35350036621094,58.35398483276367
298.0,2026-01-01 15:33:51.893453,,0.0,,,,,0.0,58.27723693847656,58.27806854248047
299.0,2026-01-01 15:34:07.344070,,0.0,,,,,0.0,58.20090866088867,58.20212936401367
300.0,2026-01-01 15:34:23.235195,,0.0,,,,,0.0,58.39539337158203,58.39474105834961
301.0,2026-01-01 15:34:38.586462,,0.0,,,,,0.0,58.35543441772461,58.355220794677734
302.0,2026-01-01 15:34:54.039619,,0.0,,,,,0.0,58.31526184082031,58.315242767333984
303.0,2026-01-01 15:35:09.098417,,0.0,,,,,0.0,58.27494430541992,58.27497863769531
304.0,2026-01-01 15:35:24.515822,,0.0,,,,,0.0,58.23447799682617,58.23465347290039
305.0,2026-01-01 15:35:39.696563,,0.0,,,,,0.0,58.19392013549805,58.194297790527344
306.0,2026-01-01 15:35:54.585136,,0.0,,,,,0.0,58.153316497802734,58.153926849365234
307.0,2026-01-01 15:36:09.693321,,0.0,,,,,0.0,58.112693786621094,58.113548278808594
308.0,2026-01-01 15:36:24.791513,,0.0,,,,,0.0,58.07207107543945,58.07316589355469
309.0,2026-01-01 15:36:39.831343,,0.0,,,,,0.0,58.031463623046875,58.03278350830078
310.0,2026-01-01 15:36:54.757086,,0.0,,,,,1.0,78.64410400390625,70.17021942138672
311.0,2026-01-01 15:37:09.948539,,0.0,,,,,1.0,78.66158294677734,70.24855041503906
312.0,2026-01-01 15:37:25.301726,,0.0,,,,,1.0,78.49996948242188,69.43528747558594
313.0,2026-01-01 15:37:40.591688,,0.0,,,,,1.0,78.51365661621094,69.49851989746094
314.0,2026-01-01 15:37:55.569725,,0.0,,,,,1.0,78.52731323242188,69.56156158447266
315.0,2026-01-01 15:38:10.505997,,0.0,,,,,1.0,78.54093170166016,69.62440490722656
316.0,2026-01-01 15:38:25.718863,,0.0,,,,,1.0,78.55451202392578,69.68704986572266
317.0,2026-01-01 15:38:41.273615,,0.0,,,,,1.0,78.56806182861328,69.74949645996094
318.0,2026-01-01 15:38:56.322861,,0.0,,,,,0.0,58.7801628112793,58.781898498535156
319.0,2026-01-01 15:39:11.071455,,0.0,,,,,0.0,58.68986892700195,58.69209671020508
320.0,2026-01-01 15:39:26.358440,,0.0,,,,,0.0,58.599544525146484,58.6022834777832
321.0,2026-01-01 15:39:41.213291,,0.0,,,,,0.0,58.50920486450195,58.51245880126953
322.0,2026-01-01 15:39:56.311667,,0.0,,,,,0.0,58.41885757446289,58.422630310058594
323.0,2026-01-01 15:40:10.952497,,0.0,,,,,0.0,58.32850646972656,58.33279800415039
324.0,2026-01-01 15:40:25.595753,,0.0,,,,,0.0,58.58008575439453,58.58058547973633
325.0,2026-01-01 15:40:40.256368,,0.0,,,,,0.0,58.527427673339844,58.52821350097656
326.0,2026-01-01 15:40:55.592597,,0.0,,,,,0.0,58.47473907470703,58.475830078125
327.0,2026-01-01 15:41:11.060133,,0.0,,,,,0.0,58.42203903198242,58.423439025878906
328.0,2026-01-01 15:41:25.506043,,0.0,,,,,0.0,58.36933898925781,58.37104415893555
329.0,2026-01-01 15:41:40.299668,,0.0,,,,,0.0,58.316650390625,58.31865310668945
330.0,2026-01-01 15:41:55.661425,,0.0,,,,,0.0,58.263973236083984,58.26626205444336
331.0,2026-01-01 15:42:10.028098,,0.0,,,,,0.0,58.21131896972656,58.2138786315918
332.0,2026-01-01 15:42:24.950404,,0.0,,,,,0.0,58.158687591552734,58.1614990234375
333.0,2026-01-01 15:42:40.247792,,0.0,,,,,1.0,78.61778259277344,70.04148864746094
334.0,2026-01-01 15:42:54.861638,,0.0,,,,,1.0,78.63433837890625,70.115966796875
335.0,2026-01-01 15:43:10.012268,,0.0,,,,,1.0,78.6508560180664,70.19021606445312
336.0,2026-01-01 15:43:25.296142,,0.0,,,,,1.0,78.61256408691406,69.9946517944336
337.0,2026-01-01 15:43:40.183712,,0.0,,,,,1.0,78.62787628173828,70.06403350830078
338.0,2026-01-01 15:43:55.299509,,0.0,,,,,1.0,78.64315795898438,70.1332015991211
339.0,2026-01-01 15:44:09.542592,,0.0,,,,,1.0,78.65840911865234,70.2021484375
340.0,2026-01-01 15:44:25.532168,,0.0,,,,,1.0,78.67362213134766,70.2708740234375
341.0,2026-01-01 15:44:40.544831,,0.0,,,,,0.0,59.2864990234375,59.286495208740234
342.0,2026-01-01 15:44:56.107118,,0.0,,,,,0.0,59.21913146972656,59.21920394897461
343.0,2026-01-01 15:45:11.270579,,0.0,,,,,0.0,59.15159606933594,59.151878356933594
344.0,2026-01-01 15:45:26.204548,,0.0,,,,,0.0,59.083946228027344,59.08451461791992
345.0,2026-01-01 15:45:41.272652,,0.0,,,,,0.0,59.01622009277344,59.01712417602539
346.0,2026-01-01 15:45:56.597812,,0.0,,,,,0.0,58.94844055175781,58.9497184753418
347.0,2026-01-01 15:46:11.885719,,0.0,,,,,0.0,58.88063430786133,58.88229751586914
348.0,2026-01-01 15:46:26.792365,,0.0,,,,,0.0,58.79138946533203,58.79372024536133
349.0,2026-01-01 15:46:41.949535,,0.0,,,,,0.0,58.72113800048828,58.723873138427734
350.0,2026-01-01 15:46:56.739825,,0.0,,,,,0.0,58.65089416503906,58.65402603149414
351.0,2026-01-01 15:47:11.601825,,0.0,,,,,0.0,58.58066177368164,58.58417892456055
352.0,2026-01-01 15:47:26.218134,,0.0,,,,,0.0,58.51044845581055,58.514339447021484
353.0,2026-01-01 15:47:41.396961,,0.0,,,,,0.0,58.44025421142578,58.44450378417969
354.0,2026-01-01 15:47:55.780452,,0.0,,,,,0.0,58.37008285522461,58.37467575073242
355.0,2026-01-01 15:48:10.751611,,0.0,,,,,0.0,58.2999382019043,58.30485153198242
356.0,2026-01-01 15:48:25.699303,,0.0,,,,,1.0,78.57960510253906,69.84925079345703
357.0,2026-01-01 15:48:40.712780,,0.0,,,,,1.0,78.59479522705078,69.91804504394531
358.0,2026-01-01 15:48:55.644333,,0.0,,,,,1.0,78.60994720458984,69.98663330078125
359.0,2026-01-01 15:49:10.904810,,0.0,,,,,1.0,78.62506866455078,70.05501556396484
360.0,2026-01-01 15:49:25.872513,,0.0,,,,,1.0,78.48978424072266,69.35610961914062
361.0,2026-01-01 15:49:41.326312,,0.0,,,,,1.0,78.5014877319336,69.41064453125
362.0,2026-01-01 15:49:55.978390,,0.0,,,,,1.0,78.51315307617188,69.46499633789062
363.0,2026-01-01 15:50:10.905127,,0.0,,,,,1.0,78.5247802734375,69.51918029785156
364.0,2026-01-01 15:50:26.340522,,0.0,,,,,0.0,58.83989334106445,58.846099853515625
365.0,2026-01-01 15:50:41.083066,,0.0,,,,,0.0,58.72614288330078,58.732994079589844
366.0,2026-01-01 15:50:56.731167,,0.0,,,,,0.0,58.612403869628906,58.61989212036133
367.0,2026-01-01 15:51:11.822884,,0.0,,,,,0.0,58.498680114746094,58.50678634643555
368.0,2026-01-01 15:51:26.603990,,0.0,,,,,0.0,58.38496780395508,58.3936882019043
369.0,2026-01-01 15:51:42.179426,,0.0,,,,,0.0,58.271278381347656,58.28059387207031
370.0,2026-01-01 15:51:57.401213,,0.0,,,,,0.0,58.15760803222656,58.167503356933594
371.0,2026-01-01 15:52:12.670689,,0.0,,,,,0.0,58.0439567565918,58.05441665649414
372.0,2026-01-01 15:52:27.094661,,0.0,,,,,0.0,57.38631820678711,57.40495681762695
373.0,2026-01-01 15:52:42.252360,,0.0,,,,,0.0,57.23725128173828,57.25657272338867
374.0,2026-01-01 15:52:56.925003,,0.0,,,,,0.0,57.08821487426758,57.10820007324219
375.0,2026-01-01 15:53:11.656592,,0.0,,,,,0.0,56.93920135498047,56.959835052490234
376.0,2026-01-01 15:53:26.718753,,0.0,,,,,0.0,56.79021453857422,56.81147384643555
377.0,2026-01-01 15:53:41.211063,,0.0,,,,,0.0,56.64125442504883,56.663124084472656
378.0,2026-01-01 15:53:56.301558,,0.0,,,,,0.0,56.4923210144043,56.5147819519043
379.0,2026-01-01 15:54:10.774268,,0.0,,,,,1.0,78.2303695678711,68.04158020019531
380.0,2026-01-01 15:54:25.722157,,0.0,,,,,1.0,78.2397689819336,68.08651733398438
381.0,2026-01-01 15:54:41.037921,,0.0,,,,,1.0,78.24913787841797,68.13133239746094
382.0,2026-01-01 15:54:55.533314,,0.0,,,,,1.0,78.25847625732422,68.17604064941406
383.0,2026-01-01 15:55:10.577385,,0.0,,,,,1.0,78.26778411865234,68.22063446044922
384.0,2026-01-01 15:55:25.490523,,0.0,,,,,1.0,78.44944763183594,69.19424438476562
385.0,2026-01-01 15:55:40.396329,,0.0,,,,,1.0,78.46268463134766,69.25553894042969
386.0,2026-01-01 15:55:55.727102,,0.0,,,,,1.0,78.47588348388672,69.31665802001953
387.0,2026-01-01 15:56:10.825225,,0.0,,,,,0.0,57.994632720947266,58.00126647949219
388.0,2026-01-01 15:56:26.058206,,0.0,,,,,0.0,57.89741516113281,57.90456008911133
389.0,2026-01-01 15:56:40.972203,,0.0,,,,,0.0,57.80022430419922,57.807857513427734
390.0,2026-01-01 15:56:55.934886,,0.0,,,,,0.0,57.70305252075195,57.711158752441406
391.0,2026-01-01 15:57:00.216501,,0.0,,,6.934291362762451,6.931400299072266,0.0,57.60590362548828,57.614471435546875
392.0,2026-01-01 15:57:05.114396,,0.0,,,6.834013938903809,6.838754653930664,0.0,57.50878143310547,57.51778793334961
393.0,2026-01-01 15:57:10.123427,,0.0,,,6.733962535858154,6.745882987976074,0.0,57.41168212890625,57.42111587524414
394.0,2026-01-01 15:57:15.157281,,0.0,,,6.634123802185059,6.652799606323242,0.0,57.31460952758789,57.32444763183594
395.0,2026-01-01 15:57:19.983152,,0.0,,,6.534483909606934,6.559516429901123,0.0,57.217559814453125,57.227787017822266
396.0,2026-01-01 15:57:25.631831,,0.0,,,6.435031414031982,6.466046333312988,0.0,57.1734733581543,57.1833381652832
397.0,2026-01-01 15:57:31.105735,,0.0,,,6.340490341186523,6.376710414886475,0.0,57.08103561401367,57.09122848510742
398.0,2026-01-01 15:57:35.810486,,0.0,,,6.246108531951904,6.287215232849121,0.0,56.98862075805664,56.99912643432617
399.0,2026-01-01 15:57:40.497665,,0.0,,,6.151875972747803,6.197571277618408,0.0,56.8962287902832,56.90703201293945
400.0,2026-01-01 15:57:45.501122,,0.0,,,6.057783126831055,6.107787132263184,0.0,56.803855895996094,56.81494903564453
401.0,2026-01-01 15:57:50.883211,,0.0,,,5.963821887969971,6.017871856689453,0.0,56.711509704589844,56.722869873046875
402.0,2026-01-01 15:57:55.885769,,0.0,,,5.869983196258545,5.927833557128906,1.0,78.36888122558594,68.81127166748047
403.0,2026-01-01 15:58:00.519898,,0.0,,,6.025311470031738,6.0640764236450195,1.0,78.38269805908203,68.87572479248047
404.0,2026-01-01 15:58:05.179162,,0.0,,,6.179569721221924,6.199909687042236,1.0,78.396484375,68.94000244140625
405.0,2026-01-01 15:58:10.350765,,0.0,,,6.332767486572266,6.335326671600342,1.0,78.41023254394531,69.00410461425781
406.0,2026-01-01 15:58:15.380396,,0.0,,,6.484915733337402,6.470321178436279,1.0,78.4239501953125,69.0680160522461
407.0,2026-01-01 15:58:21.048902,,0.0,,,6.636023044586182,6.604887008666992,1.0,78.43762969970703,69.13174438476562
408.0,2026-01-01 15:58:26.179356,,0.0,,,6.786100387573242,6.739017963409424,1.0,78.41900634765625,69.02696990966797
409.0,2026-01-01 15:58:30.955684,,0.0,,,6.9269700050354,6.865801811218262,1.0,78.4319076538086,69.0874252319336
410.0,2026-01-01 15:58:36.422422,,0.0,,,7.066878318786621,6.9921650886535645,1.0,78.44478607177734,69.14769744873047
411.0,2026-01-01 15:58:41.414325,,0.0,,,7.20583438873291,7.118101596832275,0.0,57.783443450927734,57.78852844238281
412.0,2026-01-01 15:58:46.144257,,0.0,,,7.098186016082764,7.023324012756348,0.0,57.68138122558594,57.68704605102539
413.0,2026-01-01 15:58:50.897031,,0.0,,,6.99091100692749,6.928173065185547,0.0,57.5793342590332,57.585567474365234
414.0,2026-01-01 15:58:56.155706,,0.0,,,6.883986949920654,6.832671642303467,0.0,57.477298736572266,57.48408889770508
415.0,2026-01-01 15:59:01.490012,,0.0,,,6.7773919105529785,6.736840724945068,0.0,57.37527847290039,57.38261413574219
416.0,2026-01-01 15:59:06.571487,,0.0,,,6.671106338500977,6.640700340270996,0.0,57.273277282714844,57.28114318847656
417.0,2026-01-01 15:59:11.482150,,0.0,,,6.5651116371154785,6.54426908493042,0.0,57.17129898071289,57.17967987060547
418.0,2026-01-01 15:59:17.034305,,0.0,,,6.459390640258789,6.447564601898193,0.0,57.06934356689453,57.07822036743164
419.0,2026-01-01 15:59:22.261070,,0.0,,,6.353927135467529,6.350602149963379,0.0,56.967411041259766,56.976768493652344
420.0,2026-01-01 15:59:27.083888,,0.0,,,6.248705863952637,6.2533979415893555,0.0,57.21571731567383,57.220619201660156
421.0,2026-01-01 15:59:32.224238,,0.0,,,6.177759170532227,6.187376022338867,0.0,57.14678955078125,57.15198516845703
422.0,2026-01-01 15:59:37.741187,,0.0,,,6.107007026672363,6.121159553527832,0.0,57.077884674072266,57.0833625793457
423.0,2026-01-01 15:59:43.180309,,0.0,,,6.036433696746826,6.054764270782471,0.0,57.00900650024414,57.01474380493164
424.0,2026-01-01 15:59:48.215787,,0.0,,,5.966024875640869,5.9882049560546875,0.0,56.940147399902344,56.94613265991211
425.0,2026-01-01 15:59:53.131464,,0.0,,,5.8957672119140625,5.921494007110596,1.0,78.45375061035156,69.2420654296875
426.0,2026-01-01 15:59:58.530192,,0.0,,,6.07097864151001,6.075672149658203,1.0,78.46930694580078,69.31381225585938
427.0,2026-01-01 16:00:03.597716,,0.0,,,6.245018482208252,6.2293548583984375,1.0,78.48483276367188,69.38536071777344
428.0,2026-01-01 16:00:08.537639,,0.0,,,6.417896747589111,6.382537364959717,1.0,78.50032043457031,69.4566879272461
429.0,2026-01-01 16:00:12.858275,,0.0,,,6.589622497558594,6.535213470458984,1.0,78.51577758789062,69.5278091430664
430.0,2026-01-01 16:00:17.946211,,0.0,,,6.760204315185547,6.687377452850342,1.0,78.53119659423828,69.59870910644531
431.0,2026-01-01 16:00:22.703167,,0.0,,,6.929652214050293,6.839024066925049,1.0,78.54659271240234,69.66939544677734
432.0,2026-01-01 16:00:27.862849,,0.0,,,7.0979743003845215,6.990148544311523,1.0,78.38813781738281,68.83975982666016
433.0,2026-01-01 16:00:32.701951,,0.0,,,7.221053600311279,7.1038641929626465,0.0,57.55839538574219,57.56517791748047
434.0,2026-01-01 16:00:37.490463,,0.0,,,7.0952348709106445,6.993092060089111,0.0,57.43911361694336,57.446571350097656
435.0,2026-01-01 16:00:42.297523,,0.0,,,6.9697980880737305,6.8819379806518555,0.0,57.31983947753906,57.327964782714844
436.0,2026-01-01 16:00:47.102366,,0.0,,,6.844723224639893,6.770421981811523,0.0,57.20058059692383,57.20935821533203
437.0,2026-01-01 16:00:51.236867,,0.0,,,6.7199907302856445,6.658563137054443,0.0,57.081336975097656,57.090755462646484
438.0,2026-01-01 16:00:56.039633,,0.0,,,6.595582962036133,6.546380043029785,0.0,56.96211242675781,56.9721565246582
439.0,2026-01-01 16:01:01.226930,,0.0,,,6.471482753753662,6.433889865875244,0.0,56.8429069519043,56.85356521606445
440.0,2026-01-01 16:01:06.651040,,0.0,,,6.3476738929748535,6.321107864379883,0.0,56.723724365234375,56.73497772216797
441.0,2026-01-01 16:01:11.905744,,0.0,,,6.224140644073486,6.208049774169922,0.0,56.60456466674805,56.616397857666016
442.0,2026-01-01 16:01:17.573502,,0.0,,,6.100869655609131,6.094730377197266,0.0,56.48543167114258,56.49782180786133
443.0,2026-01-01 16:01:23.013733,,0.0,,,5.977846622467041,5.9811625480651855,0.0,56.3663215637207,56.37925338745117
444.0,2026-01-01 16:01:28.180531,,0.0,,,5.8550591468811035,5.867359161376953,1.0,78.461181640625,69.27762603759766
445.0,2026-01-01 16:01:32.804170,,0.0,,,6.033156871795654,6.024357318878174,1.0,78.47698211669922,69.35050201416016
446.0,2026-01-01 16:01:38.113243,,0.0,,,6.210071086883545,6.180845737457275,1.0,78.49275207519531,69.42316436767578
447.0,2026-01-01 16:01:42.678729,,0.0,,,6.385811805725098,6.336818695068359,1.0,78.50849151611328,69.49561309814453
448.0,2026-01-01 16:01:48.106046,,0.0,,,6.560388088226318,6.492270469665527,1.0,78.52420043945312,69.56784057617188
449.0,2026-01-01 16:01:52.798338,,0.0,,,6.733808994293213,6.647195816040039,1.0,78.53987121582031,69.63984680175781
450.0,2026-01-01 16:01:58.126194,,0.0,,,6.906082630157471,6.801589488983154,1.0,78.55551147460938,69.71163177490234
451.0,2026-01-01 16:02:03.333726,,0.0,,,7.077218055725098,6.955446243286133,1.0,78.57111358642578,69.78319549560547
452.0,2026-01-01 16:02:08.927292,,0.0,,,7.247223854064941,7.108761310577393,0.0,58.17761993408203,58.17760467529297
453.0,2026-01-01 16:02:13.593851,,0.0,,,7.173501968383789,7.052016735076904,0.0,58.1123161315918,58.11235809326172
454.0,2026-01-01 16:02:18.445115,,0.0,,,7.100540637969971,6.994511127471924,0.0,58.04684066772461,58.047061920166016
455.0,2026-01-01 16:02:23.112302,,0.0,,,7.028264045715332,6.936320781707764,0.0,57.98124313354492,57.981727600097656
456.0,2026-01-01 16:02:28.480785,,0.0,,,6.956604957580566,6.877512454986572,0.0,57.94708251953125,57.94758605957031
457.0,2026-01-01 16:02:33.360403,,0.0,,,6.889269828796387,6.821988105773926,0.0,57.88521194458008,57.88603210449219
458.0,2026-01-01 16:02:38.204227,,0.0,,,6.822474002838135,6.765924453735352,0.0,57.82329177856445,57.82445526123047
459.0,2026-01-01 16:02:43.182166,,0.0,,,6.756163597106934,6.70937442779541,0.0,57.761348724365234,57.76287078857422
460.0,2026-01-01 16:02:48.608508,,0.0,,,6.690292835235596,6.65238618850708,0.0,57.69939422607422,57.70127868652344
461.0,2026-01-01 16:02:53.901256,,0.0,,,6.624818325042725,6.595000267028809,0.0,57.63744354248047,57.63968276977539
462.0,2026-01-01 16:02:58.410431,,0.0,,,6.559703826904297,6.53725528717041,0.0,57.57550048828125,57.578086853027344
463.0,2026-01-01 16:03:03.913201,,0.0,,,6.494915008544922,6.479184627532959,0.0,57.51356887817383,57.51649856567383
464.0,2026-01-01 16:03:09.184103,,0.0,,,6.430421829223633,6.420817852020264,0.0,57.45166015625,57.45491027832031
465.0,2026-01-01 16:03:13.634220,,0.0,,,6.366197109222412,6.3621826171875,0.0,57.3897705078125,57.39332962036133
466.0,2026-01-01 16:03:19.316145,,0.0,,,6.30221700668335,6.303303241729736,0.0,57.327903747558594,57.33175277709961
467.0,2026-01-01 16:03:24.285468,,0.0,,,6.238458633422852,6.24420166015625,0.0,57.26605987548828,57.27018356323242
468.0,2026-01-01 16:03:29.558393,,0.0,,,6.17490291595459,6.1848978996276855,0.0,56.87450408935547,56.88350296020508
469.0,2026-01-01 16:03:34.554409,,0.0,,,6.077000141143799,6.093706130981445,0.0,56.779354095458984,56.788753509521484
470.0,2026-01-01 16:03:39.710868,,0.0,,,5.979299068450928,6.002312660217285,0.0,56.684226989746094,56.69401168823242
471.0,2026-01-01 16:03:44.231902,,0.0,,,5.881786823272705,5.910730838775635,1.0,78.35955810546875,68.75601959228516
472.0,2026-01-01 16:03:49.216482,,0.0,,,6.034412384033203,6.04545783996582,1.0,78.37317657470703,68.8198471069336
473.0,2026-01-01 16:03:53.801798,,0.0,,,6.185992240905762,6.1797709465026855,1.0,78.38676452636719,68.88349151611328
474.0,2026-01-01 16:03:58.563303,,0.0,,,6.3365373611450195,6.313663959503174,1.0,78.40032196044922,68.94695281982422
475.0,2026-01-01 16:04:03.624550,,0.0,,,6.486056804656982,6.447131156921387,1.0,78.4138412475586,69.0102310180664
476.0,2026-01-01 16:04:08.148179,,0.0,,,6.6345601081848145,6.580165386199951,1.0,78.42733001708984,69.07331848144531
477.0,2026-01-01 16:04:12.758009,,0.0,,,6.782057285308838,6.712762355804443,1.0,78.44078063964844,69.13622283935547
478.0,2026-01-01 16:04:17.730621,,0.0,,,6.9285569190979,6.844915866851807,1.0,78.45419311523438,69.19892883300781
479.0,2026-01-01 16:04:22.061917,,0.0,,,7.074068546295166,6.976620197296143,1.0,78.46757507324219,69.26144409179688
480.0,2026-01-01 16:04:27.247593,,0.0,,,7.218600749969482,7.107871055603027,0.0,57.93100357055664,57.9333610534668
481.0,2026-01-01 16:04:32.700032,,0.0,,,7.122692108154297,7.025995254516602,0.0,57.84138107299805,57.84424591064453
482.0,2026-01-01 16:04:37.632261,,0.0,,,7.0272440910339355,6.943658351898193,0.0,57.751739501953125,57.755123138427734
483.0,2026-01-01 16:04:42.088463,,0.0,,,6.932224750518799,6.860893249511719,0.0,57.6620979309082,57.66599655151367
484.0,2026-01-01 16:04:47.994991,,0.0,,,6.83760404586792,6.777729034423828,0.0,57.57246017456055,57.576866149902344
485.0,2026-01-01 16:04:53.343217,,0.0,,,6.743354797363281,6.694193363189697,0.0,57.48283004760742,57.48773956298828
486.0,2026-01-01 16:04:58.279740,,0.0,,,6.649451732635498,6.610311508178711,0.0,57.39321517944336,57.39861297607422
487.0,2026-01-01 16:05:03.089162,,0.0,,,6.555871486663818,6.526107311248779,0.0,57.303611755371094,57.30949020385742
488.0,2026-01-01 16:05:07.942806,,0.0,,,6.462591648101807,6.441601753234863,0.0,57.21403503417969,57.22037124633789
489.0,2026-01-01 16:05:12.350765,,0.0,,,6.369593143463135,6.356815814971924,0.0,57.124473571777344,57.13125991821289
490.0,2026-01-01 16:05:17.542077,,0.0,,,6.276856899261475,6.271767616271973,0.0,57.03493881225586,57.04215621948242
491.0,2026-01-01 16:05:22.771951,,0.0,,,6.1843647956848145,6.186474323272705,0.0,56.94542694091797,56.95305633544922
492.0,2026-01-01 16:05:28.041226,,0.0,,,6.09210205078125,6.100952625274658,0.0,56.578426361083984,56.5903434753418
493.0,2026-01-01 16:05:33.217419,,0.0,,,5.976625919342041,5.993628978729248,0.0,56.46630096435547,56.47869873046875
494.0,2026-01-01 16:05:38.040113,,0.0,,,5.861362934112549,5.886092185974121,1.0,78.299072265625,68.43421936035156
495.0,2026-01-01 16:05:43.780073,,0.0,,,5.999228000640869,6.008351802825928,1.0,78.31143951416016,68.49279022216797
496.0,2026-01-01 16:05:48.750718,,0.0,,,6.136135101318359,6.130244731903076,1.0,78.32376861572266,68.55119323730469
497.0,2026-01-01 16:05:53.663741,,0.0,,,6.2720947265625,6.251765251159668,1.0,78.33606719970703,68.60943603515625
498.0,2026-01-01 16:05:58.740737,,0.0,,,6.407116889953613,6.37290620803833,1.0,78.34832763671875,68.66751098632812
499.0,2026-01-01 16:06:03.643954,,0.0,,,6.541210651397705,6.493661403656006,1.0,78.36055755615234,68.72541809082031
