iteration,timestamp,T41_LEVEL,T42_LEVEL,J2_LEVEL,J13_LEVEL,J14_LEVEL,J19_LEVEL,J21_LEVEL,J2V1_LEVEL,J13V2_LEVEL,P79_FLOW,P79_STATUS,P1_FLOW,P1_STATUS,V1_FLOW,V1_STATUS,V2_FLOW,V2_STATUS,plc2AttackerUnit
0,2025-01-16 11:56:25.090800,3.0509999999999993,3.0509999999999993,-15.24,-15.24,-15.24,-15.24,-15.24,-15.24,-15.24,1450.0,1.0,1450.0,1.0,55.59964498384435,1.0,55.59964498384435,1.0,0
1,2025-01-16 11:56:35.817216,3.2318900757449573,3.1895463892937506,69.08444892029877,69.64903875072679,54.42117436443497,54.34631589003353,54.346509495079246,69.08444819756612,69.64903831930305,189.69007825910631,1.0,219.44785604563168,1.0,241.7170826470283,1.0,144.28916081101306,1.0,0
2,2025-01-16 11:56:44.117883,3.409016023462798,3.3296952721024,69.10697763589633,69.66480219304583,54.59970103243368,54.48486907865761,54.527380109429984,69.1069769173256,69.66480176349474,188.85923613549818,1.0,218.2604373631883,1.0,240.3251342502699,1.0,143.66285530627465,1.0,0
3,2025-01-16 11:56:53.054420,3.582974120018559,3.4708619032100776,69.12925603119479,69.68061148099167,54.77486501952675,54.62502231534115,54.70448995027049,69.12925531672292,69.68061105334411,188.02597763118,1.0,217.0862122868542,1.0,238.95427246884537,1.0,143.02622379204877,1.0,0
4,2025-01-16 11:57:02.251930,3.7541218955679443,3.6126996758387366,69.15131750493386,69.69644427233234,54.947103215331126,54.76619183195682,54.8784339649915,69.15131679450785,69.69644384661078,187.19148033586228,1.0,215.92342047270935,1.0,237.60114221886397,1.0,142.38207665812297,1.0,0
5,2025-01-16 11:57:11.285502,3.9227096066781577,3.754968717433013,69.17318413448633,69.71228773365061,55.116701185870326,54.90803146489975,55.04956908289566,69.17318342805956,69.71228730987269,186.3564206591396,1.0,214.7708982909527,1.0,236.2635994916218,1.0,141.73202480833424,1.0,0
6,2025-01-16 11:57:20.209778,4.088926018527937,3.897490214229686,69.19487233211196,69.7281336761643,55.283867804304634,55.05030159770629,55.21814521480241,69.19487162964235,69.7281332543443,185.52123020630478,1.0,213.62778070230598,1.0,234.94013189178986,1.0,141.07720398783385,1.0,0
7,2025-01-16 11:57:29.986165,4.252920726896658,4.0401241606016605,69.21639439097966,69.74397578163074,55.44876539603115,55.19282358108522,55.38435090485946,69.21639369242872,69.74397536178044,184.68624199232497,1.0,212.49341977198537,1.0,233.6295341387995,1.0,140.41843703239465,1.0,0
8,2025-01-16 11:57:37.416497,4.414816468488751,4.182757111501497,69.2377604289592,69.7598092685897,55.61152537733271,55.335457523150275,55.54833559678591,69.23775973429119,69.75980885071888,183.8517080331242,1.0,211.3672822184779,1.0,232.33089647760607,1.0,139.75640191233651,1.0,0
9,2025-01-16 11:57:47.108745,4.574716553272957,4.325294796555512,69.25897892960089,69.77563021528486,55.77225730383983,55.478090061809745,55.71022191698067,69.25897823878236,69.77562979940171,183.01783503231292,1.0,210.24892090017346,1.0,231.04344242938168,1.0,139.09163173252637,1.0,0
10,2025-01-16 11:57:55.690230,4.732709659899611,4.467657357470846,69.28005675895842,69.79143538840877,55.93105453690294,55.620626989666505,55.87011309212159,69.2800560719579,69.79143497452014,182.18479340748914,1.0,209.13797392869128,1.0,229.76651720227892,1.0,138.4245610893231,1.0,0
11,2025-01-16 11:58:04.298438,4.888873100939483,4.609776115473383,69.3010001078475,69.80722217274105,56.087998011623725,55.76298849775342,56.028097736003744,69.30099942463511,69.8072217608527,181.35272099880353,1.0,208.03411500534827,1.0,228.49957610219462,1.0,137.75557242752257,1.0,0
12,2025-01-16 11:58:12.633922,5.043275132522937,4.751591285182856,69.321814412713,69.82298828028199,56.24315886003119,55.90510594690219,56.18425310941563,69.32181373326037,69.82298787039868,180.52173839961907,1.0,206.93705759200645,1.0,227.2421265865887,1.0,137.0849902457394,1.0,0
13,2025-01-16 11:58:21.194994,5.219274281836584,4.901839403226356,69.39998343436048,69.91028664624699,56.402524898007066,56.04695835777612,56.338759409119604,69.39998275718881,69.91028623723196,175.9205124555684,1.0,202.81701105448266,1.0,226.4792651112657,1.0,136.7945929587222,1.0,0
14,2025-01-16 11:58:29.572205,5.393004419533479,5.052066788450976,69.42335281193212,69.92747863132458,56.57719527845423,56.19720638201475,56.514747059240314,69.4233521390283,69.92747822443393,175.0143762765646,1.0,201.58528368833657,1.0,225.05188841932977,1.0,136.08409744733763,1.0,0
15,2025-01-16 11:58:38.370426,5.564562953266368,5.202185237659837,69.44656784083566,69.94466212571993,56.74966566653192,56.347433274554234,56.68846631057128,69.4465671721647,69.94466172096293,174.10868761507209,1.0,200.36169156147275,1.0,223.63620526675732,1.0,135.37050181525956,1.0,0
16,2025-01-16 11:58:48.496140,5.734035094093959,5.352118539300336,69.46963484831942,69.9618340432779,56.920024932137345,56.497550887093574,56.860014495096614,69.46963418384816,69.9618336406626,173.20360913274902,1.0,199.14590118426744,1.0,222.23163039711835,1.0,134.6542116857563,1.0,0
17,2025-01-16 11:58:57.962578,5.901496313258583,5.501800045472048,69.49255977392147,69.97899160864887,57.08835145099386,56.647483052298675,57.0294767632761,69.4925591136183,69.97899120818221,172.29928710966166,1.0,197.93759950210443,1.0,220.83761911630972,1.0,133.93559791438747,1.0,0
18,2025-01-16 11:59:06.468812,6.067014138823427,5.65117089691655,69.5153478295827,69.99613264343255,57.25471510762665,56.79716315862655,57.19692853680936,69.51534717341738,69.99613224512059,171.39583636252976,1.0,196.73651180975367,1.0,219.45371364950006,1.0,133.21496182129522,1.0,0
19,2025-01-16 11:59:14.073923,6.230649508608463,5.8001786837561395,69.53800343690963,70.0132550067637,57.41917878599034,56.94653237720329,57.362437302566505,69.53800278485318,70.01325461061164,170.49336972971219,1.0,195.54240505805618,1.0,218.07951416803917,1.0,132.49258734276737,1.0,0
20,2025-01-16 11:59:23.305242,6.39245781714825,5.948776415483704,69.56053073801812,70.03035682716971,57.58179951037918,57.09553832390928,57.526063963646756,69.5605300900426,70.03035643318199,169.59198585072747,1.0,194.35506092894133,1.0,216.71464402174934,1.0,131.76872944200113,1.0,0
21,2025-01-16 11:59:30.980084,6.552489736983376,6.096921712375141,69.58293346456247,70.0474364299316,57.74262933629678,57.24413403033735,57.68786388495525,69.582932820641,70.04743603811198,168.6917729948123,1.0,193.17428273849237,1.0,215.3587729173978,1.0,131.04360831448503,1.0,0
22,2025-01-16 11:59:39.685462,6.7107918734733945,6.244576160234632,69.60521485910033,70.06449231417012,57.90171605648951,57.39227713592257,57.84788771347403,69.6052142192069,70.06449192452179,167.79281026865405,1.0,191.99989958155643,1.0,214.0116053294605,1.0,130.3174267718532,1.0,0
23,2025-01-16 11:59:48.390103,6.867407296772882,6.391704785707969,69.62737784818621,70.08152274853728,58.05910377016109,57.53992924321953,58.00618203231708,69.62737721229557,70.08152236106274,166.8951889262335,1.0,190.8317572085305,1.0,212.672874705504,1.0,129.59039921497606,1.0,0
24,2025-01-16 11:59:56.321884,7.022375983121045,6.5382756322980295,69.64942551956997,70.0985268426825,58.21483335110441,57.68705539366227,58.16278989213996,69.64942488765772,70.09852645738387,165.99895589516473,1.0,189.66969287369963,1.0,211.3423086984767,1.0,128.86267050930655,1.0,0
25,2025-01-16 12:00:04.773154,7.164841648520688,6.680175168753064,69.6447244898183,70.08246519735337,58.366401969304086,57.83360582721646,58.317703383530606,69.64472386258386,70.08246481478876,166.84551537397786,1.0,189.91746956250762,1.0,209.77781975261678,1.0,127.9482797701803,1.0,0
26,2025-01-16 12:00:13.281494,7.202722099114449,6.810509718261441,61.94861095642771,68.53671644768822,58.46889474156269,57.97545726149503,58.459869808493934,61.94861062401805,68.5367160945519,248.3171348175367,1.0,0.0,0.0,111.1740163429431,1.0,118.10602238710999,1.0,0
27,2025-01-16 12:00:22.985089,7.242997968215036,6.9375555391328385,61.97890546058031,68.5525409132361,58.50735518832371,58.10577877010052,58.497753645410825,61.978905128592125,68.55254056217215,247.4830763489171,1.0,0.0,0.0,111.03305646258832,1.0,117.41292231931766,1.0,0
28,2025-01-16 12:00:31.432344,7.285751822151038,7.061231137031717,62.0107483680916,68.56834626179918,58.54824848233526,58.232811522170834,58.538033202916644,62.01074803657101,68.56834591275845,246.6500254772402,1.0,0.0,0.0,110.87666841149257,1.0,116.736261583128,1.0,0
29,2025-01-16 12:00:40.425438,7.331105538489158,7.181415800932148,62.044200493086066,68.58413112469569,58.591669080179976,58.35647389938748,58.58079112735049,62.04420016208119,68.58413077762683,245.81805434146924,1.0,0.0,0.0,110.70419160319034,1.0,116.07677030042396,1.0,0
30,2025-01-16 12:00:48.096165,7.24411168774203,7.170666570996039,58.51996594785758,58.467108879068014,58.62037454970851,58.476413024997164,58.6259742155289,58.51996599686518,58.467108886981784,0.0,0.0,0.0,0.0,-16.390535123491645,1.0,-2.6467497718840605,1.0,0
31,2025-01-16 12:00:58.056240,7.163926818366425,7.153108371244425,58.461204472311216,58.433208980836255,58.534626711230274,58.46565968323179,58.53899876353012,58.461204513697766,58.43320899637105,0.0,0.0,0.0,0.0,-13.841682527413468,1.0,-5.19559367603506,1.0,0
32,2025-01-16 12:01:07.320479,7.091758773375061,7.127533345462996,58.40122376514203,58.38790530494376,58.45572620734208,58.44809454905351,58.45883390830983,58.401223800377686,58.387905326629436,0.0,0.0,0.0,0.0,-11.784523559867921,1.0,-7.252749746271547,1.0,0
33,2025-01-16 12:01:16.077359,7.029789895345776,7.091759147409522,58.34268114012591,58.33692423653942,58.38489817778364,58.4225076111233,58.38668870638543,58.3426811708222,58.33692426276447,0.0,0.0,0.0,0.0,-10.266339407394298,1.0,-8.77093679605423,1.0,0
34,2025-01-16 12:01:25.720136,6.9707248953671,7.0530810695045965,58.28744141171131,58.284696030732,58.32324882771735,58.38672941113357,58.32472578746025,58.28744143979608,58.28469605956858,0.0,0.0,0.0,0.0,-9.392919515676112,1.0,-9.644359585081475,1.0,0
35,2025-01-16 12:01:34.968328,6.91367970346674,7.012383196578706,58.23327551885869,58.23216373450643,58.26438946541859,58.34804839353931,58.265664788293996,58.2332755448917,58.23216376539477,0.0,0.0,0.0,0.0,-8.706706351517823,1.0,-10.330569851930704,1.0,0
36,2025-01-16 12:01:43.809817,6.8581602902184935,6.970159541355164,58.17995355554795,58.17965631642263,58.20749046804571,58.30734821569667,58.20862253985538,58.17995357991958,58.17965634897233,0.0,0.0,0.0,0.0,-8.151063317427543,1.0,-10.886209988711926,1.0,0
37,2025-01-16 12:01:52.934353,6.828098458044818,6.934892568509271,58.14953694225052,58.15448509840174,58.15296993251673,58.26513447867634,58.15314193783357,58.14953695016882,58.154485128528606,0.0,0.0,0.0,0.0,-2.648267961831152,1.0,-10.075893488306065,1.0,0
38,2025-01-16 12:02:01.096593,6.797550930136683,6.900111303255112,58.118966598238586,58.12319971983281,58.12288844569281,58.22986814133406,58.123079552744414,58.11896660674707,58.12319974936948,0.0,0.0,0.0,0.0,-2.845652936116494,1.0,-9.878505616711664,1.0,0
39,2025-01-16 12:02:10.299558,6.766601153994047,6.865732283943403,58.08797573389026,58.09165704995602,58.09232393640275,58.19508739669197,58.09253156120724,58.08797574288632,58.09165707900511,0.0,0.0,0.0,0.0,-3.0087221819030674,1.0,-9.71543347361603,1.0,0
40,2025-01-16 12:02:19.161959,6.735320558235978,6.831684076724296,58.05664652955162,58.059901581102565,58.06135971980585,58.16070880166867,58.061581399894585,58.05664653894786,58.05990160975151,0.0,0.0,0.0,0.0,-3.142560476590006,1.0,-9.58160676816533,1.0,0
41,2025-01-16 12:02:28.234975,6.7037695593879665,6.797906283228548,58.02504602787846,58.02797121784352,58.03006700438269,58.12666093867514,58.03030048671921,58.02504603760119,58.02797124616595,0.0,0.0,0.0,0.0,-3.2517571577272975,1.0,-9.47240139510086,1.0,0
42,2025-01-16 12:02:36.995065,6.671998674833198,6.764348372994676,57.99322845241932,57.9958977884776,57.99850594114015,58.092883423357,57.99874922803951,57.99322846240716,57.9958978165349,0.0,0.0,0.0,0.0,-3.340420609561079,1.0,-9.38373214864896,1.0,0
43,2025-01-16 12:02:46.628210,6.640049787694624,6.730968460885295,57.96123758620477,57.96370792515739,57.966726772402126,58.05932573717706,57.96697813201939,57.961237596406995,57.963707953000316,0.0,0.0,0.0,0.0,-3.412123214161511,1.0,-9.312035338666647,1.0,0
44,2025-01-16 12:02:53.822679,6.607957346416339,6.697732106195567,57.92910859268426,57.93142379708215,57.93477111535862,58.02594600502977,57.9350290736069,57.929108603059184,57.931423824752365,0.0,0.0,0.0,0.0,-3.469881070259362,1.0,-9.254271687950677,1.0,0
45,2025-01-16 12:03:01.227534,6.575749481029899,6.664611168795433,57.89686958553688,57.899063495259675,57.90267317329148,57.992709794546606,57.9029364941422,57.89686959605057,57.89906352279113,0.0,0.0,0.0,0.0,-3.5162930640808554,1.0,-9.207862591438243,1.0,0
46,2025-01-16 12:03:11.466227,6.543449065805164,6.631582792869892,57.8645431063513,57.86664200329172,57.870460860292305,57.959588972487246,57.87072851764929,57.86454311697618,57.86664203071199,0.0,0.0,0.0,0.0,-3.553480025857425,1.0,-9.170675629661673,1.0,0
47,2025-01-16 12:03:19.859387,6.511074580511584,6.598628490884506,57.832147041033636,57.83417133678139,57.83815686186647,57.926560688667045,57.83842801330747,57.832147051747455,57.83417136411273,0.0,0.0,0.0,0.0,-3.583223800660562,1.0,-9.140934752167595,1.0,0
48,2025-01-16 12:03:29.859797,6.478640910825383,6.56573336467757,57.79969565901814,57.8016612542373,57.80577949837549,57.893606460135636,57.80605345668147,57.79969566980301,57.801661281497594,0.0,0.0,0.0,0.0,-3.6069846322561716,1.0,-9.117173920571986,1.0,0
49,2025-01-16 12:03:37.635062,6.40689263801023,6.51896169004142,57.71991011830717,57.71584604634791,57.771422879259646,57.860691087110816,57.77354899914305,57.71991015248565,57.71584608119002,0.0,0.0,0.0,0.0,-11.430953346120987,1.0,-11.652901706611374,1.0,0
50,2025-01-16 12:03:45.952507,6.337263638589096,6.470070750467768,57.65420675678765,57.65224139279052,57.6999309180563,57.81391579648262,57.70180569095915,57.65420678883557,57.65224142976317,0.0,0.0,0.0,0.0,-10.718389156068042,1.0,-12.3654601020462,1.0,0
51,2025-01-16 12:03:54.924616,6.269299681784988,6.419514769767376,57.58936860584024,57.58861030846978,57.63049294458541,57.76502192030532,57.63218050282885,57.58936863610495,57.58861034722563,0.0,0.0,0.0,0.0,-10.12199547005821,1.0,-12.961847993437914,1.0,0
52,2025-01-16 12:04:03.556153,6.202684152426251,6.36761036397748,57.52527149433136,57.525112167609805,57.562676971803086,57.71446350018436,57.564219574931876,57.52527152308612,57.5251122078756,0.0,0.0,0.0,0.0,-9.616994501016052,1.0,-13.466848962480071,1.0,0
53,2025-01-16 12:04:11.912541,6.137180840597081,6.3145937354641895,57.46182019816442,57.461823769903134,57.496178944204416,57.66255704119282,57.49760650493067,57.46182022562986,57.46182381145826,0.0,0.0,0.0,0.0,-9.185782199097048,1.0,-13.898064161708135,1.0,0
54,2025-01-16 12:04:21.252074,6.072595849282214,6.260658790237605,57.398867877294876,57.39904940823555,57.430769523768966,57.609538689525934,57.43210519709561,57.39886790368169,57.3990494508693,0.0,0.0,0.0,0.0,-8.8250382481192,1.0,-14.258808112685983,1.0,0
55,2025-01-16 12:04:29.125847,6.0087727200033,6.205961980208014,57.33633750806003,57.33683944243335,57.36626026908401,57.55560229559992,57.367521850029966,57.336337533550044,57.3368394859639,0.0,0.0,0.0,0.0,-8.525103019678681,1.0,-14.558740443817442,1.0,0
56,2025-01-16 12:04:36.956985,5.9455883251063355,6.150626442508084,57.274194202239606,57.2750753595346,57.30249912151891,57.50090425768988,57.303700086446526,57.27419422697594,57.275075403818825,0.0,0.0,0.0,0.0,-8.273037131516503,1.0,-14.81080633197962,1.0,0
57,2025-01-16 12:04:44.720328,5.882943575815891,6.094751264144783,57.212398455970586,57.21367550679651,57.239366011864824,57.44556767313488,57.24051683625387,57.212398480068835,57.21367555171881,0.0,0.0,0.0,0.0,-8.059630038133037,1.0,-15.024207630744968,1.0,0
58,2025-01-16 12:04:52.420225,6.039624511796118,6.146484151093038,67.45656862062327,62.91916517641101,57.238481079851965,57.38980222040494,57.17833403667089,67.45656802594863,62.919164927414876,0.0,0.0,305.2483745992182,1.0,198.88823150154167,1.0,83.27646192128668,1.0,0
59,2025-01-16 12:05:01.097951,6.189169793581343,6.203812280317496,67.48385621295328,62.95655386366449,57.39114055936022,57.441545781969594,57.33498267991167,67.48385562222973,62.95655361501761,0.0,0.0,303.8101302931343,1.0,197.5667978126694,1.0,83.15965400925052,1.0,0
60,2025-01-16 12:05:09.122943,6.324615218975464,6.27376535296381,67.50998316762286,62.99558029909568,57.533115276717034,57.49890138151531,57.48446794398424,67.5099825805702,62.99558005089534,0.0,0.0,302.4330595961532,1.0,196.33906889339414,1.0,83.01030931647801,1.0,0
61,2025-01-16 12:05:15.802929,6.414346339419709,6.329057630780637,67.39133573636458,62.55951919883118,57.6570535650868,57.56882299191815,57.61975429698253,67.39133515706294,62.55951896324112,0.0,0.0,308.686597481611,1.0,193.74674796949876,1.0,78.79281820578399,1.0,0
62,2025-01-16 12:05:24.130383,6.501462309332884,6.3859559280030505,67.40921180733115,62.59354600253825,57.74559401713709,57.62411840836571,57.709478003754406,67.409211230304,62.59354576749082,0.0,0.0,307.7444052584254,1.0,192.986047886734,1.0,78.61133366361628,1.0,0
63,2025-01-16 12:05:32.218463,6.586385282206943,6.4440507772521505,67.42686319067604,62.628141856795466,57.83172524735103,57.68101909409255,57.79658790143447,67.42686261586043,62.62814162231828,0.0,0.0,306.8140556224718,1.0,192.24640544621252,1.0,78.42061829478553,1.0,0
64,2025-01-16 12:05:40.575508,6.669391953124865,6.503076803753938,67.44431388356321,62.66314489870696,57.91579796055285,57.73911583126501,57.8815056762762,67.44431331090605,62.66314466482143,0.0,0.0,305.8942837577112,1.0,191.52451192098852,1.0,78.22273788065104,1.0,0
65,2025-01-16 12:05:48.679021,6.750683871556087,6.562842802463246,67.46158154304783,62.69845080850293,57.998051913045394,57.79814337622651,57.9645077816715,67.46158097250286,62.69845057522648,0.0,0.0,304.9841590155653,1.0,190.81809002614136,1.0,78.01903387530729,1.0,0
66,2025-01-16 12:05:56.724455,6.830416791449243,6.623202613110471,67.47867934902497,62.7339849789987,58.078666148148606,57.857910605108245,58.04579561983784,67.4786787805509,62.733984746345854,0.0,0.0,304.08298672466583,1.0,190.12548250088912,1.0,77.81046818536197,1.0,0
67,2025-01-16 12:06:05.019245,6.908716010196369,6.684039924881537,67.49561778235238,62.76969003893577,58.157781462572984,57.91827141248165,58.12552484689476,67.49561721591175,62.76968980691887,0.0,0.0,303.19021447153017,1.0,189.44540294000944,1.0,77.59777962462522,1.0,0
68,2025-01-16 12:06:13.878590,6.985685281909939,6.745259482744079,67.51240570578348,62.80552170532426,58.23551258575749,57.979109526964585,58.203820691153986,67.512405141342,62.80552147395387,0.0,0.0,302.30537512792955,1.0,188.7767851337685,1.0,77.38155634683608,1.0,0
69,2025-01-16 12:06:22.578306,7.0614124086194705,6.806781563760971,67.52905052711148,62.84144305693641,58.31195545855326,58.040329723156965,58.28078685569703,67.52904996463748,62.841442826221666,0.0,0.0,301.42807825207217,1.0,188.1187656840666,1.0,77.16227640798934,1.0,0
70,2025-01-16 12:06:30.270729,7.135972959042645,6.868538319820231,67.54555859283157,62.877423593696136,58.387191902445,58.10185230118855,58.356511103532924,67.54555803229553,62.877423363644944,0.0,0.0,300.5579893398944,1.0,187.4706144690208,1.0,76.94034832866237,1.0,0
71,2025-01-16 12:06:39.738063,6.982206448542233,6.836711961576817,58.166344796428305,58.06707954086286,58.41581281481877,58.16351759643389,58.43059584232382,58.16634487653657,58.06707956883452,0.0,0.0,0.0,0.0,-26.7921151231576,1.0,-9.35508935128837,1.0,0
72,2025-01-16 12:06:48.409411,6.835880604692542,6.797444948334298,58.05343828629073,57.98608922510576,58.26421826436065,58.131681381315545,58.27686242951227,58.05343835943164,57.986089260044785,0.0,0.0,0.0,0.0,-24.461890571387812,1.0,-11.685316800367218,1.0,0
73,2025-01-16 12:06:55.652979,6.691914198278859,6.746353205389891,57.92356346706929,57.87576739947827,58.11938754031316,58.0923951554658,58.13054678835762,57.92356353736059,57.87576744277893,0.0,0.0,0.0,0.0,-23.508841037482853,1.0,-14.481854553309859,1.0,0
74,2025-01-16 12:07:05.036860,6.5626749943000435,6.6805342528106415,57.80804311094746,57.77641219517057,57.97902570114528,58.041273610197116,57.98664085405223,57.808043176274104,57.77641224343588,0.0,0.0,0.0,0.0,-21.848419291359278,1.0,-16.142276299433433,1.0,0
75,2025-01-16 12:07:13.468985,6.43827718880494,6.609873905458561,57.69632166287409,57.67416477326635,57.850833375804505,57.975443475957725,57.85742031065384,57.69632172472377,57.67416482500863,0.0,0.0,0.0,0.0,-20.68555242999537,1.0,-17.305146058106402,1.0,0
76,2025-01-16 12:07:22.369229,6.317368731738577,6.535724213328353,57.58606970515623,57.57075122154004,57.72714698668294,57.90477465234565,57.733035577262335,57.58606976404151,57.57075127624671,0.0,0.0,0.0,0.0,-19.694113551054215,1.0,-18.296579142429437,1.0,0
77,2025-01-16 12:07:30.315969,6.1992422844741055,6.458792511040608,57.476989186232046,57.466688356049325,57.60677962832017,57.83061795374069,57.61213731510663,57.476989242524816,57.466688413348514,0.0,0.0,0.0,0.0,-18.82705035541221,1.0,-19.1636452353805,1.0,0
78,2025-01-16 12:07:38.813252,6.0834301277637195,6.379546521408316,57.36892520333473,57.362292558051344,57.48908549252382,57.75368025560325,57.494019194265285,57.368925257332265,57.36229261764577,0.0,0.0,0.0,0.0,-18.05941121745036,1.0,-19.93128437334235,1.0,0
79,2025-01-16 12:07:47.050283,5.969590312383722,6.298328193572774,57.26177017422049,57.25777414614742,57.37362893649665,57.67442903683599,57.378214022820174,57.26177022617055,57.257774207789296,0.0,0.0,0.0,0.0,-17.37463801589456,1.0,-20.61605178028003,1.0,0
80,2025-01-16 12:07:53.736583,5.857457242391754,6.215403124488034,57.15543945840525,57.153276907914,57.26008724546482,57.59320609579242,57.26438016947986,57.15543950851933,57.15327697139186,0.0,0.0,0.0,0.0,-16.760596820404317,1.0,-21.230095873079335,1.0,0
81,2025-01-16 12:08:02.415124,5.97397808302397,6.239793253950211,67.29651272292097,62.424495952513865,57.20476826284119,57.51041578415087,57.15268286748014,67.29651213222809,62.424495718883605,0.0,0.0,313.6844242419063,1.0,197.55653554398123,1.0,78.1373628745996,1.0,0
82,2025-01-16 12:08:08.562819,6.086224126103699,6.267357578276643,67.3160090952559,62.446118712790955,57.319024763298025,57.53480913213372,57.269188617494166,67.31600850756439,62.44611847923182,0.0,0.0,312.65683096211535,1.0,196.55272805266577,1.0,78.11357596722246,1.0,0
83,2025-01-16 12:08:16.976657,6.1939022482361334,6.298411454698011,67.3351118695359,62.468898051206004,57.42890230008569,57.56237737800913,57.381419067733894,67.33511128473185,62.46889781776988,0.0,0.0,311.649983014289,1.0,195.58702017548057,1.0,78.07243707588896,1.0,0
84,2025-01-16 12:08:24.943319,6.296365622926574,6.333627103854883,67.35376457452969,62.49293850796795,57.53394156691206,57.59343644986367,57.48908006841615,67.35376399248484,62.49293827471218,0.0,0.0,310.6668568217714,1.0,194.6642098562279,1.0,78.0121151012736,1.0,0
85,2025-01-16 12:08:33.071444,6.339781300419097,6.350268961394383,67.1890009222392,61.905779781642146,57.6224845109365,57.628633339154035,57.591401873373236,67.18900034835005,61.905779564883694,0.0,0.0,319.3510375985295,1.0,191.93654983155284,1.0,72.49461010758296,1.0,0
86,2025-01-16 12:08:39.392035,6.376490442974971,6.373186195966582,67.19663853343948,61.917554618004395,57.66313817488136,57.645280240198275,57.6348078676895,67.19663796062063,61.91755440137926,0.0,0.0,318.94848281509485,1.0,191.57858729727195,1.0,72.45001762385073,1.0,0
87,2025-01-16 12:08:46.678894,6.411478712833114,6.397408551003538,67.20400343103938,61.93206350065637,57.699157851810746,57.66819869423879,57.67151475060675,67.2040028591508,61.93206328426159,0.0,0.0,318.5603019191829,1.0,191.26745686662616,1.0,72.372978175963,1.0,0
88,2025-01-16 12:08:56.711975,6.445243440199295,6.422446551316377,67.21122889532806,61.947097565191214,57.73366068285514,57.69242184042602,57.70650147013313,67.21122832432624,61.94709734904838,0.0,0.0,318.1794701203804,1.0,190.97088251669447,1.0,72.28871573659035,1.0,0
89,2025-01-16 12:09:04.995670,6.47803944824535,6.44805170426016,67.21834246304792,61.96244709878616,57.767043867566684,57.717460403667616,57.7402650031466,67.21834189290126,61.962446882909234,0.0,0.0,317.804536042456,1.0,190.68487755021124,1.0,72.19978283501405,1.0,0
90,2025-01-16 12:09:13.504236,6.510030082586059,6.474066077813849,67.22535992370109,61.978006658385084,57.79952456851001,57.74306596942076,57.773060040796594,67.22535935438434,61.97800644278416,0.0,0.0,317.4346674697538,1.0,190.4073153423269,1.0,72.10747456838362,1.0,0
91,2025-01-16 12:09:21.155302,6.541330451112115,6.500379357101889,67.23229270088389,61.993709980017194,57.83124633637008,57.76908064801784,57.80504985981612,67.23229213237607,61.99370976469988,0.0,0.0,317.06926229996384,1.0,190.1367704169843,1.0,72.0126224643991,1.0,0
92,2025-01-16 12:09:29.897151,6.572026709255638,6.526909715994943,67.23914868947296,62.00951111649068,57.86231243980788,57.795394150701824,57.836349527235846,67.23914812175613,62.00951090146283,0.0,0.0,316.70790441864006,1.0,189.8722229213945,1.0,71.91580888218141,1.0,0
93,2025-01-16 12:09:38.415860,6.6021859935191145,6.553593990552459,67.24593441857422,62.02537586407583,57.89280128526571,57.8219246689357,57.86704517197437,67.24593385163274,62.02537564934203,0.0,0.0,316.3502496968719,1.0,189.61290796596586,1.0,71.81746841808945,1.0,0
94,2025-01-16 12:09:46.591785,6.631862129377542,6.580382035023264,67.2526546966976,62.041277612604986,57.922774605905296,57.84860905136375,57.897203912211765,67.25265413051763,62.04127739816877,0.0,0.0,315.9960446930245,1.0,189.35822870503216,1.0,71.7179371599741,1.0,0
95,2025-01-16 12:09:55.654127,6.661099199676115,6.607233221797825,67.25931399766041,62.05719618113538,57.95228228677656,57.875397161646525,57.92687956018083,67.25931343222952,62.05719596699952,0.0,0.0,315.6450536060704,1.0,189.1076925960533,1.0,71.61748455757788,1.0,0
96,2025-01-16 12:10:04.127635,6.689933896045942,6.634114114542108,67.26591559533347,62.073114513015184,57.98136543220445,57.902248379428684,57.95611618880836,67.26591503064047,62.073114299181796,0.0,0.0,315.29710388044015,1.0,188.86090560499724,1.0,71.51632501177119,1.0,0
97,2025-01-16 12:10:12.109318,6.7165338870785405,6.660117740121296,67.26604362494398,62.067548343987625,58.009742386619926,57.929128368793265,57.984948527531685,67.26604306117936,62.06754813105405,0.0,0.0,315.2903558370044,1.0,188.5504067877264,1.0,71.21538151977802,1.0,0
98,2025-01-16 12:10:20.481481,6.742863850195284,6.686044855445521,67.27218222882286,62.08284877197295,58.03624020092893,57.95513191679664,58.011548244676,67.27218166572811,62.08284855933692,0.0,0.0,314.96680907738875,1.0,188.32636946740422,1.0,71.11587054282609,1.0,0
99,2025-01-16 12:10:29.332567,6.768937639585222,6.711884044843858,67.27827760222074,62.09809233391106,58.062473410362514,57.98105894321096,58.03787795015917,67.27827703978926,62.098092121572364,0.0,0.0,314.64554086226184,1.0,188.10454569120338,1.0,71.01642620398252,1.0,0
100,2025-01-16 12:10:37.397627,6.794767424858106,6.737625515048636,67.28433100086194,62.11327476616054,58.08845520602284,58.006898034098526,58.06395149615147,67.2843304390875,62.113274554118796,0.0,0.0,314.32648500629386,1.0,187.88479638828903,1.0,70.91711224404662,1.0,0
101,2025-01-16 12:10:46.161445,6.820363936582949,6.763260851579989,67.29034346319528,62.1283920604833,58.11419719253251,58.032639397670266,58.0897810505549,67.29034290207196,62.128391848737955,0.0,0.0,314.0095867760694,1.0,187.66703463938939,1.0,70.81798081458146,1.0,0
102,2025-01-16 12:10:54.338276,6.845736669298842,6.788782818420539,67.2963158898293,62.14344039462584,58.13970961626527,58.05827462071327,58.115377342485104,67.2963153293515,62.143440183176196,0.0,0.0,313.69479870330684,1.0,187.45113875752395,1.0,70.7190840671501,1.0,0
103,2025-01-16 12:11:02.430954,6.870894050466715,6.814185201519551,67.30224907466521,62.15841715355315,58.16500155462211,58.083796468309515,58.1407498652374,67.30224851482751,62.158416942398404,0.0,0.0,313.38207894393804,1.0,187.23705659112966,1.0,70.62045676946127,1.0,0
104,2025-01-16 12:11:11.012364,6.8958435831564175,6.839462670971168,67.30814378091539,62.17332009742529,58.19008107450178,58.10919872735915,58.16590704520395,67.30814322171273,62.17331988656451,0.0,0.0,313.0713872714081,1.0,187.02467224784414,1.0,70.52213948384178,1.0,0
105,2025-01-16 12:11:18.840782,6.920591966999637,6.864610659302773,67.31400073498997,62.18814680563933,58.21495536609876,58.134476068775655,58.190856384532665,67.31400017641734,62.1881465950715,0.0,0.0,312.7626853988906,1.0,186.8139625491949,1.0,70.42416118338224,1.0,0
106,2025-01-16 12:11:26.801186,6.94514519904551,6.889625264650426,67.31982049548475,62.20289533902025,58.2396308559574,58.15962392579987,58.215604582055036,67.31981993753743,62.20289512874428,0.0,0.0,312.45594388453696,1.0,186.60482319205585,1.0,70.32655084117323,1.0,0
107,2025-01-16 12:11:35.301923,6.96950866195257,6.914503170795197,67.32560362084709,62.21756446828343,58.264113302730266,58.18463839719309,58.240157634125055,67.32560306352048,62.21756425829814,0.0,0.0,312.1511332943179,1.0,186.39723099795447,1.0,70.22933163568723,1.0,0
108,2025-01-16 12:11:43.667722,6.99368720108248,6.939241571377925,67.33135073041126,62.232152928551244,58.288407880827556,58.20951616727848,58.26452092279679,67.33135017370088,62.2321527188554,0.0,0.0,311.84822098504696,1.0,186.19112802070958,1.0,70.13252674539672,1.0,0
109,2025-01-16 12:11:51.600838,7.060632396509641,6.984045859663563,67.48592641974996,62.73994961763492,58.320156450233014,58.23428061450945,58.28876804367773,67.48592585896932,62.73994939469794,0.0,0.0,303.7010161176609,1.0,187.5524228876202,1.0,74.56101149102778,1.0,0
110,2025-01-16 12:12:00.390150,7.125758035209689,7.029884821453333,67.49983019960956,62.76748662874745,58.386335841693054,58.27908658904097,58.35570921686207,67.49982964055816,62.767486406272354,0.0,0.0,302.9681910309231,1.0,186.97407943705002,1.0,74.40653276660214,1.0,0
111,2025-01-16 12:12:09.431855,6.963650611091667,6.978465251886121,58.16002598958392,58.09340642741727,58.40584486399079,58.32483443526823,58.42034216013867,58.16002606905733,58.09340647229098,0.0,0.0,0.0,0.0,-26.579788726053266,1.0,-15.007959521540215,1.0,0
112,2025-01-16 12:12:16.185521,6.8174786009530095,6.911110270000291,58.03274442025796,57.987026008689305,58.24815846989169,58.27338218224331,58.25830726157337,58.0327444942628,57.98702605903161,0.0,0.0,0.0,0.0,-24.750830511948152,1.0,-16.836923530263448,1.0,0
113,2025-01-16 12:12:24.543496,6.678219263074753,6.836842608431508,57.9092006057939,57.876379019115895,58.10367896415527,58.20601072424348,58.11216471595439,57.90920067582395,57.876379073432986,0.0,0.0,0.0,0.0,-23.421469785489535,1.0,-18.166287154031124,1.0,0
114,2025-01-16 12:12:31.788496,6.54324714297188,6.758287730711174,57.78758409443551,57.763977447022405,57.965399576350336,58.13173215930083,57.97292303929084,57.78758416115906,57.763977504646,0.0,0.0,0.0,0.0,-22.315613274486168,1.0,-19.27214366503449,1.0,0
115,2025-01-16 12:12:40.197180,6.411577961415214,6.676429922295706,57.667306941307565,57.6505874388133,57.83114562496133,58.053168527228,57.83796420415808,57.66730700514598,57.650587499322015,0.0,0.0,0.0,0.0,-21.350681876128874,1.0,-20.237069268773666,1.0,0
116,2025-01-16 12:12:47.923340,6.28262094674462,6.591859949973039,57.54815860768049,57.53662304418394,57.700042027510754,57.9713033013179,57.70630572146892,57.54815866895984,57.536623107251714,0.0,0.0,0.0,0.0,-20.494805190764964,1.0,-21.092943056828517,1.0,0
117,2025-01-16 12:12:57.053879,6.155962468683314,6.504991437859151,57.43001073730743,57.42235568819291,57.57154716383584,57.88672688166515,57.57735762512759,57.43001079629611,57.42235575355135,0.0,0.0,0.0,0.0,-19.728695831986442,1.0,-21.859055312916098,1.0,0
118,2025-01-16 12:13:04.993824,6.03128994894434,6.416136981246451,57.312768664910244,57.30797349559732,57.445275237170556,57.79985268067535,57.450706742445185,57.31276872183608,57.3079735630186,0.0,0.0,0.0,0.0,-19.038777009541263,1.0,-22.54896834074316,1.0,0
119,2025-01-16 12:13:13.923970,5.90835532775824,6.325544624526571,57.19635507731286,57.19360866834471,57.320931233013866,57.71099315598871,57.32604078538321,57.19635513237299,57.19360873763169,0.0,0.0,0.0,0.0,-18.41479514666844,1.0,-23.172950203615983,1.0,0
120,2025-01-16 12:13:22.549027,5.786955487484678,6.233417484470047,57.080704129044015,57.079354537347875,57.19827912496444,57.62039625407369,57.2031118945333,57.0807041824111,57.07935460832791,0.0,0.0,0.0,0.0,-17.84855665334817,1.0,-23.739188696936253,1.0,0
121,2025-01-16 12:13:30.139488,5.921483073616802,6.261730611214343,67.3393565024487,62.600473669748084,57.139716943573916,57.52843417165514,57.08224990695435,67.33935590835415,62.60047343209236,0.0,0.0,311.4262615864543,1.0,198.69421609769233,1.0,79.48367575636439,1.0,0
122,2025-01-16 12:13:38.345418,6.051493140242344,6.293293451862878,67.36181479137802,62.62543686023506,57.271739600787875,57.5567510173147,57.21675944453336,67.36181420073788,62.62543662266418,0.0,0.0,310.2425548751264,1.0,197.538896726428,1.0,79.45529951143726,1.0,0
123,2025-01-16 12:13:45.985817,6.17673716518566,6.328377151024251,67.38387266400152,62.65156079033359,57.399162474799674,57.588318272446614,57.34675104060075,67.38387207669975,62.65156055290051,0.0,0.0,309.07995286461,1.0,196.4223839127044,1.0,79.40921201623041,1.0,0
124,2025-01-16 12:13:54.504696,6.296729016880223,6.367493017514703,67.40548413751762,62.67893523280511,57.52162188854302,57.623407513646015,57.47197539546354,67.4054835534263,62.678934995567445,0.0,0.0,307.9408791656665,1.0,195.34865276455093,1.0,79.34385741577898,1.0,0
125,2025-01-16 12:14:03.463164,6.410076155486941,6.412065404001204,67.42653235469926,62.707713678482065,57.638190738388,57.6625316871004,57.591943392771256,67.42653177366269,62.70771344150667,0.0,0.0,306.8314929600743,1.0,194.32699205481185,1.0,79.2561413840076,1.0,0
126,2025-01-16 12:14:12.311511,6.51153400587048,6.4673937030669535,67.44660923855561,62.73827537859165,57.74569388690306,57.707123110575125,57.705250755627475,67.446608660327,62.738275141972295,0.0,0.0,305.7733027195779,1.0,193.38787568017324,1.0,79.13706487897798,1.0,0
127,2025-01-16 12:14:20.442982,6.6089592323224755,6.525645630505956,67.46625436790224,62.77318744122045,57.84525218016482,57.76245718589468,57.80669597318279,67.4662537922505,62.77318720512018,0.0,0.0,304.7378689193599,1.0,192.52604212738333,1.0,78.96345522283355,1.0,0
128,2025-01-16 12:14:29.465200,6.703416363058017,6.585773294497594,67.48560498097358,62.809184791743895,57.941305946909395,57.820712950468334,57.90411217944579,67.48560440780447,62.809184556210525,0.0,0.0,303.71795815799595,1.0,191.695731297159,1.0,78.7738582152997,1.0,0
129,2025-01-16 12:14:37.230650,6.795423839136896,6.647272197195425,67.50470837055879,62.845847154372485,58.03464842957778,57.880843485787516,57.99856204576315,67.50470779980128,62.84584691943808,0.0,0.0,302.7110777793406,1.0,190.8891726066031,1.0,78.57353247231913,1.0,0
130,2025-01-16 12:14:44.779314,6.885305439816708,6.709830905149601,67.5235932503803,62.88297559185008,58.12570118727435,57.94234464518248,58.090563349386315,67.5235926819755,62.88297535753908,0.0,0.0,301.7157143721958,1.0,190.10231561765067,1.0,78.36503631779124,1.0,0
131,2025-01-16 12:14:54.007056,6.973291627509154,6.773230184363936,67.54227908747083,62.920448802833484,58.21474148012846,58.004905166301505,58.180439550544136,67.5422785213676,62.92044856916568,0.0,0.0,300.7308418896838,1.0,189.33255275214833,1.0,78.14992270937182,1.0,0
132,2025-01-16 12:15:01.737385,7.059557921927543,6.837304902864674,67.5607809042372,62.95818166901928,58.30197237064502,58.068305917397694,58.2684209236864,67.56078034039015,62.9581814360111,0.0,0.0,299.75566854735916,1.0,188.57798337535314,1.0,77.92931000835779,1.0,0
133,2025-01-16 12:15:10.196150,7.131756967439918,6.89617428988777,67.5351887215618,62.85090081820224,58.38515773235367,58.132369637538254,58.35465090591389,67.53518816130132,62.85090058963882,0.0,0.0,301.1045530721646,1.0,187.37845686246146,1.0,76.44276447081211,1.0,0
134,2025-01-16 12:15:18.460088,6.975824067781079,6.86068005816111,58.16285085391186,58.07092421633679,58.41152045982724,58.19114892745079,58.42636995182907,58.1628509338816,58.070924247844516,0.0,0.0,0.0,0.0,-26.74578425398977,1.0,-10.537721655055066,1.0,0
135,2025-01-16 12:15:26.943613,6.827602816926004,6.81747418851215,58.04630003877314,57.98393826660066,58.25784087916439,58.15564355531767,58.27047175037629,58.04630011205649,57.98393830479477,0.0,0.0,0.0,0.0,-24.509531024250464,1.0,-12.77397488479437,1.0,0
136,2025-01-16 12:15:35.022190,6.691287280862906,6.762362591759169,57.93095310672357,57.88975618934133,58.112768353679705,58.11241689805634,58.122301109718926,57.93095317425339,57.88975623328899,0.0,0.0,0.0,0.0,-22.58526872594757,1.0,-14.69824587502444,1.0,0
137,2025-01-16 12:15:42.623756,6.5660104323728135,6.6962123100795115,57.818741500155504,57.79110527051403,57.97900716262049,58.0572822527803,57.98602925415425,57.81874156323837,57.791105318908635,0.0,0.0,0.0,0.0,-21.09799016920988,1.0,-16.185518637144014,1.0,0
138,2025-01-16 12:15:50.616308,6.44505060716621,6.625745021505574,57.70954916913836,57.690350320926896,57.854631851154316,57.991121992024524,57.860768630690394,57.70954922892055,57.69035037262213,0.0,0.0,0.0,0.0,-19.994083547203445,1.0,-17.28941077260515,1.0,0
139,2025-01-16 12:15:59.203386,6.327318662533885,6.5520498449360565,57.60171052519525,57.58861681693375,57.73430978415867,57.92064689219165,57.73982061969156,57.60171058214258,57.58861687146389,0.0,0.0,0.0,0.0,-19.045965233317474,1.0,-18.23754067572736,1.0,0
140,2025-01-16 12:16:06.959847,6.2121937604578426,6.475747630058135,57.49498708797327,57.48635018120412,57.61707004932507,57.84694518993297,57.62209801797515,57.494987142435626,57.48635023821923,0.0,0.0,0.0,0.0,-18.21486923233806,1.0,-19.068633779397715,1.0,0
141,2025-01-16 12:16:14.248113,6.0992513133858255,6.397262970954259,57.38924087911371,57.38383058706382,57.50234132899483,57.77063736373595,57.50698079980662,57.38924093137435,57.38383064628059,0.0,0.0,0.0,0.0,-17.478512340289853,1.0,-19.804979082209684,1.0,0
142,2025-01-16 12:16:23.521768,5.988175100297021,6.316912073291658,57.28437156830678,57.2812452473207,57.3897261322562,57.69214779961855,57.39404482382789,57.284371618603345,57.281245308501575,0.0,0.0,0.0,0.0,-16.821625738430157,1.0,-20.4618714786875,1.0,0
143,2025-01-16 12:16:31.650808,5.878716866661243,6.234943210862257,57.180298771245255,57.17872191348594,57.27892498502382,57.61179257013622,57.28297414660058,57.1802988197811,57.178721976427525,0.0,0.0,0.0,0.0,-16.232756364047418,1.0,-21.05073795576118,1.0,0
144,2025-01-16 12:16:41.012586,5.997180769253789,6.260319529996216,67.30894428493285,62.46146353547332,57.226425458308654,57.529956834824574,57.17394950926087,67.3089436945316,62.46146330139608,0.0,0.0,313.02919518897045,1.0,197.45899473718964,1.0,78.28685533013413,1.0,0
145,2025-01-16 12:16:49.559899,6.124743326779067,6.295156469825108,67.37677290238554,62.643267646134845,57.34580205174002,57.55534402865257,57.29244758161213,67.37677231361607,62.64326740807754,0.0,0.0,309.4541592656446,1.0,196.9132518081551,1.0,79.61798341511894,1.0,0
146,2025-01-16 12:16:57.569202,6.247152170087692,6.333909394445805,67.39869867326841,62.670709967993794,57.470608542703765,57.59018631275846,57.41999052036754,67.39869808776726,62.6707097301235,0.0,0.0,308.29851992790447,1.0,195.8201666354853,1.0,79.55543920445507,1.0,0
147,2025-01-16 12:17:04.674688,6.363349100087573,6.377666266780258,67.42009695910266,62.699524070752545,57.589784545159006,57.62894676407199,57.54237663493073,67.42009637672219,62.69952383313381,0.0,0.0,307.170682690054,1.0,194.7764631984228,1.0,79.47130424668103,1.0,0
148,2025-01-16 12:17:13.520153,6.467299715633212,6.432517863108744,67.44049663439763,62.7299096776571,57.69989577549474,57.672723057748506,57.65853172978198,67.44049605489298,62.72990944037741,0.0,0.0,306.09547911459293,1.0,193.81464930461334,1.0,79.35791226202582,1.0,0
149,2025-01-16 12:17:22.235626,6.566673151406756,6.490821362110867,67.46043019742031,62.76476488360071,57.801670457270255,57.72758145003709,57.76246773233088,67.46042962054982,62.764764646828255,0.0,0.0,305.0448428704498,1.0,192.933652949705,1.0,79.18826902198361,1.0,0
150,2025-01-16 12:17:28.693743,6.6628784702990185,6.55118539706866,67.48005043183568,62.80091806265528,57.89956936610007,57.785889172722875,57.861831382041494,67.48004985749434,62.800917826445676,0.0,0.0,304.01072120479796,1.0,192.08778356983203,1.0,79.00002216047142,1.0,0
151,2025-01-16 12:17:37.318219,6.756514419164897,6.61302573732388,67.49941343662297,62.83780817605358,57.994598008909065,57.84625631174022,57.9580289643046,67.49941286473538,62.8378079404417,0.0,0.0,302.99015731454426,1.0,191.26713236801152,1.0,78.8001136299954,1.0,0
152,2025-01-16 12:17:45.855796,6.847938278763614,6.675997843244978,67.518550577358,62.875204392675684,58.08723457859738,57.908099074435924,58.05165839515001,67.51855000786252,62.87520415768759,0.0,0.0,301.98149801752686,1.0,190.46709262283912,1.0,78.59148999386889,1.0,0
153,2025-01-16 12:17:54.036310,6.937399283573929,6.739864018042011,67.53748344992498,62.912972261143345,58.17778230205951,57.97107312040303,58.14307658239976,67.53748288276854,62.91297202679988,0.0,0.0,300.9836050617124,1.0,189.6847959983461,1.0,78.37589543214563,1.0,0
154,2025-01-16 12:18:01.945086,7.025084789698238,6.804447546621389,67.55622794787445,62.95101962208824,58.266459440352975,58.03494086860999,58.23253254676034,67.55622738301012,62.95101938840667,0.0,0.0,299.99564074737566,1.0,188.91820278895466,1.0,78.15452363615805,1.0,0
155,2025-01-16 12:18:10.609485,7.111142751294418,6.869610412805907,67.57479625830052,62.98927866603685,58.35343362547889,58.09952567879781,58.32021350818639,67.57479569568589,62.98927843303181,0.0,0.0,299.0169627306092,1.0,188.16579480471773,1.0,77.92826118247831,1.0,0
156,2025-01-16 12:18:18.396393,6.970096402896392,6.841617915174861,58.17775592528826,58.08945277960471,58.39311211901706,58.16459407408311,58.40582136609968,58.177755999282354,58.08945280405047,0.0,0.0,0.0,0.0,-24.747237848714576,1.0,-8.175852693739216,1.0,0
157,2025-01-16 12:18:27.117013,6.846912608037186,6.811075188965737,58.098797058733865,58.04495962731893,58.255452662475484,58.13659871298341,58.2648463032182,58.098797121045465,58.04495965453018,0.0,0.0,0.0,0.0,-20.84003984634819,1.0,-9.100769356678029,1.0,0
158,2025-01-16 12:18:35.651235,6.732005048441742,6.77225623279112,58.005096581716614,57.9721741832273,58.13420089794032,58.106045251789624,58.14169273421912,58.0050966378485,57.97217421661825,0.0,0.0,0.0,0.0,-18.773244428871294,1.0,-11.167561876845866,1.0,0
159,2025-01-16 12:18:43.836161,6.630694622009229,6.71984014369331,57.913398820000566,57.89388082553947,58.02202835327796,58.067204023229266,58.02683091612696,57.91339887113539,57.89388086392747,0.0,0.0,0.0,0.0,-17.101980952247686,1.0,-12.838822456160415,1.0,0
160,2025-01-16 12:18:52.723771,6.533751592062743,6.663056663015407,57.825432107948465,57.81295628439894,57.92147794067774,58.01477959277237,57.92553413620493,57.82543215579446,57.81295632607576,0.0,0.0,0.0,0.0,-16.002037849034423,1.0,-13.938762662064619,1.0,0
161,2025-01-16 12:19:00.534115,6.439857509913036,6.603224240085881,57.738852932000725,57.73109224990761,57.82503063746329,57.95798995343928,57.82860032865033,57.738852977126264,57.73109229430488,0.0,0.0,0.0,0.0,-15.092184295895095,1.0,-14.848613317894888,1.0,0
162,2025-01-16 12:19:08.226919,6.348340836516115,6.541014412541472,57.65335590712437,57.64879321632703,57.731503009373995,57.89815253864274,57.73471326315659,57.65335594992835,57.64879326304588,0.0,0.0,0.0,0.0,-14.315737338392864,1.0,-15.625063172706177,1.0,0
163,2025-01-16 12:19:17.631486,6.2587628182683535,6.476865920084012,57.56878410724185,57.56634898471833,57.64027199574412,57.83593851796022,57.643202197677496,57.56878414803602,57.566349033446976,0.0,0.0,0.0,0.0,-13.643564533936114,1.0,-16.297235977162927,1.0,0
164,2025-01-16 12:19:25.545159,6.170805783582986,6.411096447882649,57.4850273206813,57.48393843569095,57.550923697954104,57.77178643554296,57.55362878981949,57.48502735972038,57.48393848617469,0.0,0.0,0.0,0.0,-13.056572615823825,1.0,-16.884224997966157,1.0,0
165,2025-01-16 12:19:33.913305,6.084225511589977,6.343950220756412,57.40199796083732,57.401671541137254,57.463155198662356,57.706013854428804,57.46567561451837,57.40199799833441,57.401671593162966,0.0,0.0,0.0,0.0,-12.540857397880245,1.0,-17.399937318600678,1.0,0
166,2025-01-16 12:19:41.228222,5.99882749369435,6.275621742540842,57.31962347999628,57.319608302217766,57.37673197830171,57.6388649138787,57.379098615216115,57.31962351613188,57.31960835560497,0.0,0.0,0.0,0.0,-12.085507614187918,1.0,-17.855287102293005,1.0,0
167,2025-01-16 12:19:49.072362,5.914448993158705,6.2062737397688235,57.23780831586633,57.23790557093244,57.29146577908506,57.57053406335702,57.29370338871604,57.23780835080595,57.23790562551562,0.0,0.0,0.0,0.0,-11.685513817383253,1.0,-18.25528089909767,1.0,0
168,2025-01-16 12:19:57.927957,6.052998250727163,6.244507796921404,67.39322103571591,62.72026994888998,57.266320816295554,57.50130284692153,57.2097599204519,67.39322044391281,62.720269707541384,0.0,0.0,308.58722920373117,1.0,197.92784887840753,1.0,80.71875225141412,1.0,0
169,2025-01-16 12:20:06.449213,6.166383251030967,6.277482739865411,67.34595195662376,62.51383615238029,57.39721592532403,57.5395299267716,57.348212759416505,67.34595137046549,62.51383591720831,0.0,0.0,311.0786356655365,1.0,196.03994491149024,1.0,78.6529911732714,1.0,0
170,2025-01-16 12:20:14.663101,6.2744398974022655,6.314677394173266,67.36559079559596,62.539237930956666,57.5078646839716,57.57251039854621,57.461579465237136,67.36559021233911,62.53923769597821,0.0,0.0,310.04353341143326,1.0,195.0695665721014,1.0,78.58826818619491,1.0,0
171,2025-01-16 12:20:21.796279,6.3724912678716175,6.360815084950169,67.38440777195366,62.5660000053696,57.61097887824042,57.60971861648091,57.56960379777288,67.38440719139528,62.56599977065812,0.0,0.0,309.0517489851314,1.0,194.16706638935466,1.0,78.49897891560431,1.0,0
172,2025-01-16 12:20:29.858250,6.463607095083522,6.4128613065183036,67.40260054583189,62.59627128107625,57.70575494520378,57.65586661427059,57.66763434679507,67.40259996773428,62.596271046771044,0.0,0.0,308.0928643343421,1.0,193.34406257257797,1.0,78.36309801803054,1.0,0
173,2025-01-16 12:20:38.330458,6.55140497580621,6.467218337924428,67.42044140882928,62.62889609110787,57.79534764133013,57.707917151103594,57.75874067309993,67.42044083304536,62.62889585730057,0.0,0.0,307.15252781394594,1.0,192.57024926901067,1.0,78.19657517984524,1.0,0
174,2025-01-16 12:20:47.055315,6.6366497052948725,6.523136018778251,67.43802288692034,62.662375238501845,57.88199316498931,57.762277189858985,57.84653145042828,67.43802231337092,62.66237500523076,0.0,0.0,306.22586266697476,1.0,191.82292316486382,1.0,78.01724044099956,1.0,0
175,2025-01-16 12:20:54.406296,6.71974653941787,6.580221627907558,67.45538246979443,62.696407120926025,57.96628147811129,57.818197167651384,57.93177034163083,67.45538189841756,62.696406888218156,0.0,0.0,305.3108929282487,1.0,191.09631861510934,1.0,77.82887189250687,1.0,0
176,2025-01-16 12:21:03.698948,6.800966135968028,6.638215694294999,67.47254395379169,62.730835828601435,58.048552249082014,57.875284591253845,58.01486217718039,67.47254338453507,62.73083559647783,0.0,0.0,304.40636436653165,1.0,190.387202222837,1.0,77.63346578030905,1.0,1
177,2025-01-16 12:21:14.390775,6.88050601797677,6.69693091090733,67.4895242107607,62.765559258872045,58.129040498268196,57.93328011534254,58.09607738370547,67.48952364357869,62.76555902734984,0.0,0.0,303.5113877190433,1.0,189.69335464930737,1.0,77.43232879079187,1.0,1
178,2025-01-16 12:21:26.473126,6.958519009645942,6.756223927538314,67.50633660848004,62.80050386717812,58.207921974863204,57.99199651095459,58.17561334301494,67.5063360433319,62.80050363627157,0.0,0.0,302.62525841166354,1.0,189.01313022297472,1.0,77.22642283056302,1.0,1
179,2025-01-16 12:21:37.999227,7.035128141142381,6.815980605854593,67.52299175226409,62.8356150234263,58.28533500167652,58.051290480793654,58.253622785295015,67.52299118911289,62.83561479314754,0.0,0.0,301.74741747118395,1.0,188.34525412785297,1.0,77.01646063765111,1.0,1
180,2025-01-16 12:21:48.541062,7.110435329643279,6.876107420142043,67.53949817690848,62.870847619857585,58.361392345800674,58.11104792458296,58.33022867422056,67.53949761572046,62.87084739021694,0.0,0.0,300.87741505501225,1.0,187.6886717434445,1.0,76.80304485234046,1.0,1
181,2025-01-16 12:21:59.267796,7.1996254135949,6.9434710201047976,67.60902964798242,63.08166250496688,58.43910133863366,58.171190509465816,58.405572858615436,67.60902908706443,63.08166227142925,0.0,0.0,297.21262700202954,1.0,187.59836262006502,1.0,78.10638194882813,1.0,1
182,2025-01-16 12:22:10.897625,7.062618586442983,6.918704387593473,58.272134241192475,58.18059700664032,58.48205776591063,58.23845799627044,58.49432086658707,58.27213431417275,58.18059702786895,0.0,0.0,0.0,0.0,-24.408168666809615,1.0,-7.099890617610072,1.0,1
183,2025-01-16 12:22:21.489910,6.932795622572342,6.886753889701548,58.17394582769479,58.11408975122645,58.34697012571367,58.213683514147455,58.35734295108882,58.173945893441484,58.114089779688655,0.0,0.0,0.0,0.0,-21.98890691033739,1.0,-9.519152374082296,1.0,1
184,2025-01-16 12:22:33.381880,6.81113475977694,6.846641294375675,58.07536440408398,58.03784401110363,58.219148193255954,58.181722078818915,58.22755121922059,58.07536446357657,58.037844045819924,0.0,0.0,0.0,0.0,-19.897226505349863,1.0,-11.610824087142646,1.0,1
185,2025-01-16 12:22:45.275374,6.7036403780623095,6.792362225146326,57.97879399635256,57.955942916986984,58.10049747393818,58.141585596223564,58.105940432241674,57.97879405072343,57.955942956825005,0.0,0.0,0.0,0.0,-18.18427364867148,1.0,-13.32377984113009,1.0,1
186,2025-01-16 12:22:56.704612,6.600899957995669,6.733329201862642,57.88598031917694,57.871044208236206,57.993878713473606,58.08729715683439,57.99846166642089,57.88598037012564,57.87104425149639,0.0,0.0,0.0,0.0,-17.039732267107865,1.0,-14.468318325384644,1.0,1
187,2025-01-16 12:23:07.394477,6.5014145766254865,6.671041137112082,57.79463973739194,57.785066477633805,57.89169804388774,58.028257333231025,57.895731590568744,57.7946397855096,57.785066523725014,0.0,0.0,0.0,0.0,-16.09289746113518,1.0,-15.41515023404827,1.0,1
188,2025-01-16 12:23:17.994994,6.404459210847127,6.606223059000588,57.70442612546197,57.698560443181435,57.79262516843633,57.96596376896687,57.796254053110886,57.70442617115597,57.6985604916963,0.0,0.0,0.0,0.0,-15.282305716368683,1.0,-16.225739081505708,1.0,1
189,2025-01-16 12:23:29.522448,6.309567883989158,6.5393409539592495,57.6151735509985,57.611841328828774,57.69599155703319,57.90114106625642,57.69930495866118,57.61517359458629,57.61184137944985,0.0,0.0,0.0,0.0,-14.57788586208153,1.0,-16.93015893579286,1.0,1
190,2025-01-16 12:23:40.010705,6.216405772725222,6.470729627185431,57.526768155497244,57.525105963633095,57.60135951293352,57.83425499194047,57.60441879722182,57.52676819723833,57.52510601610088,0.0,0.0,0.0,0.0,-13.960257797975828,1.0,-17.547789897207622,1.0,1
191,2025-01-16 12:23:52.050247,6.124716320630167,6.400645643583857,57.439121008444694,57.43847973273541,57.508410777523444,57.765640216881465,57.51126102112236,57.43912104855673,57.43847978683226,0.0,0.0,0.0,0.0,-13.415421726676868,1.0,-18.09262886581564,1.0,1
192,2025-01-16 12:24:03.617221,6.034295295610216,6.329293237313756,57.352157840484175,57.352038122610786,57.416899593314575,57.695553213280625,57.41957525575813,57.35215787915241,57.35203817815144,0.0,0.0,0.0,0.0,-12.932544609611796,1.0,-18.575505982880713,1.0,1
193,2025-01-16 12:24:14.448156,5.942707739854912,6.256063018209807,57.261379697237764,57.261359276791524,57.3264544634162,57.62419625152547,57.32915084178725,57.261379736013254,57.26135933399775,0.0,0.0,0.0,0.0,-12.968416193075427,1.0,-19.13255710917383,1.0,1
194,2025-01-16 12:24:24.868799,5.852154798206045,6.18179818583956,57.17365526726736,57.173744740907594,57.23500904799095,57.55096347947726,57.23756629360053,57.17365530482946,57.17374479932721,0.0,0.0,0.0,0.0,-12.562601702370557,1.0,-19.5383715998787,1.0,1
195,2025-01-16 12:24:37.024117,5.76249870025935,6.106636508742578,57.086372724329614,57.08677775272769,57.144576546754756,57.47669640944583,57.1470159354579,57.08637276083779,57.08677781220122,0.0,0.0,0.0,0.0,-12.210117979520874,1.0,-19.890852425419325,1.0,1
196,2025-01-16 12:24:48.051688,5.67362516313761,6.030692283876899,56.99951033198376,57.000355187786916,57.05502343020047,57.401532761181144,57.05736207389498,56.99951036757073,57.00035524818163,0.0,0.0,0.0,0.0,-11.902021031460208,1.0,-20.198940681552813,1.0,1
197,2025-01-16 12:24:59.201543,5.809852944119155,6.064288233579286,67.32003059244474,62.53784850340592,57.0262476891264,57.325715191761574,56.968926510837534,67.32002999539554,62.537848262228,0.0,0.0,312.4448703258002,1.0,199.68239550394173,1.0,80.66166946832709,1.0,1
198,2025-01-16 12:25:11.375942,5.941203422687197,6.101463742769215,67.34301926971654,62.56535262062167,57.15977615879441,57.35931586447532,57.105134614725856,67.34301867613786,62.565352379596106,0.0,0.0,311.23320849097456,1.0,198.52168713782703,1.0,80.61071449390056,1.0,1
199,2025-01-16 12:25:22.840922,6.067182817127352,6.142738060588702,67.36555690543202,62.5941221855315,57.28822340608712,57.39649728104885,57.23646413564163,67.36555631519474,62.59412194471631,0.0,0.0,310.04531965679746,1.0,197.40416026593266,1.0,80.54035624070366,1.0,1
200,2025-01-16 12:25:34.178171,6.186407763200293,6.189526637636357,67.38752610665523,62.62431101644875,57.41065498752536,57.437780366290795,57.36241823508312,67.38752551960246,62.62431077591123,0.0,0.0,308.8873912406033,1.0,196.33910366110285,1.0,80.44748879342478,1.0,1
201,2025-01-16 12:25:44.657592,6.293371983509203,6.24739217711225,67.40849578068136,62.656279186000056,57.523736111319955,57.4845893428176,57.481600319465535,67.40849519656142,62.656278945834444,0.0,0.0,307.78214480098364,1.0,195.35822547368298,1.0,80.32310731550751,1.0,1
202,2025-01-16 12:25:55.828875,6.39609684597784,6.3083378121681335,67.42903131150364,62.69270951649611,57.62866546158468,57.5424612035225,57.5885506450392,67.42903073008179,62.69270927686864,0.0,0.0,306.69978070229973,1.0,194.45585277253485,1.0,80.14312357943254,1.0,1
203,2025-01-16 12:26:06.039947,6.495717795134336,6.371245162516079,67.44926454902556,62.73028065297393,57.72992973827201,57.60341100912744,57.69126563802278,67.4492639702044,62.73028041393443,0.0,0.0,305.6333495453251,1.0,193.58605161983178,1.0,79.94648031626639,1.0,1
204,2025-01-16 12:26:17.757704,6.592776014846716,6.435587367714097,67.46924431945268,62.768545498543354,57.82836358947411,57.6663214819811,57.79087863416116,67.46924374315903,62.76854526012499,0.0,0.0,304.58027785229524,1.0,192.7407327286801,1.0,79.73874035940298,1.0,1
205,2025-01-16 12:26:28.738167,6.663160699520924,6.489735852535596,67.40254233662806,62.519020025109306,57.91956928238789,57.730642817903636,57.88786471766604,67.40254176545044,62.51901979472519,0.0,0.0,308.095932360827,1.0,191.02968050674463,1.0,77.05169481312169,1.0,1
206,2025-01-16 12:26:39.136111,6.732270973603837,6.544313388043279,67.41751736683437,62.55113411756458,57.98941408599934,57.78479211922747,57.958246450842836,67.41751679744368,62.551133887753565,0.0,0.0,307.3066449928847,1.0,190.4320467724574,1.0,76.86002333230135,1.0,1
207,2025-01-16 12:26:50.242979,6.80020365289272,6.599230883055377,67.43235574645207,62.583363852257634,58.05802928633815,57.839370305549075,58.02735403854035,67.43235517881732,62.58336362302906,0.0,0.0,306.5245600533796,1.0,189.84477381536635,1.0,76.665225655006,1.0,1
208,2025-01-16 12:27:02.094788,6.636679185406709,6.557304914468638,57.81684915048643,57.72942507985471,58.07904837978238,57.8941963575276,58.094781020140914,57.81684923277687,57.72942511720808,0.0,0.0,0.0,0.0,-27.521938583277006,1.0,-12.492791040585871,1.0,1
209,2025-01-16 12:27:13.606370,6.481512797222671,6.507020874215384,57.691989227114306,57.63200790173797,57.91802777240781,57.852256569660675,57.931295685633096,57.69198930306814,57.632007945427944,0.0,0.0,0.0,0.0,-25.402670001426486,1.0,-14.61205962243639,1.0,1
210,2025-01-16 12:27:25.019405,6.342198833737752,6.440884410462007,57.56965145005112,57.52910842920108,57.76706895265586,57.80194056633517,57.77619868418161,57.56965152065068,57.529108478245334,0.0,0.0,0.0,0.0,-23.611938883050243,1.0,-16.402793638121693,1.0,1
211,2025-01-16 12:27:36.073273,6.209045271275903,6.368587545859356,57.451112444140925,57.42228003121968,57.6291951597343,57.73578970165669,57.63690995929043,57.4511125109186,57.4222800840858,0.0,0.0,0.0,0.0,-22.333715661488895,1.0,-17.681011065064922,1.0,1
212,2025-01-16 12:27:46.712084,6.079920950642035,6.292261448626918,57.33433642508402,57.31388916768077,57.496923432297926,57.66348283008321,57.50377237675501,57.33433648865863,57.31388922374995,0.0,0.0,0.0,0.0,-21.262453020653993,1.0,-18.752270808590765,1.0,1
213,2025-01-16 12:27:57.176717,5.953929706676936,6.212802266911628,57.218846248409506,57.20461740037081,57.368451661550175,57.587148633474264,57.374660192515776,57.21884630919087,57.20461745923324,0.0,0.0,0.0,0.0,-20.32825627679813,1.0,-19.686473347064748,1.0,1
214,2025-01-16 12:28:07.919377,5.830517180766252,6.1307643653554695,57.104449081243324,57.094850591438124,57.24297550344669,57.50768257735289,57.24867874633492,57.1044491395513,57.094850652773964,0.0,0.0,0.0,0.0,-19.501033978031046,1.0,-20.51369854314089,1.0,1
215,2025-01-16 12:28:18.617248,5.709291835312614,6.0465392880656115,56.991022450474205,56.984842292161964,57.11998421902697,57.425638698998995,57.125274395183524,56.99102250657261,56.984842355707336,0.0,0.0,0.0,0.0,-18.762046329356963,1.0,-21.252674602578736,1.0,1
216,2025-01-16 12:28:29.503731,5.589955270925305,5.960425436302741,56.87847439545731,56.87476703551631,56.99911102011752,57.34140835274971,57.00405600888813,56.87847444957033,56.874767101047084,0.0,0.0,0.0,0.0,-18.0980323472113,1.0,-21.916691482033457,1.0,1
217,2025-01-16 12:28:41.199141,5.489038272880559,5.878520028325466,56.80543262992481,56.80545274581173,56.88161498569526,57.255306104415034,56.88478238890263,56.805432672144285,56.80545281005882,0.0,0.0,0.0,0.0,-14.120252998850447,1.0,-21.48736243100302,1.0,1
218,2025-01-16 12:28:52.585932,5.389089831130084,5.795646073933281,56.7084166192737,56.708684130503926,56.78084155388539,57.17339806988516,56.783868451210395,56.70841666035575,56.70868419588844,0.0,0.0,0.0,0.0,-13.739845011286889,1.0,-21.867773315875638,1.0,1
219,2025-01-16 12:29:02.822360,5.289994267611206,5.711919244496611,56.61183273909126,56.612519512609076,56.68101707828963,57.090521780856925,56.683922683468005,56.611832779170335,56.61251957899654,0.0,0.0,0.0,0.0,-13.404397465706097,1.0,-22.203209272220192,1.0,1
220,2025-01-16 12:29:13.157053,5.191653670639325,5.627437445198591,56.51566104385433,56.5168644583711,56.58202932624892,57.00679286780621,56.58482947067718,56.515661083044094,56.51686452564788,0.0,0.0,0.0,0.0,-13.106971306910964,1.0,-22.500638328324385,1.0,1
221,2025-01-16 12:29:23.945681,5.0939841666271795,5.542284563858493,56.419876627543786,56.421649359780524,56.48378304261532,56.92230920304347,56.48649095041175,56.41987666594181,56.421649427849026,0.0,0.0,0.0,0.0,-12.842171745433006,1.0,-22.765432095184224,1.0,1
222,2025-01-16 12:29:34.989090,4.996913224077917,5.45653311456885,56.3244527490463,56.32681838670648,56.38619644773346,56.83715464720768,56.38882328842929,56.32445278673711,56.326818455482204,0.0,0.0,0.0,0.0,-12.605647023065103,1.0,-23.001959714861187,1.0,1
223,2025-01-16 12:29:45.948072,5.131226450388279,5.484299692088881,67.13826830903834,62.08019439447916,56.35181627238959,56.75154921008823,56.292206775222546,67.13826769672573,62.080194150404985,0.0,0.0,322.02499619430677,1.0,204.78722807638405,1.0,81.63031811420751,1.0,1
224,2025-01-16 12:29:57.320373,5.261088189196955,5.515279185127021,67.16020902750165,62.10463827201293,56.48361874221296,56.77931940524382,56.42650223767736,67.16020841856447,62.10463802802104,0.0,0.0,320.86856901599054,1.0,203.65832057450461,1.0,81.60279657545289,1.0,1
225,2025-01-16 12:30:08.249101,5.38626624768646,5.5497257140836185,67.18176111655484,62.13023987912061,56.610892301870386,56.810303177422846,56.55634583815365,67.18176051088095,62.13023963526191,0.0,0.0,319.73262528779077,1.0,202.5669158410892,1.0,81.55825624328372,1.0,1
226,2025-01-16 12:30:18.566170,5.506318668693973,5.588105471313164,67.2028837851605,62.15708589818766,56.73330126405849,56.844755026992644,56.68150470072216,67.20288318262708,62.15708565451726,0.0,0.0,318.6193149786955,1.0,201.51658915551707,1.0,81.49527743626095,1.0,1
227,2025-01-16 12:30:28.924865,5.62008874662591,5.631604895472613,67.22347991222637,62.18532213360014,56.85004996671581,56.88314243473587,56.801534528477845,67.22347931268725,62.18532189018128,0.0,0.0,317.53375704006925,1.0,200.51515166301215,1.0,81.41115117041409,1.0,1
228,2025-01-16 12:30:39.649169,5.721809148117002,5.686046207807502,67.24310369234931,62.21520794216219,56.957763968322446,56.92666090233182,56.915264186217186,67.24310309556462,62.21520769908145,0.0,0.0,316.4994484911751,1.0,199.5939348637421,1.0,81.29806630051917,1.0,1
229,2025-01-16 12:30:50.971252,5.816703261556215,5.7425109287737595,67.25321746302241,62.21882267513177,57.05687872566415,56.981106130714736,57.01696340871478,67.25321686903169,62.21882243331537,0.0,0.0,315.96638302656106,1.0,198.65949474592526,1.0,80.87520983792729,1.0,1
230,2025-01-16 12:31:02.069954,5.90863985922009,5.800892387741088,67.27165413271861,62.25364333699548,57.15038440284114,57.03757467267036,57.11184873603703,67.27165354109322,62.253643095719255,0.0,0.0,314.994643384124,1.0,197.86841348036432,1.0,80.69454813153243,1.0,1
231,2025-01-16 12:31:13.622313,5.998160985867381,5.860662067620653,67.28985127249024,62.28915693220246,57.24120387495822,57.09595896768498,57.203778334939805,67.28985068316078,62.289156691498036,0.0,0.0,314.03552862064345,1.0,197.10053966036867,1.0,80.50330834976194,1.0,1
232,2025-01-16 12:31:24.698410,6.085598010418919,5.921500516844152,67.30783716586184,62.325152885290464,57.32977324025581,57.155730869333425,57.29329355048056,67.30783657877116,62.32515264518171,0.0,0.0,313.0875479993163,1.0,196.3517822855465,1.0,80.30408937884204,1.0,1
233,2025-01-16 12:31:34.917547,6.171184362454212,5.983185113220433,67.32563168421588,62.36150507549228,57.41637454612298,57.216571101257564,57.380725425554566,67.3256310993147,62.361504835998346,0.0,0.0,312.1496541612425,1.0,195.61950480465384,1.0,80.09846445759194,1.0,1
234,2025-01-16 12:31:45.654229,6.021093342544628,5.946221777184228,57.225946837944235,57.147703395898496,57.45225616610287,57.27815777225753,57.46582376983831,57.22594691394718,57.14770342882655,0.0,0.0,0.0,0.0,-25.41909484648386,1.0,-11.012749961878399,1.0,1
235,2025-01-16 12:31:56.435849,5.8790972613477,5.901163498975985,57.11209406141382,57.05999089877676,57.30442598640516,57.24118232312361,57.31576793795092,57.112094131025465,57.05999093809612,0.0,0.0,0.0,0.0,-23.281532655232695,1.0,-13.150312153129562,1.0,1
236,2025-01-16 12:32:06.966803,5.752328899419003,5.840877515723554,57.000408767233175,56.96643843106333,57.166175453377946,57.19609584983416,57.173833516457115,57.00040883147613,56.96643847575135,0.0,0.0,0.0,0.0,-21.485980414581718,1.0,-14.945855701853361,1.0,1
237,2025-01-16 12:32:17.932191,5.631527551098632,5.774624515462342,56.892456010022855,56.86904519408848,57.04069048543862,57.135796945678486,57.0470876842357,56.89245607050284,56.869045242539485,0.0,0.0,0.0,0.0,-20.22745889462385,1.0,-16.204380119120287,1.0,1
238,2025-01-16 12:32:29.296547,5.514563092050512,5.704534628378525,56.786241259673375,56.77018247234939,56.92065847484303,57.069535091204784,56.92630033256028,56.78624131704095,56.770182523912794,0.0,0.0,0.0,0.0,-19.186516593094893,1.0,-17.245319523340186,1.0,1
239,2025-01-16 12:32:39.892895,5.400556472915883,5.631486901913111,56.68127574573027,56.670530549056714,56.80425691831334,56.9994380897263,56.80934640029283,56.68127580040862,56.67053060330934,0.0,0.0,0.0,0.0,-18.28711073642353,1.0,-18.14472538001155,1.0,1
240,2025-01-16 12:32:50.296762,5.288967820350103,5.556021217657289,56.5773664841499,56.57046773084133,56.690690776944855,56.92638436188409,56.69534821568849,56.57736653646638,56.570467787455804,0.0,0.0,0.0,0.0,-17.49718549717727,1.0,-18.93464482463969,1.0,1
241,2025-01-16 12:33:01.080100,5.204902973408773,5.487556731743493,56.52756526385814,56.52759541624331,56.58159631398654,56.85093559603595,56.58384456839231,56.52756529892893,56.52759546999816,0.0,0.0,0.0,0.0,-11.72938197385065,1.0,-17.97824600146214,1.0,1
242,2025-01-16 12:33:12.150074,5.121760929844211,5.418169433448455,56.446669187242016,56.446949240475895,56.49764812606499,56.78246896052527,56.499782215431736,56.446669221228795,56.44694929531475,0.0,0.0,0.0,0.0,-11.366838793946954,1.0,-18.340789181365835,1.0,1
243,2025-01-16 12:33:22.014748,5.039414845500731,5.3479861826764665,56.36619699676147,56.366869453559765,56.414604484316335,56.713079788459666,56.41664230418091,56.36619702981157,56.36686950933529,0.0,0.0,0.0,0.0,-11.053570149215375,1.0,-18.654057826097414,1.0,1
244,2025-01-16 12:33:33.432970,4.957759886324274,5.277111799369427,56.286121778216945,56.28725868587064,56.33234216644455,56.642894895918204,56.334298057124826,56.28612181045219,56.28725874246103,0.0,0.0,0.0,0.0,-10.781037669858051,1.0,-18.92658740814568,1.0,1
245,2025-01-16 12:33:44.862882,4.876708173041977,5.205634180097705,56.20641293015999,56.20804578970559,56.250759045703525,56.57201906844242,56.25264469082777,56.206412961682695,56.208045847008485,0.0,0.0,0.0,0.0,-10.542731102418657,1.0,-19.164888180966955,1.0,1
246,2025-01-16 12:33:54.780027,4.796185198304562,5.133627819858406,56.127039115725815,56.12917441482772,56.16976931646308,56.50054017477462,56.17159436540735,56.12703914662301,56.12917447275614,0.0,0.0,0.0,0.0,-10.333530901789345,1.0,-19.374091278905325,1.0,1
247,2025-01-16 12:34:05.225956,4.716127283068045,5.06115640608063,56.04797036820217,56.05059902637402,56.089300100721466,56.42853268703048,56.09107260498372,56.04797039854841,56.0505990848534,0.0,0.0,0.0,0.0,-10.149262045615615,1.0,-19.558360135079056,1.0,1
248,2025-01-16 12:34:16.277431,4.636479594135326,4.988274761433611,55.96917827838812,55.9722815863132,56.00928901419826,56.35606027353193,56.01101575591004,55.96917830824773,55.972281645279196,0.0,0.0,0.0,0.0,-9.986511503825568,1.0,-19.721107779560043,1.0,1
249,2025-01-16 12:34:27.326125,4.788588213484993,5.029720293966056,67.11734269724765,62.054431540284696,55.995889066746685,56.283308557824235,55.931849214925485,67.11734207473887,62.05443128546803,0.0,0.0,323.1279202502399,1.0,208.1973260715131,1.0,85.22313490516353,1.0,1
250,2025-01-16 12:34:38.155101,4.93531868205522,5.0751202866902005,67.14256241420664,62.08647667906615,56.144865776234965,56.324760301804744,56.083933994559224,67.14256179544797,62.08647642447383,0.0,0.0,321.798667237419,1.0,206.94310415819928,1.0,85.14810039514487,1.0,1
251,2025-01-16 12:34:50.168266,5.075905143373736,5.125268803478086,67.16728242019634,62.11989670775814,56.28810681986725,56.37016839050762,56.23063812938468,67.16728180504725,62.119896453451986,0.0,0.0,320.4957524389608,1.0,205.73588818706412,1.0,85.05239358498784,1.0,1
252,2025-01-16 12:35:01.663358,5.204835584765787,5.185731551900978,67.19105147410691,62.154768560488726,56.42233275274931,56.42033681923313,56.371177278478626,67.19105086233812,62.15476830654811,0.0,0.0,319.2429593733643,1.0,204.60535239749333,1.0,84.93014162922918,1.0,1
253,2025-01-16 12:35:12.430803,5.339923481056128,5.259611081902188,67.26604886942131,62.36984705595812,56.55035706168627,56.48083013412071,56.50013227733957,67.26604825928096,62.369846798343815,0.0,0.0,315.2900794168801,1.0,204.06071624051947,1.0,86.15880058471248,1.0,1
254,2025-01-16 12:35:22.854039,5.47053571920083,5.336538913358132,67.29133369915996,62.415278147261,56.6831130085294,56.5547173317301,56.63520222795013,67.29133309233146,62.41527789031959,0.0,0.0,313.9573945115166,1.0,202.95308078175367,1.0,85.9337521035286,1.0,1
255,2025-01-16 12:35:33.756195,5.597643090600833,5.415561778863821,67.31630774490424,62.461793526576535,56.81193438904757,56.63165058366557,56.765800771362855,67.31630714129052,62.461793270356054,0.0,0.0,312.6410900659952,1.0,201.87789518445243,1.0,85.69263804361071,1.0,1
256,2025-01-16 12:35:44.191799,5.721771422650206,5.496169085146175,67.34101231736335,62.50902465256134,56.937544231227356,56.71067763165026,56.89289675331634,67.34101171688744,62.50902439709631,0.0,0.0,311.3389887210387,1.0,200.82846087007056,1.0,85.43997530978231,1.0,1
257,2025-01-16 12:35:54.661723,5.8432646100500065,5.578030663679411,67.3654736873812,62.55677523716197,57.06036675897893,56.79128829874445,57.01701520260656,67.36547308997747,62.556774982479716,0.0,0.0,310.04970582199473,1.0,199.8009707745041,1.0,85.17818025779889,1.0,1
258,2025-01-16 12:36:05.809931,5.962373676900897,5.660908129134152,67.38971104544767,62.60492006931186,57.18069383219839,56.87315263166752,57.13849960454244,67.38971045105822,62.604919815434954,0.0,0.0,308.7722298976984,1.0,198.79284629269023,1.0,84.90883192109777,1.0,1
259,2025-01-16 12:36:17.129952,6.079293259548324,5.744618654614005,67.41373936228834,62.653370131814484,57.29874481791563,56.9560323773792,57.25760073400276,67.41373877086104,62.65336987876216,0.0,0.0,307.50577188766385,1.0,197.80216361141356,1.0,84.63305155828493,1.0,1
260,2025-01-16 12:36:27.217809,5.95934595178073,5.735844553690717,57.1612690065789,57.03760874034003,57.36339367635345,57.03961674865797,57.3740551930286,57.16126907808247,57.037608743797755,0.0,0.0,0.0,0.0,-23.914284672628128,1.0,-1.1564319379431254,1.0,1
261,2025-01-16 12:36:37.406776,5.84647626342309,5.719992828076767,57.08776235441463,57.00920909544142,57.24521371651111,57.03083885410396,57.254133245107155,57.087762416896936,57.00920910792041,0.0,0.0,0.0,0.0,-20.897134218671454,1.0,-4.173585289208859,1.0,1
262,2025-01-16 12:36:47.991807,5.740548870416128,5.697198809913635,57.01031845747907,56.962542636127836,57.13393648765941,57.01498165980806,57.14128714961145,57.01031851231014,56.962542656258066,0.0,0.0,0.0,0.0,-18.338187397830552,1.0,-6.73253211004976,1.0,1
263,2025-01-16 12:36:58.384315,5.642153812765949,5.666872458939759,56.93161635801666,56.90429966680755,57.02957630245849,56.99217985896594,57.03538390447912,56.93161640637519,56.90429969341032,0.0,0.0,0.0,0.0,-16.173451344911882,1.0,-8.897265265659371,1.0,1
264,2025-01-16 12:37:09.818391,5.556805725723612,5.623499136586475,56.85417462821689,56.839446366131874,56.93349086838727,56.96183569365032,56.93702705376791,56.85417467136544,56.8394463979446,0.0,0.0,0.0,0.0,-14.430983600846048,1.0,-10.639727215107087,1.0,1
265,2025-01-16 12:37:21.402098,5.45387144345172,5.566940753089099,56.73673528281614,56.71942249122214,56.84687639060592,56.9184390294674,56.851626389068294,56.73673533433394,56.71942253258499,0.0,0.0,0.0,0.0,-17.230068088451844,1.0,-13.833758387136186,1.0,1
266,2025-01-16 12:37:32.890533,5.354631041655793,5.5066884908827545,56.64614987391572,56.63499248224169,56.74458556521687,56.86187317400945,56.74870384305751,56.64614992240091,56.634992526637156,0.0,0.0,0.0,0.0,-16.215815797977484,1.0,-14.848010677610546,1.0,1
267,2025-01-16 12:37:43.259252,5.258155592744499,5.443671268738319,56.556791628145106,56.54985726956374,56.64579930573171,56.80161505638025,56.649471986468626,56.556791674064854,56.549857316524665,0.0,0.0,0.0,0.0,-15.357803795836844,1.0,-15.706025577060245,1.0,1
268,2025-01-16 12:37:53.566682,5.163896867266231,5.378437327805014,56.46844933477094,56.46440676720463,56.54967079174887,56.7385929787128,56.55300323964615,56.46844937847608,56.46440681638014,0.0,0.0,0.0,0.0,-14.617132810599287,1.0,-16.446693664988743,1.0,1
269,2025-01-16 12:38:04.311715,5.071475272658031,5.311366257413015,56.38099274203552,56.37887788227953,56.455687913336774,56.673354905495984,56.45874996777238,56.38099278380796,56.378877933387756,0.0,0.0,0.0,0.0,-13.970743159461563,1.0,-17.093083316126467,1.0,1
270,2025-01-16 12:38:14.851777,4.980606883473023,5.2427419854239155,56.294323954066655,56.29342020791881,56.36349122884981,56.60628026534882,56.36633291250434,56.29432399414038,56.29342026072574,0.0,0.0,0.0,0.0,-13.402609826016487,1.0,-17.661216649571543,1.0,1
271,2025-01-16 12:38:26.054101,4.891068984108285,5.1727872300519895,56.20836296975503,56.20812611527184,56.27280941108366,56.53765288020632,56.27546835958229,56.20836300832791,56.208126169579586,0.0,0.0,0.0,0.0,-12.900653928795691,1.0,-18.16316385486516,1.0,1
272,2025-01-16 12:38:37.529991,4.802681752213478,5.10168180692904,56.123043229837876,56.12304200132486,56.183428311944695,56.46769539140901,56.18593373907661,56.12304326707858,56.123042056964806,0.0,0.0,0.0,0.0,-12.455108638960155,1.0,-18.608712042009756,1.0,1
273,2025-01-16 12:38:48.339889,4.715290560463288,5.029580339171004,56.03825304999259,56.038398310534184,56.09517338173444,56.39658757152647,56.09754931622681,56.038253086063854,56.03839836734357,0.0,0.0,0.0,0.0,-12.063992197113294,1.0,-18.999831381165677,1.0,1
274,2025-01-16 12:38:58.244888,4.628760204977762,4.956618043836502,55.953895921096965,55.95438749750111,56.0078939591369,56.32448400951465,56.010160530349005,55.953895956156174,55.95438755532254,0.0,0.0,0.0,0.0,-11.725511168947378,1.0,-19.338309512022533,1.0,1
275,2025-01-16 12:39:08.251128,4.775932715591999,4.997085447507275,67.09875868467039,61.98740397414706,55.98662681219837,56.25165037793048,55.92410791949665,67.09875806244351,61.98740372017483,0.0,0.0,324.1074258786654,1.0,208.10304763472232,1.0,84.94071101267764,1.0,1
276,2025-01-16 12:39:18.935958,4.917748495481134,5.041530867633564,67.12318177922157,62.01860455659577,56.1307148695699,56.29212391107248,56.07125735337111,67.1231811606218,62.01860430284534,0.0,0.0,322.82016036068325,1.0,206.88996171543295,1.0,84.86653120883147,1.0,1
277,2025-01-16 12:39:29.762671,5.052509060436337,5.09045011747536,67.14404422936444,62.04078191126664,56.26883411262836,56.33657681049801,56.21304385994408,67.14404361433643,62.04078165804967,0.0,0.0,321.7205653591882,1.0,205.69539539565085,1.0,84.68811781426666,1.0,1
278,2025-01-16 12:39:40.980354,5.174684125300377,5.150670971418685,67.16678768472315,62.07459891335369,56.396838930909,56.38551763132217,56.347755380412615,67.16678707291662,62.07459866049943,0.0,0.0,320.52182841036876,1.0,204.61796728113768,1.0,84.56680748395229,1.0,1
279,2025-01-16 12:39:51.918085,5.290510144161693,5.2159872106024645,67.18899546947759,62.11288184943258,56.51575771002302,56.4457494424267,56.4699072631293,67.18899486064366,62.112881597105535,0.0,0.0,319.35132499667293,1.0,203.62379044513546,1.0,84.39048304921926,1.0,1
280,2025-01-16 12:40:02.423734,5.4025444640594555,5.283861076257729,67.21085625501576,62.15312048243118,56.629688102575706,56.511071467408605,56.585719942757464,67.21085564902329,62.15312023070779,0.0,0.0,318.1991108347734,1.0,202.67346727905533,1.0,84.18858986203759,1.0,1
281,2025-01-16 12:40:12.461930,5.5115729256879,5.3535224865706965,67.23243779493808,62.194282647633685,56.740245895535516,56.578949490398706,56.69774395866636,67.23243719170242,62.194282396554584,0.0,0.0,317.06161484266045,1.0,201.7514508224849,1.0,83.97310829536764,1.0,1
282,2025-01-16 12:40:23.224848,5.618033334942037,5.424547392770211,67.25377579861119,62.23606511039544,56.848031125644575,56.64861413261778,56.80676380556323,67.25377519806433,62.23606485999028,0.0,0.0,315.93695489044103,1.0,200.8521840366484,1.0,83.74770923978758,1.0,1
283,2025-01-16 12:40:33.323951,5.722222614073383,5.496651281634271,67.27489385383947,62.27830232205799,56.95340614830654,56.719641634000574,56.913216742021284,67.27489325592317,62.278302072350336,0.0,0.0,314.8238877381505,1.0,199.97239875692685,1.0,83.51442950356613,1.0,1
284,2025-01-16 12:40:44.466996,5.824359978788196,5.56962637112992,67.29580969600484,62.32088483629726,57.05662621765949,56.79174764256225,57.017399387852066,67.29580910066773,62.32088458730662,0.0,0.0,313.7214786088488,1.0,199.10979451992716,1.0,83.27462502734306,1.0,1
285,2025-01-16 12:40:55.566343,5.924616559881657,5.643312196068473,67.31653642027638,62.363732828766835,57.1578847414108,56.864724477376086,57.119530771355244,67.31653582747211,62.36373258050972,0.0,0.0,312.6290372968118,1.0,198.2626850917768,1.0,83.0292982800529,1.0,1
286,2025-01-16 12:41:05.864984,5.786726692694906,5.620305714704567,56.98921759743846,56.889767236120214,57.206722231213114,56.93830083437974,57.219308367655934,56.989217671830225,56.88976725542655,0.0,0.0,0.0,0.0,-24.880235923774308,1.0,-6.456980634652609,1.0,1
287,2025-01-16 12:41:16.759558,5.655955175176749,5.5901808947663945,56.8918980238944,56.826423501794544,57.070758431511706,56.9152869962627,57.08144731592865,56.8918980908294,56.826423528557626,0.0,0.0,0.0,0.0,-22.386330794006426,1.0,-8.950882867111432,1.0,1
288,2025-01-16 12:41:28.039864,5.532943002086449,5.552296730615354,56.79377065420825,56.75242536906468,56.94192141686127,56.885152279042096,56.950705720460014,56.793770714669805,56.75242540230122,0.0,0.0,0.0,0.0,-20.221293420945585,1.0,-11.115920240172272,1.0,1
289,2025-01-16 12:41:38.630654,5.432980271031629,5.503784365030695,56.71615738048446,56.69485345055575,56.82289905172067,56.84725149296474,56.827773135476725,56.71615743113751,56.69485348636738,0.0,0.0,0.0,0.0,-16.940852903530867,1.0,-11.977156947295953,1.0,1
290,2025-01-16 12:41:49.644233,5.338265065315305,5.450024485845827,56.63055822456921,56.617150299508154,56.72384861565571,56.798729649614884,56.7278265486888,56.63055827166907,56.617150338872946,0.0,0.0,0.0,0.0,-15.752492619753866,1.0,-13.165508539145776,1.0,1
291,2025-01-16 12:42:01.271166,5.2468652403133245,5.3929492240190005,56.54656838833724,56.53826629145292,56.62966598970878,56.744963357428766,56.63312115937459,56.546568432584635,56.538266333670194,0.0,0.0,0.0,0.0,-14.798489871168385,1.0,-14.119517082349375,1.0,1
292,2025-01-16 12:42:11.673278,5.157976783124066,5.33336258631249,56.46372336400848,56.4588403989399,56.53864674169544,56.68788302106891,56.54172857146627,56.46372340584978,56.45884044356327,0.0,0.0,0.0,0.0,-13.99377386917422,1.0,-14.924233084343541,1.0,1
293,2025-01-16 12:42:22.380322,5.071105496762348,5.271758783425296,56.381836451535925,56.37921379856753,56.45004957317857,56.62829217304317,56.45284580263496,56.38183649131019,56.37921384525794,0.0,0.0,0.0,0.0,-13.302455646453382,1.0,-15.615554204373439,1.0,1
294,2025-01-16 12:42:32.556753,4.985903418495497,5.208485773487164,56.30078516077662,56.29959115393491,56.363409544312546,56.566684795952426,56.36597913909033,56.30078519875676,56.299591202419435,0.0,0.0,0.0,0.0,-12.702414248337845,1.0,-16.215592705179915,1.0,1
295,2025-01-16 12:42:43.091683,4.90210814824168,5.14380596204596,56.2204750850832,56.220097187305846,56.27839544823554,56.50340871059467,56.28078089752796,56.22047512149529,56.220097237358424,0.0,0.0,0.0,0.0,-12.177978130125666,1.0,-16.740025926083035,1.0,1
296,2025-01-16 12:42:53.634849,4.819513263256888,5.077925775500362,56.14082890301032,56.14080133499834,56.194755540858466,56.43872622951803,56.19698885793885,56.14082893804449,56.14080138642882,0.0,0.0,0.0,0.0,-11.71713504845684,1.0,-17.200863213133744,1.0,1
297,2025-01-16 12:43:04.546516,4.73794881799196,5.01101514700189,56.061756059501754,56.06183185557711,56.112290304172205,56.37284371794943,56.114396714526855,56.06175609332813,56.06183190821539,0.0,0.0,0.0,0.0,-11.3131922194043,1.0,-17.6048118368044,1.0,1
298,2025-01-16 12:43:14.549156,4.6572652295993455,4.94322365750447,55.98312650524202,55.98349640755055,56.03083395030621,56.30593107758509,56.03283458958958,55.983126538033176,55.98349646122404,0.0,0.0,0.0,0.0,-10.966963786813722,1.0,-17.95103737208592,1.0,1
299,2025-01-16 12:43:24.817669,4.5773403371158965,4.8746734698433745,55.9049131459509,55.90569340520826,55.95024143226969,56.23813783728345,55.95215298251159,55.904913177848684,55.90569345977513,0.0,0.0,0.0,0.0,-10.6681758927607,1.0,-18.24982526613894,1.0,1
300,2025-01-16 12:43:35.278267,4.498073161009166,4.805465583421581,55.8270866973474,55.82833369034412,55.870393962918186,56.16958611846544,55.87222979472358,55.827086728469226,55.828333745686926,0.0,0.0,0.0,0.0,-10.408658125697912,1.0,-18.509337238583612,1.0,1
301,2025-01-16 12:43:45.292300,4.693868115951419,4.86956450250605,67.2464548977584,62.50966648416683,55.869350703910605,56.10054136944351,55.79366312307697,67.24645426756344,62.50966621450679,0.0,0.0,316.3228168543546,1.0,210.7679635344084,1.0,90.1874827559368,1.0,1
302,2025-01-16 12:43:53.739967,4.882338122492543,4.939133989716314,67.27930406212039,62.555064315024254,56.06054706842687,56.16465270100445,55.98941785494254,67.27930343667681,62.55506404578963,0.0,0.0,314.5914393465165,1.0,209.1788648453985,1.0,90.04520170265096,1.0,0
303,2025-01-16 12:44:01.796352,5.056481001192837,5.021242683146383,67.31097591532732,62.60196235749368,56.240404271640905,56.23425386957518,56.17781298119531,67.31097529435813,62.60196208877597,0.0,0.0,312.9221142559376,1.0,207.6824105108699,1.0,89.87232216838947,1.0,0
304,2025-01-16 12:44:09.573732,5.221579887257406,5.110644427608248,67.34199295667396,62.653499791970475,56.40937259097197,56.3163830271639,56.35191120071024,67.34199233989501,62.65349952395059,0.0,0.0,311.2873022663386,1.0,206.2809937081056,1.0,89.63893233442377,1.0,0
305,2025-01-16 12:44:17.485379,5.381634243578143,5.203361731730613,67.37262059361925,62.70773100836915,56.571673956437294,56.40579456311243,56.51698606050555,67.37261998086255,62.70773074115372,0.0,0.0,309.67301457424117,1.0,204.93575572800182,1.0,89.36988531786483,1.0,0
306,2025-01-16 12:44:25.151094,5.537653901535079,5.298403359593839,67.40291857863397,62.76309844408254,56.729536711884045,56.49851891141704,56.677021657670856,67.40291796979558,62.76309817772355,0.0,0.0,308.07610181234384,1.0,203.62527966199195,1.0,89.08344865233175,1.0,0
307,2025-01-16 12:44:32.673883,5.690198510012277,5.395226031011201,67.43292684717787,62.819229701658905,56.88370170512077,56.593566038282724,56.83302548700317,67.43292624217389,62.81922943619463,0.0,0.0,306.4944591065039,1.0,202.3428669315308,1.0,88.78421167537454,1.0,0
308,2025-01-16 12:44:40.546934,5.839639590934654,5.493473088063718,67.46267173437758,62.875922905829384,57.03461568929011,56.69039316979872,56.98555621605793,67.4626711331358,62.87592264129051,0.0,0.0,304.92669841392683,1.0,201.08460616938828,1.0,88.47471532703821,1.0,0
309,2025-01-16 12:44:48.204248,5.9862508205959175,5.5928846148189875,67.49217304204528,62.933046804031626,57.18259119000994,56.78864391422743,57.13498485358439,67.49217244450149,62.93304654044396,0.0,0.0,303.3717760425447,1.0,199.84781446737543,1.0,88.15658499770507,1.0,0
310,2025-01-16 12:44:56.799695,6.1302458544749,5.693259859307473,67.52144580043836,62.99050690591649,57.32786557197241,56.88805852062077,57.28158475986312,67.52144520653441,62.99050664330217,0.0,0.0,301.8288997941365,1.0,198.63047529838695,1.0,87.83104914641626,1.0,0
311,2025-01-16 12:45:04.419508,6.271798262588112,5.794437449946406,67.55050219355141,63.048229001229636,57.47062816756696,56.98843634836384,57.42556937859881,67.55050160323378,63.04822873960807,0.0,0.0,300.297427488161,1.0,197.43102991014894,1.0,87.49902332283455,1.0,0
312,2025-01-16 12:45:11.940532,6.411053173409557,5.8962838991221975,67.579352660732,63.106156614162,57.61103524460673,57.08961610586038,57.56711212910385,67.57935207395109,63.106156353550396,0.0,0.0,298.7768088990038,1.0,196.2481861028209,1.0,87.16124344346099,1.0,0
313,2025-01-16 12:45:19.517732,6.489815803474513,5.972187599631813,67.39873260746747,62.46156198561792,57.73719868193773,57.19138754393295,57.70616241622903,67.39873203050752,62.46156174299323,0.0,0.0,308.2967313615853,1.0,192.9635705630517,1.0,81.14554036239952,1.0,0
314,2025-01-16 12:45:26.965565,6.567811864414286,6.047858351351528,67.4164384293442,62.50417259265734,57.815639041577086,57.26729065636271,57.784923085383596,67.41643785434546,62.50417235086176,0.0,0.0,307.36351243956506,1.0,192.30764876510875,1.0,80.8682476042577,1.0,0
315,2025-01-16 12:45:33.789154,6.645060275838569,6.123282830227295,67.43404515782609,62.54663439289204,57.89332227408622,57.34296078778042,57.86291724955222,67.43404458477295,62.54663415192555,0.0,0.0,306.43551642285536,1.0,191.65694791809074,1.0,80.59095774342495,1.0,0
316,2025-01-16 12:45:41.662803,6.721578965194033,6.198448545365179,67.45155557807375,62.58894414984159,57.97026677722953,57.41838461674919,57.94016382470773,67.45155500695093,62.5889439097043,0.0,0.0,305.51259651428546,1.0,191.01135212963527,1.0,80.31363311488349,1.0,0
317,2025-01-16 12:45:50.290472,6.797384917745639,6.273343875520583,67.46897092043598,62.631097276615854,58.04648998650379,57.493549654825934,58.01668073488069,67.46897035122863,62.631097037307654,0.0,0.0,304.59468786598626,1.0,190.3707223289075,1.0,80.0363461513598,1.0,0
318,2025-01-16 12:45:57.460873,6.87249424844791,6.347958002165118,67.48629256572495,62.67308935559808,58.12200843411931,57.568444283035745,58.0924849621946,67.48629199841861,62.67308911711864,0.0,0.0,303.6817176996338,1.0,189.73493682892695,1.0,79.7591663882713,1.0,0
319,2025-01-16 12:46:04.930371,6.946922259280812,6.422280850647253,67.50352139904611,62.71491628644192,58.19683781387641,57.643057684958876,58.16759261869082,67.50352083362664,62.71491604879077,0.0,0.0,302.77363936407,1.0,189.1038739427131,1.0,79.48214597718106,1.0,0
320,2025-01-16 12:46:12.302111,7.020683501756485,6.496303042740268,67.52065876683984,62.75657486459855,58.27099303975779,57.7173797879197,58.24201900366813,67.5206582032935,62.75657462777504,0.0,0.0,301.8703818925974,1.0,188.4774119832855,1.0,79.20534286427028,1.0,0
321,2025-01-16 12:46:20.194751,7.093791824898868,6.5700158402409174,67.53770568669957,62.79806124346591,58.3444883016919,57.79140121551261,58.31577866614563,67.5377051250128,62.798061007469244,0.0,0.0,300.9718916510237,1.0,187.85547562060856,1.0,78.92880630379295,1.0,0
322,2025-01-16 12:46:28.304942,6.9335896471734255,6.554685652788728,58.041403801729594,57.85276266031419,58.37055629292972,57.86501048306976,58.38838495663678,58.04140389477149,57.85276266949358,0.0,0.0,0.0,0.0,-31.11775119180038,1.0,-3.070035036216723,1.0,0
323,2025-01-16 12:46:35.591423,6.7806047886346015,6.53213815400095,57.93967456771436,57.80651867912197,58.212658836837726,57.849674707183006,58.228216073006614,57.9396746518155,57.8065186972421,0.0,0.0,0.0,0.0,-28.12752832824117,1.0,-6.060255002466874,1.0,0
324,2025-01-16 12:46:43.343337,6.634749475626308,6.5024611192066395,57.83439765245928,57.74277944313672,58.06180883895932,57.82711994758805,58.075262815552975,57.83439772866184,57.742779469155444,0.0,0.0,0.0,0.0,-25.485854641829064,1.0,-8.701931586188039,1.0,0
325,2025-01-16 12:46:52.213014,6.546129027954752,6.488707592555023,57.82608620523894,57.779539783423175,57.92399787980863,57.79745673749103,57.929613568960676,57.8260862535846,57.77953979469563,0.0,0.0,0.0,0.0,-16.16914884095877,1.0,-3.7700596726608637,1.0,0
326,2025-01-16 12:46:59.688914,6.464421172349956,6.46804146422101,57.76381991475362,57.7392363173216,57.83664337355778,57.78369827802499,57.84101209943449,57.76381995595756,57.739236335735754,0.0,0.0,0.0,0.0,-13.780607252442678,1.0,-6.158592569249777,1.0,0
327,2025-01-16 12:47:08.964363,6.394300810834977,6.435787846057129,57.70147029084622,57.68972240110928,57.75672682052268,57.763020222548406,57.75933308546943,57.70147032634427,57.68972242522932,0.0,0.0,0.0,0.0,-11.87228305127519,1.0,-8.066919667726324,1.0,0
328,2025-01-16 12:47:16.889790,6.329684859923889,6.3980298284250505,57.641944960665995,57.63600391566429,57.68730804903926,57.73075940651484,57.689225100163405,57.64194499257702,57.63600394337135,0.0,0.0,0.0,0.0,-10.672602981003365,1.0,-9.26659394338003,1.0,0
329,2025-01-16 12:47:23.177333,6.2679034972173335,6.3574372188492045,57.584198263468295,57.58128613624908,57.62301481697064,57.692997308809204,57.624615185086,57.58419829280379,57.58128616653169,0.0,0.0,0.0,0.0,-9.811221408426718,1.0,-10.127981310574796,1.0,0
330,2025-01-16 12:47:31.612066,6.208137749249175,6.314829000894232,57.52750433315899,57.52628059122224,57.56144670443495,57.652401645616045,57.56283797362833,57.52750436044422,57.526280623555095,0.0,0.0,0.0,0.0,-9.125512376044753,1.0,-10.813687445647702,1.0,0
331,2025-01-16 12:47:39.484928,6.149913454190888,6.2706793388102104,57.471651867543564,57.47129760990813,57.50183483450503,57.609791007603505,57.50307532104637,57.471651893153016,57.47129764391675,0.0,0.0,0.0,0.0,-8.565051116988798,1.0,-11.374142910085538,1.0,0
332,2025-01-16 12:47:46.452802,6.092909310196181,6.2253095163668535,57.41650579045003,57.41648612062424,57.44372662761882,57.5656393780083,57.444853427198986,57.41650581467023,57.41648615602213,0.0,0.0,0.0,0.0,-8.10041835507036,1.0,-11.838781466622095,1.0,0
333,2025-01-16 12:47:55.589269,6.036886396600211,6.178958458762865,57.36193667615174,57.36201545371799,57.3868121510429,57.52026794023767,57.38785118276271,57.361936699221815,57.36201549026601,0.0,0.0,0.0,0.0,-7.715760015116757,1.0,-12.223442703884757,1.0,0
334,2025-01-16 12:48:02.789258,5.98165233596743,6.131818562915819,57.307804881343266,57.30814085893091,57.330858923835365,57.473915562711525,57.33182977590396,57.3078049034853,57.30814089640694,0.0,0.0,0.0,0.0,-7.405377090208276,1.0,-12.533814039557,1.0,0
335,2025-01-16 12:48:10.600846,5.927061419301339,6.084035525825259,57.254067592591944,57.254731059303936,57.27568008532587,57.426774576700765,57.276596930214815,57.254067613975295,57.25473109753866,0.0,0.0,0.0,0.0,-7.151636557409802,1.0,-12.787557469664534,1.0,0
336,2025-01-16 12:48:19.158164,6.09031946189215,6.143020751015968,67.49760430501084,63.0347513231841,57.28331239611383,57.37910049660401,57.22248277730302,67.49760371045545,63.03475107113319,0.0,0.0,303.0855110272733,1.0,198.84834714503086,1.0,84.29812842564388,1.0,0
337,2025-01-16 12:48:26.322785,6.2254657227549846,6.202726926268099,67.4621903507964,62.863890010749785,57.43640297089671,57.43808719952622,57.385616393344804,67.46218976219124,62.863889764282675,0.0,0.0,304.9520706485418,1.0,196.85830144453575,1.0,82.43063310374055,1.0,0
338,2025-01-16 12:48:34.655015,6.349959583242339,6.271706645576765,67.48661578957,62.90302341758234,57.56605342866633,57.49781374504958,57.52072077073095,67.48661520430856,62.90302317162079,0.0,0.0,303.66468157387175,1.0,195.73999229919536,1.0,82.26155194165585,1.0,0
339,2025-01-16 12:48:42.334287,6.47028138341761,6.343502062853093,67.51064305390776,62.94578561428402,57.68847348606878,57.56680014151537,57.64519902814142,67.51064247178783,62.94578536896752,0.0,0.0,302.39827903799875,1.0,194.68932373115422,1.0,82.04581251447962,1.0,0
340,2025-01-16 12:48:49.195265,6.58732324793873,6.417238336001713,67.53436394680955,62.98954634972208,57.807196151505394,57.63860029311537,57.76550888014548,67.53436336773655,62.98954610509689,0.0,0.0,301.1480243897103,1.0,193.67028218880478,1.0,81.81460725154466,1.0,0
341,2025-01-16 12:48:58.552810,6.7015739307351625,6.492441697631073,67.55781955707094,63.03396537258874,57.92289896947306,57.71234021684073,57.88254079950266,67.5578189809697,63.03396512868825,0.0,0.0,299.9117519661058,1.0,192.67638349447225,1.0,81.5722299648769,1.0,0
342,2025-01-16 12:49:06.037899,6.813356127274684,6.568802953767973,67.58103591580937,63.078861643817625,58.03598209851298,57.7875465027153,57.996782857442334,67.58103534261576,63.07886140066821,0.0,0.0,298.68808974777227,1.0,191.7039248871788,1.0,81.32103326943252,1.0,0
343,2025-01-16 12:49:15.380778,6.922906460490109,6.646097906309763,67.60403222516473,63.124117578804096,58.14672218142066,57.86391014455056,58.10855739421871,67.6040316548223,63.124117336427595,0.0,0.0,297.47602564950654,1.0,190.75035673495222,1.0,81.06253535515862,1.0,0
344,2025-01-16 12:49:24.129660,7.030408909099766,6.7241541647534735,67.62682280531408,63.169648365739654,58.255327628304364,57.94120706057127,58.218100815029366,67.62682223777188,63.16964812415456,0.0,0.0,296.27480489922226,1.0,189.8138189653764,1.0,80.79784878873397,1.0,0
345,2025-01-16 12:49:32.196043,7.13601236600502,6.802833774385743,67.64942010266728,63.215390427661546,58.36196359227982,58.01926493889309,58.32559695324064,67.64941953787887,63.21539018688387,0.0,0.0,295.0837714852775,1.0,188.89281656697676,1.0,80.52780799516768,1.0,0
346,2025-01-16 12:49:40.503645,7.014214456912035,6.792867689905274,58.215838619966966,58.094056031607295,58.41989047545707,58.097831361320246,58.43076745241809,58.215838691837824,58.094056036469574,0.0,0.0,0.0,0.0,-24.03712478212583,1.0,-1.6261842449694086,1.0,0
347,2025-01-16 12:49:47.679265,6.899469712355136,6.775848451596568,58.1398979228147,58.06210614071896,58.299871224093735,58.08786118856785,58.30899515972532,58.13989798583541,58.0621061544314,0.0,0.0,0.0,0.0,-21.077201976709148,1.0,-4.58610705038609,1.0,0
348,2025-01-16 12:49:56.134300,6.791692167091352,6.7518620139577745,58.06040518145217,58.012846194520066,58.18674210371164,58.070836177256886,58.19427443571459,58.06040523693113,58.01284621577424,0.0,0.0,0.0,0.0,-18.554874245069186,1.0,-7.108434782026052,1.0,0
349,2025-01-16 12:50:03.933213,6.688309017519186,6.718765652785066,57.973505523439904,57.944844982845694,58.08022949946747,58.04683973306694,58.086511379487604,57.973505574088406,57.944845011676385,0.0,0.0,0.0,0.0,-16.939331816274716,1.0,-9.642389414921126,1.0,0
350,2025-01-16 12:50:12.344657,6.598156214562208,6.672438951465292,57.8916553948753,57.87570712151682,57.9792825382384,58.013724117129314,57.98316872665767,57.89165544040909,57.8757071554622,0.0,0.0,0.0,0.0,-15.228722882625334,1.0,-11.35299255395239,1.0,0
351,2025-01-16 12:50:19.928033,6.512334500129371,6.62178117092765,57.813455640478495,57.80380374092398,57.88981050685259,57.967389939035144,57.89302814973307,57.81345568274956,57.80380377813207,0.0,0.0,0.0,0.0,-14.137509371607848,1.0,-12.444200270351757,1.0,0
352,2025-01-16 12:50:28.605392,6.429427905562583,6.568208265966535,57.73664981251513,57.73101087884153,57.804413843849815,57.916726807338705,57.807214374720644,57.73664985214779,57.731010918688035,0.0,0.0,0.0,0.0,-13.255096232569485,1.0,-13.32661630669918,1.0,0
353,2025-01-16 12:50:36.765249,6.348752849899317,6.512403819214992,57.660899992814485,57.657853215546666,57.721814397525534,57.86314963438603,57.7243136996116,57.6609000302311,57.657853257609226,0.0,0.0,0.0,0.0,-12.51394139671902,1.0,-14.067774039858705,1.0,0
354,2025-01-16 12:50:44.412648,6.269871475584975,6.454805698745038,57.58604142539906,57.58461675363764,57.641374634890305,57.80734164967633,57.6436433018784,57.5860414609237,57.58461679759215,0.0,0.0,0.0,0.0,-11.88117489277829,1.0,-14.700534749181315,1.0,0
355,2025-01-16 12:50:52.867121,6.192470732644799,6.3957269445515825,57.51195908552558,57.511468226414244,57.56267965896076,57.749740537048126,57.56476570525532,57.511959119419245,57.511468271999746,0.0,0.0,0.0,0.0,-11.335695618868158,1.0,-15.246016920400507,1.0,0
356,2025-01-16 12:51:01.239160,6.116312525828349,6.335405656851925,57.43856282475527,57.43850162302598,57.485429837196705,57.690659222024216,57.48736808541248,57.43856285723324,57.43850167002716,0.0,0.0,0.0,0.0,-10.86221737239157,1.0,-15.719489372258977,1.0,0
357,2025-01-16 12:51:09.080110,6.041207511014684,6.274031179244127,57.36576613407589,57.365807286725435,57.409395597432805,57.630335728220416,57.41121249202706,57.365766165322505,57.365807334957964,0.0,0.0,0.0,0.0,-10.450393862697638,1.0,-16.13131288195291,1.0,0
358,2025-01-16 12:51:16.730379,5.966991620028348,6.211767592583242,57.29342608667329,57.29372166177067,57.33439239760841,57.56895936291191,57.33610965936107,57.29342611687514,57.29372171104795,0.0,0.0,0.0,0.0,-10.100972595523672,1.0,-16.480728354508756,1.0,0
359,2025-01-16 12:51:25.418208,5.893531906608499,6.14874782303123,57.22150322227753,57.222175404606,57.2602610419475,57.506694152583876,57.261895606798824,57.22150325158904,57.22217545477364,0.0,0.0,0.0,0.0,-9.803198759641418,1.0,-16.778507985009128,1.0,0
360,2025-01-16 12:51:33.975896,6.041197916414948,6.1934241099801035,67.42312327523078,62.81553975691406,57.2473180794755,57.443786659911915,57.18888178355976,67.4231226818862,62.81553951177572,0.0,0.0,307.011174958957,1.0,198.44339605242567,1.0,81.98623225098345,1.0,0
361,2025-01-16 12:51:42.746723,6.132264681216635,6.218946770160154,67.26754757320197,62.245081613026905,57.37984710917691,57.48843787980463,57.33634085268829,67.26754698898819,62.2450813834685,0.0,0.0,315.2110873917506,1.0,195.3896091254137,1.0,76.77553780013113,1.0,0
362,2025-01-16 12:51:51.714979,6.218484379488064,6.24842961960011,67.2832581470782,62.26512487930383,57.46855843120167,57.51396475655136,57.42739384808182,67.28325756519735,62.26512464988836,0.0,0.0,314.38303179968796,1.0,194.60936379573468,1.0,76.72773509796116,1.0,0
363,2025-01-16 12:51:59.945396,6.294885573298163,6.286888704747163,67.29817822538675,62.28647843745493,57.55019211390364,57.543459044773684,57.51358763404237,67.29817764564488,62.286478208251786,0.0,0.0,313.59664077573666,1.0,193.89398342127606,1.0,76.65672205291685,1.0,0
364,2025-01-16 12:52:09.538205,6.366532064251286,6.3292876883101545,67.31261203487286,62.3115219884224,57.62446210875374,57.58192395376252,57.58997724241112,67.31261145705524,62.311521759569686,0.0,0.0,312.83587947230416,1.0,193.25042154378025,1.0,76.53952010684861,1.0,0
365,2025-01-16 12:52:16.461921,6.435503520662694,6.373563248759893,67.32675642245111,62.33814481688895,57.69493555106225,57.624325881531426,57.66161749595863,67.32675584644994,62.33814458844882,0.0,0.0,312.0903726994305,1.0,192.6429137802188,1.0,76.4015328655887,1.0,0
366,2025-01-16 12:52:26.267204,6.502412558143381,6.419115070466055,67.34068273403574,62.3654770722649,57.763015413940934,57.66860350680127,57.730584282276766,67.34068215978547,62.36547684426857,0.0,0.0,311.35636003539145,1.0,192.05732126238217,1.0,76.25310372247895,1.0,0
367,2025-01-16 12:52:34.803364,6.567598186571864,6.465614615437246,67.35442325360245,62.39327205065075,57.829187909573356,57.71415689356337,57.797489509616824,67.35442268105177,62.39327182312026,0.0,0.0,310.6321398920223,1.0,191.48889819803117,1.0,76.09730382512225,1.0,0
368,2025-01-16 12:52:43.752516,6.63128802991394,6.512843574399999,67.36799918200528,62.421397663727795,57.893740589627505,57.760657661692775,57.862671899864075,67.36799861111113,62.42139743668022,0.0,0.0,309.9165948381014,1.0,190.93486896508693,1.0,75.9357933316096,1.0,0
369,2025-01-16 12:52:51.939125,6.693648602142345,6.560643892759676,67.3814250305901,62.449765395286605,57.95687288021066,57.80788759007643,57.926358919324805,67.38142446131519,62.449765168735645,0.0,0.0,309.20896002562154,1.0,190.3933155449522,1.0,75.76970219247414,1.0,0
370,2025-01-16 12:52:59.704125,6.7548087000439,6.608894591564252,67.39471238559153,62.478312417446475,58.018733919573485,57.85568867958429,57.98871698495326,67.39471181790275,62.47831219140338,0.0,0.0,308.50862478011464,1.0,189.86284143466037,1.0,75.59984455156155,1.0,0
371,2025-01-16 12:53:07.865136,6.814871813392122,6.65749948400316,67.4078704634581,62.50699074105614,58.07944086975216,57.90393998916897,58.04987482868848,67.40786989732565,62.50699051553036,0.0,0.0,307.8151033311818,1.0,189.34232827291453,1.0,75.42683174108333,1.0,0
372,2025-01-16 12:53:15.645816,6.873923418692864,6.706379969968348,67.4209068030068,62.535762169118186,58.139088958909944,57.95254535947922,58.109935894355004,67.42090623840356,62.53576194411763,0.0,0.0,307.12799833117555,1.0,188.83088948314253,1.0,75.25117079012489,1.0,0
373,2025-01-16 12:53:24.073091,6.890454634550757,6.736129496536004,67.29020941016007,62.08521666093119,58.190638025599256,58.001398258759956,58.168929481977116,67.29020885157001,62.0852164495191,0.0,0.0,314.0166522955287,1.0,186.81978614040418,1.0,70.70652423237789,1.0,0
374,2025-01-16 12:53:33.158027,6.907392195577661,6.7651983424322895,67.29506907412399,62.101597481577244,58.20731413040414,58.03114701797825,58.18546097674641,67.29506851592569,62.1015972705392,0.0,0.0,313.7605144897068,1.0,186.6887582355048,1.0,70.5814242218139,1.0,0
375,2025-01-16 12:53:40.414160,6.924703203881308,6.793618454420369,67.2999456095787,62.11767486096148,58.224385244230426,58.06021514658198,58.2023987991791,67.29994505178499,62.117674650287384,0.0,0.0,313.50348743996386,1.0,186.5534481078157,1.0,70.4597024736131,1.0,0
376,2025-01-16 12:53:48.024236,6.942355269295724,6.821421410815496,67.30483655076283,62.13346218558926,58.24181855183981,58.08863458901591,58.219710050453074,67.3048359933855,62.13346197526957,0.0,0.0,313.24570110893154,1.0,186.41419184518782,1.0,70.34117066268664,1.0,0
377,2025-01-16 12:53:57.420965,6.960316595135512,6.848638361722958,67.30973873934596,62.14897239288899,58.259581786806294,58.1164369212617,58.23736233967252,67.30973818239582,62.14897218291466,0.0,0.0,312.98732196240366,1.0,186.27131394623575,1.0,70.22566653972717,1.0,0
378,2025-01-16 12:54:04.336881,6.97855609943136,6.875299915727993,67.31464970704856,62.164218769634836,58.27764333022822,58.14365329109246,58.25532386964979,67.31464915053557,62.16421855999731,0.0,0.0,312.72848009573266,1.0,186.12510993648357,1.0,70.11302495811833,1.0,0
379,2025-01-16 12:54:12.635976,6.997043522341701,6.901436001962746,67.31956626978864,62.179212858283314,58.29597232696347,58.17031430474434,58.273563558127655,67.31956571372179,62.17921264897448,0.0,0.0,312.46934333200227,1.0,185.97590431454591,1.0,70.00309525778903,1.0,0
380,2025-01-16 12:54:20.265286,7.015749550608351,6.927075761439376,67.32448597158715,62.193967300121514,58.314538798809465,58.196449889020165,58.292051145198826,67.32448541597455,62.19396709113372,0.0,0.0,312.2100411182421,1.0,185.8239810167106,1.0,69.89572098405006,1.0,0
381,2025-01-16 12:54:28.705394,7.034645927560975,6.952247425359789,67.32940611775194,62.20849429115498,58.33331376344623,58.222089182612805,58.310757317745086,67.32940556260083,62.208494082481074,0.0,0.0,311.9507154833156,1.0,185.6696355685017,1.0,69.7907398875941,1.0,0
382,2025-01-16 12:54:36.063020,7.053705562336476,6.976978195008402,67.33432424028933,62.22280508630703,58.352269343562035,58.24726041441914,58.3296538194339,67.33432368560612,62.22280487794028,0.0,0.0,311.6914965075092,1.0,185.51314611158887,1.0,69.6880128975863,1.0,0
383,2025-01-16 12:54:44.660504,7.072902625728786,7.001294143716896,67.33923787894172,62.23691115789014,58.37137887073465,58.27199078345509,58.34871355991925,67.33923732473203,62.23691094982425,0.0,0.0,311.4325138633644,1.0,185.3547791984056,1.0,69.58739225126465,1.0,0
384,2025-01-16 12:54:52.099980,7.092212641132815,7.025220123899136,67.34414522691216,62.250823405207385,58.39061697866183,58.296306360823564,58.36791071067828,67.34414467318085,62.25082319743645,0.0,0.0,311.1738627815433,1.0,185.19478399753098,1.0,69.48874177510334,1.0,0
385,2025-01-16 12:55:00.432893,7.172310210458869,7.0772508074379585,67.55961872556092,62.960420373323444,58.42084196974226,58.32027162447058,58.38732533774048,67.55961816567265,62.96042014681756,0.0,0.0,299.8169233786248,1.0,187.25397687603618,1.0,75.75462459612936,1.0,0
386,2025-01-16 12:55:09.153181,7.25025358801211,7.1305023806788865,67.57615142498862,62.992371223433935,58.500005224607676,58.372304568585754,58.46741735811621,67.57615086717546,62.992370997458366,0.0,0.0,298.94553610016874,1.0,186.55995546396298,1.0,75.57726292475309,1.0,0
387,2025-01-16 12:55:17.807868,7.1033852578467425,7.088382496350933,58.32368117626434,58.261144123602755,58.53242563215836,58.42546755882785,58.54490720318875,58.323681249023,58.261144160901274,0.0,0.0,0.0,0.0,-24.334049706453698,1.0,-12.47444527962216,1.0,0
388,2025-01-16 12:55:27.312210,6.967159158687984,7.035620383629519,58.20949901119583,58.16838050128483,58.3883744829058,58.38332964680355,58.398083917093125,58.20949907813388,58.16838054440398,0.0,0.0,0.0,0.0,-22.387350646795312,1.0,-14.421150133898664,1.0,0
389,2025-01-16 12:55:36.915173,6.843401316957893,6.97039001486504,58.09828109805664,58.0711475157156,58.255033466530215,58.33054210153102,58.26190689628438,58.098281160389014,58.07114756344042,0.0,0.0,0.0,0.0,-20.846990490781536,1.0,-15.96150739260338,1.0,0
390,2025-01-16 12:55:45.046789,6.723971880534756,6.900831237467255,57.99045247368861,57.97168346885179,58.13217027795973,58.26530184150201,58.138165150514986,57.99045253271811,57.97168351987949,0.0,0.0,0.0,0.0,-19.74234505496497,1.0,-17.066152828419945,1.0,0
391,2025-01-16 12:55:54.879476,6.60776496565639,6.828049953760658,57.883981482184176,57.871239834209405,58.013370553414454,58.19573534993942,58.01874737992772,57.88398153838288,57.871239888067876,0.0,0.0,0.0,0.0,-18.795591373645948,1.0,-18.01290071512085,1.0,0
392,2025-01-16 12:56:03.659139,6.494154914922863,6.7526718011077795,57.77862461108176,57.77026614483247,57.89764831210654,58.1229476339242,57.90254966787777,57.7786246648029,57.770266201168496,0.0,0.0,0.0,0.0,-17.966972571912265,1.0,-18.841516619545473,1.0,0
393,2025-01-16 12:56:12.284801,6.3827152832257,6.675123224430401,57.6742426463788,57.669044343108624,57.784427606664615,58.04756395804426,57.78894717244459,57.674242697907665,57.66904440163693,0.0,0.0,0.0,0.0,-17.233767952120616,1.0,-19.574724136646182,1.0,0
394,2025-01-16 12:56:20.821079,6.273129140843495,6.595721169326267,57.57073483532788,57.5677620931029,57.67330906455976,57.97001055918844,57.67751389442031,57.570734884903345,57.567762153584624,0.0,0.0,0.0,0.0,-16.58045373233108,1.0,-20.228041253744777,1.0,0
395,2025-01-16 12:56:29.740404,6.165147998064856,6.514714119361431,57.468019838215746,57.466546210893135,57.56399242701646,57.89060425012177,57.56793318047692,57.468019886042036,57.466546273123996,0.0,0.0,0.0,0.0,-15.995446470924435,1.0,-20.813036925915185,1.0,0
396,2025-01-16 12:56:37.356487,6.05857040975084,6.432303518692647,57.36602873769324,57.36548120482086,57.4562404342296,57.809593420750936,57.45995672882647,57.36602878394735,57.36548126862391,0.0,0.0,0.0,0.0,-15.469631233600012,1.0,-21.338855060548667,1.0,0
397,2025-01-16 12:56:45.279058,5.959830576731141,6.350916686312976,57.278955312071886,57.279122662343184,57.35042192027542,57.72718558229749,57.35340437164091,57.27895535285964,57.27912272645216,0.0,0.0,0.0,0.0,-13.641414730614088,1.0,-21.441170632670037,1.0,0
398,2025-01-16 12:56:52.603076,5.861973169612114,6.2686474325638,57.183671657640744,57.18421464589486,57.251809416517304,57.64579637081581,57.254667276256804,57.18367169739128,57.18421471104104,0.0,0.0,0.0,0.0,-13.294519916939862,1.0,-21.788062549035203,1.0,0
399,2025-01-16 12:57:00.703604,5.988990328089458,6.295407699541456,67.33309323603606,62.55643605608926,57.21229648629113,57.56366246446493,57.15723787393113,67.33309264442559,62.55643582044624,0.0,0.0,311.75637892134057,1.0,197.86342431416415,1.0,78.8105294560637,1.0,0
400,2025-01-16 12:57:10.329041,6.111583224804666,6.325392256718178,67.35434993764227,62.580061730188305,57.33690883078973,57.59042625609412,57.2842382098224,67.35434934930174,62.58006149462525,0.0,0.0,310.63600414875094,1.0,196.76979444739118,1.0,78.78378439613698,1.0,0
