iteration,timestamp,T41_LEVEL,T42_LEVEL,J2_LEVEL,J13_LEVEL,J14_LEVEL,J19_LEVEL,J21_LEVEL,J41_LEVEL,J2U_LEVEL,J42_LEVEL,P79_FLOW,P79_STATUS,P1_FLOW,P1_STATUS,V41_FLOW,V41_STATUS,V_U_FLOW,V_U_STATUS,V42_FLOW,V42_STATUS,plc4AttackerUnit
0,2025-01-23 01:22:27.274836,3.0509999999999993,3.0509999999999993,-15.24,-15.24,-15.24,-15.24,-15.24,-66.535,-15.24,-15.24,1450.0,1.0,1450.0,1.0,80.06348877673588,1.0,55.59964498384435,1.0,80.06348877673588,1.0,0
1,2025-01-23 01:22:30.618353,3.1915778357466604,3.218631195574406,69.19931724726231,69.68925761839424,55.46338458656715,54.34645004776586,55.41070385227387,4.115703459826862,69.1993165495802,54.34644957979479,187.5702665615313,1.0,213.39350301929534,1.0,-131.25343723118021,1.0,233.33895721862064,1.0,156.51237173017307,1.0,0
2,2025-01-23 01:22:35.311380,3.331654673948265,3.3848068019055524,69.2178528705034,69.70538166302251,55.59667843738115,54.51407403614057,55.54426505888859,4.249264667840206,69.2178521759747,54.51407357223303,186.72041820931327,1.0,212.41654784260479,1.0,-130.78566958085958,1.0,232.28430774793196,1.0,155.15332807240156,1.0,0
3,2025-01-23 01:22:40.203574,3.4712241505644514,3.549538026136886,69.23635593956352,69.72145253090623,55.729401158960066,54.68024254370332,55.677257895145885,4.382257505513892,69.2363552481856,54.68024208382801,185.87337263826961,1.0,211.4413084957633,1.0,-130.31195954965824,1.0,231.2305332645792,1.0,153.80475239226143,1.0,0
4,2025-01-23 01:22:45.054919,3.61027995462266,3.71283608305259,69.2548255611276,69.73747008939755,55.861548010600195,54.84496677647414,55.809677570292564,4.514677182094581,69.25482487289764,54.84496632059977,185.02913683985625,1.0,210.46783206263623,1.0,-129.83235639183022,1.0,230.17769750936168,1.0,152.46664468975268,1.0,0
5,2025-01-23 01:22:49.572112,3.748815816802138,3.874712146677504,69.27326128254445,69.75343435893345,55.993114154433954,55.008257947886655,55.941519190483056,4.646518803736571,69.27326059745958,55.00825749598202,184.18770973690442,1.0,209.4961424010621,1.0,-129.34690646432045,1.0,229.12582366075185,1.0,151.1389701971666,1.0,0
6,2025-01-23 01:22:54.475288,3.886825539767537,4.035177387722097,69.29166240695028,69.76934527354763,56.124095210002245,55.17012723080739,56.07277832603484,4.777777940757167,69.29166172500744,55.1701267828413,183.34909480629142,1.0,208.52627624056905,1.0,-128.85566481600108,1.0,228.07497545954902,1.0,149.82172891450318,1.0,0
7,2025-01-23 01:22:59.211944,4.024302965206054,4.194242961884444,69.31002847999169,69.78520285782665,56.25448642221278,55.33058579474035,56.20345016357084,4.908449779779163,69.31002780118769,55.33058535068169,182.51329075213638,1.0,207.55825752871442,1.0,-128.35867490650799,1.0,227.02519346808003,1.0,148.5148947659809,1.0,0
8,2025-01-23 01:23:04.040833,4.161242002637036,4.351919995782797,69.32835869891174,69.8010070135977,56.38428346719153,55.48964479412009,56.33353032756631,5.038529945277629,69.32835802324325,55.48964435393776,181.68030274882398,1.0,206.59212857632426,1.0,-127.85599757933142,1.0,225.97652404328983,1.0,147.21845905967257,1.0,0
9,2025-01-23 01:23:08.602017,4.297636612856938,4.50821959686962,69.34665246181441,69.81675771674246,56.513481866021074,55.647315354358796,56.463014282148364,5.1680139013795445,69.34665178927801,55.647314918021806,180.8501320675565,1.0,205.6279211074711,1.0,-127.34768208872538,1.0,224.92900195288712,1.0,145.93238992517854,1.0,0
10,2025-01-23 01:23:13.285133,4.433480825495509,4.663152853391835,69.36490922568035,69.83245496686577,56.642077428817146,55.80360858171245,56.59189778279628,5.296897403563995,69.36490855627241,55.80360814918985,180.02277872916127,1.0,204.66566374301968,1.0,-126.83378927818012,1.0,223.88269673228933,1.0,144.65667287595352,1.0,0
11,2025-01-23 01:23:18.139645,4.568768720883665,4.816730818880822,69.3831282462825,69.84809869320932,56.77006578947096,55.95853556316967,56.72017640499621,5.425176027316985,69.38312757999927,55.95853513443058,179.19824646308786,1.0,203.7053957088688,1.0,-126.31437129925871,1.0,222.83763735458706,1.0,143.3912789389069,1.0,0
12,2025-01-23 01:23:22.881821,4.7034944466447675,4.968964531878651,69.40130918949151,69.86368897501004,56.89744285714355,56.11210735110561,56.84784599985568,5.552845623745829,69.40130852632915,56.11210692611923,178.37653109300572,1.0,202.7471346159386,1.0,-125.78949479006951,1.0,221.79387017672525,1.0,142.13619073018435,1.0,0
13,2025-01-23 01:23:27.490140,4.854797804866606,5.133510090103113,69.50458947027145,69.96060083697097,57.26949187646075,56.26439936498822,57.21851255214889,5.92351212975976,69.50458881484433,56.26439890563124,173.26860760999529,1.0,197.30355154103748,1.0,-141.26754560379595,1.0,219.20682814993597,1.0,153.63140059662328,1.0,0
14,2025-01-23 01:23:32.128542,5.005339624913014,5.29672721643611,69.52463498630128,69.97757783502279,57.409047441396595,56.42893844718667,57.35846815746638,6.063467737203221,69.52463433433888,56.428937991538234,172.37380272991925,1.0,196.24701460132664,1.0,-140.55651698754446,1.0,218.0480551862729,1.0,152.39107997217616,1.0,0
15,2025-01-23 01:23:36.883339,5.155116449069413,5.458624442654214,69.54463764773627,69.99450749487335,57.54783850962394,56.592149183366786,57.497659625797944,6.202659207670387,69.5446369992332,56.592148731403064,171.48149289952013,1.0,195.19273639431398,1.0,-139.84226656361898,1.0,216.89108434884474,1.0,151.15873274226033,1.0,0
16,2025-01-23 01:23:41.717799,5.304124886968129,5.6192102698084145,69.56459739682192,70.01139004608423,57.68586358683429,56.75404010437026,57.63608540862885,6.3410849926463975,69.5645967517728,56.75403965606753,170.5916660193188,1.0,194.14071996405866,1.0,-139.12484068896447,1.0,215.7359156376515,1.0,149.93431834454896,1.0,0
17,2025-01-23 01:23:46.535405,5.452361599465813,5.7784931525029135,69.58451358898681,70.02822536036217,57.823120784750145,56.914619710230454,57.77374356361916,6.478743149791104,69.58451294738612,56.91461926556513,169.70432885125507,1.0,193.09099928391856,1.0,-138.4043060016893,1.0,214.5825954096381,1.0,148.71779331940616,1.0,0
18,2025-01-23 01:23:51.137257,5.599823307528405,5.936481522857795,69.60438585405167,70.0450134084817,57.959608386625106,57.07389645465725,57.91063232020344,6.615631908538931,69.6043852158938,57.07389601360579,168.81948293571511,1.0,192.04359386489728,1.0,-137.6807088587384,1.0,213.43114684327702,1.0,147.50914028297757,1.0,0
19,2025-01-23 01:23:55.768369,5.746506807391002,6.093183759844172,69.62421359899339,70.06175407957542,58.09532494031329,57.23187876873941,58.04675017667219,6.751749767180192,69.62421296427266,57.231878331278395,167.93713411617153,1.0,190.99853496340032,1.0,-136.95411589822015,1.0,212.28159891165888,1.0,146.30832157024543,1.0,0
20,2025-01-23 01:24:00.388103,5.892408953529309,6.24860822109398,69.64399651640514,70.07844736600487,58.23026881179326,57.38857503057573,58.18209544412965,6.887095036818924,69.6439958851157,57.38857459668183,167.05728279522643,1.0,189.95583878188768,1.0,-136.22459086093386,1.0,211.13400376634672,1.0,145.115302413501,1.0,0
21,2025-01-23 01:24:04.891357,6.037526658485786,6.402763237717795,69.66373394288854,70.09509312923174,58.36443840976381,57.54399359690847,58.316666477802926,7.021666072682095,69.66373331502453,57.54399316655846,166.1799362748026,1.0,188.91554028602883,1.0,-135.49218300113353,1.0,209.98837879119492,1.0,143.93005383965374,1.0,0
22,2025-01-23 01:24:09.625241,6.181856915272533,6.555657083867133,69.68342569746277,70.11169140846553,58.49783250852629,57.698142797826,58.45046200062567,7.155461597703151,69.68342507301819,57.69814237099676,165.30509248829088,1.0,187.87764901476407,1.0,-134.75696185423658,1.0,208.84475295929406,1.0,142.75253528637677,1.0,0
23,2025-01-23 01:24:14.563972,6.325396775391188,6.707298007564843,69.70307116332941,70.12824208012691,58.63044963358675,57.85103090660941,58.58348048428159,7.288480083565596,69.70307054229815,57.85103048327791,164.43275794917227,1.0,186.8421974776199,1.0,-134.01899116104232,1.0,207.70317262758908,1.0,141.58272067788857,1.0,0
24,2025-01-23 01:24:19.163435,6.468143358671254,6.857694218537156,69.72266995966265,70.14474510762547,58.762288496010505,58.00266617036308,58.71572058655628,7.420720188054844,69.7226693420385,58.0026657505064,163.56293458601664,1.0,185.80920574674633,1.0,-133.27833466235006,1.0,206.5636667691706,1.0,140.42056945186232,1.0,0
25,2025-01-23 01:24:23.815454,6.602252990635793,7.000323400732964,69.70276828342459,70.12347175945224,58.78439410880852,58.15302796292023,58.73890262246392,7.443902248074008,69.70276766707971,58.15302756474652,164.68418674749054,1.0,186.85816133743114,1.0,-125.21426304942906,1.0,206.13581534576042,1.0,133.16872366601729,1.0,0
26,2025-01-23 01:24:28.639226,6.720989349438412,7.0894483580332945,67.79835918924451,63.61405236594611,58.71414844495919,58.295463190075715,58.676034982086634,7.381034650613842,67.79835863116378,58.29546294126819,0.0,0.0,287.23365445654366,1.0,-110.86068395741222,1.0,186.6494417515696,1.0,83.21338170844683,1.0,0
27,2025-01-23 01:24:33.422727,6.838409847701082,7.178596637467222,67.82125580074599,63.663994208549255,58.81637284980803,58.384588215074146,58.77886293586692,7.4838626080675645,67.82125524530201,58.38458796620153,0.0,0.0,286.0268451227502,1.0,-109.63210612658258,1.0,185.76758199856158,1.0,83.23515208871868,1.0,0
28,2025-01-23 01:24:38.051970,6.954546274162392,7.267739593223164,67.8440967737212,63.71391937053477,58.91783029862395,58.47373647905349,58.880905080762155,7.585904756547515,67.84409622090094,58.47373623019574,0.0,0.0,284.8229683230049,1.0,-108.43320253513866,1.0,184.8900855929969,1.0,83.23018320368192,1.0,0
29,2025-01-23 01:24:42.761088,7.069428626382618,7.356850506767622,67.86687922810792,63.76381454392296,59.018519853460724,58.5628793418078,58.982161585497714,7.687161264784029,67.86687867789814,58.56287909303949,0.0,0.0,283.6221758564501,1.0,-107.26231302498945,1.0,184.0170104810568,1.0,83.20026848764428,1.0,0
30,2025-01-23 01:24:47.561745,7.0310989850619965,7.295402216617081,58.26835843580607,58.30537112790842,58.268450830758056,58.651780250774245,58.268490055788476,6.9734901627922,58.268358436934506,58.651780422317614,0.0,0.0,0.0,0.0,35.78726887269568,1.0,-0.3774034780690272,1.0,-57.37247632794151,1.0,0
31,2025-01-23 01:24:52.235057,6.991767642495789,7.234955617854266,58.22503380386033,58.25818049048108,58.22540441379112,58.59033406455872,58.225465311830945,6.930465421631099,58.22503380624059,58.59033423330571,0.0,0.0,0.0,0.0,36.722531826285376,1.0,-0.7960762263792276,1.0,-56.43723075820617,1.0,0
32,2025-01-23 01:24:56.917246,6.951511337155719,7.175433980657968,58.1808524729377,58.210614236306895,58.18162240153675,58.52988938242525,58.18170712853606,6.8867072409184,58.18085247647017,58.52988954859004,0.0,0.0,0.0,0.0,37.58614142952865,1.0,-1.181429920507071,1.0,-55.573618257653834,1.0,0
33,2025-01-23 01:25:01.812552,6.910402187082938,7.116765194566675,58.135930263984925,58.162728360215475,58.137181719467975,58.470369490130224,58.13729158054763,6.8422916953108475,58.135930268576814,58.470369653914155,0.0,0.0,0.0,0.0,38.38242046754203,1.0,-1.5357534346094326,1.0,-54.77734211694951,1.0,0
34,2025-01-23 01:25:06.623379,6.868507905932387,7.058881548989358,58.09036588289459,58.114568999203364,58.09215221596807,58.41170229144582,58.09228784236482,6.797287959319846,58.09036588845928,58.41170245303788,0.0,0.0,0.0,0.0,39.11547152995354,1.0,-1.8611038581184403,1.0,-54.04427367068365,1.0,0
35,2025-01-23 01:25:11.484585,6.8258919293298295,7.001719594142177,58.04424419679972,58.06617491511085,58.04659684921902,58.35382008892658,58.04675834307983,6.751758462049609,58.04424420325652,58.35382024850392,0.0,0.0,0.0,0.0,39.78930159519223,1.0,-2.159468745048798,1.0,-53.37045229737214,1.0,0
36,2025-01-23 01:25:16.342455,6.782613576531452,6.945220013147143,57.9976388890739,58.01757924707247,58.00057239179747,58.296659444961605,58.00075944235104,6.705759563169929,57.997638896347674,58.29665960268981,0.0,0.0,0.0,0.0,40.407735111216425,1.0,-2.4327081678165996,1.0,-52.752010089420764,1.0,0
37,2025-01-23 01:25:21.043265,6.758569037503329,6.902575721876822,58.03726625187561,58.059497305838306,58.0371595746883,58.240184265068066,58.03716252271973,6.742162589844179,58.03726625066055,58.24018438411688,0.0,0.0,0.0,0.0,22.44969204582503,1.0,0.4063736713533217,1.0,-39.815733745740545,1.0,0
38,2025-01-23 01:25:25.586672,6.733417680287794,6.8610382519383935,58.00958663535633,58.02847516549953,58.009589346297005,58.197541670553036,58.0096020229022,6.714602093116511,58.00958663552543,58.19754178651196,0.0,0.0,0.0,0.0,23.48309265187254,1.0,-0.056555472838226706,1.0,-38.78232444776586,1.0,0
39,2025-01-23 01:25:30.463338,6.7072705162288875,6.820496581865177,57.981004386214465,57.99709862886264,57.981145941387226,58.15600569468177,57.98117248605595,6.686172559050229,57.98100438763002,58.15600580786075,0.0,0.0,0.0,0.0,24.4128507182495,1.0,-0.47343188953163917,1.0,-37.852577970625134,1.0,0
40,2025-01-23 01:25:35.127388,6.68023461284227,6.780843652224706,57.95155279403104,57.96533862105996,57.95196551712799,58.11546533196919,57.95200828024,6.657008355715331,57.95155279655373,58.11546544266711,0.0,0.0,0.0,0.0,25.242634238225037,1.0,-0.8437108846237606,1.0,-37.02278865603148,1.0,0
41,2025-01-23 01:25:39.606270,6.652407987890465,6.741981437009638,57.92139749560117,57.933275748118994,57.92215589976578,58.07581354474399,57.92221602131695,6.627216098999724,57.921397499105005,58.075813653234476,0.0,0.0,0.0,0.0,25.980912046179583,1.0,-1.1718543140659676,1.0,-36.28451664269505,1.0,0
42,2025-01-23 01:25:44.180797,6.623880121532273,6.703820474515715,57.89066846209306,57.90097024216674,57.89181067103146,58.03695232629678,57.89188843046862,6.5968885101090295,57.89066846646397,58.036952432829615,0.0,0.0,0.0,0.0,26.635640152790074,1.0,-1.4618459778148463,1.0,-35.62978274146644,1.0,0
43,2025-01-23 01:25:49.119499,6.5947323354527345,6.666279434545451,57.859471123879516,57.86846962764073,57.86101047138312,57.998792232098715,57.861105543516096,6.566105624887116,57.859471129014594,57.99879233690094,0.0,0.0,0.0,0.0,27.214441378191623,1.0,-1.7174205072478799,1.0,-35.050978618755835,1.0,0
44,2025-01-23 01:25:53.906952,6.565038169668567,6.629284763628415,57.82789154660087,57.8358118863738,57.82982440549301,57.961251947365106,57.82993605320411,6.534936136100439,57.82789155240754,57.961252050642045,0.0,0.0,0.0,0.0,27.724579276195982,1.0,-1.9420343920728556,1.0,-34.540849412678654,1.0,0
45,2025-01-23 01:25:58.587032,6.534863814574392,6.592770285319981,57.79600009202203,57.8030275521963,57.79831150162485,57.92425793242924,57.79843872232409,6.503438806560954,57.796000098417466,57.92425803436564,0.0,0.0,0.0,0.0,28.172917571964717,1.0,-2.1389471049815256,1.0,-34.09250821960086,1.0,0
46,2025-01-23 01:26:03.114602,6.504268555400268,6.556676721191112,57.76385410941641,57.7701411127936,57.766521941677496,57.88774402312446,57.766663578537866,6.471663663949762,57.763854116326755,57.887744123885795,0.0,0.0,0.0,0.0,28.56590857277297,1.0,-2.311157360850302,1.0,-33.69950852686543,1.0,0
47,2025-01-23 01:26:07.975191,6.473305225139208,6.5209512203007565,57.731500175998214,57.73717212313174,57.73449817161596,57.8516509519533,57.73465299581728,6.439653082256689,57.73150018335791,57.851651051687135,0.0,0.0,0.0,0.0,28.90955840030074,1.0,-2.4614407817580286,1.0,-33.35586159664672,1.0,0
48,2025-01-23 01:26:12.536696,6.44202074747314,6.485546864928553,57.69897631249091,57.70413639852667,57.70227623472402,57.815925877670566,57.70244300481713,6.407443092153073,57.69897632024198,57.81592597650786,0.0,0.0,0.0,0.0,29.209403812160417,1.0,-2.5923354104406826,1.0,-33.05601618478704,1.0,0
49,2025-01-23 01:26:17.281837,6.381081332436514,6.425498934948819,57.492231752080215,57.498774576732856,57.50980210489493,57.78047954204237,57.510598762655746,6.215598932778524,57.492231771201645,57.780479709676406,0.0,0.0,0.0,0.0,56.8973611018464,1.0,-6.395140470090155,1.0,-56.065004771426175,1.0,0
50,2025-01-23 01:26:22.093408,6.320180205255669,6.365412716716057,57.43163707280892,57.43824555522647,57.449129126888074,57.720431532652405,57.4499228103229,6.154922980338789,57.43163709188435,57.72043170039331,0.0,0.0,0.0,0.0,56.86161120536326,1.0,-6.379755758985084,1.0,-56.100748873291195,1.0,0
51,2025-01-23 01:26:26.992846,6.259314050034603,6.305291531307633,57.37105039611292,57.37771928801955,57.38847115706778,57.660345241836964,57.38926213116584,6.094262301084093,57.37105041514633,57.66034540967551,0.0,0.0,0.0,0.0,56.82895853226455,1.0,-6.365700912738248,1.0,-56.133401546389905,1.0,0
52,2025-01-23 01:26:31.721709,6.198479849800706,6.245138384819481,57.31047133296092,57.31719565406741,57.327827076619684,57.60022399005462,57.328615578988014,6.033615748817054,57.31047135195592,57.60022415798239,0.0,0.0,0.0,0.0,56.799122043571515,1.0,-6.352854244369155,1.0,-56.16324382970106,1.0,0
53,2025-01-23 01:26:36.611492,6.1376748603738625,6.184956044878921,57.249899432974814,57.25667458012889,57.26719579202338,57.540070782914114,57.267982037908595,5.9729822076560986,57.249899451934695,57.54007095092337,0.0,0.0,0.0,0.0,56.77185257070505,1.0,-6.341108553442609,1.0,-56.19049881602223,1.0,0
54,2025-01-23 01:26:41.411598,6.076896554152463,6.124747012573228,57.18933388580895,57.196155655529225,57.20657608684806,57.47988838749575,57.207360273478066,5.912360443151063,57.18933390473674,57.479888555579535,0.0,0.0,0.0,0.0,56.74693281548571,1.0,-6.330376920686831,1.0,-56.21542436585969,1.0,0
55,2025-01-23 01:26:46.363628,6.0161426438942245,6.064513591711871,57.12877435118408,57.1356388571398,57.145967120228256,57.41967930448238,57.14674942712237,5.851749596727269,57.12877437008253,57.41967947263426,0.0,0.0,0.0,0.0,56.72415706897027,1.0,-6.320566632211921,1.0,-56.238197215066066,1.0,0
56,2025-01-23 01:26:51.395006,5.955411029710424,6.004257877253068,57.06822029693751,57.075123974543054,57.08536792260867,57.359445837253965,57.08614851289868,5.791148682441324,57.06822031580915,57.35944600546807,0.0,0.0,0.0,0.0,56.70333700606989,1.0,-6.311599460673278,1.0,-56.25900858603927,1.0,0
57,2025-01-23 01:26:55.988976,6.062504133977739,6.097362702763839,67.55839962457512,62.941637568433684,57.92986066620992,57.29940943688611,57.89369853788895,6.598698238920279,67.55839904867993,57.29940917696812,0.0,0.0,299.88117840816943,1.0,-99.98971960897052,1.0,192.6074681011869,1.0,86.92926459900718,1.0,0
58,2025-01-23 01:27:01.002407,6.16865854197172,6.190179932179461,67.58012250917437,62.99282258010316,58.026129550129134,57.39251339718881,57.99038810076295,6.695387804414817,67.58012193569101,57.392513138073674,0.0,0.0,298.73623257679117,1.0,-99.11328361852156,1.0,191.80083408059545,1.0,86.66075068731516,1.0,0
59,2025-01-23 01:27:05.689347,6.273888284143017,6.282699657829451,67.60177253122963,63.043854494377754,58.121700009144995,57.48532973398691,58.086370738955914,6.791370445189146,67.60177196014638,57.48532947570231,0.0,0.0,297.5951271039837,1.0,-98.24994925963892,1.0,190.99811722185223,1.0,86.38297987317856,1.0,0
60,2025-01-23 01:27:10.458480,6.3782069388869225,6.3749124266439585,67.6233495435637,63.09472914857968,58.21657758229486,57.57784854121416,58.18165228515747,6.886651993934164,67.62334897486896,57.57784828378651,0.0,0.0,296.4578697469959,1.0,-97.39929062789088,1.0,190.1992827572485,1.0,86.09637226641098,1.0,0
61,2025-01-23 01:27:15.382866,6.450323439128326,6.440363288131281,67.4549701696779,62.639353695480395,58.01377273004385,57.6699913822689,57.98249780486245,6.687497603536934,67.45496959986035,57.66999119955166,0.0,0.0,305.3326239878383,1.0,-67.3330800941585,1.0,190.5748087790471,1.0,61.10956462350714,1.0,0
62,2025-01-23 01:27:20.107709,6.521797296766812,6.50559396926565,67.47025468457427,62.67629665617986,58.08053465459672,57.735441753071534,58.049529312760676,6.754529113229217,67.47025411643641,57.73544157096897,0.0,0.0,304.5270246423524,1.0,-66.73306187451544,1.0,190.0130379362963,1.0,60.903986059202,1.0,0
63,2025-01-23 01:27:24.899965,6.592640891767718,6.5705958380173985,67.4854727312436,62.713113825575235,58.146795825848336,57.80067192577546,58.11605382718167,6.821053629409698,67.48547216477546,57.80067174431166,0.0,0.0,303.7249286308328,1.0,-66.14460391801913,1.0,189.4546047935819,1.0,60.69035587302096,1.0,0
64,2025-01-23 01:27:29.773753,6.662866086892096,6.635360782659293,67.50062416565221,62.74980138423786,58.2125621733978,57.865673269674645,58.18207756004471,6.887077363999095,67.5006236008439,57.86567308887224,0.0,0.0,302.92634354484784,1.0,-65.56722527136571,1.0,188.89947458319511,1.0,60.469149223649765,1.0,0
65,2025-01-23 01:27:34.350127,6.732484237646535,6.699881201150731,67.51570910509571,62.78635588105762,58.277839364192,57.930437674333945,58.247606439088244,6.952606244737308,67.51570854193749,57.930437494214196,0.0,0.0,302.1312632021101,1.0,-65.00044208394229,1.0,188.34760094819103,1.0,60.24083837246508,1.0,0
66,2025-01-23 01:27:39.335756,6.801506239624607,6.764149955799226,67.5307277385874,62.82277412111581,58.3426330834494,57.99495753889624,58.31264639599267,7.017646203305989,67.53072717706969,57.994957359479045,0.0,0.0,301.33967764031655,1.0,-64.44383424593525,1.0,187.79893173700657,1.0,60.00586660775298,1.0,0
67,2025-01-23 01:27:44.160700,6.869942536389251,6.828160355013267,67.5456795575339,62.8590527097851,58.406948763894476,58.059225726803724,58.37720309609484,7.0822029050432365,67.54567899764713,58.05922554810778,0.0,0.0,300.55161366584207,1.0,-63.89698164753099,1.0,187.25346694964173,1.0,59.76464534739989,1.0,0
68,2025-01-23 01:27:48.827203,6.937803169122986,6.89190612309139,67.56056508747302,62.89518902808669,58.470791904058345,58.12323554752455,58.44128225496372,7.146282065519186,67.56056452920782,58.12323536956737,0.0,0.0,299.76704357922415,1.0,-63.359498946624626,1.0,186.7111370506791,1.0,59.51756862543789,1.0,0
69,2025-01-23 01:27:53.518764,7.005097773371429,6.955381361120719,67.57538411801825,62.931180215179204,58.53416770124858,58.18698072632283,58.50488927463668,7.209889086772315,67.57538356136527,58.18698054912088,0.0,0.0,298.9859784692795,1.0,-62.831015287656555,1.0,186.17193045088243,1.0,59.26498411895409,1.0,0
70,2025-01-23 01:27:58.048429,6.905200436783083,6.8658220620897215,57.67754254799432,57.68333429838582,57.732192085362875,58.25024030858714,57.734561392302254,6.439561671182709,57.67754258328158,58.25024055860719,0.0,0.0,0.0,0.0,93.27123944785853,1.0,-11.801782829934382,1.0,-83.61891226286389,1.0,0
71,2025-01-23 01:28:03.007172,6.805617922695537,6.775947957904909,57.582050033145,57.588358944331446,57.63563107576369,58.16068009063446,57.63796017175044,6.342960449752019,57.58205006805776,58.16068034153335,0.0,0.0,0.0,0.0,92.97729875186178,1.0,-11.676532159299313,1.0,-83.91283847231534,1.0,0
72,2025-01-23 01:28:07.617098,6.7063302438952475,6.685779013146239,57.48657742891959,57.49338784745939,57.53916494962943,58.070805123377106,57.54145666707435,6.246456944252841,57.48657746348129,58.07080537509909,0.0,0.0,0.0,0.0,92.70201962351621,1.0,-11.559118709669747,1.0,-84.18812049796998,1.0,0
73,2025-01-23 01:28:12.390883,6.6023266396611815,6.5906636308221875,57.33307225223616,57.341180505182834,57.389521912965094,57.980621341350776,57.39198914283355,6.096989433177353,57.33307228814605,57.98062160688158,0.0,0.0,0.0,0.0,97.10514132564185,1.0,-12.010021123955994,1.0,-88.80646300895023,1.0,0
74,2025-01-23 01:28:17.035706,6.498580348295412,6.49529094284579,57.232781240612404,57.24137936231226,57.28834086850841,57.88550516878841,57.29077458118763,5.99577487081308,57.23278127621546,57.88550543503754,0.0,0.0,0.0,0.0,96.86489066382364,1.0,-11.907401334383394,1.0,-89.04670497884126,1.0,0
75,2025-01-23 01:28:21.840193,6.395075949266751,6.399676372557579,57.1325139548517,57.1415848710748,57.18724242947887,57.790131736287584,57.189644826759,5.894645115709178,57.132513990166196,57.790132003211966,0.0,0.0,0.0,0.0,96.63904542264845,1.0,-11.810891969616932,1.0,-89.27254442539834,1.0,0
76,2025-01-23 01:28:26.690819,6.291799005836485,6.303834341078449,57.03227114197975,57.04179748052701,57.08622293419505,57.69451646439949,57.08859605519621,5.793596343511403,57.03227117702274,57.694516731958856,0.0,0.0,0.0,0.0,96.42667556590823,1.0,-11.720087406388302,1.0,-89.48491428213856,1.0,0
77,2025-01-23 01:28:31.307455,6.1887359962537465,6.207778371866968,56.932053223078576,56.94201748123022,56.985278820588356,57.59867377173853,56.987624556305775,5.692624844023748,56.932053257866094,57.59867403989513,0.0,0.0,0.0,0.0,96.22693507935765,1.0,-11.634642864919442,1.0,-89.6846576659982,1.0,0
78,2025-01-23 01:28:36.210764,6.085874256487533,6.111521139082964,56.83186050144561,56.842245182699244,56.88440669392623,57.50261717936969,56.886726799058195,5.591727086214279,56.83186053599264,57.502617448088166,0.0,0.0,0.0,0.0,96.03901271646009,1.0,-11.554213565432292,1.0,-89.8725771315867,1.0,0
79,2025-01-23 01:28:40.982500,5.983201914610025,6.01507452780793,56.73169293110392,56.74248068036987,56.78360319477586,57.406359359213525,56.7858993000699,5.490899586697259,56.73169296542457,57.40635962846068,0.0,0.0,0.0,0.0,95.86218125264168,1.0,-11.47850108509374,1.0,-90.04939410885981,1.0,0
80,2025-01-23 01:28:45.991242,6.054342434029767,6.077991192426227,67.34598810553422,62.36561199460279,57.61206555954176,57.31014792108218,57.57978548115636,6.284785282555461,67.34598752624413,57.310147745439586,0.0,0.0,311.07673036865236,1.0,-66.4218358326707,1.0,193.74288875383172,1.0,58.74345689903748,1.0,0
81,2025-01-23 01:28:50.607365,6.124808969608144,6.140748340403532,67.36075326049085,62.401255197405995,57.67764906477911,57.373064241833625,57.64565584683415,6.3506556501148115,67.36075268283572,57.37306406663634,0.0,0.0,310.2985048737836,1.0,-65.79255189421929,1.0,193.19607382044524,1.0,58.594526521460466,1.0,0
82,2025-01-23 01:28:55.400299,6.194616904104031,6.203334179535011,67.37545433874892,62.43679951039751,57.74272787560812,57.43582102135114,57.71101382505732,6.4160136301765744,67.3754537627185,57.43582084663209,0.0,0.0,309.52365666283714,1.0,-65.17763571139312,1.0,192.65269509560312,1.0,58.434580574839856,1.0,0
83,2025-01-23 01:29:00.234470,6.263780880329778,6.265737717044061,67.39009134663247,62.47223983130213,57.80730849925197,57.498406469320436,57.775866326711316,6.480866133628284,67.39009077221661,57.498406295110314,0.0,0.0,308.7521854024914,1.0,-64.57639193001796,1.0,192.11270622236043,1.0,58.26436946222202,1.0,0
84,2025-01-23 01:29:04.820097,6.332314807976899,6.327948655049186,67.40466386084228,62.507571155150856,57.871397017876795,57.56080959462626,57.84021980350042,6.545219612176272,67.40466328803099,57.5608094209538,0.0,0.0,307.9841134035371,1.0,-63.98813388784674,1.0,191.5760608437722,1.0,58.08454797545437,1.0,0
85,2025-01-23 01:29:09.403756,6.357990509233925,6.355796434972979,67.20075612162209,61.90953360694338,57.69928622360245,57.622964915594736,57.67299444671024,6.377994375032149,67.20075554984318,57.622964837852905,0.0,0.0,318.73145752071076,1.0,-23.9726538609375,1.0,191.2307827285531,1.0,26.000663002037072,1.0,0
86,2025-01-23 01:29:14.069290,6.383594062404951,6.38337526709916,67.2067981576571,61.925588885417284,57.72469650081014,57.65081240651007,57.698432712485335,6.403432641008636,67.20679758650782,57.650812329519056,0.0,0.0,318.413000552452,1.0,-23.90529721992607,1.0,191.02020051150248,1.0,25.749553225864474,1.0,0
87,2025-01-23 01:29:18.782750,6.409117585502385,6.4106947913938335,67.21280964479757,61.94150625859736,57.75000631019219,57.67839096224519,57.72377355708161,6.42877348582834,67.21280907427628,57.678390885978075,0.0,0.0,318.0961537216173,1.0,-23.83056982466769,1.0,190.81017457779126,1.0,25.50744538893923,1.0,0
88,2025-01-23 01:29:23.682652,6.434553840413003,6.437763987596682,67.21878978918953,61.95728966381654,57.775210342846435,57.705710221826415,57.74901141045187,6.454011339442224,67.21878921929434,57.705710146258134,0.0,0.0,317.7809588697861,1.0,-23.74909169930106,1.0,190.60077446283685,1.0,25.273722364431706,1.0,0
89,2025-01-23 01:29:28.471368,6.459896229727801,6.464591216594278,67.22473891521838,61.97294334372148,57.80030390719513,57.73277916412651,57.774141329986165,6.479141259238565,67.2247383459473,57.73277908923373,0.0,0.0,317.4673988996102,1.0,-23.661450997565225,1.0,190.3920407289661,1.0,25.04780179322097,1.0,0
90,2025-01-23 01:29:33.023385,6.485138753985247,6.491184246647,67.23065669224319,61.98847090617545,57.82528278732976,57.75960614921893,57.79915886406558,6.504158793596768,67.23065612359409,57.75960607497995,0.0,0.0,317.15549123814793,1.0,-23.568212694726753,1.0,190.18401973312393,1.0,24.82913898120387,1.0,0
91,2025-01-23 01:29:37.399053,6.510275977143588,6.517550285180218,67.2365430676175,62.00387584036103,57.85014322809262,57.78619894460788,57.82406003399453,6.529059963819676,67.23654249958811,57.7861988710026,0.0,0.0,316.84523866022965,1.0,-23.469895409107266,1.0,189.97675783225532,1.0,24.617200823513485,1.0,0
92,2025-01-23 01:29:42.231639,6.535302994266657,6.543696010577583,67.24239778227924,62.01916126927808,57.87488190358137,57.81256475701707,57.848841304955194,6.553841235088012,67.24239721486718,57.8125646840268,0.0,0.0,316.53665482021233,1.0,-23.36699747786497,1.0,189.77029558868708,1.0,24.41150926415503,1.0,0
93,2025-01-23 01:29:46.845692,6.56021540155529,6.569627624250815,67.24822122444434,62.03433042522533,57.8994958947171,57.83871026420105,57.873499560061546,6.578499490514311,67.24822065764715,57.83871019180853,0.0,0.0,316.2297192564419,1.0,-23.259991162376537,1.0,189.56465038627357,1.0,24.211592041751828,1.0,0
94,2025-01-23 01:29:51.578331,6.5850092541760175,6.595350845357562,67.25401293035394,62.049385863575296,57.92398261471099,57.86464166695455,57.898032030595665,6.6030319613794015,67.25401236416904,57.8646415951438,0.0,0.0,315.9244564122074,1.0,-23.14929657245557,1.0,189.35986858195974,1.0,24.0170203545631,1.0,0
95,2025-01-23 01:29:56.340507,6.609681035645625,6.620870961955625,67.25977292165821,62.064330182550016,57.94833980864905,57.89036468388598,57.92243629116011,6.627436222284627,67.25977235608296,57.890364612642216,0.0,0.0,315.6208651463935,1.0,-23.035325125988493,1.0,189.15597335421808,1.0,23.8273914766296,1.0,0
96,2025-01-23 01:30:01.175630,6.634227637618275,6.646192874804239,67.26550135867778,62.07916585911446,57.972565554458306,57.91588460256186,57.94671026225838,6.651710193732337,67.26550079370946,57.915884531871406,0.0,0.0,315.3189370090006,1.0,-22.918453473153022,1.0,188.95298788152104,1.0,23.64233744970079,1.0,0
97,2025-01-23 01:30:05.766830,6.657106585956812,6.670095204173792,67.26404623920772,62.07204166452806,57.99175892018638,57.94120513628206,57.966122252717355,6.671122188846883,67.26404567491758,57.94120506955464,0.0,0.0,315.3956318403787,1.0,-21.361404816957474,1.0,188.7261691445019,1.0,22.31690547432663,1.0,0
98,2025-01-23 01:30:10.135787,6.679886195601266,6.693794792347273,67.26939726913616,62.08594974653452,58.014303648920304,57.965107274213345,57.98870507150124,6.6937050079080676,67.26939670541124,57.9651072080519,0.0,0.0,315.1135956594953,1.0,-21.26866195396815,1.0,188.5371313176165,1.0,22.127618478862132,1.0,0
99,2025-01-23 01:30:14.768398,6.702561750571355,6.717298032586824,67.27471871473296,62.099749994371706,58.03673437268178,57.9888066783066,58.01117567085109,6.71617560754842,67.27471815157098,57.9888066126933,0.0,0.0,314.8331187769199,1.0,-21.171503591972396,1.0,188.34885838032278,1.0,21.944291248132686,1.0,0
100,2025-01-23 01:30:19.492993,6.725129069849939,6.740610763202732,67.28001096585838,62.11344552758626,58.059048335363066,58.01230974118367,58.033531078633274,6.738531015632769,67.28001040325695,58.01230967610221,0.0,0.0,314.55418064432604,1.0,-21.070445451982778,1.0,188.16138510032943,1.0,21.76641675305291,1.0,0
101,2025-01-23 01:30:24.035017,6.747584471633708,6.763738323291901,67.28527353468832,62.12703873928921,58.08124316970313,58.03562230058354,58.05576873335683,6.760768670668747,67.28527297264498,58.035622236019016,0.0,0.0,314.2768069734101,1.0,-20.965954000757847,1.0,187.97473465610892,1.0,21.593528526864247,1.0,0
102,2025-01-23 01:30:28.715606,6.769924742368026,6.786685587558311,67.29050666751996,62.14053218968931,58.10331688301623,58.05874969507906,58.07788646238715,6.782886400020463,67.29050610603205,58.05874963101786,0.0,0.0,314.00098478261134,1.0,-20.858463834656504,1.0,187.78896499384246,1.0,21.425191973207802,1.0,0
103,2025-01-23 01:30:33.518507,6.792147094372478,6.80945701771467,67.29571051796513,62.15392817659006,58.125267791022715,58.08169679891059,58.09988241784141,6.804882355803931,67.29570995703016,58.081696735340266,0.0,0.0,313.7267059755265,1.0,-20.74836029578364,1.0,187.60404134582132,1.0,21.26102174997868,1.0,0
104,2025-01-23 01:30:38.365129,6.814249114807343,6.832056683172178,67.30088489598047,62.167228623871765,58.147094452912036,58.104468073357765,58.12175501035986,6.826754948658309,67.30088433559571,58.10446801026694,0.0,0.0,313.4539805687527,1.0,-20.636011342389793,1.0,187.4200216582267,1.0,21.10064989892635,1.0,0
105,2025-01-23 01:30:43.042621,6.836228736671996,6.854488299602945,67.30602984745121,62.18043540287125,58.168795687581216,58.1270675874441,58.14350292389488,6.848502862535011,67.30602928761397,58.127067524822415,0.0,0.0,313.1828061438206,1.0,-20.521735678471487,1.0,187.23690593105857,1.0,20.9437490241271,1.0,0
106,2025-01-23 01:30:47.599604,6.858084212786996,6.876755269524163,67.31114559691673,62.19355031910128,58.19037055474657,58.14949905649969,58.165125096327664,6.870125035314376,67.31114503762424,58.149498994337634,0.0,0.0,312.9131708659578,1.0,-20.405823034934656,1.0,187.05471154817133,1.0,20.790026497365943,1.0,0
107,2025-01-23 01:30:52.325247,6.879814080282077,6.898860712081125,67.31623205442337,62.20657486549,58.21181830282154,58.17176588273425,58.18662066738086,6.8916206067182255,67.31623149567281,58.17176582102313,0.0,0.0,312.6450794763405,1.0,-20.288545758830878,1.0,186.87346748265554,1.0,20.6392099715913,1.0,0
108,2025-01-23 01:30:57.113473,6.9014171245709655,6.920807479531327,67.32128949640874,62.21951060232833,58.23313833820505,58.19387118500734,58.20798894356777,6.9129888832591835,67.32128893819731,58.19387112373919,0.0,0.0,312.378517404802,1.0,-20.1701356348849,1.0,186.69315055603874,1.0,20.491058970151244,1.0,0
109,2025-01-23 01:31:01.820550,6.957374920037688,6.971335903517166,67.50041566230716,62.7399229186711,58.41844826545819,58.21585640149245,58.38975851135498,7.094758355139246,67.50041510430087,58.21585626043373,0.0,0.0,302.93733310908675,1.0,-52.24616600344234,1.0,186.6245480721318,1.0,47.1769239754849,1.0,0
110,2025-01-23 01:31:06.428364,7.012786294492445,7.021727666248709,67.51251588717541,62.768971922127804,58.47070377625617,58.26638458103502,58.442234367470526,7.14723421278022,67.51251533050265,58.26638444035782,0.0,0.0,302.2995678087027,1.0,-51.73599044042021,1.0,186.17854790477395,1.0,47.04932358720271,1.0,0
111,2025-01-23 01:31:11.206909,6.899824032040313,6.916717606630766,57.531444098312086,57.542913124813005,57.59489332627384,58.31653830369235,57.597686363972834,6.30268667932625,57.53144413656153,58.31653859684583,0.0,0.0,0.0,0.0,105.46957696874415,1.0,-12.792482895065405,1.0,-98.04483716209234,1.0,0
112,2025-01-23 01:31:15.704804,6.787073486315142,6.8114958424597845,57.421748606152065,57.433689175216465,57.48442311620302,58.211527536947344,57.487186936042924,6.192187250805305,57.42174864414863,58.21152783069185,0.0,0.0,0.0,0.0,105.27190516086193,1.0,-12.707907546314345,1.0,-98.24250317535643,1.0,0
113,2025-01-23 01:31:20.538579,6.674523052824012,6.706073957024949,57.31207824882442,57.32447277094309,57.374024281178365,58.10630510322483,57.37676061420845,6.081760928412174,57.31207828658185,58.10630539752801,0.0,0.0,0.0,0.0,105.08506349424351,1.0,-12.627927329731392,1.0,-98.42935063659297,1.0,0
114,2025-01-23 01:31:25.336790,6.562161816744783,6.6004628776344125,57.20243331344952,57.21526431867098,57.263693935120976,58.00088258380249,57.266404397760866,5.971404711436416,57.20243335098081,58.000882878633824,0.0,0.0,0.0,0.0,104.9084174582049,1.0,-12.552295974046501,1.0,-98.60599087801347,1.0,0
115,2025-01-23 01:31:29.928309,6.449979479058685,6.494672909312378,57.092813449313795,57.106063718985496,57.15342893847559,57.89527090406653,57.1561150424327,5.861115355608824,57.09281348663116,57.895271199397264,0.0,0.0,0.0,0.0,104.74138469362515,1.0,-12.480746926826214,1.0,-98.77301495066604,1.0,0
116,2025-01-23 01:31:34.731025,6.337966331915314,6.388713761222354,56.98321839481814,56.996871005933485,57.04322640760808,57.789480367187,57.045889567420105,5.75088988012391,56.98321843193311,57.78948066299004,0.0,0.0,0.0,0.0,104.58341760909207,1.0,-12.413057095272961,1.0,-98.930976240581,1.0,0
117,2025-01-23 01:31:39.252442,6.226113210048427,6.2825945846435225,56.87364750286708,56.88768591031323,56.93308341911582,57.683520680582205,56.93572496135454,5.640725273611592,56.873647539790554,57.683520976832,0.0,0.0,0.0,0.0,104.43400338090214,1.0,-12.349012078516353,1.0,-99.08039336607999,1.0,0
118,2025-01-23 01:31:44.123068,6.1144114814831525,6.1763240224107046,56.76410065386452,56.77850866642494,56.82299742950008,57.577400993936045,56.82561859487626,5.530618906710675,56.764100690606774,57.57740129060845,0.0,0.0,0.0,0.0,104.29265236382435,1.0,-12.288403270304116,1.0,-99.2217356912306,1.0,0
119,2025-01-23 01:31:48.670680,6.002852984863961,6.069910229083031,56.65457698716173,56.66933887328437,56.7129656476325,57.47112994854142,56.71556760127982,5.420567912714377,56.654577023732486,57.47113024561368,0.0,0.0,0.0,0.0,104.15891837226354,1.0,-12.231045242856453,1.0,-99.35546678548235,1.0,0
120,2025-01-23 01:31:53.459708,5.891430020561529,5.963360901918132,56.545075971283985,56.560176442537724,56.60298560518505,57.36471569750703,56.60556944028619,5.310569751342387,56.54507600769243,57.364715994957656,0.0,0.0,0.0,0.0,104.03237839909707,1.0,-12.176761260320745,1.0,-99.48200965595788,1.0,0
121,2025-01-23 01:31:58.204460,5.975424321765045,6.03540673713586,67.39686893045685,62.51810140212422,57.63074192877877,57.25845520383493,57.59663182545792,6.301631590973498,67.39686835013269,57.2584550027067,0.0,0.0,308.39495999298924,1.0,-78.42303754785007,1.0,194.08872894700835,1.0,67.26709967495026,1.0,0
122,2025-01-23 01:32:02.884135,6.058607553816,6.107300230463568,67.41393506028497,62.55863289412099,57.70707669365445,57.33050067045328,57.67332053766901,6.378320305448819,67.41393448186514,57.33050046975033,0.0,0.0,307.4954572536008,1.0,-77.66576787901158,1.0,193.451830880349,1.0,67.12486497860937,1.0,0
123,2025-01-23 01:32:07.343681,6.140997344524328,6.179027548185257,67.43093419345591,62.59906831727853,57.78282698378385,57.402393762467426,57.74941543933156,6.454415209326395,67.43093361692907,57.40239356222839,0.0,0.0,306.5994857000911,1.0,-76.92495492563012,1.0,192.81872249393928,1.0,66.96970828386384,1.0,0
124,2025-01-23 01:32:11.928572,6.222610497417679,6.250575697851164,67.4478654928037,62.639401312332275,57.857998915281605,57.47412064838442,57.82492311156598,6.529922883728954,67.4478649181586,57.47412044864556,0.0,0.0,305.70708945688,1.0,-76.19982510618684,1.0,192.18937481468856,1.0,66.80242635070499,1.0,0
125,2025-01-23 01:32:16.639828,6.30346304122003,6.321932476657119,67.46472920399877,62.67962649282647,57.93259855588442,57.54566833785149,57.899850047286364,6.604849821572701,67.4647286312243,57.54566813864687,0.0,0.0,304.81825557544414,1.0,-75.4896685799622,1.0,191.56374148565192,1.0,66.62374930101578,1.0,0
126,2025-01-23 01:32:21.487882,6.383570292909056,6.393086413182819,67.48152498777189,62.71973846783182,58.00663205376157,57.617024630018065,57.97420279423376,6.679202570600707,67.48152441685713,57.61702443137972,0.0,0.0,303.93300193760865,1.0,-74.79381027394538,1.0,190.94177035526627,1.0,66.4343608997342,1.0,0
127,2025-01-23 01:32:26.283680,6.462946907780157,6.464026707531885,67.49825219688712,62.75973197642295,58.08010555675386,57.688178055269354,58.04798787463874,6.75298765304539,67.49825162782119,57.688177857227416,0.0,0.0,303.0513626571733,1.0,-74.1116359586158,1.0,190.32343245044103,1.0,66.2348927602352,1.0,0
128,2025-01-23 01:32:30.805431,6.541606908909389,6.534743224971428,67.51491068891094,62.79960232790846,58.15302506444765,57.759117815493475,58.12121163360777,6.826211414014963,67.51491012168307,57.75911761807625,0.0,0.0,302.1733452413657,1.0,-73.44255458292537,1.0,189.7086930034675,1.0,66.02595621473029,1.0,0
129,2025-01-23 01:32:35.577916,6.6195637402513015,6.605226404967888,67.53150037977856,62.83934514361475,58.22539663294165,57.829833777518175,58.19388045169821,6.898880234068431,67.5314998143781,57.82983358075237,0.0,0.0,301.29895412098125,1.0,-72.78602435007997,1.0,189.09751724663693,1.0,65.8080901627045,1.0,0
130,2025-01-23 01:32:40.188794,6.696830293143561,6.675467241078411,67.54802122080433,62.878956305217756,58.29722618020344,57.900316382315914,58.266000549764044,6.971000334061287,67.54802065722079,57.90031618622664,0.0,0.0,300.428191862089,1.0,-72.14153243637611,1.0,188.48984723376816,1.0,65.5818248117157,1.0,0
131,2025-01-23 01:32:44.875817,6.773418937350846,6.745457267404223,67.56447289623836,62.918431773477074,58.36851953184918,57.97055662490982,58.33757803872075,7.042577824910495,67.56447233446137,57.97055642952073,0.0,0.0,299.5610751068852,1.0,-71.5085862992737,1.0,187.88564819715248,1.0,65.34765270430398,1.0,0
132,2025-01-23 01:32:49.664454,6.8493415573234655,6.815188494873654,67.58085535189817,62.957767885134345,58.43928248021325,58.040546040708136,58.40861897843047,7.113618766479516,67.58085479191737,58.04054584604152,0.0,0.0,298.6976067111611,1.0,-70.88674554779573,1.0,187.28491434217176,1.0,65.10602002606447,1.0,0
133,2025-01-23 01:32:54.267515,6.914737182294108,6.876542441338066,67.54109854590168,62.84463954567305,58.431725122030585,58.11025855146457,58.40237902600003,7.1073788434369805,67.54109798698678,58.11025838018457,0.0,0.0,300.7930645720436,1.0,-61.05799541956003,1.0,186.92842943551113,1.0,57.2843923379196,1.0,0
134,2025-01-23 01:32:59.034012,6.979582052662784,6.937640801318139,67.55538234465574,62.879369437057825,58.49288629792436,58.17161195901164,58.463764617461734,7.168764436436217,67.55538178729569,58.17161178844514,0.0,0.0,300.04020986874883,1.0,-60.54376941847295,1.0,186.40840881630538,1.0,57.04576416917462,1.0,0
135,2025-01-23 01:33:03.613826,7.043885651045349,6.9984777761911,67.5696010493586,62.913958257944785,58.55359835134264,58.23270976982312,58.52469645322934,7.229696273714876,67.56960049354437,58.23270959998633,0.0,0.0,299.29078607087405,1.0,-60.038400491180255,1.0,185.89141298775758,1.0,56.80171223787056,1.0,0
136,2025-01-23 01:33:08.475604,6.941062877544319,6.905888183269902,57.68269199276336,57.689183981712375,57.73981460608652,58.29332776504814,57.74229546750559,6.447295754552895,57.682692028904164,58.29332802352779,0.0,0.0,0.0,0.0,96.00263120660202,1.0,-12.087248896932579,1.0,-86.44821278664949,1.0,0
137,2025-01-23 01:33:13.298010,6.8385430500352316,6.812995645341183,57.584209491538886,57.5912257574229,57.64028235982003,58.20073726250568,57.64272368999095,6.347723976192537,57.58420952731917,58.20073752183104,0.0,0.0,0.0,0.0,95.7197814096844,1.0,-11.966671585810218,1.0,-86.73105968625805,1.0,0
138,2025-01-23 01:33:18.034233,6.736307530079866,6.7198188138967545,57.48574923655497,57.493272714196756,57.54084313674283,58.107843868726476,57.543247626713026,6.248247912120912,57.48574927199659,58.10784412884549,0.0,0.0,0.0,0.0,95.4543299536681,1.0,-11.85340708275362,1.0,-86.99649955303812,1.0,0
139,2025-01-23 01:33:22.728976,6.634338862929348,6.626375121963436,57.38731057980276,57.39532525130614,57.441492303447475,58.01466623188762,57.44386244910565,6.148862733768574,57.38731061492631,58.01466649275163,0.0,0.0,0.0,0.0,95.2051787584196,1.0,-11.747029483331062,1.0,-87.24565944021379,1.0,0
140,2025-01-23 01:33:27.354338,6.532620755271123,6.53268087719881,57.28889509356258,57.297384217621655,57.34222620611245,57.92122178199273,57.34456431141033,6.049564595373783,57.28889512838729,57.9212220435562,0.0,0.0,0.0,0.0,94.97124133304169,1.0,-11.647083910020228,1.0,-87.47959396828264,1.0,0
141,2025-01-23 01:33:32.284834,6.43113797836728,6.438751306247108,57.19050371573513,57.19945010638245,57.24304112723885,57.82752682375647,57.24534932262476,5.950349605931245,57.19050375027904,57.8275270859769,0.0,0.0,0.0,0.0,94.75151810590887,1.0,-11.553167636861872,1.0,-87.69931140079734,1.0,0
142,2025-01-23 01:33:37.098786,6.329876290125252,6.344600646752161,57.09213709394091,57.10152332414315,57.14393341913764,57.7335965811117,57.14621367606461,5.8512139587539,57.092137128220855,57.733596843949314,0.0,0.0,0.0,0.0,94.54509932197652,1.0,-11.464886629823923,1.0,-87.90573018472969,1.0,0
143,2025-01-23 01:33:41.801427,6.228822353090664,6.2502422396017785,56.993795332579815,57.0036039319837,57.04489940269723,57.639445289230075,57.047153549271044,5.752153831380349,56.99379536661161,57.63944555264766,0.0,0.0,0.0,0.0,94.35112448045402,1.0,-11.38189321181926,1.0,-88.09969923163408,1.0,0
144,2025-01-23 01:33:46.567447,6.127963684636579,6.155688553412726,56.89547864511109,56.905692207739136,56.945935650788996,57.54508628656605,56.94816538144589,5.653165663010052,56.895478678909534,57.54508655052877,0.0,0.0,0.0,0.0,94.16880261596816,1.0,-11.303848397687943,1.0,-88.28202109611993,1.0,0
145,2025-01-23 01:33:51.395453,6.0392473691103685,6.071846907230514,56.928248983516454,56.937025740085474,56.9673009068287,57.45056371043697,56.96903321646281,5.674033464129537,56.92824901294786,57.45056394449522,0.0,0.0,0.0,0.0,82.83184377035013,1.0,-9.84330041433168,1.0,-78.28050732598513,1.0,0
146,2025-01-23 01:33:55.994683,5.950688322012358,5.987847989504554,56.84150036346629,56.85058707346136,56.88009113582721,57.366721630566275,56.88180602234833,5.586806269576009,56.84150039270952,57.36672186506358,0.0,0.0,0.0,0.0,82.68500524991396,1.0,-9.780365066944796,1.0,-78.4273458464213,1.0,0
147,2025-01-23 01:34:00.703546,6.034301324271077,6.0611914631570905,67.41085314178315,62.54657628400183,57.68613391634252,57.28294545801831,57.6524480912803,6.357447857860339,67.41085256278883,57.28294525326749,0.0,0.0,307.6578956132569,1.0,-78.06703069718424,1.0,193.64396303330977,1.0,68.4786703016016,1.0,0
148,2025-01-23 01:34:05.451704,6.11714411352175,6.13433520074643,67.42803500656295,62.58770436363765,57.76250065627364,57.35628844112827,57.729149052662336,6.434148821392548,67.42803442947402,57.35628823693505,0.0,0.0,306.7522928437424,1.0,-77.34790699942096,1.0,193.0067114949452,1.0,68.29218210668841,1.0,0
149,2025-01-23 01:34:09.960495,6.199231744810113,6.207268033621407,67.44514859097909,62.62871571585192,57.83829323247479,57.42943166198119,57.80526783605125,6.5102676068896335,67.44514801578455,57.42943145837674,0.0,0.0,305.85028892029146,1.0,-76.6428323532864,1.0,192.37313374446785,1.0,68.09526649647069,1.0,0
150,2025-01-23 01:34:14.377573,6.280578613586345,6.2799794246510094,67.46219345152036,62.669605333771806,57.91351749105669,57.50236395366967,57.88081064456528,6.58581041747163,67.46219287820934,57.502363750683415,0.0,0.0,304.9519072190042,1.0,-75.95120411849621,1.0,191.74319501416903,1.0,67.88851452199651,1.0,0
151,2025-01-23 01:34:19.333108,6.361198526498274,6.35245945274874,67.4791693064862,62.71036856696439,57.98817946817613,57.5750747807628,57.95578385190679,6.66078362684256,67.47916873504792,57.57507457842244,0.0,0.0,304.05716258744224,1.0,-75.272466011711,1.0,191.11686053634003,1.0,67.67249405584153,1.0,0
152,2025-01-23 01:34:24.192745,6.441104737215227,6.424698770881446,67.49607622819589,62.75100122525019,58.0622851499334,57.64755422376495,58.03019375876925,6.735193535697433,67.49607565861972,57.64755402209657,0.0,0.0,303.1660512138818,1.0,-74.60610520922728,1.0,190.49407815941777,1.0,67.44774979210888,1.0,0
153,2025-01-23 01:34:28.880077,6.520309969485234,6.496688558023037,67.51291397095937,62.79149917588265,58.1358403764167,57.71979293710974,58.10404650062329,6.809046279508376,67.5129134032348,57.719792736137975,0.0,0.0,302.278586047882,1.0,-73.95162337388683,1.0,189.87481311569354,1.0,67.21476847872054,1.0,0
154,2025-01-23 01:34:33.385697,6.598826447963267,6.56842050095516,67.5296822767619,62.83185849866671,58.20885091614266,57.791782101186065,58.1773481238383,6.882347904646153,67.52968171087849,57.791781900934126,0.0,0.0,301.3947806886011,1.0,-73.3085540389311,1.0,189.25903643207675,1.0,66.97402527436225,1.0,0
155,2025-01-23 01:34:38.362616,6.676665934185062,6.639886755552984,67.54638116607063,62.87207564497505,58.28132252442697,57.86351340408888,58.250104644981974,6.9551044276797676,67.54638060201808,57.86351320457863,0.0,0.0,300.5146340572767,1.0,-72.67646550531026,1.0,188.6467133408587,1.0,66.72596636462913,1.0,0
156,2025-01-23 01:34:44.298961,6.753839750759362,6.711079934560048,67.56301064781782,62.9121472553024,58.35326086260182,57.934979002968674,58.3223219715792,7.02732175613534,67.56301008558589,57.934978804220776,0.0,0.0,299.63814568311994,1.0,-72.05494345782881,1.0,188.03780327971253,1.0,66.47100027009856,1.0,1
157,2025-01-23 01:34:50.167554,6.837598886124559,6.78797896179955,67.62217558999681,63.06596441305996,58.48834544516081,58.006186325398104,58.456917110965954,7.1619168771380455,67.62217503027217,58.006186110721366,0.0,0.0,296.51974519620296,1.0,-78.2034678780974,1.0,187.19924670790533,1.0,71.79838094600655,1.0,1
158,2025-01-23 01:34:56.054024,6.920650195944659,6.864574330244953,67.64009333794952,63.108858740467674,58.56544333811131,58.08308457661231,58.53431254329189,7.239312311439997,67.64009278018601,58.08308436278327,0.0,0.0,295.575356308418,1.0,-77.542591681663,1.0,186.54334808843487,1.0,71.51486766531434,1.0,1
159,2025-01-23 01:35:01.935196,7.003004296942297,6.940859480782183,67.65793914108755,63.15159123858238,58.64197959934452,58.15967915496839,58.61114060261796,7.316140372712443,67.65793858527476,58.15967894200537,0.0,0.0,294.6347594085408,1.0,-76.89162717952058,1.0,185.89093203445373,1.0,71.2252294732707,1.0,1
160,2025-01-23 01:35:07.993731,7.084671469367287,7.01682820152679,67.6757131641959,63.19415920440254,58.71795969371524,58.235963502407564,58.687406956685884,7.392406728698042,67.67571261032353,58.23596329032793,0.0,0.0,293.6979458112601,1.0,-76.2502643596008,1.0,185.2419637782532,1.0,70.9297821765631,1.0,1
161,2025-01-23 01:35:13.955079,7.165661660952845,7.092474615309725,67.69341502238865,63.236559761262534,58.793388895262254,58.31193140805945,58.763117073501604,7.468116847403675,67.69341447044646,58.31193119687958,0.0,0.0,292.7649358027221,1.0,-75.61818451790714,1.0,184.59641434674268,1.0,70.62885896573334,1.0,1
162,2025-01-23 01:35:20.076115,7.245984487288319,7.167793168460542,67.71104469759085,63.27879038207182,58.86827226881406,58.38757699573173,58.83827619859193,7.54327597435705,67.71104414756867,58.38757678546716,0.0,0.0,291.8357303355989,1.0,-74.99508923160647,1.0,183.95426635606782,1.0,70.32273798245114,1.0,1
163,2025-01-23 01:35:25.974762,7.325649276999724,7.242778603230017,67.72860222868036,63.32084870606752,58.94261504684888,58.462894712652634,58.91288974002704,7.617889517629191,67.72860168056816,58.462894503318005,0.0,0.0,290.9103273607607,1.0,-74.38069746172005,1.0,183.3154792439018,1.0,70.01171764954961,1.0,1
164,2025-01-23 01:35:32.172772,7.404665063085619,7.31742596623924,67.74608771813536,63.36273253111901,59.01642220243143,58.537879301984034,58.98696283517647,7.691962614590431,67.74608717192316,58.53787909359318,0.0,0.0,289.98872147689974,1.0,-73.77473975850535,1.0,182.680024037154,1.0,69.69607321138938,1.0,1
165,2025-01-23 01:35:38.156652,7.483040602997354,7.391730580256821,67.76350102868034,63.40443964283143,59.089698680591674,58.61252581117866,59.060500587570374,7.7655003687716935,67.76350048435827,58.61252560374465,0.0,0.0,289.0709199193813,1.0,-73.17696115876515,1.0,182.04787176273385,1.0,69.3760567338586,1.0,1
166,2025-01-23 01:35:44.075604,7.560784385023428,7.465688020176116,67.7808420784479,63.445967972727196,59.162449296855556,58.68682956376865,59.13350796298231,7.838507745947298,67.78084153600615,58.68682935730383,0.0,0.0,288.15692700318584,1.0,-72.58710380199318,1.0,181.41900503678698,1.0,69.05191448822734,1.0,1
167,2025-01-23 01:35:49.872925,7.637904644910528,7.539294134114757,67.79811104440238,63.48731570521161,59.23467882499915,58.76078613545484,59.205989878132016,7.910989662837657,67.79811050383118,58.76078592997084,0.0,0.0,287.2467334010671,1.0,-72.00494459539186,1.0,180.7933948862228,1.0,68.72388405383845,1.0,1
168,2025-01-23 01:35:55.762091,7.714409387350694,7.612544996253002,67.8153078250922,63.52848097749839,59.306392044297574,58.83439137503739,59.27795125136349,7.9829510377874575,67.81530728638195,58.834391170545125,0.0,0.0,286.3403444602256,1.0,-71.43025175423645,1.0,180.17100654333262,1.0,68.39219721541667,1.0,1
169,2025-01-23 01:36:02.000564,7.77427537386716,7.672731811231315,67.74307014067159,63.33174581445819,59.254988971646625,58.907612607416304,59.228498761560104,7.933498594433995,67.7430696026739,58.90761243939455,0.0,0.0,290.1477686201193,1.0,-55.89512974665922,1.0,179.93269707858417,1.0,56.19467673568579,1.0,1
170,2025-01-23 01:36:07.951434,7.8337178860708745,7.7325611210851255,67.75690480727563,63.36574176617004,59.31183044554903,58.96779868140323,59.28550486152266,7.990504695578754,67.75690427075159,58.9677985143795,0.0,0.0,289.4185862785918,1.0,-55.4997426712589,1.0,179.4398300398825,1.0,55.86088645088694,1.0,1
171,2025-01-23 01:36:13.919368,7.892740681848648,7.792032815871186,67.77067451045382,63.39955257333833,59.36829114691579,59.027627253743795,59.342128304090714,8.047128139318517,67.77067397539595,59.02762708771841,0.0,0.0,288.69282795763206,1.0,-55.10786713443849,1.0,178.94947207082623,1.0,55.52699476027101,1.0,1
172,2025-01-23 01:36:19.794655,7.951347461677894,7.851146831790732,67.78438030241074,63.433178713946575,59.42437567993292,59.087098214649735,59.398373688485755,8.103373524874945,67.78437976881173,59.08709804962288,0.0,0.0,287.97043819879906,1.0,-54.719442292707754,1.0,178.46155943061603,1.0,55.193036431546716,1.0,1
173,2025-01-23 01:36:25.544020,8.009541833345288,7.9099031575810645,67.79802204900682,63.46662000669165,59.480086657760296,59.14621150043467,59.45424367279464,8.159243510335143,67.79802151685936,59.14621133640635,0.0,0.0,287.25142407217527,1.0,-54.33438702141302,1.0,177.9760863246338,1.0,54.85907520551336,1.0,1
174,2025-01-23 01:36:31.378516,8.067327313632541,7.968301879254291,67.81159998955832,63.49987650342486,59.53542663321271,59.204967100036626,59.50974085137395,8.214740690055928,67.8115994588552,59.204966937006624,0.0,0.0,286.535772964141,1.0,-53.952620195900636,1.0,177.49303536902516,1.0,54.52519220682461,1.0,1
175,2025-01-23 01:36:37.386515,8.12470735367192,8.026343155394311,67.82511414748585,63.53294817583584,59.59039824973538,59.26336509961462,59.564867910665875,8.269867750479701,67.82511361821979,59.26336493758251,0.0,0.0,285.82348364027166,1.0,-53.57407517806223,1.0,177.01240656379014,1.0,54.19144827897071,1.0,1
176,2025-01-23 01:36:43.245326,8.18168532532025,8.084027191839604,67.83856466308984,63.56583509262141,59.645004013385446,59.32140565784572,59.61962739603394,8.32462723697023,67.83856413525372,59.32140549681089,0.0,0.0,285.11454870576455,1.0,-53.198670843244145,1.0,176.53417093583812,1.0,53.85791006006002,1.0,1
177,2025-01-23 01:36:49.181505,8.238264526589418,8.14135429008195,67.85195170472245,63.598537358387105,59.69924640216709,59.379088980755995,59.674021823691035,8.37902166574055,67.8519511783091,59.37908882071762,0.0,0.0,284.4089592873007,1.0,-52.82635214257425,1.0,176.0583284851691,1.0,53.52464418820091,1.0,1
178,2025-01-23 01:36:55.239476,8.294448181492655,8.198324798884764,67.86527520359532,63.63105498519945,59.75312783421098,59.4364153699249,59.72805364901089,8.433053492164628,67.8652746785976,59.43641521088201,0.0,0.0,283.706719010501,1.0,-52.457046643326066,1.0,175.58486762254688,1.0,53.1917057122655,1.0,1
179,2025-01-23 01:37:01.230524,8.35023945096046,8.254939133429092,67.87853546346186,63.66338821538543,59.80665073919333,59.49338517423932,59.781725336862756,8.486725181111915,67.87853493987271,59.49338501619074,0.0,0.0,283.00781186546715,1.0,-52.090684810082166,1.0,175.11377096411707,1.0,52.859158373053106,1.0,1
180,2025-01-23 01:37:07.032707,8.405641428461447,8.311197775485443,67.89173249580226,63.69553715506059,59.85981746854453,59.54999880900127,59.83503927321719,8.540039118553128,67.89173197361464,59.54999865194568,0.0,0.0,282.31223724711134,1.0,-51.72721449127948,1.0,174.64503271526155,1.0,52.52705721943585,1.0,1
181,2025-01-23 01:37:12.912796,8.47287952292292,8.376704813020094,67.97112340365932,63.90247878079578,59.99821620956153,59.606276856496464,59.972303930708094,8.677303743001488,67.97112288354667,59.60627667362241,0.0,0.0,278.12778887954255,1.0,-62.778252392377,1.0,173.95106345475142,1.0,61.16201171209923,1.0,1
182,2025-01-23 01:37:18.862938,8.539588594833377,8.441861363560252,67.98670338191042,63.939484661251925,60.06130614553338,59.67178311307268,60.03559740955224,8.74059722332249,67.98670286347358,59.671782931177056,0.0,0.0,277.3066165775836,1.0,-62.2843191439415,1.0,173.3905848118411,1.0,60.83477803770165,1.0,1
183,2025-01-23 01:37:24.675538,8.60577501448092,8.506665030783486,68.00221265102009,63.97630747652035,60.12394321009433,59.73693888088725,60.09843485304822,8.803434668277523,68.00221213425013,59.736938699976754,0.0,0.0,276.4891711350278,1.0,-61.79633986562294,1.0,172.83310198649815,1.0,60.50530184609215,1.0,1
184,2025-01-23 01:37:30.659394,8.671445010435244,8.571113581121779,68.01765183348462,64.01294649544914,60.1861323484447,59.801741764083566,60.16082128192426,8.86582109859527,68.01765131837274,59.801741584164446,0.0,0.0,275.6754197420259,1.0,-61.31416389735023,1.0,172.27855703254136,1.0,60.17373669465087,1.0,1
185,2025-01-23 01:37:36.810106,8.736604597154999,8.635204948892312,68.03302055367239,64.04940048368154,60.24787724992491,59.866189529533834,60.22276047670641,8.927760294802303,68.03302004020982,59.86618935061185,0.0,0.0,274.865382196957,1.0,-60.83761450327074,1.0,171.72694994997073,1.0,59.84024772999419,1.0,1
186,2025-01-23 01:37:42.761372,8.801259641149219,8.698937246039803,68.04831903732867,64.08566862012894,60.30918191941873,59.9302801120102,60.284256533016226,8.989256352520652,68.04831852550672,59.930279934090635,0.0,0.0,274.05904660148605,1.0,-60.366532331386225,1.0,171.17824597107756,1.0,59.504988509502255,1.0,1
187,2025-01-23 01:37:48.708587,8.865415832265807,8.762308719240357,68.06354754177423,64.12175017597467,60.370050051983604,59.994011623812305,60.34531322883717,9.05031304973422,68.06354703158428,59.99401144690003,0.0,0.0,273.2563993930371,1.0,-59.900769618934646,1.0,170.63242771200748,1.0,59.16810100131897,1.0,1
188,2025-01-23 01:37:54.509677,8.92907871283995,8.82531779309417,68.07870601964066,64.15764430478798,60.43048541508784,60.05738231205916,60.405934415126126,9.110934237400343,68.07870551107415,60.05738213615859,0.0,0.0,272.4574430682489,1.0,-59.44017860315398,1.0,170.08947199428803,1.0,58.82973876282449,1.0,1
189,2025-01-23 01:38:00.384352,8.992253661119618,8.887963028256326,68.09379446207264,64.19335025687758,60.490491552559426,60.12039060169671,60.466123712901414,9.171123536537774,68.09379395512101,60.12039042681186,0.0,0.0,271.6621780938612,1.0,-58.984611521282204,1.0,169.54936722868297,1.0,58.490032172926476,1.0,1
190,2025-01-23 01:38:06.266959,9.054945921392807,8.950243130628792,68.10881320551212,64.22886753613062,60.55007209630643,60.183035053739964,60.52588482905915,9.230884654043022,68.10881270016696,60.183034879874434,0.0,0.0,270.87058673705906,1.0,-58.533937994411644,1.0,169.0120902367198,1.0,58.14912030245978,1.0,1
191,2025-01-23 01:38:12.491819,9.117160589016358,9.01215693910758,68.12376217500618,64.26419547294908,60.60923047407842,60.245314374418754,60.58522126302716,9.2902210893443,68.12376167125913,60.2453142015758,0.0,0.0,270.08267294838134,1.0,-58.08802764363463,1.0,168.47760625068986,1.0,57.80711904378677,1.0,1
192,2025-01-23 01:38:18.491212,9.178902636061146,9.07370342107575,68.13864148813845,64.2993335631647,60.66797017832772,60.30722740294198,60.644136577243444,9.34913640487999,68.13864098598113,60.307227231124486,0.0,0.0,269.298430530358,1.0,-57.646752987352556,1.0,167.94592106521122,1.0,57.46415877581512,1.0,1
193,2025-01-23 01:38:24.486834,9.238687665864715,9.133717309413365,68.14540630989701,64.31352954947828,60.71595365010421,60.36877067337729,60.692445284540945,9.39744511764084,68.1454058092376,60.36877050583829,0.0,0.0,268.94187776973763,1.0,-55.81954185061022,1.0,167.44494735576154,1.0,56.033221291045265,1.0,1
194,2025-01-23 01:38:30.433766,9.2980278860662,9.193361541807269,68.15983410189337,64.34765100742953,60.77257320481729,60.42878379742843,60.749228530151846,9.454228364493503,68.15983360277119,60.428783630921394,0.0,0.0,268.18143362951633,1.0,-55.40423867273603,1.0,166.93081986318248,1.0,55.688082246661,1.0,1
195,2025-01-23 01:38:36.432429,9.356927452574212,9.252635827472382,68.17419336983012,64.38158118069177,60.82879688297362,60.488427268959086,60.805613854574084,9.510613690145918,68.17419287223726,60.48842710348482,0.0,0.0,267.4246011798156,1.0,-54.99280629976511,1.0,166.41934630570177,1.0,55.34267375253421,1.0,1
196,2025-01-23 01:38:42.240149,9.415390404838506,9.311539980174786,68.18848440265558,64.41532002846667,60.884627509625524,60.547700797410705,60.86160413049226,9.566603967282958,68.18848390658414,60.54770063296973,0.0,0.0,266.6713651910666,1.0,-54.58515781242568,1.0,165.91050929946505,1.0,54.997091419863864,1.0,1
197,2025-01-23 01:38:48.246442,9.47342070844623,9.37007390416415,68.202707088213,64.4488673264962,60.94006809376348,60.606604196742836,60.91720241827078,9.6222022562693,68.20270659365511,60.606604033335415,0.0,0.0,265.921731574704,1.0,-54.1812033941369,1.0,165.4043030498542,1.0,54.65141927061268,1.0,1
198,2025-01-23 01:38:54.229168,9.531022217323299,9.428237570742024,68.21686134975691,64.48222290899967,60.99512134475808,60.665137371347406,60.97241147256694,9.677411311762507,68.21686085670476,60.66513720897361,0.0,0.0,265.1757043757435,1.0,-53.78085322831794,1.0,164.9007101730149,1.0,54.30572394288902,1.0,1
199,2025-01-23 01:39:00.232284,9.588198714816235,9.4860310598434,68.2309478790589,64.51538707436501,61.04979015162971,60.72330029274877,61.02723422619642,9.732234066578467,68.23094738750477,60.723300131408394,0.0,0.0,264.4332471330508,1.0,-53.384034882242304,1.0,164.3997016958565,1.0,53.96009815058278,1.0,1
200,2025-01-23 01:39:06.018137,9.644953892061137,9.543454507765844,68.24496622323173,64.54835951787518,61.10407720665628,60.78109304099567,61.08167341629352,9.786673257851769,68.24496573316787,60.78109288068833,0.0,0.0,263.6943837169069,1.0,-52.9906556420201,1.0,163.90127761837903,1.0,53.614602737184214,1.0,1
201,2025-01-23 01:39:11.924265,9.701291352542754,9.600508148617788,68.25891675982022,64.58114042957038,61.157985162760106,60.83851575257927,61.135731735416556,9.840731578140925,68.25891627123895,60.8385155933043,0.0,0.0,262.9590942280948,1.0,-52.600648869542965,1.0,163.40543214596437,1.0,53.2693246219651,1.0,1
202,2025-01-23 01:39:17.685942,9.757214630889418,9.657192274446805,68.27279948732358,64.61372982622272,61.211516721157395,60.89556866171859,61.18941192595962,9.894411769840247,68.27279900021723,60.89556850347519,0.0,0.0,262.2273787457205,1.0,-52.21393923477535,1.0,162.91214210014004,1.0,52.92431885379756,1.0,1
203,2025-01-23 01:39:23.433456,9.812727183333056,9.713507250594008,68.28661445859883,64.64612777998121,61.26467447029722,60.95225206059944,61.24271661484494,9.947716459872176,68.28661397295976,60.952251903386596,0.0,0.0,261.4992344838504,1.0,-51.83045720229984,1.0,162.42141327552417,1.0,52.57965207078996,1.0,1
204,2025-01-23 01:39:29.242492,9.86783239498093,9.769453508223842,68.30036186548759,64.67833447293673,61.31746098318168,61.00856631468341,61.295648411862864,10.00064825802728,68.30036138130826,61.00856615849988,0.0,0.0,260.7746513311113,1.0,-51.45013033938994,1.0,161.93320510978992,1.0,52.23539670566879,1.0,1
205,2025-01-23 01:39:35.318531,9.902083267383482,9.809736713673795,68.2124774590353,64.44474076862576,61.26028888568326,61.0644856827325,61.240725507852225,9.945725412235078,68.212476976007,61.064485570275075,0.0,0.0,265.4067656505003,1.0,-31.979042947796188,1.0,161.54824544969415,1.0,37.61125530445497,1.0,1
206,2025-01-23 01:39:41.262552,9.936261453082997,9.849572599271847,68.22168904304925,64.46785987913181,61.29420927920616,61.10476823068865,61.27467051482852,9.979670419414287,68.22168856094866,61.10476811947998,0.0,0.0,264.9212516448003,1.0,-31.911179277699375,1.0,161.23797262252992,1.0,37.193608203551776,1.0,1
207,2025-01-23 01:39:47.452717,9.970357532537616,9.888973057775601,68.2308570716141,64.49075955987381,61.3280148408131,61.14460348227498,61.30850386379489,10.013503768609866,68.23085659044008,61.144603372281885,0.0,0.0,264.4380333116495,1.0,-31.83451937729842,1.0,160.92808224016153,1.0,36.787060693654894,1.0,1
208,2025-01-23 01:39:53.315988,10.004362533588127,9.927949554357502,68.23998060852374,64.51344446373247,61.361698426381864,61.18400332915919,61.342218251334316,10.047218156403567,68.23998012827488,61.18400322034965,0.0,0.0,263.9571599955675,1.0,-31.749477561788808,1.0,160.61866122186075,1.0,36.391221638041316,1.0,1
209,2025-01-23 01:39:59.134152,10.004362537455002,9.990975004351034,68.41634560634375,64.62832740207837,62.315365673885886,61.22302318251463,62.30579373322186,10.004362533588136,68.41634515620623,61.22302300656833,0.0,0.0,254.66150830012214,1.0,0.0,0.0,150.54796260869807,1.0,58.84503076003966,1.0,1
210,2025-01-23 01:40:05.245391,10.004362542500036,10.053290255731854,68.42892629685605,64.66347762501194,62.356379068854594,61.28604710505106,62.346807128118954,10.00436253745502,68.42892584785248,61.28604693108741,0.0,0.0,253.99841914674232,1.0,0.0,0.0,150.1687106474492,1.0,58.18193812217487,1.0,1
211,2025-01-23 01:40:11.324614,10.004362558000292,10.053290317794609,69.53280190895991,67.36106849048116,65.85405237511085,65.85652117111988,65.8444804282661,10.004362542500175,69.53280156641542,61.348290255731875,0.0,0.0,195.81656145361268,1.0,0.0,0.0,114.5636042872411,1.0,0.0,0.0,1
212,2025-01-23 01:40:17.430741,10.004362338363382,10.053290131606365,-1.103909403354919e-09,-1.4776068496757945e-09,3.838114253085223e-11,3.533741960382031e-10,3.856522994283296e-11,10.004362557981493,-1.0732404405189301e-09,61.34829031779456,0.0,0.0,0.0,0.0,0.0,0.0,-0.010257198397312095,1.0,0.0,0.0,1
213,2025-01-23 01:40:23.398826,9.89678577040295,9.951139001026908,60.59305065194459,60.60622914631276,60.64823260247726,61.34811019944279,60.65068611897425,9.355686419292583,60.59305068741678,61.3481104846151,0.0,0.0,0.0,0.0,100.44111166848779,1.0,-11.863631686424014,1.0,-95.37554053110853,1.0,1
214,2025-01-23 01:40:29.229198,9.789357162117035,9.848839916544541,60.48765388122091,60.501183407863905,60.54232658931613,61.24595858625328,60.54476085936043,9.249761159265713,60.48765391651597,61.24595887183861,0.0,0.0,0.0,0.0,100.30296797253868,1.0,-11.804390408087784,1.0,-95.51367553513046,1.0,1
215,2025-01-23 01:40:35.278338,9.6820682949573,9.746401089570288,60.38228032479575,60.396145298845546,60.43647394628146,61.14365904541271,60.43889010036857,9.143890399883741,60.38228035992347,61.14365933138816,0.0,0.0,0.0,0.0,100.17249635097869,1.0,-11.748425986297661,1.0,-95.64415005399951,1.0,1
216,2025-01-23 01:40:41.394480,9.57491141004731,9.643830284761968,60.27692909171847,60.2911144577655,60.330671898070115,61.041219786950464,60.33307099914492,9.03807129829163,60.2769291266881,61.04122007329436,0.0,0.0,0.0,0.0,100.04926220744892,1.0,-11.69555009596479,1.0,-95.76737840291116,1.0,1
217,2025-01-23 01:40:47.273989,9.480068864072217,9.552044246227739,60.31262384588068,60.32521029073077,60.35435310217133,60.938682673860335,60.356226538738056,9.061226803507203,60.31262387638496,60.938682930096725,0.0,0.0,0.0,0.0,88.5517286991444,1.0,-10.20212055209413,1.0,-85.69795750304365,1.0,1
218,2025-01-23 01:40:53.193940,9.385317720907564,9.46016679340668,60.21898629890876,60.231784224213555,60.26043787612091,60.84689636326245,60.262300791622174,8.967301056136153,60.21898632930343,60.84689661975403,0.0,0.0,0.0,0.0,88.46638846080168,1.0,-10.165463797875418,1.0,-85.7833035360045,1.0,1
219,2025-01-23 01:40:59.163837,9.290652421124648,9.36820351027216,60.12536470270539,60.138363529825206,60.16655656798684,60.75501865467682,60.168409640594454,8.873409904868796,60.125364732997056,60.755018911407994,0.0,0.0,0.0,0.0,88.38624020029329,1.0,-10.131011895850861,1.0,-85.86344020727665,1.0,1
220,2025-01-23 01:41:05.161513,9.196067769820106,9.276159584122391,60.031759319540924,60.04494826232999,60.0727078405982,60.66305513105097,60.07455168721197,8.779551951261155,60.031759349735836,60.663055388007294,0.0,0.0,0.0,0.0,88.3109362405321,1.0,-10.098651850967144,1.0,-85.93874126972878,1.0,1
221,2025-01-23 01:41:11.051315,9.10155889470583,9.184039865698477,59.938169411977725,59.95153819507197,59.97888987833457,60.57101097871284,59.98072507538068,8.685725339218319,59.93816944208168,60.57101123588073,0.0,0.0,0.0,0.0,88.24018685061219,1.0,-10.068233003153182,1.0,-86.00949935157587,1.0,1
222,2025-01-23 01:41:16.974824,9.007121242768271,9.091848943217588,59.84459459326204,59.85813339595564,59.88510113876733,60.478891047649405,59.88692822308243,8.591928486721235,59.8445946232805,60.4788913050161,0.0,0.0,0.0,0.0,88.17368781308232,1.0,-10.039639460046601,1.0,-86.0759867998695,1.0,1
223,2025-01-23 01:41:22.944740,8.912750525667526,8.999591093037774,59.751033828206765,59.764733350296055,59.79133983205732,60.38669992517279,59.793159307872415,8.49815957132436,59.751033858144886,60.38670018272632,0.0,0.0,0.0,0.0,88.11119285667246,1.0,-10.012769815830325,1.0,-86.13847306435218,1.0,1
224,2025-01-23 01:41:28.947636,8.81844271779149,8.90727033126477,59.657486518091346,59.67133791192976,59.69760440385095,60.294441886886155,59.69941674140153,8.404417004677853,59.657486547953916,60.2944421446153,0.0,0.0,0.0,0.0,88.05245571011255,1.0,-9.98750238352386,1.0,-86.19721021091209,1.0,1
225,2025-01-23 01:41:35.036250,8.724194035732058,8.81489043363169,59.56395190641608,59.577946781046606,59.60389334272179,60.202120948196736,59.6056989826716,8.310699245782862,59.56395193620765,60.20212120609097,0.0,0.0,0.0,0.0,87.99725038329598,1.0,-9.963756038473548,1.0,-86.25242133234678,1.0,1
226,2025-01-23 01:41:40.825273,8.63000093919753,8.722454960026294,59.4704294994272,59.48455987586087,59.51020537825149,60.10974088420977,59.512004732942074,8.217004995898161,59.47042952915203,60.10974114225917,0.0,0.0,0.0,0.0,87.94535378342516,1.0,-9.941432272171369,1.0,-86.30431503490854,1.0,1
227,2025-01-23 01:41:46.957215,8.535860094693597,8.629967226871296,59.37691862051572,59.39117694031521,59.416539111187056,60.01730525410015,59.418332566000046,8.123332828810256,59.37691865017777,60.01730551229541,0.0,0.0,0.0,0.0,87.89656309886595,1.0,-9.920438370727425,1.0,-86.35309992484963,1.0,1
228,2025-01-23 01:41:52.744542,8.44176838348522,8.537430380911594,59.283418820825375,59.29779790149239,59.322893419181,59.92481737379621,59.32468133498217,8.029681597655232,59.28341885042841,59.924817632128594,0.0,0.0,0.0,0.0,87.85069579914762,1.0,-9.900699004106173,1.0,-86.39896142994985,1.0,1
229,2025-01-23 01:41:58.664747,8.34542521632028,8.442824941647926,59.16464992591474,59.179467896904455,59.206055930410436,59.83227426987647,59.20792969820701,7.912929967165393,59.16464995629119,59.83227453398369,0.0,0.0,0.0,0.0,89.95281231136687,1.0,-10.159370756923636,1.0,-88.33034821122965,1.0,1
230,2025-01-23 01:42:04.516188,8.249132712303599,8.348168837570185,59.06898124864,59.083925715847236,59.11023362959361,59.73766867589982,59.11210156438991,7.817101833206848,59.0689812789556,59.73766894014847,0.0,0.0,0.0,0.0,89.9055079463551,1.0,-10.139017160781805,1.0,-88.37764967893236,1.0,1
231,2025-01-23 01:42:10.261261,8.152887888328683,8.253465054909555,58.9733228303288,58.9883870702826,59.014430978019185,59.64301242612638,59.01629343539388,7.721293704077728,58.97332286058713,59.64301269050814,0.0,0.0,0.0,0.0,89.86099658727653,1.0,-10.119863050590538,1.0,-88.42216393531999,1.0,1
232,2025-01-23 01:42:16.236484,8.05668794102161,8.158716387504235,58.87767440880033,58.89285182233509,58.91864701312255,59.54830850625061,58.92050432135924,7.625504589917791,58.87767443900472,59.548308770757664,0.0,0.0,0.0,0.0,89.8190899090423,1.0,-10.101824404387116,1.0,-88.46407061355421,1.0,1
233,2025-01-23 01:42:22.121420,7.960530254182313,8.063925481216629,58.78203575852429,58.7973200567994,58.82288088608009,59.45355970966832,58.82473335238804,7.529733620828625,58.782035788677895,59.453559974293306,0.0,0.0,0.0,0.0,89.77963725158133,1.0,-10.084840378681292,1.0,-88.503514579088,1.0,1
234,2025-01-23 01:42:28.141950,7.864412339861912,7.969094789895865,58.68640600180647,58.701791273318584,58.72713132921684,59.35876868166364,58.72897924293705,7.433979511266594,58.686406031912284,59.358768946399685,0.0,0.0,0.0,0.0,89.74249954405877,1.0,-10.068855924600939,1.0,-88.54065808122868,1.0,1
235,2025-01-23 01:42:34.165543,7.768331882529482,7.874226645520849,58.59078501450172,58.60626561795009,58.631397648644956,59.263937875720586,58.6332412805091,7.338241548734078,58.59078504456254,59.26393814056119,0.0,0.0,0.0,0.0,89.7075290237126,1.0,-10.053804404037692,1.0,-88.5756257042658,1.0,1
236,2025-01-23 01:42:40.009579,7.672286688997726,7.779323248045957,58.49517213554325,58.51074275477522,58.53567880833102,59.169069623421,58.53751841314813,7.242518681274676,58.49517216556168,59.16906988836002,0.0,0.0,0.0,0.0,89.67460690087137,1.0,-10.039627870810364,1.0,-88.60854203248891,1.0,1
237,2025-01-23 01:42:45.991508,7.576274696548533,7.68438665236639,58.399566972325815,58.41522257304261,58.43997397435437,59.074166124281376,58.44180979092466,7.146810058958513,58.399567002304344,59.07416638931308,0.0,0.0,0.0,0.0,89.64360569393648,1.0,-10.026282865283065,1.0,-88.63954034211474,1.0,1
238,2025-01-23 01:42:51.923836,7.480293965210177,7.5894187939016575,58.30396910206033,58.319704922050484,58.34428236033529,58.97922943283647,58.346114613320566,7.05111488126715,58.30396913200127,58.97922969795543,0.0,0.0,0.0,0.0,89.61441820247273,1.0,-10.013714338583668,1.0,-88.66872493626943,1.0,1
239,2025-01-23 01:42:57.970469,7.384342667868349,7.494421502747946,58.20837812851871,58.224189663693416,58.24860319968863,58.884261484187945,58.25043209994813,6.955432367812534,58.20837815842426,58.8842617493891,0.0,0.0,0.0,0.0,89.58693432873588,1.0,-10.001875933767224,1.0,-88.69621170731534,1.0,1
240,2025-01-23 01:43:03.920799,7.288419101837848,7.399396492025537,58.11279392664501,58.12867688856243,58.15293595357008,58.789264108077944,58.15476169840719,6.859761966194204,58.11279395651723,58.78926437335645,0.0,0.0,0.0,0.0,89.56104976959978,1.0,-9.990727088506901,1.0,-88.72208467721521,1.0,1
241,2025-01-23 01:43:09.792901,7.211421184480757,7.320689576210326,58.208590126403095,58.22227386120418,58.23310482269381,58.69428542694711,58.23424181239085,6.9392420273436635,58.20859014929189,58.694285646670885,0.0,0.0,0.0,0.0,71.8907152884185,1.0,-7.6551280284320455,1.0,-73.4863561012844,1.0,1
242,2025-01-23 01:43:15.820342,7.134364923252362,7.242041008587874,58.130957289259214,58.14450002043108,58.15561155933534,58.61557866348018,58.156753887098745,6.8617541022144435,58.130957312218364,58.615578883041074,0.0,0.0,0.0,0.0,71.94519049335213,1.0,-7.6786599726119675,1.0,-73.43188089635078,1.0,1
243,2025-01-23 01:43:21.859460,7.057254257543494,7.163446857338938,58.05330804075689,58.0667202553538,58.07809292841148,58.53693023780224,58.07924025024425,6.784240465511825,58.05330806378165,58.53693045721123,0.0,0.0,0.0,0.0,71.9959861157804,1.0,-7.700604191427374,1.0,-73.38107658199533,1.0,1
244,2025-01-23 01:43:27.799328,6.980092874785572,7.084903427566865,57.97564403368897,57.9889351336368,58.00055097603467,58.45833621878478,58.00170296250441,6.70670317791358,57.97564405677487,58.458336438052164,0.0,0.0,0.0,0.0,72.04334263235523,1.0,-7.7210505014591035,1.0,-73.33371716811143,1.0,1
245,2025-01-23 01:43:33.731444,6.902884214147223,7.006407263279709,57.897966374828535,57.91114506172878,57.92298733102771,58.37979291216932,57.92414367326038,6.62914388880152,57.897966397971416,58.37979313130473,0.0,0.0,0.0,0.0,72.08748023856515,1.0,-7.740109000451412,1.0,-73.28957956190152,1.0,1
246,2025-01-23 01:43:39.712482,6.825631497195812,6.9279551667421115,57.82027622759777,57.833350538034935,57.845403625518294,58.301296862650084,57.84656403395153,6.551564249615659,57.82027625079376,58.301297081662504,0.0,0.0,0.0,0.0,72.12861333528053,1.0,-7.757869504985138,1.0,-73.24844356787708,1.0,1
247,2025-01-23 01:43:45.620845,6.748337720313647,6.849544140821608,57.742574440031184,57.75555183002572,57.76780120444884,58.2228448730257,57.76896540811457,6.473965623893326,57.742574463276654,58.22284509192346,0.0,0.0,0.0,0.0,72.16695052875366,1.0,-7.774418934332061,1.0,-73.21009768247677,1.0,1
248,2025-01-23 01:43:51.555386,6.6710056747270565,6.771171378323659,57.66486180565856,57.67774919206848,57.6901813508724,58.14443394666818,57.69134909677381,6.3963493126593995,57.66486182895015,58.144434165459124,0.0,0.0,0.0,0.0,72.20268014407338,1.0,-7.789844207763963,1.0,-73.17437386177517,1.0,1
249,2025-01-23 01:43:57.600546,6.593637972702367,6.692834268266245,57.58713923447881,57.599943011997276,57.61254536042301,58.06606127690233,57.61371641151802,6.318716627503146,57.58713925781337,58.06606149559373,0.0,0.0,0.0,0.0,72.23597022516515,1.0,-7.804214860698266,1.0,-73.14107798606528,1.0,1
250,2025-01-23 01:44:03.640173,6.51623705054827,6.61453039275126,57.5094074896316,57.52213358169258,57.53489437177895,57.98772425325587,57.536068506045346,6.24106872212322,57.50940751300616,57.987724471854506,0.0,0.0,0.0,0.0,72.26698881595439,1.0,-7.817594633934277,1.0,-73.11005360065792,1.0,1
251,2025-01-23 01:44:09.397205,6.438805169244257,6.536257477006051,57.43166708364358,57.44432100507252,57.45722934865416,57.90942045820942,57.458406359507336,6.163406575671636,57.43166710705545,57.909420676721616,0.0,0.0,0.0,0.0,72.29589526843938,1.0,-7.830073344052835,1.0,-73.08114714817293,1.0,1
252,2025-01-23 01:44:15.111076,6.361344449297636,6.4580134050913784,57.35391880453543,57.3665056494089,57.379551372647555,57.83114761740892,57.38073106637417,6.08573128261898,57.35391882798205,57.831147835840575,0.0,0.0,0.0,0.0,72.32282285883684,1.0,-7.841694450689829,1.0,-73.05421086584829,1.0,1
253,2025-01-23 01:44:21.178283,6.296979026419974,6.390977618817734,57.38835027308019,57.39966672902682,57.40500212605562,57.75293087590638,57.40578451283271,6.1107846925197755,57.38835029165523,57.75293106304821,0.0,0.0,0.0,0.0,60.09612647687845,1.0,-6.212398495790694,1.0,-62.58936232825363,1.0,1
254,2025-01-23 01:44:26.983916,6.232508959871723,6.324046488469651,57.32301136996176,57.33409677385772,57.339873681035535,57.685895327844804,57.340664148171705,6.0456643281508855,57.323011388663204,57.68589551469447,0.0,0.0,0.0,0.0,60.19382373835924,1.0,-6.254676029584516,1.0,-62.49165058022754,1.0,1
255,2025-01-23 01:44:33.014160,6.167942326433525,6.257211916624691,57.25764091913615,57.26851515905668,57.27469852407438,57.61896441699695,57.2754964821015,5.980496662350282,57.25764093795422,57.618964603577055,0.0,0.0,0.0,0.0,60.28399089359482,1.0,-6.293682501450348,1.0,-62.4014950142282,1.0,1
256,2025-01-23 01:44:38.839609,6.103286612333602,6.190466431629035,57.19224206016108,57.20292319166129,57.209480644253745,57.552130047428186,57.21028554094275,5.915285721440198,57.1922420790867,57.5521302337596,0.0,0.0,0.0,0.0,60.36715815014304,1.0,-6.329649696112938,1.0,-62.31832196306186,1.0,1
257,2025-01-23 01:44:41.035627,6.038548739253944,6.123803116672319,57.12681735211823,57.13732181447591,57.144223590652224,57.485384748800215,57.14503491180528,5.850035092532091,57.12681737114303,57.48538493490223,0.0,0.0,0.0,0.0,60.443867304798005,1.0,-6.362820987533269,1.0,-62.2415983218616,1.0,0
258,2025-01-23 01:44:45.013038,5.973735084625045,6.057215576366638,57.061368934792945,57.07171172700572,57.07893046476826,57.41872160553281,57.07974773218971,5.784747913128085,57.06136895390921,57.41872179142328,0.0,0.0,0.0,0.0,60.51462538664509,1.0,-6.393410776581732,1.0,-62.17084893194169,1.0,0
259,2025-01-23 01:44:49.575364,5.908851552859232,5.990697902499944,56.99589908948204,57.006093860153435,57.01360431664706,57.35213422338246,57.014427084308586,5.7194272654420315,56.995899108682586,57.35213440907786,0.0,0.0,0.0,0.0,60.57986699204321,1.0,-6.421598696420006,1.0,-62.105610223852636,1.0,0
260,2025-01-23 01:44:54.198025,5.8439036294646565,5.9242446327901686,56.93041040750331,56.940469220474704,56.94824830026865,57.28561669524106,56.94907614491878,5.654076326231991,56.93041042678154,57.2856168807567,0.0,0.0,0.0,0.0,60.639989052333476,1.0,-6.447581764064125,1.0,-62.04548526625331,1.0,0
261,2025-01-23 01:44:58.761368,5.778896315243082,5.857850749488143,56.864903111736,56.87483776675493,56.882864003791134,57.219163559732344,56.8836965517611,5.588696733240112,56.86490313108587,57.2191637450822,0.0,0.0,0.0,0.0,60.695440650420096,1.0,-6.47153961267577,1.0,-61.99003946278481,1.0,0
262,2025-01-23 01:45:03.556383,5.71383425572982,5.791511609402684,56.799379582370115,56.80920044346387,56.81745414366631,57.1527698000489,56.81829103709797,5.523291218729802,56.799379601785986,57.15276998524592,0.0,0.0,0.0,0.0,60.74655207953583,1.0,-6.493614210398846,1.0,-61.93892513636001,1.0,0
263,2025-01-23 01:45:08.211441,5.648721758063061,5.725222923384502,56.733841387072104,56.743557902776885,56.75202094774953,57.08643077382014,56.75286185490016,5.457862036672809,56.7338414065488,57.08643095887631,0.0,0.0,0.0,0.0,60.79364783829533,1.0,-6.51395621730444,1.0,-61.89181778836428,1.0,0
264,2025-01-23 01:45:12.987731,5.5835627667704735,5.658980731119557,56.66828954350019,56.67791038313424,56.686566118675,57.02014219265684,56.68741073247664,5.392410914379078,56.66828956303293,57.02014237758323,0.0,0.0,0.0,0.0,60.83705532262229,1.0,-6.53270180691834,1.0,-61.848410304037316,1.0,0
265,2025-01-23 01:45:17.770795,5.5015558837677565,5.578174551737375,56.45432336285933,56.46566161149555,56.48477423115306,56.9538641226912,56.48615492983841,5.191155158774623,56.45432338859127,56.953864348275424,0.0,0.0,0.0,0.0,76.56744437156249,1.0,-8.6060190670878,1.0,-75.44637698799761,1.0,0
266,2025-01-23 01:45:22.355604,5.4195890358617325,5.497328331120671,56.37278070387018,56.38420738984666,56.403126142181,56.87305783639191,56.40450283499273,5.109503063817154,56.372780729554016,56.873058062087935,0.0,0.0,0.0,0.0,76.53005749546082,1.0,-8.58993030988131,1.0,-75.48376965871739,1.0,0
267,2025-01-23 01:45:27.262396,5.337659538096374,5.416444757346503,56.291246479911976,56.30275611422151,56.32149380565445,56.792211515971154,56.32286676989064,5.0278669986108016,56.29124650555093,56.792211741771446,0.0,0.0,0.0,0.0,76.49518838093172,1.0,-8.574919351644894,1.0,-75.51864167055555,1.0,0
268,2025-01-23 01:45:32.036880,5.2557648982500025,5.335526333454185,56.20972052503204,56.22130778773695,56.23987637893962,56.71132784904563,56.24124586790363,4.946246096526483,56.20972055062909,56.7113280749432,0.0,0.0,0.0,0.0,76.46264290826821,1.0,-8.560905067724889,1.0,-75.55117555398283,1.0,0
269,2025-01-23 01:45:37.035496,5.1739027707863645,5.254575408074847,56.12820204982535,56.13986198248785,56.15827270802767,56.63040933824899,56.15963895849396,4.86463918702606,56.12820207538333,56.630409564237304,0.0,0.0,0.0,0.0,76.43229069856261,1.0,-8.547835306558227,1.0,-75.58152486637937,1.0,0
270,2025-01-23 01:45:41.745922,5.092070982162039,5.173594134310384,56.04669073738683,56.05841867299184,56.07668200656418,56.54945833169579,56.078045238579996,4.7830454670274,56.046690762908355,56.54945855776882,0.0,0.0,0.0,0.0,76.40396370788949,1.0,-8.535643430036544,1.0,-75.60985765167061,1.0,0
271,2025-01-23 01:45:46.348214,5.010267507536517,5.092584551884787,55.96518623954777,55.976977787150176,55.995103450389166,56.46847698218993,55.99646386767944,4.701464096047787,55.96518626503524,56.46847720834199,0.0,0.0,0.0,0.0,76.37752576272305,1.0,-8.524254108124296,1.0,-75.63628980221893,1.0,0
272,2025-01-23 01:45:51.165327,4.928490450562317,5.011548549280152,55.883687976109606,55.89553903936511,55.91353617917269,56.38746732905546,55.91489397263387,4.61989420092847,55.88368800156532,56.387467555281276,0.0,0.0,0.0,0.0,76.35285807339187,1.0,-8.513632573112773,1.0,-75.6609574915501,1.0,0
273,2025-01-23 01:45:55.675568,4.846738043385764,4.930487887975275,55.802195558354335,55.81410229761065,55.831979459106755,56.30643126043863,55.8333348065606,4.538335034786377,55.80219558378039,56.30643148673329,0.0,0.0,0.0,0.0,76.32984185022451,1.0,-8.503715084202668,1.0,-75.68397950933559,1.0,0
274,2025-01-23 01:46:00.247737,4.765008646573222,4.849404220350633,55.72070880344397,55.73266759821848,55.75043268272242,56.22537053752969,55.751785748350784,4.456785976512325,55.72070882884237,56.22537076388858,0.0,0.0,0.0,0.0,76.30835830354954,1.0,-8.49446397637621,1.0,-75.7054601587015,1.0,0
275,2025-01-23 01:46:04.875289,4.683300728620689,4.768299087857632,55.63922724953019,55.65123472186121,55.66889518424197,56.144286812415196,55.670246122388264,4.375246350489847,55.63922727490276,56.144287038833994,0.0,0.0,0.0,0.0,76.28830602754988,1.0,-8.485827098070331,1.0,-75.72550084546492,1.0,0
276,2025-01-23 01:46:09.649713,4.601612851979583,4.68717391415579,55.55775049684913,55.56980349264776,55.58736628186168,56.06318162623373,55.5887152360528,4.29371546409845,55.557750522197615,56.06318185270848,0.0,0.0,0.0,0.0,76.26959810295375,1.0,-8.47776968157632,1.0,-75.74421456467917,1.0,0
277,2025-01-23 01:46:14.491823,4.519178729189499,4.605362094216129,55.46886475622814,55.48105249152823,55.49903669663723,55.98205460627902,55.50041044590211,4.205410676031024,55.46886478183254,55.98205483467066,0.0,0.0,0.0,0.0,76.96634298554272,1.0,-8.563361985807205,1.0,-76.3853166267836,1.0,0
278,2025-01-23 01:46:18.876943,4.436765149899024,4.523529738120266,55.38666943375959,55.398904093265664,55.41678748645225,55.90024273092395,55.41815918591908,4.1231594159906555,55.386669459339295,55.900242959372925,0.0,0.0,0.0,0.0,76.94716569687898,1.0,-8.55510175767904,1.0,-76.40448812082923,1.0,0
279,2025-01-23 01:46:23.607905,4.354370747747107,4.441678212269179,55.304478707472846,55.31675730257728,55.33454646462839,55.81841032308282,55.33591625145692,4.040916481474951,55.30447873302948,55.81841055158533,0.0,0.0,0.0,0.0,76.92925742958323,1.0,-8.54738622365403,1.0,-76.42239349081592,1.0,0
280,2025-01-23 01:46:28.101222,4.271994256251243,4.359808770740681,55.22229233053449,55.23461202511187,55.25231319164081,55.73655874886239,55.25368119414543,3.9586814241134536,55.22229235606958,55.7365589774149,0.0,0.0,0.0,0.0,76.91253416169275,1.0,-8.540180616023463,1.0,-76.4391167587064,1.0,0
281,2025-01-23 01:46:32.868224,4.189634489017785,4.277922603460981,55.14011002502136,55.152468161633614,55.170087128771065,55.65468926216904,55.17145346604053,3.876453695961865,55.14011005053635,55.65468949076824,0.0,0.0,0.0,0.0,76.89691766586293,1.0,-8.533458859005805,1.0,-76.45473325453622,1.0,0
282,2025-01-23 01:46:37.626330,4.107290348731429,4.196020825694306,55.05793170239104,55.07032577250996,55.08786789636169,55.57280305272901,55.089232678382615,3.794232908260334,55.05793172788722,55.57280328137178,0.0,0.0,0.0,0.0,76.88233261205824,1.0,-8.527168801037988,1.0,-76.46930671910468,1.0,0
283,2025-01-23 01:46:41.951929,4.024960793166132,4.114104456134341,54.97575683203006,54.98818452237663,55.00565489736662,55.49090123554712,55.00701822834985,3.7120184581868396,54.975756857508706,55.490901464230625,0.0,0.0,0.0,0.0,76.86870946486124,1.0,-8.521304647501893,1.0,-76.48292696899262,1.0,0
284,2025-01-23 01:46:46.725062,3.942644859072442,4.032174464557012,54.89358533764529,54.906044463619324,54.92344780372183,55.40898482918611,54.92480978005784,3.6298100098568065,54.893585363107555,55.40898505790764,0.0,0.0,0.0,0.0,76.85599317539982,1.0,-8.51582293876163,1.0,-76.4956461557631,1.0,0
285,2025-01-23 01:46:51.539634,3.8603416476762997,3.9502317555647597,54.81141698623205,54.82390550599944,54.841246234999225,55.327054803246895,54.84260694697566,3.5476071767391057,54.811417011679005,55.327055032003955,0.0,0.0,0.0,0.0,76.84411420825654,1.0,-8.510706290962844,1.0,-76.50752802021543,1.0,0
286,2025-01-23 01:46:56.106417,3.778050316745084,3.868277156381104,54.72925156343722,54.741767568430674,54.7590498044432,55.24511206212384,54.7604093360077,3.465409565737975,54.729251588869886,55.24511229091407,0.0,0.0,0.0,0.0,76.83302041186835,1.0,-8.50592573101494,1.0,-76.51862471391269,1.0,0
287,2025-01-23 01:47:00.594149,3.695770088485248,3.7863114639046938,54.647088997816084,54.659630686269196,54.676858251318976,55.16315743295925,54.678216680354375,3.383216910053656,54.64708902323539,55.16315766178045,0.0,0.0,0.0,0.0,76.82265384005404,1.0,-8.501458080445445,1.0,-76.52897969649075,1.0,0
288,2025-01-23 01:47:05.389440,3.6135002259401934,3.7043354115509706,54.564928952181745,54.57749465876205,54.59467116748596,55.08119171248093,54.59602856745228,3.301028797122635,54.56492897758859,55.08119194133107,0.0,0.0,0.0,0.0,76.81297972510492,1.0,-8.497288852709062,1.0,-76.53865960605799,1.0,0
289,2025-01-23 01:47:10.097046,3.5380326512970273,3.628236915935686,54.54639641244101,54.558221803030065,54.570938511364865,54.99923106090403,54.57206678266619,3.2770669933467933,54.54639643534364,54.99923127334595,0.0,0.0,0.0,0.0,70.46187835271667,1.0,-7.659755030999804,1.0,-71.05095053873356,1.0,0
290,2025-01-23 01:47:14.873158,3.4625429169532485,3.5521605762427964,54.47069088182383,54.482466289282854,54.495285951417415,54.92313262149947,54.49641624319436,3.2014164539368344,54.47069090475314,54.92313283387953,0.0,0.0,0.0,0.0,70.48257093401844,1.0,-7.6686816402116165,1.0,-71.03026085474085,1.0,0
291,2025-01-23 01:47:19.734162,3.387032568344571,3.476104846990239,54.39497963127544,54.40670868575686,54.419624074477234,54.84705633407927,54.420756248116355,3.125756458916375,54.394979654229566,54.847056546401795,0.0,0.0,0.0,0.0,70.5018177580996,1.0,-7.676982430666612,1.0,-71.0110198252778,1.0,0
292,2025-01-23 01:47:24.314500,3.3115030609713725,3.4000682882361164,54.31926338789419,54.330949393776784,54.343953701150184,54.77100065343662,54.345087624937854,3.050087835791339,54.31926341087139,54.771000865705645,0.0,0.0,0.0,0.0,70.51969994961382,1.0,-7.6846979646916225,1.0,-70.99312314721828,1.0,0
293,2025-01-23 01:47:28.959041,3.235955734112171,3.3240495524280265,54.243542274543636,54.255188326848106,54.26827532348208,54.69496413986617,54.269410876551184,2.9744110874544285,54.243542297542305,54.69496435208544,0.0,0.0,0.0,0.0,70.53634209285065,1.0,-7.691877496540656,1.0,-70.97648390129052,1.0,0
294,2025-01-23 01:47:33.967296,3.160391835712208,3.248047390982727,54.16781671464105,54.179425674229655,54.192589525021376,54.61894544606839,54.19372659394196,2.8987268048914774,54.167816737659685,54.61894565824138,0.0,0.0,0.0,0.0,70.55181662053656,1.0,-7.698555793922424,1.0,-70.96100647629555,1.0,0
295,2025-01-23 01:47:38.879849,3.08481253250947,3.1720606368758184,54.09208709832351,54.103661610271686,54.11689688054877,54.54294332366844,54.1180353594839,2.823035570476424,54.09208712136068,54.54294353579841,0.0,0.0,0.0,0.0,70.56620176001616,1.0,-7.704753138000342,1.0,-70.94661843950689,1.0,0
296,2025-01-23 01:47:43.489036,3.009218901799502,3.0960882151189386,54.016353617543636,54.02789614786531,54.04119781450311,54.46695660587661,54.04233760542086,2.7473378164533804,54.01635364059805,54.466956817966576,0.0,0.0,0.0,0.0,70.57957573863405,1.0,-7.710521680337479,1.0,-70.93323866627088,1.0,0
297,2025-01-23 01:47:48.123622,2.933611947694689,3.0201291161010415,53.94061655621199,53.9521293929534,53.96549279635078,54.39098421787148,53.96663380815232,2.6716340192220307,53.940616579282455,54.39098442992425,0.0,0.0,0.0,0.0,70.59201678373483,1.0,-7.715887496715368,1.0,-70.92080051847915,1.0,0
298,2025-01-23 01:47:52.916491,2.8579926112550877,2.944182404169016,53.8648763043979,53.876361553518805,53.889782307189286,54.315025150230454,53.89092445403521,2.5959246651394805,53.86487632748327,54.315025362248655,0.0,0.0,0.0,0.0,70.60357414957252,1.0,-7.720873765606484,1.0,-70.90923735802335,1.0,0
299,2025-01-23 01:47:57.608609,2.899409958271859,3.0637346570871804,58.809089276432125,67.71162190772618,54.27912356243165,54.239423140207464,54.26373367316983,2.968733557546249,58.80908889314323,54.23942280645696,291.8053073807073,1.0,0.0,0.0,-38.670169614078986,1.0,128.19051798601322,1.0,111.62246183914704,1.0,0
300,2025-01-23 01:48:02.510087,2.94750922337384,3.1756488529252014,58.86584887890976,67.72855913113018,54.35797336610009,54.35894770352171,54.3404954903155,3.0454953560381983,58.86584849663121,54.35894739109414,290.9125988988803,1.0,0.0,0.0,-44.908884368055624,1.0,127.85260772773199,1.0,104.49103111511704,1.0,0
301,2025-01-23 01:48:07.324755,3.026843171288923,3.3165323901816106,59.338207452986175,67.92020127865973,54.63122240988767,54.47097507598063,54.611559008724484,3.3165587872502456,59.33820706168119,54.47097468268021,280.8117360540894,1.0,0.0,0.0,-74.07179795904995,1.0,130.87149077250615,1.0,131.53886273585158,1.0,0
302,2025-01-23 01:48:11.989834,3.1079243989811407,3.454528793501389,59.40600016226207,67.94039308251388,54.7263476479464,54.6118463468669,54.70608690063816,3.4110866742860826,59.40599977218564,54.6118459616264,279.74748873715595,1.0,0.0,0.0,-75.70318577108992,1.0,130.46060309363838,1.0,128.8432295655184,1.0,0
303,2025-01-23 01:48:16.614535,3.1908308063228445,3.5895572529319795,59.47556719864547,67.96063621279058,54.82423373568219,54.74983036628345,54.80334023882361,3.5083400073762374,59.475566809845404,54.74982998932846,278.6805361637791,1.0,0.0,0.0,-77.40729893782827,1.0,130.03372226876309,1.0,126.07215046728015,1.0,0
304,2025-01-23 01:48:21.431647,3.2756879301462827,3.7214869824863266,59.54728598648988,67.9809726041095,54.92544894275101,54.884846141025555,54.9038692971506,3.6088690602574567,59.54728559902307,54.88484577272121,277.60866809029716,1.0,0.0,0.0,-79.22863143448922,1.0,129.5878177126042,1.0,123.17895268949997,1.0,0
305,2025-01-23 01:48:26.073272,3.362727337537583,3.850075796515779,59.62196747743349,68.00149700567653,55.03121543733043,55.0167624765178,55.00885606208045,3.7138558190950937,59.621967091375986,55.01676211754019,276.526890580118,1.0,0.0,0.0,-81.26616403046683,1.0,129.1164776802134,1.0,120.059637323493,1.0,0
306,2025-01-23 01:48:30.649311,3.4525383905685634,3.97470559097455,59.702220404463645,68.02253068638268,55.14545401812144,55.14533579742036,55.122086063977655,3.827085813254768,59.70222001995198,55.145335449495036,275.41827054703646,1.0,0.0,0.0,-83.85397384415683,1.0,128.5994731597384,1.0,116.36321276057515,1.0,0
307,2025-01-23 01:48:35.194823,3.544879466217988,4.095628741137851,59.7830599490274,68.04337369721488,55.26072033373701,55.26995146112036,55.23641388334381,3.941413625557946,59.78305956608704,55.269951123542754,274.319700131278,1.0,0.0,0.0,-86.2161759960145,1.0,128.07395055062898,1.0,112.9024292407621,1.0,0
308,2025-01-23 01:48:39.988509,3.6385893384702057,4.21406522198009,59.857864777832084,68.06317633740082,55.3670801477414,55.39086533479617,55.34225891990613,4.047258658299039,59.85786439633683,55.39086500416054,273.2759644235461,1.0,0.0,0.0,-87.4941819193964,1.0,127.590638837205,1.0,110.58069670184523,1.0,0
309,2025-01-23 01:48:44.613484,3.7332255120119027,4.330481766735855,59.93056962809685,68.08254934495919,55.47037823507484,55.50929440210528,55.4452057579502,4.150205493757185,59.9305692480071,55.50929407710864,272.25487331827156,1.0,0.0,0.0,-88.35904026284425,1.0,127.1205678261822,1.0,108.69474262392487,1.0,0
310,2025-01-23 01:48:49.504642,3.828531224849225,4.4451504280930925,60.002109724717165,68.10165153687961,55.57199365957117,55.62570461923353,55.54656590150839,4.251565635446239,60.00210934601346,55.62570429911641,271.2480560648105,1.0,0.0,0.0,-88.98417235741363,1.0,126.65700706861571,1.0,107.06279273392738,1.0,0
311,2025-01-23 01:48:54.343974,3.9243301954768275,4.558258868241485,60.07285324644369,68.12055217652059,55.67246754636598,55.74036770119775,55.64685096715889,4.351850699719721,60.072852869114406,55.740367385436244,270.2518620064922,1.0,0.0,0.0,-89.44471411894028,1.0,126.19733449980686,1.0,105.60606050660226,1.0,0
312,2025-01-23 01:48:58.933600,4.020491812445616,4.669946827149265,60.142993376300566,68.13929099421972,55.772080540894514,55.853471118301144,55.746324731295786,4.451324462844241,60.14299300033799,55.85347080650514,269.26419708052185,1.0,0.0,0.0,-89.7833023475414,1.0,125.74024053606081,1.0,104.27980279814619,1.0,0
313,2025-01-23 01:49:03.775302,4.068280704724139,4.744595903566533,59.56572919236889,67.9049051994983,55.48041056195726,55.965047530172896,55.459836405552764,4.164836272141914,59.565728829876484,55.965047321777284,281.61794491609766,1.0,0.0,0.0,-44.61910131055902,1.0,121.23515673351903,1.0,69.69766673137201,1.0,0
314,2025-01-23 01:49:08.546972,4.116477164732682,4.818211354950085,59.60214312845685,67.91599535385122,55.530629161422894,56.039694041874874,55.509913490950936,4.214913356402302,59.60214276662636,56.03969383636479,281.0334172978766,1.0,0.0,0.0,-44.99963098510307,1.0,121.0137820402224,1.0,68.73260495410705,1.0,0
315,2025-01-23 01:49:13.400120,4.165035310917919,4.890842480435479,59.63863337187235,67.92702519868449,55.58099601895657,56.11330707918113,55.56015439134137,4.265154255783023,59.63863301070824,56.11330687641897,280.4520684072665,1.0,0.0,0.0,-45.33732973982296,1.0,120.79090943814208,1.0,67.81356693124962,1.0,0
316,2025-01-23 01:49:17.944740,4.213913893052669,4.96253380320537,59.67518512446847,67.93799660888511,55.631488197471086,56.185935925615524,55.610534683896915,4.315534547444026,59.67518476397487,56.18593572547697,279.8737994247969,1.0,0.0,0.0,-45.636508770598994,1.0,120.56665771694952,1.0,66.9361023960846,1.0,0
317,2025-01-23 01:49:22.679065,4.263075644960599,5.033325808282641,59.711786099175555,67.94891140725183,55.682084608978435,56.25762509118492,55.661031994711784,4.3660318574683705,59.7117857393562,56.25762489355699,279.2985142763998,1.0,0.0,0.0,-45.900896914190525,1.0,120.34115725555239,1.0,66.09643036028956,1.0,0
318,2025-01-23 01:49:27.313965,4.312486697074149,5.103255454893374,59.7484239336677,67.9597710864171,55.732765497439225,56.32841504950113,55.71162545309631,4.416625315156933,59.748423574525944,56.3284148542806,278.7261342900496,1.0,0.0,0.0,-46.13366092939941,1.0,120.1145355355493,1.0,65.29127686462743,1.0,0
319,2025-01-23 01:49:32.129770,4.362116170567257,5.172356684928741,59.78508725959996,67.97057698873532,55.783512724695534,56.39834275003184,55.76229594689903,4.46729580834989,59.785086901138875,56.398342557123975,278.15658871441565,1.0,0.0,0.0,-46.33759671946791,1.0,119.88688527083013,1.0,64.51780544352914,1.0,0
320,2025-01-23 01:49:37.009554,4.411935771769306,5.240660744776681,59.82176556674347,67.98133032940405,55.83430924692642,56.467442126039046,55.813025569496894,4.5180254304169845,59.82176520896584,56.46744193535662,277.58981350020355,1.0,0.0,0.0,-46.51511194822433,1.0,119.65830496990293,1.0,63.773512821967415,1.0,0
321,2025-01-23 01:49:41.616214,4.461919500301801,5.3081965404290035,59.858448657908184,67.99203215033812,55.88513925978818,56.535744416424976,55.863797753580634,4.568797614042534,59.858448300816505,56.53574422788728,277.0257537313167,1.0,0.0,0.0,-46.66835352168164,1.0,119.42889024396663,1.0,63.0562086342934,1.0,0
322,2025-01-23 01:49:46.300266,4.51204339652409,5.374990881724389,59.895127777245044,68.00268349659461,55.93598806791199,56.603278520527745,55.91459711783041,4.619596977901001,59.89512742084154,56.60327833405994,276.46435432603846,1.0,0.0,0.0,-46.79922497189182,1.0,119.19873090960209,1.0,62.36393719689204,1.0,0
323,2025-01-23 01:49:51.319059,4.5622853134692924,5.44106872688392,59.93179389840763,68.01328521121404,55.98684190622414,56.67007124232223,55.965409285385824,4.67040914512696,59.931793542694315,56.67007105785467,275.90557085032225,1.0,0.0,0.0,-46.9094125327274,1.0,118.96789939953578,1.0,61.694957227018676,1.0,0
324,2025-01-23 01:49:55.786321,4.612624736174049,5.5064533315151465,59.96844005529909,68.02383826095308,56.03768795425883,56.736147534703605,56.01622087503905,4.7212207345079635,59.96843970027771,56.736147352171336,275.34935234942105,1.0,0.0,0.0,-47.00045757260796,1.0,118.73647973573043,1.0,61.04770128047221,1.0,0
325,2025-01-23 01:50:00.565934,4.7025626692853,5.595464474319416,60.50072146759563,68.2267812121017,56.39976151733906,56.801592790624966,56.37319895722063,5.078198706143555,60.50072110435448,56.80159254213519,264.6528592173292,1.0,0.0,0.0,-83.97243032504775,1.0,121.48557115551739,1.0,83.10711130945947,1.0,0
326,2025-01-23 01:50:05.675274,4.792140628401223,5.683941457587778,60.56159985579538,68.24262010667928,56.486114288364725,56.89060238879204,56.45969190446073,5.164691654388588,60.561599493774324,56.89060214179345,263.818040239335,1.0,0.0,0.0,-83.63633378223767,1.0,121.0775141476006,1.0,82.60838591183983,1.0,0
327,2025-01-23 01:50:10.565375,4.881355034204882,5.771890467556002,60.622219593629154,68.25841300151386,56.57208348928885,56.979077853018225,56.545802338612475,5.2508020895552425,60.622219232825714,56.979077607493565,262.9856457650363,1.0,0.0,0.0,-83.29689664208217,1.0,120.67028577007477,1.0,82.11543195386639,1.0,0
328,2025-01-23 01:50:15.657588,4.970202458591997,5.8593175212406186,60.68257964864986,68.2741600025443,56.65766765369966,57.06702536886619,56.63152871136895,5.336528463336212,60.682579289061486,57.06702512479867,262.155670210726,1.0,0.0,0.0,-82.95425797541611,1.0,120.26390920141239,1.0,81.628095878159,1.0,0
329,2025-01-23 01:50:20.192220,5.058679726487288,5.946228374468753,60.74267969544857,68.28986129822698,56.742866197710704,57.15445095235534,56.71687033758972,5.421870090590339,60.74267933707267,57.15445070972887,261.32810364345016,1.0,0.0,0.0,-82.60864956696423,1.0,119.85839603084969,1.0,81.14613431075668,1.0,0
330,2025-01-23 01:50:24.831853,5.1467838769391765,6.032628552101045,60.80251930516641,68.30551704289594,56.82767838981427,57.241360358418504,56.80182638790644,5.506826141948678,60.80251894800042,57.24136011721768,260.50293792874265,1.0,0.0,0.0,-82.26028292028786,1.0,119.45374336107761,1.0,80.66932995347997,1.0,0
331,2025-01-23 01:50:29.652877,5.234512173961548,6.1185233580365015,60.86209832751652,68.3211274107877,56.91210378030242,57.327759111065596,56.88639632266899,5.591396077760496,60.86209797155779,57.3277588712756,259.6801638831377,1.0,0.0,0.0,-81.9093579497121,1.0,119.0499772678777,1.0,80.19748289200379,1.0,0
332,2025-01-23 01:50:34.155573,5.321862075611616,6.2039178903593815,60.92141657851515,68.3366925546678,56.99614182403283,57.41365251340175,56.97057950976463,5.675579265912493,60.92141622376098,57.41365227500834,258.85977345483667,1.0,0.0,0.0,-81.55606008301675,1.0,118.64711223779523,1.0,79.7303961093121,1.0,0
333,2025-01-23 01:50:39.132908,5.408831230540745,6.288817050242889,60.98047343963549,68.35221255233141,57.07979210395904,57.49904566275551,57.05437545445066,5.759375211661425,60.98047308608322,57.49904542574504,258.0417625434975,1.0,0.0,0.0,-81.20057185067253,1.0,118.24513668159398,1.0,79.26787258838885,1.0,0
334,2025-01-23 01:50:43.792016,5.495417462924494,6.373225542359875,61.03926854858239,68.3676875008008,57.16305422669734,57.58394345955825,57.13778368817911,5.842783446458879,61.03926819622929,57.583943223917544,257.2261260353777,1.0,0.0,0.0,-80.8430468100596,1.0,117.84407957236454,1.0,78.80975587454486,1.0,0
335,2025-01-23 01:50:48.412330,5.581618770885748,6.457147910440256,61.09780257671306,68.38311762281502,57.24592793779087,57.66835060785127,57.22080388051425,5.925803639868592,61.09780222555634,57.66835037356768,256.41285219059404,1.0,0.0,0.0,-80.48365590241247,1.0,117.44394960203408,1.0,78.35587212923656,1.0,0
336,2025-01-23 01:50:53.171916,5.667433315399289,6.540588519805797,61.15607469183433,68.39850292368644,57.328413017726575,57.75227165069538,57.30343574979016,6.008435510224219,61.15607434187123,57.752271417756695,255.60194072914766,1.0,0.0,0.0,-80.12254689049314,1.0,117.04474387329356,1.0,77.9060677950838,1.0,0
337,2025-01-23 01:50:57.918753,5.737409003357033,6.613402979021646,61.01278737619985,68.33584976037388,57.27789115884019,57.835684691570265,57.254935500568955,5.959935305219896,61.01278703084224,57.83568448829629,258.9041945265014,1.0,0.0,0.0,-65.33426134183173,1.0,115.50444456077003,1.0,67.98473995047516,1.0,0
338,2025-01-23 01:51:02.459272,5.807151189021479,6.68571162844242,61.06123980304646,68.34894613745341,57.34597671128558,57.90849791839211,57.32310611061117,6.028105915913955,61.06123945867031,57.908497716530185,258.2139251345673,1.0,0.0,0.0,-65.11625332166204,1.0,115.17619682820168,1.0,67.51248147111255,1.0,0
339,2025-01-23 01:51:07.277130,5.8766542880683055,6.757522671639465,61.109502380815464,68.36199612492405,57.413789034706475,57.98080536254425,57.391005376365456,6.096005182335705,61.10950203741895,57.980805162071476,257.5261007949515,1.0,0.0,0.0,-64.89302145325837,1.0,114.8485575305358,1.0,67.04788347690283,1.0,0
340,2025-01-23 01:51:12.328041,5.9459130708721535,6.828843950835018,61.15757395001018,68.37500003637072,57.48132578700275,58.05261522638748,57.458630816319726,6.163630622972025,61.157573607591466,58.05261502728197,256.84070497956395,1.0,0.0,0.0,-64.66491051639878,1.0,114.52153535969956,1.0,66.59060118806792,1.0,0
341,2025-01-23 01:51:16.882821,6.01492262991568,6.899682953799575,61.20545299773156,68.38795810838945,57.54858469673268,58.12393535097494,57.52598002975447,6.230979837102505,61.20545265628872,58.123935153215776,256.15772521816336,1.0,0.0,0.0,-64.43222183122543,1.0,114.19515639147448,1.0,66.14031879792037,1.0,0
342,2025-01-23 01:51:21.902734,6.083678367138427,6.970046848197678,61.25313814605158,68.40087056758412,57.61556368678431,58.19477322301348,57.593050818765064,6.298050626821694,61.253137805582625,58.19477302658067,255.47714956716106,1.0,0.0,0.0,-64.19523353940804,1.0,113.869440907024,1.0,65.69672049977271,1.0,0
343,2025-01-23 01:51:26.496447,6.152175986703359,7.039942501078873,61.30062853817633,68.41373768665406,57.68226090567802,58.26513600917153,57.6598412168773,6.36484102565451,61.30062819867926,58.265135814045884,254.79896365342324,1.0,0.0,0.0,-63.95423537185252,1.0,113.54439470096622,1.0,65.25953974119147,1.0,0
344,2025-01-23 01:51:31.223882,6.112609061374336,6.945002333166592,57.35463206745732,57.49285810587994,57.34555079477985,58.334785366358325,57.34542314476008,6.050423255217902,57.35463205406825,58.33478563139999,0.0,0.0,0.0,0.0,36.94248683814294,1.0,4.477959195128278,1.0,-88.64287224753298,1.0,0
345,2025-01-23 01:51:35.885871,6.071412740923749,6.851691557036354,57.304796056337295,57.43177359556403,57.29803856811115,58.23985015254979,57.29796001000082,6.002960125007374,57.3047960449232,58.23985041304273,0.0,0.0,0.0,0.0,38.463805879018764,1.0,3.8174306757809973,1.0,-87.12155610396621,1.0,0
346,2025-01-23 01:51:40.512221,6.028656540261326,6.759940661160131,57.25381768137761,57.37039923372812,57.24899273403998,58.14654405069239,57.24895073622381,5.953950855585025,57.25381767186172,58.14654430683066,0.0,0.0,0.0,0.0,39.9202165050383,1.0,3.1825781093175465,1.0,-85.66514258063762,1.0,0
347,2025-01-23 01:51:45.183986,5.984408981985771,6.669681124433916,57.201765774383034,57.308751895523336,57.19851117687366,58.05479756096578,57.19849408963973,5.903494213164342,57.20176576668959,58.05479781294067,0.0,0.0,0.0,0.0,41.312660341645824,1.0,2.5730625105779836,1.0,-84.27270453864821,1.0,0
348,2025-01-23 01:51:49.798913,5.938737472485992,6.580845543000083,57.148707268701344,57.246848133770676,57.14668791275476,57.964542173821954,57.146684736095395,5.851684863595194,57.14870726275574,57.96454242182163,0.0,0.0,0.0,0.0,42.64215724163023,1.0,1.9884985374574171,1.0,-82.94319894673663,1.0,0
349,2025-01-23 01:51:54.597490,5.888685230431032,6.491577000457257,57.07695596303864,57.16501160715837,57.076467445268804,57.87570533663167,57.07647706934079,5.781477209070168,57.07695596027552,57.87570558584003,0.0,0.0,0.0,0.0,46.73232610571176,1.0,0.9241228002565549,1.0,-83.34744309593134,1.0,0
350,2025-01-23 01:51:59.344433,5.837398180034752,6.403543272224557,57.01924652945724,57.10017855593348,57.019138364507896,57.786440361804694,57.01916423687419,5.724164380050745,57.019246528233005,57.786440607565865,0.0,0.0,0.0,0.0,47.88522912122062,1.0,0.4094448189562172,1.0,-82.19453428580437,1.0,0
351,2025-01-23 01:52:04.101611,5.784936692801865,6.316683964105106,56.96077851169533,57.03515468488853,56.96078412114013,57.69840998750999,56.96083195199561,5.665832098450781,56.9607785119434,57.698410229992554,0.0,0.0,0.0,0.0,48.981759194361985,1.0,-0.08296734222312807,1.0,-81.09800710997206,1.0,0
352,2025-01-23 01:52:08.668225,5.731364174003254,6.230935698569275,56.90132044073836,56.96973003356587,56.90150653999638,57.61155381700649,56.90158069370531,5.606580843262138,56.90132044237926,57.6115540563874,0.0,0.0,0.0,0.0,50.01910303803925,1.0,-0.5487966927830712,1.0,-80.0606632662948,1.0,0
353,2025-01-23 01:52:13.502528,5.676743710230494,6.146235381157358,56.84083749650042,56.90384552305909,56.841389255560934,57.525808479370475,56.84149300823753,5.546493160719857,56.840837499451276,57.525808715825846,0.0,0.0,0.0,0.0,50.997535896613044,1.0,-0.986910384881412,1.0,-79.08221881848476,1.0,0
354,2025-01-23 01:52:18.354039,5.621135469278303,6.062522844565091,56.77944460212999,56.837560602441826,56.780497353834875,57.44111089367513,56.78063313302555,5.4856332882654435,56.7794446063126,57.441111127372935,0.0,0.0,0.0,0.0,51.919798624453506,1.0,-1.398867170792073,1.0,-78.1599560906443,1.0,0
355,2025-01-23 01:52:23.167301,5.56459691185348,5.979740627996671,56.71723675338301,56.77092173214092,56.718891899534114,57.357400904929655,56.71906142559251,5.424061583429528,56.71723675872317,57.35740113603034,0.0,0.0,0.0,0.0,52.788406085824136,1.0,-1.7860085046095264,1.0,-77.29135152658273,1.0,0
356,2025-01-23 01:52:27.957425,5.507182899128728,5.897833867382474,56.654297029762304,56.70396837297123,56.65662977169959,57.27462106380263,56.6568341729388,5.361834333219812,56.65429703618954,57.274621292459315,0.0,0.0,0.0,0.0,53.605794917643834,1.0,-2.149583126538346,1.0,-76.47395979745397,1.0,0
357,2025-01-23 01:52:32.975441,5.4489457562093415,5.8167502299496405,56.59069922109497,56.63673484675822,56.59376370941738,57.19271651701043,56.59400361811515,5.299003780694062,56.59069922854238,57.192716743369225,0.0,0.0,0.0,0.0,54.3743235294869,1.0,-2.4907760359837994,1.0,-75.7054311856109,1.0,0
358,2025-01-23 01:52:37.664173,5.3899353380583355,5.736439877785496,56.52650939598476,56.56925140619876,56.53034258192972,57.11163494200851,56.53061821575892,5.235618380496564,56.52650940438883,57.11163516620855,0.0,0.0,0.0,0.0,55.096309768600804,1.0,-2.8107316700243246,1.0,-74.98343915187888,1.0,0
359,2025-01-23 01:52:42.035376,5.330199068077273,5.656855370738221,56.46178673532733,56.50154474408416,56.46641144346458,57.031326510432535,56.466722675495525,5.171722842259506,56.46178674462789,57.03132673260625,0.0,0.0,0.0,0.0,55.774016433360885,1.0,-3.110559698029647,1.0,-74.30573828173692,1.0,0
360,2025-01-23 01:52:46.646254,5.269782029567246,5.577951633416652,56.39658469067242,56.43363876894664,56.40201208360293,56.95174379120819,56.40235850210207,5.107358670766532,56.396584700812454,56.95174401148142,0.0,0.0,0.0,0.0,56.40963099210694,1.0,-3.3913234324245423,1.0,-73.67012372299087,1.0,0
361,2025-01-23 01:52:51.443240,5.160376618105831,5.4617410551042305,55.851694063678245,55.88651253272651,55.89353897907684,56.87272320306329,55.89553460013635,4.600534905560232,55.85169409422815,56.87272352748493,0.0,0.0,0.0,0.0,102.1486552491524,1.0,-10.217380678909649,1.0,-108.50243373511148,1.0,0
362,2025-01-23 01:52:55.835536,5.050804212178726,5.345697463195354,55.73986151494128,55.774060174937304,55.782220625190654,56.75651323187713,55.784236082827384,4.489236388717441,55.73986154569331,56.75651355583261,0.0,0.0,0.0,0.0,102.30456814156241,1.0,-10.284980693882062,1.0,-108.34652663731958,1.0,0
363,2025-01-23 01:53:00.579416,4.941072839554066,5.229812848291195,55.62797374896746,55.66158726626048,55.67082487370447,56.64047021728556,55.67285929848372,4.377859604817563,55.62797377991184,56.64047054079723,0.0,0.0,0.0,0.0,102.45299149005405,1.0,-10.349312544235545,1.0,-108.19809749420983,1.0,0
364,2025-01-23 01:53:05.134646,4.8311901547776515,5.114079554231148,55.516034071622876,55.54909506688633,55.55935580700221,56.52458615126978,55.56140836153934,4.2664086682956075,55.516034102750304,56.524586474359005,0.0,0.0,0.0,0.0,102.59427007440536,1.0,-10.410532684659302,1.0,-108.05681021793134,1.0,0
365,2025-01-23 01:53:10.118189,4.721163451422993,4.998490283654577,55.40404548855898,55.43658466676927,55.447817245215454,56.40885337906108,55.44988712413859,4.1548874312969,55.40404551986059,56.40885370174825,0.0,0.0,0.0,0.0,102.72873418784911,1.0,-10.468785980606299,1.0,-107.92234320717853,1.0,0
366,2025-01-23 01:53:14.780276,4.610999682734572,4.883038069761523,55.29201091316272,55.32405717143666,55.33621285116281,56.29326460457876,55.33829927970419,4.043299587245129,55.29201094463005,56.29326492688331,0.0,0.0,0.0,0.0,102.8567054316909,1.0,-10.524211502911385,1.0,-107.79437775795486,1.0,0
367,2025-01-23 01:53:19.158803,4.500705502676916,4.767716277633331,55.17993345522237,55.21151394310654,55.22454638717268,56.17781286229871,55.22664861982939,3.93164892773442,55.17993348684737,56.17781318423915,0.0,0.0,0.0,0.0,102.97847353683665,1.0,-10.576945425100348,1.0,-107.67260096088194,1.0,0
368,2025-01-23 01:53:24.062572,4.390287211873219,4.652518584427674,55.067815055456414,55.09895541986544,55.11282067162868,56.06249151849832,55.114937993632864,3.819938301884348,55.06781508723139,56.062491840092335,0.0,0.0,0.0,0.0,103.09434561804665,1.0,-10.627103639535562,1.0,-107.55673757159911,1.0,0
369,2025-01-23 01:53:28.865429,4.279750857314155,4.537438963750818,54.95565874339417,54.98638305595058,55.00103928634926,55.94729425146762,55.003171009998326,3.7081713185794136,54.95565877531181,55.947294572732005,0.0,0.0,0.0,0.0,103.20457953582718,1.0,-10.674816525124697,1.0,-107.4464949618914,1.0,0
370,2025-01-23 01:53:33.673877,4.169102177708184,4.42247166523955,54.84346636780613,54.87379735897228,54.889204911449006,55.83221503586481,54.89135037850918,3.596350687403838,54.84346639985949,55.83221535681563,0.0,0.0,0.0,0.0,103.30945343184794,1.0,-10.720205768848245,1.0,-107.34162106587064,1.0,0
371,2025-01-23 01:53:38.237784,4.058346688727434,4.307611183927902,54.73124193137574,54.7612000348249,54.77732140350975,55.71724812241458,54.779479957454704,3.484480266647534,54.73124196355811,55.71724844306719,0.0,0.0,0.0,0.0,103.4091759123612,1.0,-10.763355392668927,1.0,-107.24188699612114,1.0,0
372,2025-01-23 01:53:42.816407,3.9474895635800458,4.192852350720749,54.618983841999594,54.6485902686643,54.66538938107442,55.60238800708793,54.667560442434684,3.3725607519112515,54.618983874304696,55.60238832745679,0.0,0.0,0.0,0.0,103.50407147598162,1.0,-10.804404467421591,1.0,-107.14698563788261,1.0,0
373,2025-01-23 01:53:47.547503,3.798698374458135,4.045561094797398,53.96492110974946,54.00050990646163,54.05559835019109,55.48749813339956,54.059720905356,2.7647213207319825,53.96492115613229,55.487498544588234,0.0,0.0,0.0,0.0,138.92200587633852,1.0,-15.512682348912676,1.0,-137.52156546672722,1.0,0
374,2025-01-23 01:53:52.351727,3.649937190615887,3.8982398512789462,53.81670730898783,53.85240824638222,53.90725386094226,55.34020674398783,53.91137145059141,2.6163718658836315,53.816707355334586,55.34020715526022,0.0,0.0,0.0,0.0,138.8939917950438,1.0,-15.500617953989604,1.0,-137.54956506147664,1.0,0
375,2025-01-23 01:53:57.223768,3.5012047941073168,3.7508898119316294,53.66849972583091,53.704308575704474,53.75892112969732,55.19288537225232,53.76303395988201,2.4680343750938496,53.66849977214307,55.19288578360508,0.0,0.0,0.0,0.0,138.8671105615913,1.0,-15.489046101606618,1.0,-137.5764433976201,1.0,0
376,2025-01-23 01:54:02.016003,3.3525000342013622,3.603512143322999,53.520298680680256,53.55621124359486,53.61059999075462,55.04553520986217,53.61470825443023,2.3197086695649274,53.52029872695917,55.04553562129207,0.0,0.0,0.0,0.0,138.8413100244179,1.0,-15.477929126745948,1.0,-137.60224103748442,1.0,0
377,2025-01-23 01:54:06.583915,3.203821800968182,3.4561079437585347,53.37210381026805,53.40811606081521,53.46228990923316,54.898157423083425,53.466393791750306,2.171394206810961,53.37210385651508,54.89815783458737,0.0,0.0,0.0,0.0,138.81654672388777,1.0,-15.467264132098535,1.0,-137.62701013263268,1.0,0
378,2025-01-23 01:54:11.257586,3.0551690345441145,3.308678296684006,53.223915031467584,53.26002307704461,53.313990527746704,54.750753110157525,53.318090205850766,2.023090620840317,53.223915077684,54.75075352173254,0.0,0.0,0.0,0.0,138.79276561112874,1.0,-15.457025041882844,1.0,-137.6507767588464,1.0,0
379,2025-01-23 01:54:16.019839,2.906540704613719,3.161224198860786,53.07573172120903,53.11193186706873,53.16570123239038,54.60332335414625,53.169796878237584,1.8747972931589236,53.07573176739604,54.603323765789504,0.0,0.0,0.0,0.0,138.76995219959554,1.0,-15.44719157493546,1.0,-137.6735988623068,1.0,0
380,2025-01-23 01:54:20.790733,2.7579358399912297,3.0137466513587587,52.92755414187131,52.96384277352429,53.01742187873503,54.455869151831926,53.02151365458508,1.7265140694408894,52.927554188030115,54.455869563540645,0.0,0.0,0.0,0.0,138.74803695387072,1.0,-15.437757936638263,1.0,-137.69549672417725,1.0,0
381,2025-01-23 01:54:25.401660,2.609353496348324,2.8662465825151338,52.77938181233789,52.815755487596824,52.869151901925726,54.30839150396218,52.87323996431416,1.5782403791070987,52.779381858469606,54.308391915733765,0.0,0.0,0.0,0.0,138.72700828471807,1.0,-15.428698051209722,1.0,-137.71652249602084,1.0,0
382,2025-01-23 01:54:29.943907,2.582450183929363,2.9300851367936716,57.9533754255236,67.34879549856771,53.86487469353752,54.161321977240604,53.854549530447414,2.559549605552596,57.95337506287871,54.1613217990244,310.92876139445707,1.0,0.0,0.0,25.118838016737755,1.0,121.28615516758146,1.0,59.60419816631202,1.0,0
383,2025-01-23 01:54:34.665268,2.558237692870978,2.991007817719542,57.94326725050152,67.3527819645002,53.847489834615956,54.225154284924,53.83647507226975,2.541475139863041,57.943266887508315,54.22515411484793,310.7186471469456,1.0,0.0,0.0,22.606497309425322,1.0,121.40264727293015,1.0,56.88173881139846,1.0,0
384,2025-01-23 01:54:38.968501,2.5363640310434974,3.049376179293205,57.93363989642654,67.3565993697857,53.83092017413032,54.286071698597,53.819289434821215,2.52428949588526,57.93363953310126,54.286071535651764,310.51744356146725,1.0,0.0,0.0,20.422798368713302,1.0,121.51371271841072,1.0,54.496842037679016,1.0,0
385,2025-01-23 01:54:43.707403,2.579326228871937,3.132209843785289,58.43809252790762,67.60209788176614,53.970428109374744,54.34449825919333,53.949876283758066,2.654876163821774,58.43809214747414,54.344498027949044,297.5779788869119,1.0,0.0,0.0,-40.11255146963322,1.0,127.23553015234756,1.0,77.33937732155027,1.0,0
386,2025-01-23 01:54:48.482412,2.623117027862669,3.213585659817989,58.472797161431394,67.61324460179917,54.017946212968106,54.427327977799074,53.99710635959088,2.7021062373413995,58.47279678158745,54.427327750624606,296.9904698672403,1.0,0.0,0.0,-40.88619383196601,1.0,127.03835957893261,1.0,75.97823311471075,1.0,0
387,2025-01-23 01:54:53.244611,2.667642243455581,3.293602004304954,58.507716682995586,67.62431689905898,54.065834617844004,54.50870016802267,54.04473793124119,2.74973780694144,58.50771630374911,54.508699944643396,296.4068834409776,1.0,0.0,0.0,-41.571902864347976,1.0,126.83853507041931,1.0,74.70893360505215,1.0,0
388,2025-01-23 01:54:57.878005,2.712821280894231,3.372343420775038,58.54282743745836,67.63531930154063,54.114054722978196,54.58871315947996,54.092728172752615,2.797728046627617,58.54282705881666,54.58871293965986,295.8269809515563,1.0,0.0,0.0,-42.18235719122276,1.0,126.63626813036899,1.0,73.51857417802421,1.0,0
389,2025-01-23 01:55:02.440010,2.758584208467461,3.4498835837458195,58.57810796948478,67.64625553915498,54.16257075751452,54.66745145866896,54.14103796202229,2.8460378342672583,58.57810759145451,54.66745124220236,295.2505658069522,1.0,0.0,0.0,-42.72751776113637,1.0,126.43177895427016,1.0,72.39699686806489,1.0,0
390,2025-01-23 01:55:07.189685,2.804869660270764,3.52628743296089,58.61353802907947,67.65712865020657,54.21134975710305,54.74498871045783,54.18963161965093,2.8946314904372064,58.61353765166672,54.74498849716346,294.67747786755893,1.0,0.0,0.0,-43.2153782497835,1.0,126.22525007259355,1.0,71.33605154479028,1.0,0
391,2025-01-23 01:55:11.877123,2.851623263501662,3.601612744948323,58.649098521654615,67.66794114150544,54.26036129609209,54.821389830381655,54.2384764789355,2.9434763484148454,58.649098144864986,54.8213896200982,294.10758500720453,1.0,0.0,0.0,-43.65248078102013,1.0,126.01684663195556,1.0,70.3290541162005,1.0,0
392,2025-01-23 01:55:16.587906,2.8987964889949307,3.675911354411952,58.684772173598276,67.67869519488607,54.30957752901262,54.89671257495926,54.287542815531005,2.992542683838909,58.68477179743688,54.89671236754202,293.5407722281592,1.0,0.0,0.0,-44.0442665012597,1.0,125.80673377897256,1.0,69.37045044082879,1.0,0
393,2025-01-23 01:55:21.449552,2.9463457049744854,3.749230083120021,58.72054325540856,67.68939272760547,54.35897267148771,54.97100876209123,54.33680324538147,3.0418031126397285,58.720542879880085,54.971008557409505,292.9769384777603,1.0,0.0,0.0,-44.39531895343407,1.0,125.59505348178845,1.0,68.45556136454434,1.0,0
394,2025-01-23 01:55:25.955713,2.9942314775342154,3.8216114681985314,58.75639711550464,67.70003540565845,54.408523054573365,55.04432519925891,54.38623272717318,3.09123259349188,58.75639674061339,55.044324997193925,292.4159959465879,1.0,0.0,0.0,-44.70955240208241,1.0,125.38193611931092,1.0,67.58039439546337,1.0,0
395,2025-01-23 01:55:30.660122,3.042417954170333,3.8930943684195225,58.79231969811794,67.71062463912261,54.458206626397974,55.116704411371146,54.435808018601364,3.1408078840805946,58.79231932386783,55.116704211814444,291.8578703138296,1.0,0.0,0.0,-44.990313239168245,1.0,125.16750917313857,1.0,66.74150463311435,1.0,0
396,2025-01-23 01:55:35.586031,3.0908724235261884,3.9637144446997112,58.82829868692594,67.72116177431184,54.50800312585915,55.18818524663198,54.4855078146121,3.1905076793431983,58.82829831332056,55.188185049484,291.3024906194598,1.0,0.0,0.0,-45.24052484953245,1.0,124.95187984370659,1.0,65.9359107464752,1.0,0
397,2025-01-23 01:55:40.445136,3.1446455921128216,4.036188093789389,58.92093895423896,67.75435381726356,54.58875746008011,55.25880978527292,54.56546749503872,3.2704673449217507,58.920938580078925,55.25880958295037,289.55304104526243,1.0,0.0,0.0,-50.206443041815874,1.0,125.1373829535396,1.0,67.66653718841553,1.0,0
398,2025-01-23 01:55:45.243369,3.1985664161107397,4.107888575401917,58.96027191731473,67.76543424272607,54.64349929272901,55.33128156105821,54.620155103644485,3.325154953115302,58.96027154387385,55.331281360894096,288.9690262066616,1.0,0.0,0.0,-50.34430859609529,1.0,124.89685994466981,1.0,66.9446523551187,1.0,0
399,2025-01-23 01:55:49.981195,3.2526120885019254,4.178841525210505,58.999588929899154,67.77646470741627,54.69824081805853,55.40298024773816,54.67485073811823,3.3798505872405147,58.99958855717939,55.40298004966091,288.38764464531874,1.0,0.0,0.0,-50.46087313417047,1.0,124.65568504126168,1.0,66.24670219196105,1.0,0
400,2025-01-23 01:55:54.683587,3.30676145667582,4.24907088120289,59.03888201078254,67.78744606659238,54.752969334340214,55.47393147535248,54.72954110811036,3.4345409569431675,59.03888163878556,55.473931279295265,287.8088512832256,1.0,0.0,0.0,-50.55768961369722,1.0,124.41394805989603,1.0,65.57110476819616,1.0,0
