iteration,timestamp,error_flag,P2,T1,V5F,J5,V5,T2,V4F,J4,V4,J1,P1F,V1F,P1
0.0,2026-01-02 15:19:42.101862,False,1.0,0.0,0.0,0.0,1.0,0.0,0.0,0.0,1.0,0.0,0.0,0.0,1.0
1.0,2026-01-02 15:19:45.078536,False,1.0,3.1915781497955322,130.785888671875,55.54426956176758,1.0,3.2186312675476074,155.1534881591797,54.51407241821289,1.0,69.21785736083984,212.41648864746094,232.28428649902344,1.0
2.0,2026-01-02 15:19:48.276778,False,1.0,3.3316550254821777,130.31216430664062,55.67726135253906,1.0,3.3848071098327637,153.80491638183594,54.68024444580078,1.0,69.23635864257812,211.44125366210938,231.2305145263672,1.0
3.0,2026-01-02 15:19:51.879724,False,1.0,3.471224784851074,129.8325653076172,55.8096809387207,1.0,3.5495386123657227,152.466796875,54.844966888427734,1.0,69.25482940673828,210.4677734375,230.1776580810547,1.0
4.0,2026-01-02 15:19:55.141542,False,1.0,3.610280752182007,129.34710693359375,55.941524505615234,1.0,3.712836742401123,151.13912963867188,55.00825881958008,1.0,69.27326202392578,209.49607849121094,229.12579345703125,1.0
5.0,2026-01-02 15:19:57.984355,False,1.0,3.748816967010498,128.85586547851562,56.07278060913086,1.0,3.8747129440307617,149.82188415527344,55.170127868652344,1.0,69.29166412353516,208.52621459960938,228.074951171875,1.0
6.0,2026-01-02 15:20:00.778683,False,1.0,3.886826753616333,128.35887145996094,56.203453063964844,1.0,4.035178184509277,148.5150604248047,55.33058547973633,1.0,69.31002807617188,207.55819702148438,227.02516174316406,1.0
7.0,2026-01-02 15:20:03.596795,False,1.0,4.024304389953613,127.85619354248047,56.333534240722656,1.0,4.194244384765625,147.2186279296875,55.489646911621094,1.0,69.32836151123047,206.59207153320312,225.97650146484375,1.0
8.0,2026-01-02 15:20:06.770058,False,1.0,4.161243915557861,127.3478775024414,56.46302032470703,1.0,4.351921558380127,145.93255615234375,55.647315979003906,1.0,69.3466567993164,205.6278533935547,224.92898559570312,1.0
9.0,2026-01-02 15:20:09.765732,False,1.0,4.297638416290283,126.83397674560547,56.59190368652344,1.0,4.50822114944458,144.65682983398438,55.803611755371094,1.0,69.36491394042969,204.6656036376953,223.88267517089844,1.0
10.0,2026-01-02 15:20:13.108639,False,1.0,4.433483123779297,126.31455993652344,56.72018051147461,1.0,4.663154602050781,143.3914337158203,55.95853805541992,1.0,69.38313293457031,203.705322265625,222.8376007080078,1.0
11.0,2026-01-02 15:20:16.014226,False,1.0,4.568770885467529,125.78968048095703,56.84785079956055,1.0,4.816732883453369,142.1363525390625,56.11211013793945,1.0,69.40131378173828,202.74705505371094,221.79383850097656,1.0
12.0,2026-01-02 15:20:18.593380,False,1.0,4.703496932983398,141.26699829101562,57.218505859375,1.0,4.968966484069824,153.6309814453125,56.264400482177734,1.0,69.50458526611328,197.30368041992188,219.2068634033203,1.0
13.0,2026-01-02 15:20:21.577094,False,1.0,4.854799747467041,140.5559844970703,57.358463287353516,1.0,5.133511543273926,152.39065551757812,56.42893981933594,1.0,69.5246353149414,196.2471466064453,218.048095703125,1.0
14.0,2026-01-02 15:20:24.253769,False,1.0,5.005341053009033,139.84173583984375,57.49765396118164,1.0,5.296728134155273,151.1583251953125,56.5921516418457,1.0,69.54463195800781,195.19288635253906,216.89112854003906,1.0
15.0,2026-01-02 15:20:26.998627,False,1.0,5.155117511749268,139.1243133544922,57.636077880859375,1.0,5.458625316619873,149.93389892578125,56.7540397644043,1.0,69.5645980834961,194.140869140625,215.7359619140625,1.0
16.0,2026-01-02 15:20:29.618902,False,1.0,5.3041253089904785,138.40377807617188,57.77373504638672,1.0,5.619210720062256,148.71737670898438,56.91461944580078,1.0,69.58451080322266,193.0911407470703,214.5826416015625,1.0
17.0,2026-01-02 15:20:31.937111,False,1.0,5.452361106872559,137.68019104003906,57.91062545776367,1.0,5.7784929275512695,147.5087127685547,57.07389450073242,1.0,69.60438537597656,192.0437469482422,213.4311981201172,1.0
18.0,2026-01-02 15:20:34.665069,False,1.0,5.599822521209717,136.95361328125,58.0467414855957,1.0,5.93648099899292,146.3079071044922,57.231876373291016,1.0,69.62421417236328,190.99868774414062,212.2816619873047,1.0
19.0,2026-01-02 15:20:37.485750,False,1.0,5.746505260467529,136.2240753173828,58.18208694458008,1.0,6.093182563781738,145.11488342285156,57.388572692871094,1.0,69.64399719238281,189.95599365234375,211.13406372070312,1.0
20.0,2026-01-02 15:20:40.411824,False,1.0,5.892406940460205,135.49168395996094,58.31665802001953,1.0,6.2486066818237305,143.9296417236328,57.54399108886719,1.0,69.66373443603516,188.9156951904297,209.98843383789062,1.0
21.0,2026-01-02 15:20:43.463810,False,1.0,6.037524223327637,134.7564697265625,58.4504508972168,1.0,6.402761459350586,142.7521209716797,57.69813919067383,1.0,69.68342590332031,187.8778076171875,208.84483337402344,1.0
22.0,2026-01-02 15:20:46.300231,False,1.0,6.181853771209717,134.0185089111328,58.58346939086914,1.0,6.555654525756836,141.58230590820312,57.85102844238281,1.0,69.70307159423828,186.8423614501953,207.7032470703125,1.0
23.0,2026-01-02 15:20:49.042389,False,1.0,6.325393199920654,133.27784729003906,58.7157096862793,1.0,6.707294940948486,140.42015075683594,58.002662658691406,1.0,69.72266387939453,185.8093719482422,206.56375122070312,1.0
24.0,2026-01-02 15:20:51.803729,False,1.0,6.468139171600342,125.21408081054688,58.738895416259766,1.0,6.857690811157227,133.16854858398438,58.15302276611328,1.0,69.70276641845703,186.85824584960938,206.1358642578125,1.0
25.0,2026-01-02 15:20:54.507766,False,1.0,6.602248668670654,124.54622650146484,58.86338806152344,1.0,7.000319957733154,132.0323028564453,58.29564666748047,1.0,69.72132873535156,185.8798065185547,205.05723571777344,1.0
26.0,2026-01-02 15:20:57.258937,False,0.0,6.735642910003662,110.24523162841797,58.80143737792969,1.0,7.1417317390441895,82.22906494140625,58.43687057495117,1.0,67.82870483398438,285.6344299316406,185.59564208984375,1.0
27.0,2026-01-02 15:21:00.162195,False,0.0,6.853720188140869,109.00474548339844,58.90353012084961,1.0,7.22980260848999,82.26844787597656,58.524940490722656,1.0,67.85148620605469,284.43328857421875,184.71656799316406,1.0
28.0,2026-01-02 15:21:02.882349,False,0.0,6.970468521118164,107.79515838623047,59.00483703613281,1.0,7.317915439605713,82.2797622680664,58.61305236816406,1.0,67.87422180175781,283.23504638671875,183.8418731689453,1.0
29.0,2026-01-02 15:21:05.387497,False,0.0,7.085921764373779,106.61470031738281,59.10536575317383,1.0,7.406040668487549,82.26498413085938,58.701175689697266,1.0,67.89690399169922,282.039794921875,182.9716033935547,1.0
30.0,2026-01-02 15:21:08.043825,False,0.0,7.20011043548584,-35.52178192138672,58.40048599243164,1.0,7.494149684906006,-57.63850021362305,58.78907775878906,1.0,58.40040588378906,0.0,-0.2582052946090698,0.0
31.0,2026-01-02 15:21:10.989775,False,0.0,7.162065029144287,-36.4771614074707,58.35767364501953,1.0,7.4324164390563965,-56.6831169128418,58.72734832763672,1.0,58.357337951660156,0.0,-0.6862856149673462,0.0
32.0,2026-01-02 15:21:13.605899,False,0.0,7.122996807098389,-37.35970687866211,58.31410598754883,1.0,7.371706485748291,-55.800575256347656,58.66664123535156,1.0,58.31337356567383,0.0,-1.0804181098937988,0.0
33.0,2026-01-02 15:21:16.324538,False,0.0,7.082983016967773,-38.17377471923828,58.269859313964844,1.0,7.311942100524902,-54.98650360107422,58.606876373291016,1.0,58.26864242553711,0.0,-1.442917823791504,0.0
34.0,2026-01-02 15:21:18.787717,False,0.0,7.042097091674805,-38.92352294921875,58.22500991821289,1.0,7.253048896789551,-54.23674774169922,58.5479850769043,1.0,58.223243713378906,0.0,-1.7759027481079102,0.0
35.0,2026-01-02 15:21:21.269879,False,0.0,7.00040864944458,-39.61297607421875,58.17961502075195,1.0,7.1949591636657715,-53.54729461669922,58.489898681640625,1.0,58.17726135253906,0.0,-2.081371784210205,0.0
36.0,2026-01-02 15:21:23.577920,False,0.0,6.957981109619141,-21.529132843017578,58.21554946899414,1.0,7.137608051300049,-40.737449645996094,58.43257141113281,1.0,58.21593475341797,0.0,0.8150362372398376,0.0
37.0,2026-01-02 15:21:26.288544,False,0.0,6.934922695159912,-22.64554786682129,58.18881607055664,1.0,7.0939764976501465,-39.62103271484375,58.38894271850586,1.0,58.188880920410156,0.0,0.319222629070282,0.0
38.0,2026-01-02 15:21:28.665576,False,0.0,6.91066837310791,-23.660520553588867,58.16108322143555,1.0,7.051540851593018,-38.60606002807617,58.34650802612305,1.0,58.16105651855469,0.0,-0.13609819114208221,0.0
39.0,2026-01-02 15:21:31.400384,False,0.0,6.885326862335205,-24.571420669555664,58.132511138916016,1.0,7.010191917419434,-37.69517135620117,58.30516052246094,1.0,58.13229751586914,0.0,-0.5441262125968933,0.0
40.0,2026-01-02 15:21:34.111627,False,0.0,6.859010219573975,-25.38394546508789,58.10322570800781,1.0,6.969819068908691,-36.88262939453125,58.26478958129883,1.0,58.10270690917969,0.0,-0.9064260125160217,0.0
41.0,2026-01-02 15:21:36.751557,False,0.0,6.831822872161865,-26.106449127197266,58.07332992553711,1.0,6.930315971374512,-36.160125732421875,58.225284576416016,1.0,58.07243728637695,0.0,-1.2273378372192383,0.0
42.0,2026-01-02 15:21:39.283150,False,0.0,6.803861618041992,-26.746816635131836,58.042911529541016,1.0,6.891587257385254,-35.51976013183594,58.18655776977539,1.0,58.04161834716797,0.0,-1.5108046531677246,0.0
43.0,2026-01-02 15:21:41.849035,False,0.0,6.775214672088623,-27.312604904174805,58.012054443359375,1.0,6.853544235229492,-34.953975677490234,58.14851760864258,1.0,58.010345458984375,0.0,-1.7604948282241821,0.0
44.0,2026-01-02 15:21:44.300099,False,0.0,6.745961666107178,-27.811002731323242,57.98081970214844,1.0,6.816106796264648,-34.45557403564453,58.111080169677734,1.0,57.978702545166016,0.0,-1.979838490486145,0.0
45.0,2026-01-02 15:21:46.855816,False,0.0,6.716175079345703,-28.24880599975586,57.94926834106445,1.0,6.779203414916992,-34.01776123046875,58.07417678833008,1.0,57.94675827026367,0.0,-2.172037363052368,0.0
46.0,2026-01-02 15:21:49.174799,False,0.0,6.685919284820557,-28.632408142089844,57.91744613647461,1.0,6.742769241333008,-33.6341667175293,58.037742614746094,1.0,57.914573669433594,0.0,-2.3400723934173584,0.0
47.0,2026-01-02 15:21:51.902547,False,0.0,6.655252933502197,-28.967693328857422,57.88539505004883,1.0,6.706745624542236,-33.29887390136719,58.0017204284668,1.0,57.88218307495117,0.0,-2.4866530895233154,0.0
48.0,2026-01-02 15:21:54.049669,False,0.0,6.624227523803711,-56.76414108276367,57.69378662109375,1.0,6.671081066131592,-56.19839096069336,57.96601486206055,1.0,57.67572021484375,0.0,-6.337765216827393,0.0
49.0,2026-01-02 15:21:56.842901,False,0.0,6.5634307861328125,-56.739891052246094,57.6331672668457,1.0,6.6108903884887695,-56.2226448059082,57.90582275390625,1.0,57.61515808105469,0.0,-6.327317237854004,0.0
50.0,2026-01-02 15:21:59.271288,False,0.0,6.502659797668457,-56.71772384643555,57.57255935668945,1.0,6.550673484802246,-56.24480056762695,57.845603942871094,1.0,57.55459976196289,0.0,-6.317773818969727,0.0
51.0,2026-01-02 15:22:01.954045,False,0.0,6.441912651062012,-56.697471618652344,57.511962890625,1.0,6.490433216094971,-56.26505661010742,57.78536605834961,1.0,57.49404525756836,0.0,-6.309049606323242,0.0
52.0,2026-01-02 15:22:04.674579,False,0.0,6.381187438964844,-56.678955078125,57.45137405395508,1.0,6.430171012878418,-56.283573150634766,57.725101470947266,1.0,57.43349838256836,0.0,-6.301070690155029,0.0
53.0,2026-01-02 15:22:07.517542,False,0.0,6.32048225402832,-56.662025451660156,57.39079284667969,1.0,6.369888782501221,-56.30049514770508,57.66482162475586,1.0,57.372955322265625,0.0,-6.2937750816345215,0.0
54.0,2026-01-02 15:22:09.997839,False,0.0,6.25979471206665,-56.64655303955078,57.33021926879883,1.0,6.309588432312012,-56.315975189208984,57.60451889038086,1.0,57.312416076660156,0.0,-6.287114143371582,0.0
55.0,2026-01-02 15:22:12.826915,False,0.0,6.199123859405518,-56.63240432739258,57.269649505615234,1.0,6.249271869659424,-56.33011245727539,57.54420471191406,1.0,57.25188064575195,0.0,-6.2810211181640625,0.0
56.0,2026-01-02 15:22:15.459473,False,0.0,6.138468265533447,-56.61947250366211,57.20909118652344,1.0,6.188940048217773,-56.343048095703125,57.48387145996094,1.0,57.191349029541016,0.0,-6.275449752807617,0.0
57.0,2026-01-02 15:22:18.256771,False,0.0,6.077826499938965,-56.60765075683594,57.148536682128906,1.0,6.128594398498535,-56.35487365722656,57.423526763916016,1.0,57.130821228027344,0.0,-6.270353317260742,0.0
58.0,2026-01-02 15:22:20.585400,False,0.0,6.017197132110596,-56.596839904785156,57.08798599243164,1.0,6.068235874176025,-56.36568832397461,57.36316680908203,1.0,57.07029724121094,0.0,-6.265691757202148,0.0
59.0,2026-01-02 15:22:23.098813,False,0.0,5.956579685211182,-56.586952209472656,57.02743911743164,1.0,6.007865905761719,-56.375572204589844,57.302799224853516,1.0,57.00977325439453,0.0,-6.261435508728027,0.0
60.0,2026-01-02 15:22:25.901276,False,0.0,5.895972728729248,71.52561950683594,57.53687286376953,1.0,5.947485446929932,62.20459747314453,57.2425651550293,1.0,67.35464477539062,310.6202697753906,194.2867431640625,1.0
61.0,2026-01-02 15:22:28.635308,False,0.0,5.9725799560546875,70.83650207519531,57.60733413696289,1.0,6.014109134674072,62.065677642822266,57.30918884277344,1.0,67.370361328125,309.7922668457031,193.70237731933594,1.0
62.0,2026-01-02 15:22:31.238080,False,0.0,6.04844856262207,70.16309356689453,57.67724609375,1.0,6.0805840492248535,61.91450500488281,57.37566375732422,1.0,67.38600158691406,308.9676818847656,193.12164306640625,1.0
63.0,2026-01-02 15:22:33.966431,False,0.0,6.12359619140625,69.50460815429688,57.746612548828125,1.0,6.146896839141846,61.75185775756836,57.441978454589844,1.0,67.40158081054688,308.14654541015625,192.54449462890625,1.0
64.0,2026-01-02 15:22:36.468311,False,0.0,6.198038578033447,68.86033630371094,57.81544876098633,1.0,6.213035583496094,61.57845687866211,57.50811767578125,1.0,67.41709899902344,307.328857421875,191.97085571289062,1.0
65.0,2026-01-02 15:22:39.284567,False,0.0,6.271790504455566,68.22960662841797,57.883750915527344,1.0,6.278988838195801,61.394996643066406,57.57406997680664,1.0,67.43254089355469,306.5146789550781,191.40069580078125,1.0
66.0,2026-01-02 15:22:41.889241,False,0.0,6.34486722946167,67.61180877685547,57.951534271240234,1.0,6.34474515914917,61.20210266113281,57.63982391357422,1.0,67.44792175292969,305.7040100097656,190.833984375,1.0
67.0,2026-01-02 15:22:44.743047,False,0.0,6.417282581329346,67.00634765625,58.018798828125,1.0,6.410295486450195,61.0003547668457,57.70537567138672,1.0,67.46324157714844,304.89678955078125,190.2706756591797,1.0
68.0,2026-01-02 15:22:47.483951,False,0.0,6.489048957824707,66.41268920898438,58.08555603027344,1.0,6.4756293296813965,60.79030990600586,57.77070617675781,1.0,67.47848510742188,304.09307861328125,189.71070861816406,1.0
69.0,2026-01-02 15:22:50.140818,False,0.0,6.560179710388184,65.83032989501953,58.15180969238281,1.0,6.540738105773926,60.572479248046875,57.8358154296875,1.0,67.49366760253906,303.2928771972656,189.15408325195312,1.0
70.0,2026-01-02 15:22:52.836495,False,0.0,6.6306867599487305,65.25878143310547,58.21756362915039,1.0,6.605613708496094,60.34733581542969,57.900691986083984,1.0,67.5087890625,302.4961853027344,188.6007080078125,1.0
71.0,2026-01-02 15:22:55.157607,False,0.0,6.7005815505981445,64.69759368896484,58.2828254699707,1.0,6.670248031616211,60.11533737182617,57.96532440185547,1.0,67.52383422851562,301.7030029296875,188.0505828857422,1.0
72.0,2026-01-02 15:22:57.496349,False,0.0,6.769875526428223,59.915992736816406,58.31404495239258,1.0,6.7346343994140625,56.420352935791016,58.029701232910156,1.0,67.51348114013672,302.2486267089844,187.59986877441406,1.0
73.0,2026-01-02 15:23:00.099085,False,0.0,6.834047794342041,59.41572952270508,58.3743782043457,1.0,6.795063018798828,56.18179702758789,58.09012985229492,1.0,67.52749633789062,301.50982666015625,187.09005737304688,1.0
74.0,2026-01-02 15:23:02.524197,False,0.0,6.897684574127197,58.92403030395508,58.434268951416016,1.0,6.855235576629639,55.93806076049805,58.15030288696289,1.0,67.54145050048828,300.7743835449219,186.58323669433594,1.0
75.0,2026-01-02 15:23:05.126830,False,0.0,6.960794448852539,58.440547943115234,58.49372100830078,1.0,6.91514778137207,55.689483642578125,58.21021270751953,1.0,67.55534362792969,300.0423278808594,186.07936096191406,1.0
76.0,2026-01-02 15:23:07.604864,False,0.0,7.0233869552612305,57.964962005615234,58.552738189697266,1.0,6.974793434143066,55.4364013671875,58.269859313964844,1.0,67.56916809082031,299.31365966796875,185.578369140625,1.0
77.0,2026-01-02 15:23:10.013528,False,0.0,7.085469722747803,-97.94087982177734,57.76137924194336,1.0,7.034168243408203,-87.97156524658203,58.32901382446289,1.0,57.69920349121094,0.0,-12.366384506225586,0.0
78.0,2026-01-02 15:23:12.695081,False,0.0,6.9805707931518555,-97.65011596679688,57.659881591796875,1.0,6.939947128295898,-88.2623291015625,58.23479080200195,1.0,57.598846435546875,0.0,-12.242437362670898,0.0
79.0,2026-01-02 15:23:15.232261,False,0.0,6.875983715057373,-97.37699890136719,57.55847930908203,1.0,6.845414638519287,-88.53544616699219,58.1402587890625,1.0,57.498512268066406,0.0,-12.125927925109863,0.0
80.0,2026-01-02 15:23:17.828468,False,0.0,6.771688938140869,-97.12041473388672,57.45716857910156,1.0,6.750589370727539,-88.79203033447266,58.045433044433594,1.0,57.398197174072266,0.0,-12.016409873962402,0.0
81.0,2026-01-02 15:23:20.357566,False,0.0,6.66766881942749,-96.87928009033203,57.35594940185547,1.0,6.655489444732666,-89.03316497802734,57.95033264160156,1.0,57.29790115356445,0.0,-11.913418769836426,0.0
82.0,2026-01-02 15:23:22.861148,False,0.0,6.563907146453857,-96.65259552001953,57.25481414794922,1.0,6.560131072998047,-89.25984191894531,57.85497283935547,1.0,57.1976318359375,0.0,-11.816547393798828,0.0
83.0,2026-01-02 15:23:25.406922,False,0.0,6.46038818359375,-96.43944549560547,57.15375900268555,1.0,6.464529991149902,-89.47299194335938,57.759368896484375,1.0,57.097389221191406,0.0,-11.725412368774414,0.0
84.0,2026-01-02 15:23:28.272431,False,0.0,6.357097625732422,-139.34713745117188,56.462615966796875,1.0,6.368700981140137,-129.4102020263672,57.66338348388672,1.0,56.35141372680664,0.0,-16.92159652709961,0.0
85.0,2026-01-02 15:23:30.340847,False,0.0,6.207850933074951,-139.13829040527344,56.31666946411133,1.0,6.23009729385376,-129.6190643310547,57.5247802734375,1.0,56.20654296875,0.0,-16.832246780395508,0.0
86.0,2026-01-02 15:23:32.683283,False,0.0,6.058828353881836,-138.93846130371094,56.170799255371094,1.0,6.0912699699401855,-129.8188934326172,57.38595199584961,1.0,56.061702728271484,0.0,-16.746736526489258,0.0
87.0,2026-01-02 15:23:35.145694,False,0.0,5.910019397735596,-138.74725341796875,56.02500534057617,1.0,5.952228546142578,-130.0100860595703,57.246910095214844,1.0,55.91688537597656,0.0,-16.664884567260742,0.0
88.0,2026-01-02 15:23:37.701417,False,0.0,5.761415481567383,30.326824188232422,57.127017974853516,1.0,5.812982559204102,26.098209381103516,57.10799789428711,1.0,67.078369140625,325.1822204589844,195.75906372070312,1.0
89.0,2026-01-02 15:23:40.023184,False,0.0,5.793896675109863,29.896095275878906,57.15765380859375,1.0,5.840934753417969,26.17337417602539,57.13595199584961,1.0,67.08511352539062,324.82666015625,195.5064239501953,1.0
90.0,2026-01-02 15:23:42.835048,False,0.0,5.825916767120361,29.497390747070312,57.18798828125,1.0,5.868967533111572,26.218303680419922,57.16398239135742,1.0,67.09182739257812,324.4728698730469,195.25624084472656,1.0
91.0,2026-01-02 15:23:45.567456,False,0.0,5.857509613037109,29.126163482666016,57.21802520751953,1.0,5.897048473358154,26.23759651184082,57.19206619262695,1.0,67.09850311279297,324.1209411621094,195.00840759277344,1.0
92.0,2026-01-02 15:23:48.160032,False,0.0,5.888704776763916,28.778736114501953,57.247779846191406,1.0,5.925149917602539,26.234983444213867,57.22016525268555,1.0,67.10514068603516,323.7709045410156,194.76284790039062,1.0
93.0,2026-01-02 15:23:50.960656,False,0.0,5.919528007507324,28.452068328857422,57.27726364135742,1.0,5.953248500823975,26.213502883911133,57.24826431274414,1.0,67.11174774169922,323.4227600097656,194.51943969726562,1.0
94.0,2026-01-02 15:23:53.544424,False,0.0,5.9500017166137695,28.14362907409668,57.30648422241211,1.0,5.981324195861816,26.175708770751953,57.27634048461914,1.0,67.11831665039062,323.0765380859375,194.27813720703125,1.0
95.0,2026-01-02 15:23:56.027843,False,0.0,5.980144500732422,27.851282119750977,57.33544921875,1.0,6.009359836578369,26.12373161315918,57.30437469482422,1.0,67.12484741210938,322.7322082519531,194.038818359375,1.0
96.0,2026-01-02 15:23:58.916838,False,0.0,6.009974479675293,26.177337646484375,57.35873794555664,1.0,6.037339210510254,24.880414962768555,57.33235549926758,1.0,67.12405395507812,322.7741394042969,193.7831268310547,1.0
97.0,2026-01-02 15:24:01.528219,False,0.0,6.03801155090332,25.929697036743164,57.38583755493164,1.0,6.0639872550964355,24.803665161132812,57.35900115966797,1.0,67.13021087646484,322.4497375488281,193.55908203125,1.0
98.0,2026-01-02 15:24:04.148934,False,0.0,6.0657830238342285,25.69272232055664,57.412715911865234,1.0,6.090552806854248,24.71808433532715,57.38556671142578,1.0,67.1363296508789,322.127197265625,193.33676147460938,1.0
99.0,2026-01-02 15:24:06.619281,False,0.0,6.093301296234131,25.465274810791016,57.439388275146484,1.0,6.1170268058776855,24.624797821044922,57.41204071044922,1.0,67.14241790771484,321.80645751953125,193.11607360839844,1.0
100.0,2026-01-02 15:24:08.713991,False,0.0,6.120575428009033,25.246355056762695,57.465850830078125,1.0,6.143401145935059,24.52479362487793,57.43841552734375,1.0,67.14846801757812,321.4875183105469,192.89697265625,1.0
101.0,2026-01-02 15:24:11.402349,False,0.0,6.147615432739258,25.03510093688965,57.49211502075195,1.0,6.169668197631836,24.418935775756836,57.464683532714844,1.0,67.15447998046875,321.17041015625,192.67941284179688,1.0
102.0,2026-01-02 15:24:13.871734,False,0.0,6.174428939819336,24.830747604370117,57.518184661865234,1.0,6.195821762084961,24.307964324951172,57.49083709716797,1.0,67.16046142578125,320.8551025390625,192.46336364746094,1.0
103.0,2026-01-02 15:24:16.610743,False,0.0,6.201023578643799,24.63262939453125,57.54405975341797,1.0,6.221856594085693,24.192548751831055,57.51687240600586,1.0,67.16641235351562,320.54156494140625,192.248779296875,1.0
104.0,2026-01-02 15:24:19.018392,False,0.0,6.2274065017700195,24.440139770507812,57.56974792480469,1.0,6.247767925262451,24.073270797729492,57.542781829833984,1.0,67.17232513427734,320.22979736328125,192.03561401367188,1.0
105.0,2026-01-02 15:24:21.786424,False,0.0,6.25358247756958,24.252769470214844,57.59525680541992,1.0,6.2735514640808105,23.950651168823242,57.568565368652344,1.0,67.17820739746094,319.9197998046875,191.82386779785156,1.0
106.0,2026-01-02 15:24:24.354823,False,0.0,6.279558181762695,24.070035934448242,57.620582580566406,1.0,6.299203395843506,23.825149536132812,57.59421920776367,1.0,67.1840591430664,319.611572265625,191.6134796142578,1.0
107.0,2026-01-02 15:24:26.772604,False,0.0,6.305338382720947,23.89153480529785,57.64573287963867,1.0,6.324721336364746,23.69715118408203,57.61973571777344,1.0,67.18987274169922,319.3050842285156,191.4044189453125,1.0
108.0,2026-01-02 15:24:29.463544,False,0.0,6.33092737197876,55.83110046386719,57.84455490112305,1.0,6.350101947784424,50.33800506591797,57.64515686035156,1.0,67.37240600585938,309.68450927734375,191.1885986328125,1.0
109.0,2026-01-02 15:24:31.980926,False,0.0,6.3907246589660645,55.29952621459961,57.9005126953125,1.0,6.404016017913818,50.200218200683594,57.69906997680664,1.0,67.38510131835938,309.01513671875,190.72047424316406,1.0
110.0,2026-01-02 15:24:34.650497,False,0.0,6.449952602386475,54.78135299682617,57.95602798461914,1.0,6.45778226852417,50.05217742919922,57.752838134765625,1.0,67.39774322509766,308.3489074707031,190.25546264648438,1.0
111.0,2026-01-02 15:24:37.382394,False,0.0,6.5086259841918945,54.27583312988281,58.0111083984375,1.0,6.511390209197998,49.89463806152344,57.80644607543945,1.0,67.41032409667969,307.68585205078125,189.7935333251953,1.0
112.0,2026-01-02 15:24:40.101186,False,0.0,6.5667572021484375,53.78227233886719,58.065757751464844,1.0,6.5648298263549805,49.72829055786133,57.85988235473633,1.0,67.42284393310547,307.0259704589844,189.33462524414062,1.0
113.0,2026-01-02 15:24:42.652155,False,0.0,6.62436056137085,53.30004119873047,58.11998748779297,1.0,6.618090629577637,49.553768157958984,57.913143157958984,1.0,67.435302734375,306.36920166015625,188.87867736816406,1.0
114.0,2026-01-02 15:24:45.361439,False,0.0,6.6814470291137695,52.82853317260742,58.173797607421875,1.0,6.6711649894714355,49.371673583984375,57.966217041015625,1.0,67.44770050048828,305.7156066894531,188.42567443847656,1.0
115.0,2026-01-02 15:24:47.919835,False,0.0,6.738028526306152,52.367210388183594,58.22719955444336,1.0,6.724043846130371,49.18254089355469,58.01909637451172,1.0,67.46004486083984,305.0651550292969,187.9755401611328,1.0
116.0,2026-01-02 15:24:50.625431,False,0.0,6.794116020202637,51.915550231933594,58.28019714355469,1.0,6.7767205238342285,48.98687744140625,58.071773529052734,1.0,67.47232818603516,304.4178161621094,187.5282440185547,1.0
117.0,2026-01-02 15:24:53.158211,False,0.0,6.849719524383545,51.473087310791016,58.33279800415039,1.0,6.829187393188477,48.78516387939453,58.12424087524414,1.0,67.48455047607422,303.7736511230469,187.083740234375,1.0
118.0,2026-01-02 15:24:55.766144,False,0.0,6.904849529266357,51.03936004638672,58.38500213623047,1.0,6.881438255310059,48.57783508300781,58.176490783691406,1.0,67.49671173095703,303.1325988769531,186.64199829101562,1.0
119.0,2026-01-02 15:24:58.092590,False,0.0,6.959514617919922,50.61396026611328,58.43681716918945,1.0,6.933467388153076,48.36531066894531,58.228519439697266,1.0,67.5088119506836,302.4946594238281,186.2029571533203,1.0
120.0,2026-01-02 15:25:00.773169,False,0.0,7.013724327087402,69.34923553466797,58.63538360595703,1.0,6.985268592834473,63.811561584472656,58.28035354614258,1.0,67.63459014892578,295.86541748046875,185.37008666992188,1.0
121.0,2026-01-02 15:25:03.467423,False,0.0,7.088000297546387,-85.54119110107422,57.901187896728516,1.0,7.053613185882568,-77.1635971069336,58.34849166870117,1.0,57.85322952270508,0.0,-10.748726844787598,0.0
122.0,2026-01-02 15:25:05.928231,False,0.0,6.996382236480713,-85.26795959472656,57.812416076660156,1.0,6.970967769622803,-77.43683624267578,58.265846252441406,1.0,57.76540756225586,0.0,-10.63218879699707,0.0
123.0,2026-01-02 15:25:08.495099,False,0.0,6.905056476593018,-85.01325988769531,57.72373962402344,1.0,6.8880295753479,-77.69152069091797,58.18290710449219,1.0,57.6776123046875,0.0,-10.523481369018555,0.0
124.0,2026-01-02 15:25:11.431015,False,0.0,6.814003944396973,-84.77577209472656,57.63514709472656,1.0,6.804819107055664,-77.92902374267578,58.099693298339844,1.0,57.58983612060547,0.0,-10.422046661376953,0.0
125.0,2026-01-02 15:25:14.156969,False,0.0,6.72320556640625,-84.55421447753906,57.54663848876953,1.0,6.721354007720947,-78.15058135986328,58.01622772216797,1.0,57.50208282470703,0.0,-10.327356338500977,0.0
126.0,2026-01-02 15:25:16.800375,False,0.0,6.6326446533203125,-84.34746551513672,57.45820999145508,1.0,6.637651443481445,-78.35733032226562,57.932525634765625,1.0,57.41435623168945,0.0,-10.238953590393066,0.0
127.0,2026-01-02 15:25:19.450757,False,0.0,6.542304992675781,-84.15446472167969,57.36985778808594,1.0,6.553727149963379,-78.5503158569336,57.848602294921875,1.0,57.32665252685547,0.0,-10.156380653381348,0.0
128.0,2026-01-02 15:25:22.150814,False,0.0,6.45217227935791,-83.97425842285156,57.281578063964844,1.0,6.469596862792969,-78.73052978515625,57.764469146728516,1.0,57.23897171020508,0.0,-10.079242706298828,0.0
129.0,2026-01-02 15:25:24.588884,False,0.0,6.362232208251953,-83.80593872070312,57.19336700439453,1.0,6.385272979736328,-78.89883422851562,57.680145263671875,1.0,57.15131759643555,0.0,-10.007157325744629,0.0
130.0,2026-01-02 15:25:27.350190,False,0.0,6.272472381591797,-83.64869689941406,57.10521697998047,1.0,6.300769329071045,-79.05607604980469,57.59564208984375,1.0,57.063690185546875,0.0,-9.93979263305664,0.0
131.0,2026-01-02 15:25:29.947365,False,0.0,6.1828813552856445,-83.50175476074219,57.017127990722656,1.0,6.216096878051758,-79.20301818847656,57.51097106933594,1.0,56.97608184814453,0.0,-9.876808166503906,0.0
132.0,2026-01-02 15:25:32.498298,False,0.0,6.093447685241699,-93.72343444824219,56.81782150268555,1.0,6.131267070770264,-88.72721099853516,57.426109313964844,1.0,56.766761779785156,0.0,-11.113089561462402,0.0
133.0,2026-01-02 15:25:35.082747,False,0.0,5.99306583404541,-93.57853698730469,56.71907424926758,1.0,6.036236763000488,-88.87210845947266,57.331077575683594,1.0,56.66853713989258,0.0,-11.050976753234863,0.0
134.0,2026-01-02 15:25:37.470646,False,0.0,5.892839431762695,68.93632507324219,57.51090621948242,1.0,5.941051006317139,60.12554168701172,57.23612594604492,1.0,67.33772277832031,311.5123596191406,194.3869171142578,1.0
135.0,2026-01-02 15:25:40.114025,False,0.0,5.966672897338867,68.26907348632812,57.57897186279297,1.0,6.005447864532471,59.992820739746094,57.3005256652832,1.0,67.35289764404297,310.7123718261719,193.8227081298828,1.0
136.0,2026-01-02 15:25:42.669238,False,0.0,6.039792060852051,67.61751556396484,57.646507263183594,1.0,6.069702625274658,59.8477897644043,57.36478042602539,1.0,67.36801147460938,309.9158020019531,193.2620391845703,1.0
137.0,2026-01-02 15:25:45.495287,False,0.0,6.112213134765625,66.98085021972656,57.7135124206543,1.0,6.1338019371032715,59.691261291503906,57.42887878417969,1.0,67.38306427001953,309.12261962890625,192.70489501953125,1.0
138.0,2026-01-02 15:25:48.162651,False,0.0,6.183952331542969,66.35834503173828,57.78000259399414,1.0,6.1977338790893555,59.52400207519531,57.4928092956543,1.0,67.3980484008789,308.33282470703125,192.1511993408203,1.0
139.0,2026-01-02 15:25:51.053173,False,0.0,6.2550249099731445,65.74930572509766,57.845977783203125,1.0,6.261486530303955,59.3466911315918,57.55656051635742,1.0,67.4129638671875,307.5464782714844,191.60093688964844,1.0
140.0,2026-01-02 15:25:54.068170,False,0.0,6.325445175170898,65.15308380126953,57.91144561767578,1.0,6.32504940032959,59.15998458862305,57.62012481689453,1.0,67.42781829833984,306.7635803222656,191.0540313720703,1.0
141.0,2026-01-02 15:25:56.806154,False,0.0,6.395226955413818,64.5691146850586,57.976417541503906,1.0,6.388411998748779,58.964473724365234,57.68348693847656,1.0,67.44261169433594,305.9841003417969,190.5104522705078,1.0
142.0,2026-01-02 15:25:59.605836,False,0.0,6.464383125305176,63.996822357177734,58.0408935546875,1.0,6.451565742492676,58.760719299316406,57.746639251708984,1.0,67.45733642578125,305.2080383300781,189.97018432617188,1.0
143.0,2026-01-02 15:26:02.251769,False,0.0,6.532926082611084,63.435699462890625,58.104881286621094,1.0,6.514500617980957,58.54924774169922,57.809574127197266,1.0,67.47199249267578,304.4354553222656,189.43313598632812,1.0
144.0,2026-01-02 15:26:04.563275,False,0.0,6.600868225097656,72.8025131225586,58.253292083740234,1.0,6.57720947265625,66.54061889648438,57.8723030090332,1.0,67.54753112792969,300.45416259765625,188.6236572265625,1.0
145.0,2026-01-02 15:26:07.019647,False,0.0,6.678843021392822,72.17342376708984,58.32556915283203,1.0,6.648477077484131,66.29338073730469,57.94356918334961,1.0,67.56415557861328,299.5778503417969,188.01406860351562,1.0
146.0,2026-01-02 15:26:13.421233,False,0.0,6.756143569946289,71.55489349365234,58.39730453491211,1.0,6.719480037689209,66.03924560546875,58.01457214355469,1.0,67.5807113647461,298.7051696777344,187.40785217285156,1.0
147.0,2026-01-02 15:26:19.514993,False,0.0,6.832781791687012,70.94654083251953,58.46851348876953,1.0,6.790210723876953,65.77859497070312,58.08530044555664,1.0,67.59719848632812,297.836181640625,186.80503845214844,1.0
148.0,2026-01-02 15:26:24.596524,False,0.0,6.908768653869629,70.3479995727539,58.5391960144043,1.0,6.860662460327148,65.5118179321289,58.1557502746582,1.0,67.61361694335938,296.9708557128906,186.20556640625,1.0
149.0,2026-01-02 15:26:31.781554,False,0.0,6.984114170074463,69.75889587402344,58.60935974121094,1.0,6.930828094482422,65.2392578125,58.22591781616211,1.0,67.62996673583984,296.10919189453125,185.6094207763672,1.0
150.0,2026-01-02 15:26:37.682932,False,0.0,7.058828830718994,69.17892456054688,58.67900466918945,1.0,7.000702381134033,64.96125793457031,58.29579162597656,1.0,67.646240234375,295.251220703125,185.01654052734375,1.0
151.0,2026-01-02 15:26:44.284387,False,0.0,7.132922172546387,68.60773468017578,58.74814224243164,1.0,7.070278167724609,64.67813110351562,58.3653678894043,1.0,67.6624526977539,294.39691162109375,184.42689514160156,1.0
152.0,2026-01-02 15:26:50.405340,False,0.0,7.206404209136963,68.0450439453125,58.81678009033203,1.0,7.139551162719727,64.39018249511719,58.43463897705078,1.0,67.6785888671875,293.5462646484375,183.84048461914062,1.0
153.0,2026-01-02 15:26:56.181566,False,0.0,7.279283046722412,67.49056243896484,58.88491439819336,1.0,7.208515644073486,64.09769439697266,58.50360107421875,1.0,67.69466400146484,292.6993103027344,183.2572479248047,1.0
154.0,2026-01-02 15:27:02.574479,False,0.0,7.351568222045898,66.94401550292969,58.95255661010742,1.0,7.277166843414307,63.80093765258789,58.5722541809082,1.0,67.71066284179688,291.8559875488281,182.67718505859375,1.0
155.0,2026-01-02 15:27:08.537572,False,0.0,7.423267841339111,66.40513610839844,59.019710540771484,1.0,7.345500469207764,63.500179290771484,58.640586853027344,1.0,67.72659301757812,291.016357421875,182.10023498535156,1.0
156.0,2026-01-02 15:27:14.722841,False,0.0,7.494390487670898,72.71722412109375,59.14603805541992,1.0,7.413511753082275,68.72867584228516,58.70861053466797,1.0,67.78449249267578,287.9645080566406,181.31739807128906,1.0
157.0,2026-01-02 15:27:21.460815,False,0.0,7.5722737312316895,72.12493133544922,59.21855926513672,1.0,7.487123012542725,68.411376953125,58.78221893310547,1.0,67.80175018310547,287.0549011230469,180.6909637451172,1.0
158.0,2026-01-02 15:27:27.866891,False,0.0,7.64952278137207,71.54058074951172,59.290557861328125,1.0,7.560394287109375,68.08992004394531,58.855491638183594,1.0,67.81893920898438,286.14910888671875,180.0677947998047,1.0
159.0,2026-01-02 15:27:33.770028,False,0.0,7.726145267486572,70.96393585205078,59.362030029296875,1.0,7.633321762084961,67.76458740234375,58.92841720581055,1.0,67.83605194091797,285.24713134765625,179.44789123535156,1.0
160.0,2026-01-02 15:27:40.602978,False,0.0,7.802150726318359,70.39476776123047,59.43299102783203,1.0,7.705900192260742,67.43557739257812,59.00099563598633,1.0,67.85308837890625,284.3489685058594,178.83120727539062,1.0
161.0,2026-01-02 15:27:46.780303,False,0.0,7.877546310424805,69.83283996582031,59.50343704223633,1.0,7.7781267166137695,67.1031265258789,59.073219299316406,1.0,67.87005615234375,283.45458984375,178.2177276611328,1.0
162.0,2026-01-02 15:27:52.791861,False,0.0,7.952340126037598,69.27796936035156,59.57337951660156,1.0,7.849996566772461,66.76744079589844,59.14508819580078,1.0,67.88695526123047,282.56402587890625,177.60743713378906,1.0
163.0,2026-01-02 15:27:58.806282,False,0.0,8.02653980255127,68.72993469238281,59.642818450927734,1.0,7.921507358551025,66.4287109375,59.21659851074219,1.0,67.90377807617188,281.6772766113281,177.0002899169922,1.0
164.0,2026-01-02 15:28:05.226053,False,0.0,8.100152015686035,68.18854522705078,59.711761474609375,1.0,7.992655277252197,66.08715057373047,59.28774642944336,1.0,67.9205322265625,280.7943115234375,176.3962860107422,1.0
165.0,2026-01-02 15:28:11.469361,False,0.0,8.173185348510742,67.65361022949219,59.780208587646484,1.0,8.063437461853027,65.74292755126953,59.35852813720703,1.0,67.93721008300781,279.9151611328125,175.79537963867188,1.0
166.0,2026-01-02 15:28:17.639511,False,0.0,8.245644569396973,67.12495422363281,59.848167419433594,1.0,8.133851051330566,65.3962173461914,59.42893981933594,1.0,67.95381927490234,279.039794921875,175.1975555419922,1.0
167.0,2026-01-02 15:28:23.487762,False,0.0,8.317538261413574,66.6024169921875,59.91564178466797,1.0,8.203892707824707,65.04720306396484,59.49898147583008,1.0,67.97035217285156,278.1682434082031,174.60279846191406,1.0
168.0,2026-01-02 15:28:29.812411,False,0.0,8.388872146606445,50.9759521484375,59.868595123291016,1.0,8.273561477661133,52.90989303588867,59.56862258911133,1.0,67.89874267578125,281.9429626464844,174.33665466308594,1.0
169.0,2026-01-02 15:28:35.761453,False,0.0,8.443470001220703,50.647178649902344,59.92099380493164,1.0,8.330229759216309,52.548988342285156,59.62528991699219,1.0,67.91182708740234,281.2532958984375,173.87538146972656,1.0
170.0,2026-01-02 15:28:41.902373,False,0.0,8.49771499633789,50.31963348388672,59.973060607910156,1.0,8.38651180267334,52.19017028808594,59.68157196044922,1.0,67.92484283447266,280.5669250488281,173.4163055419922,1.0
171.0,2026-01-02 15:28:48.029631,False,0.0,8.55160903930664,49.99338150024414,60.02479553222656,1.0,8.44240951538086,51.833335876464844,59.73746871948242,1.0,67.93780517578125,279.8838195800781,172.95933532714844,1.0
172.0,2026-01-02 15:28:54.101518,False,0.0,8.605154037475586,49.668426513671875,60.076202392578125,1.0,8.497925758361816,51.478458404541016,59.79298400878906,1.0,67.9507064819336,279.2040100097656,172.50450134277344,1.0
173.0,2026-01-02 15:29:00.038315,False,0.0,8.658350944519043,49.34477615356445,60.127281188964844,1.0,8.553060531616211,51.12554931640625,59.84811782836914,1.0,67.96353912353516,278.5274353027344,172.05178833007812,1.0
174.0,2026-01-02 15:29:06.238670,False,0.0,8.711201667785645,49.022438049316406,60.17803192138672,1.0,8.607818603515625,50.77457809448242,59.90287399291992,1.0,67.976318359375,277.8541259765625,171.6011962890625,1.0
175.0,2026-01-02 15:29:12.408966,False,0.0,8.763707160949707,48.701419830322266,60.228458404541016,1.0,8.662199974060059,50.425537109375,59.95725631713867,1.0,67.98902893066406,277.18408203125,171.15274047851562,1.0
176.0,2026-01-02 15:29:18.665639,False,0.0,8.815868377685547,48.38172912597656,60.278560638427734,1.0,8.716207504272461,50.07841873168945,60.011260986328125,1.0,68.00167846679688,276.51727294921875,170.70640563964844,1.0
177.0,2026-01-02 15:29:24.724513,False,0.0,8.867687225341797,48.06338119506836,60.32834243774414,1.0,8.769844055175781,49.73321533203125,60.06489944458008,1.0,68.01426696777344,275.85369873046875,170.26219177246094,1.0
178.0,2026-01-02 15:29:31.018679,False,0.0,8.919164657592773,47.74637222290039,60.377803802490234,1.0,8.823110580444336,49.3899040222168,60.1181640625,1.0,68.02679443359375,275.1933898925781,169.82009887695312,1.0
179.0,2026-01-02 15:29:36.956786,False,0.0,8.97030258178711,47.43070983886719,60.426944732666016,1.0,8.876008987426758,49.048484802246094,60.17106246948242,1.0,68.03926086425781,274.53631591796875,169.38011169433594,1.0
180.0,2026-01-02 15:29:43.499514,False,0.0,9.021102905273438,58.59778594970703,60.555213928222656,1.0,8.928542137145996,57.65559005737305,60.22361373901367,1.0,68.1169662475586,270.4408874511719,168.75592041015625,1.0
181.0,2026-01-02 15:29:49.755634,False,0.0,9.083864212036133,58.1385383605957,60.61451721191406,1.0,8.990293502807617,57.32851791381836,60.285362243652344,1.0,68.13188171386719,269.6545715332031,168.2208709716797,1.0
182.0,2026-01-02 15:29:55.495221,False,0.0,9.146132469177246,57.684593200683594,60.67338943481445,1.0,9.051694869995117,56.99985885620117,60.346763610839844,1.0,68.14673614501953,268.8719482421875,167.68869018554688,1.0
183.0,2026-01-02 15:30:02.058338,False,0.0,9.207915306091309,57.23582077026367,60.73183822631836,1.0,9.112743377685547,56.66969680786133,60.407814025878906,1.0,68.16151428222656,268.093017578125,167.15936279296875,1.0
184.0,2026-01-02 15:30:07.825843,False,0.0,9.269217491149902,56.79208755493164,60.78986358642578,1.0,9.173439025878906,56.33818435668945,60.468505859375,1.0,68.17622375488281,267.3177795410156,166.6328887939453,1.0
185.0,2026-01-02 15:30:14.346029,False,0.0,9.33004379272461,56.353233337402344,60.84747314453125,1.0,9.233779907226562,56.00545120239258,60.528846740722656,1.0,68.19085693359375,266.5461730957031,166.1092071533203,1.0
186.0,2026-01-02 15:30:19.671528,False,0.0,9.390399932861328,55.91913604736328,60.904666900634766,1.0,9.293764114379883,55.671627044677734,60.588829040527344,1.0,68.20542907714844,265.77825927734375,165.5883331298828,1.0
187.0,2026-01-02 15:30:26.745815,False,0.0,9.450291633605957,55.48966598510742,60.961448669433594,1.0,9.35339069366455,55.33683776855469,60.64845657348633,1.0,68.21993255615234,265.0140075683594,165.0702362060547,1.0
188.0,2026-01-02 15:30:32.916966,False,0.0,9.509723663330078,55.06468963623047,61.017826080322266,1.0,9.41265869140625,55.00121307373047,60.70772171020508,1.0,68.23435974121094,264.25341796875,164.5548858642578,1.0
189.0,2026-01-02 15:30:39.034113,False,0.0,9.568700790405273,54.64409637451172,61.073795318603516,1.0,9.471567153930664,54.66485595703125,60.766632080078125,1.0,68.24871826171875,263.4964599609375,164.0422821044922,1.0
190.0,2026-01-02 15:30:45.280186,False,0.0,9.627226829528809,54.227760314941406,61.12936782836914,1.0,9.530115127563477,54.327880859375,60.82518005371094,1.0,68.26301574707031,262.7431640625,163.5323944091797,1.0
191.0,2026-01-02 15:30:50.971595,False,0.0,9.685306549072266,53.815582275390625,61.184539794921875,1.0,9.588302612304688,53.99039077758789,60.883365631103516,1.0,68.27723693847656,261.9934997558594,163.0252227783203,1.0
192.0,2026-01-02 15:30:57.565098,False,0.0,9.742945671081543,52.01057815551758,61.22967529296875,1.0,9.64612865447998,52.56486892700195,60.94118881225586,1.0,68.28345489501953,261.6657409667969,162.54393005371094,1.0
193.0,2026-01-02 15:31:03.075773,False,0.0,9.798650741577148,51.624412536621094,61.282752990722656,1.0,9.702427864074707,52.22549819946289,60.99748611450195,1.0,68.2972183227539,260.9402160644531,162.05445861816406,1.0
194.0,2026-01-02 15:31:09.895754,False,0.0,9.85394287109375,51.24161911010742,61.33545684814453,1.0,9.758363723754883,51.88633728027344,61.05342102050781,1.0,68.31092071533203,260.21826171875,161.56756591796875,1.0
195.0,2026-01-02 15:31:15.982481,False,0.0,9.908824920654297,50.86210632324219,61.387786865234375,1.0,9.813936233520508,51.54744338989258,61.10899353027344,1.0,68.32454681396484,259.4998474121094,161.08322143554688,1.0
196.0,2026-01-02 15:31:22.013825,False,0.0,9.963299751281738,50.48581314086914,61.43975067138672,1.0,9.869145393371582,51.208892822265625,61.16420364379883,1.0,68.3381118774414,258.7850036621094,160.60142517089844,1.0
197.0,2026-01-02 15:31:28.652578,False,0.0,10.017372131347656,50.11266326904297,61.49134826660156,1.0,9.923992156982422,50.87074279785156,61.21904754638672,1.0,68.35160827636719,258.07373046875,160.12213134765625,1.0
198.0,2026-01-02 15:31:34.487482,False,0.0,10.071044921875,0.0,63.269386291503906,0.0,9.978476524353027,83.46898651123047,61.273616790771484,1.0,68.68390655517578,240.559326171875,141.061279296875,1.0
199.0,2026-01-02 15:31:40.722021,False,0.0,10.071044921875,0.0,63.32111358642578,0.0,10.067875862121582,82.57713317871094,61.363014221191406,1.0,68.7008285522461,239.66746520996094,140.57034301757812,1.0
200.0,2026-01-02 15:31:47.117657,False,0.0,10.071044921875,0.0,67.81513977050781,0.0,10.156319618225098,0.0,67.8231430053711,0.0,70.26754760742188,157.0904541015625,91.9066390991211,1.0
201.0,2026-01-02 15:31:52.959905,False,0.0,10.071044921875,0.0,6.320695355999106e-11,0.0,10.156318664550781,0.0,5.235056277363981e-10,0.0,-8.669824302920404e-10,0.0,-0.008266746997833252,0.0
202.0,2026-01-02 15:31:59.245246,False,0.0,10.071044921875,-78.96944427490234,60.95053482055664,1.0,10.156318664550781,-78.12105560302734,61.451194763183594,1.0,60.917171478271484,0.0,-8.826698303222656,0.0
203.0,2026-01-02 15:32:05.699960,False,0.0,9.986465454101562,-78.94197845458984,60.8662223815918,1.0,10.072648048400879,-78.14852905273438,61.367523193359375,1.0,60.832942962646484,0.0,-8.814868927001953,0.0
204.0,2026-01-02 15:32:12.161370,False,0.0,9.901915550231934,-99.47454071044922,60.55975341796875,1.0,9.988947868347168,-96.3427963256836,61.28376388549805,1.0,60.50577163696289,0.0,-11.448673248291016,0.0
205.0,2026-01-02 15:32:18.223849,False,0.0,9.795373916625977,-99.38980102539062,60.45421600341797,1.0,9.885760307312012,-96.42752075195312,61.18057632446289,1.0,60.400550842285156,0.0,-11.412262916564941,0.0
206.0,2026-01-02 15:32:24.443605,False,0.0,9.688922882080078,-99.30970764160156,60.348716735839844,1.0,9.782483100891113,-96.50761413574219,61.07729721069336,1.0,60.295345306396484,0.0,-11.377842903137207,0.0
207.0,2026-01-02 15:32:30.449482,False,0.0,9.582558631896973,-99.23399353027344,60.243247985839844,1.0,9.679119110107422,-96.58332824707031,60.973934173583984,1.0,60.19015884399414,0.0,-11.345296859741211,0.0
208.0,2026-01-02 15:32:37.187936,False,0.0,9.476274490356445,-99.16241455078125,60.13780975341797,1.0,9.575674057006836,-96.6549072265625,60.87049102783203,1.0,60.08498764038086,0.0,-11.31452465057373,0.0
209.0,2026-01-02 15:32:43.052697,False,0.0,9.370067596435547,-99.09474182128906,60.03240203857422,1.0,9.472152709960938,-96.72257995605469,60.7669677734375,1.0,59.97983169555664,0.0,-11.28542423248291,0.0
210.0,2026-01-02 15:32:48.959352,False,0.0,9.263933181762695,-99.03075408935547,59.927024841308594,1.0,9.368558883666992,-96.78656005859375,60.66337585449219,1.0,59.87468719482422,0.0,-11.257911682128906,0.0
211.0,2026-01-02 15:32:54.998957,False,0.0,9.157867431640625,-98.97024536132812,59.82167434692383,1.0,9.264896392822266,-96.84706115722656,60.55971145629883,1.0,59.76955795288086,0.0,-11.231887817382812,0.0
212.0,2026-01-02 15:33:01.233616,False,0.0,9.05186653137207,-98.91304016113281,59.716346740722656,1.0,9.16117000579834,-96.90428161621094,60.45598602294922,1.0,59.66444396972656,0.0,-11.207275390625,0.0
213.0,2026-01-02 15:33:07.754735,False,0.0,8.94592571258545,-98.85893249511719,59.611045837402344,1.0,9.057380676269531,-96.95838165283203,60.352195739746094,1.0,59.5593376159668,0.0,-11.184000968933105,0.0
214.0,2026-01-02 15:33:13.500774,False,0.0,8.840044021606445,-98.8077621459961,59.505767822265625,1.0,8.953535079956055,-97.0095443725586,60.248348236083984,1.0,59.454246520996094,0.0,-11.16199016571045,0.0
215.0,2026-01-02 15:33:19.765755,False,0.0,8.734216690063477,-98.75936889648438,59.4005126953125,1.0,8.84963321685791,-97.05793762207031,60.144447326660156,1.0,59.34916687011719,0.0,-11.141164779663086,0.0
216.0,2026-01-02 15:33:26.054095,False,0.0,8.62844181060791,-87.21101379394531,59.424068450927734,1.0,8.745680809020996,-87.03881072998047,60.04052734375,1.0,59.384891510009766,0.0,-9.625190734863281,0.0
217.0,2026-01-02 15:33:32.333048,False,0.0,8.535035133361816,-87.2059326171875,59.33071517944336,1.0,8.652458190917969,-87.04388427734375,59.94730758666992,1.0,59.29155349731445,0.0,-9.623003959655762,0.0
218.0,2026-01-02 15:33:38.386380,False,0.0,8.441634178161621,-87.2011489868164,59.23736572265625,1.0,8.55923080444336,-87.04866790771484,59.85408020019531,1.0,59.198219299316406,0.0,-9.62093734741211,0.0
219.0,2026-01-02 15:33:44.654796,False,0.0,8.348237991333008,-87.19664764404297,59.14401626586914,1.0,8.465997695922852,-87.05317687988281,59.76084518432617,1.0,59.10488510131836,0.0,-9.618999481201172,0.0
220.0,2026-01-02 15:33:51.029219,False,0.0,8.254846572875977,-87.19239807128906,59.0506706237793,1.0,8.372760772705078,-87.05741119384766,59.66761016845703,1.0,59.01155471801758,0.0,-9.617168426513672,0.0
221.0,2026-01-02 15:33:57.370931,False,0.0,8.161459922790527,-87.18841552734375,58.95732498168945,1.0,8.279518127441406,-87.0614013671875,59.57436752319336,1.0,58.9182243347168,0.0,-9.615447044372559,0.0
222.0,2026-01-02 15:34:03.586398,False,0.0,8.06807804107666,-87.18466186523438,58.863983154296875,1.0,8.186271667480469,-87.06513977050781,59.48112106323242,1.0,58.82489013671875,0.0,-9.6138277053833,0.0
223.0,2026-01-02 15:34:09.146952,False,0.0,7.9746994972229,-87.1811294555664,58.7706413269043,1.0,8.093021392822266,-87.06867218017578,59.38787078857422,1.0,58.731563568115234,0.0,-9.612309455871582,0.0
224.0,2026-01-02 15:34:15.810724,False,0.0,7.881324768066406,-87.17781066894531,58.677303314208984,1.0,7.999767303466797,-87.07199096679688,59.29461669921875,1.0,58.63823318481445,0.0,-9.610880851745605,0.0
225.0,2026-01-02 15:34:21.662267,False,0.0,7.787953853607178,-87.1746826171875,58.58396530151367,1.0,7.906509876251221,-87.07511138916016,59.201358795166016,1.0,58.54490661621094,0.0,-9.609528541564941,0.0
226.0,2026-01-02 15:34:27.916139,False,0.0,7.694585800170898,-87.17173767089844,58.49062728881836,1.0,7.813248634338379,-87.07805633544922,59.108097076416016,1.0,58.45158004760742,0.0,-9.608262062072754,0.0
227.0,2026-01-02 15:34:34.303057,False,0.0,7.601221561431885,-87.16897583007812,58.39729309082031,1.0,7.719984531402588,-87.08081817626953,59.01483154296875,1.0,58.358253479003906,0.0,-9.607073783874512,0.0
228.0,2026-01-02 15:34:40.328002,False,0.0,7.50786018371582,-89.32301330566406,58.28085708618164,1.0,7.626717567443848,-88.95980072021484,58.92155838012695,1.0,58.23967742919922,0.0,-9.888243675231934,0.0
229.0,2026-01-02 15:34:46.707841,False,0.0,7.412191390991211,-89.31248474121094,58.185302734375,1.0,7.531437873840332,-88.97032928466797,58.82627868652344,1.0,58.14415740966797,0.0,-9.883703231811523,0.0
230.0,2026-01-02 15:34:52.476670,False,0.0,7.316534042358398,-89.30256652832031,58.089752197265625,1.0,7.436147212982178,-88.9802474975586,58.730987548828125,1.0,58.048641204833984,0.0,-9.879432678222656,0.0
231.0,2026-01-02 15:34:58.712339,False,0.0,7.220887184143066,-89.29322052001953,57.99420928955078,1.0,7.340845584869385,-88.98958587646484,58.63568878173828,1.0,57.953125,0.0,-9.875405311584473,0.0
232.0,2026-01-02 15:35:04.916690,False,0.0,7.125250339508057,-89.284423828125,57.89866638183594,1.0,7.2455339431762695,-88.9983901977539,58.540374755859375,1.0,57.85761260986328,0.0,-9.871615409851074,0.0
233.0,2026-01-02 15:35:11.090565,False,0.0,7.029623031616211,-89.27613067626953,57.80312728881836,1.0,7.150213241577148,-89.00667572021484,58.44505310058594,1.0,57.76210403442383,0.0,-9.868040084838867,0.0
234.0,2026-01-02 15:35:17.223439,False,0.0,6.934004783630371,-89.26832580566406,57.70759582519531,1.0,7.054883003234863,-89.01448059082031,58.34972381591797,1.0,57.666595458984375,0.0,-9.864673614501953,0.0
235.0,2026-01-02 15:35:22.947816,False,0.0,6.838394641876221,-89.2609634399414,57.612064361572266,1.0,6.959545135498047,-89.02183532714844,58.25438690185547,1.0,57.57109069824219,0.0,-9.861504554748535,0.0
236.0,2026-01-02 15:35:29.256542,False,0.0,6.74279260635376,-89.25403594970703,57.516536712646484,1.0,6.864199161529541,-89.02876281738281,58.15904235839844,1.0,57.4755859375,0.0,-9.858519554138184,0.0
237.0,2026-01-02 15:35:35.005996,False,0.0,6.647197723388672,-89.24750518798828,57.42101287841797,1.0,6.768845558166504,-89.03528594970703,58.06368637084961,1.0,57.38008117675781,0.0,-9.855703353881836,0.0
238.0,2026-01-02 15:35:41.547797,False,0.0,6.551609992980957,-89.24136352539062,57.32549285888672,1.0,6.673485279083252,-89.04143524169922,57.968326568603516,1.0,57.28458023071289,0.0,-9.853053092956543,0.0
239.0,2026-01-02 15:35:47.633083,False,0.0,6.456028938293457,-89.23556518554688,57.22997283935547,1.0,6.578117847442627,-89.04723358154297,57.87295913696289,1.0,57.189083099365234,0.0,-9.850558280944824,0.0
240.0,2026-01-02 15:35:53.682892,False,0.0,6.360454082489014,-71.53035736083984,57.309513092041016,1.0,6.4827446937561035,-73.84590911865234,57.77763366699219,1.0,57.28480911254883,0.0,-7.499490261077881,0.0
241.0,2026-01-02 15:36:00.102910,False,0.0,6.283842086791992,-71.609130859375,57.23219299316406,1.0,6.403652667999268,-73.76712799072266,57.69853973388672,1.0,57.2072868347168,0.0,-7.533556938171387,0.0
242.0,2026-01-02 15:36:05.904675,False,0.0,6.207145690917969,-71.68260955810547,57.15483856201172,1.0,6.324645042419434,-73.69364929199219,57.61953353881836,1.0,57.129737854003906,0.0,-7.565317153930664,0.0
243.0,2026-01-02 15:36:12.280783,False,0.0,6.130370616912842,-71.7511215209961,57.077449798583984,1.0,6.245716094970703,-73.6251449584961,57.54060363769531,1.0,57.05216598510742,0.0,-7.594930648803711,0.0
244.0,2026-01-02 15:36:18.529099,False,0.0,6.053522109985352,-71.81502532958984,57.00002670288086,1.0,6.166860580444336,-73.56123352050781,57.46175003051758,1.0,56.97457504272461,0.0,-7.622547626495361,0.0
245.0,2026-01-02 15:36:24.958058,False,0.0,5.976605415344238,86.48827362060547,57.763343811035156,1.0,6.08807373046875,72.6388931274414,57.383182525634766,1.0,67.470703125,304.5032653808594,193.0794677734375,1.0
246.0,2026-01-02 15:36:30.395838,False,0.0,6.06923770904541,85.64141845703125,57.84709548950195,1.0,6.165872573852539,72.50399017333984,57.46097946166992,1.0,67.48933410644531,303.5215148925781,192.3807373046875,1.0
247.0,2026-01-02 15:36:36.947047,False,0.0,6.160963535308838,84.81246185302734,57.930198669433594,1.0,6.243527412414551,72.35477447509766,57.53863525390625,1.0,67.50788879394531,302.5433349609375,191.68600463867188,1.0
248.0,2026-01-02 15:36:42.883681,False,0.0,6.251801013946533,84.00059509277344,58.012664794921875,1.0,6.3210225105285645,72.19208526611328,57.61613082885742,1.0,67.52638244628906,301.56878662109375,190.9952392578125,1.0
249.0,2026-01-02 15:36:48.995659,False,0.0,6.341769218444824,83.20506286621094,58.0944938659668,1.0,6.398343086242676,72.0167236328125,57.693450927734375,1.0,67.5447998046875,300.597900390625,190.3083953857422,1.0
250.0,2026-01-02 15:36:54.684436,False,0.0,6.430885314941406,82.42514038085938,58.175697326660156,1.0,6.475476264953613,71.82942199707031,57.77058410644531,1.0,67.56315612792969,299.63067626953125,189.62545776367188,1.0
251.0,2026-01-02 15:37:01.049780,False,0.0,6.519165992736816,81.66018676757812,58.25627517700195,1.0,6.552408218383789,71.63084411621094,57.84751510620117,1.0,67.58143615722656,298.6671447753906,188.9463653564453,1.0
252.0,2026-01-02 15:37:07.365058,False,0.0,6.606627464294434,91.20018005371094,58.44412612915039,1.0,6.6291279792785645,80.23189544677734,57.924259185791016,1.0,67.6677474975586,294.11785888671875,187.82020568847656,1.0
253.0,2026-01-02 15:37:13.330032,False,0.0,6.704306602478027,90.38960266113281,58.53290939331055,1.0,6.715059757232666,79.97128295898438,58.010189056396484,1.0,67.68807220458984,293.0466613769531,187.06759643554688,1.0
254.0,2026-01-02 15:37:19.607657,False,0.0,6.801117420196533,89.59174346923828,58.62103271484375,1.0,6.8007121086120605,79.7018051147461,58.09584045410156,1.0,67.70832061767578,291.97930908203125,186.31884765625,1.0
255.0,2026-01-02 15:37:25.352838,False,0.0,6.897073745727539,88.80621337890625,58.70849609375,1.0,6.886075973510742,79.42389678955078,58.18120574951172,1.0,67.72850036621094,290.9158935546875,185.57395935058594,1.0
256.0,2026-01-02 15:37:31.773865,False,0.0,6.992188930511475,88.03260040283203,58.795310974121094,1.0,6.971142292022705,79.13797760009766,58.26626968383789,1.0,67.74859619140625,289.8563537597656,184.83285522460938,1.0
257.0,2026-01-02 15:37:37.561294,False,0.0,7.086475372314453,87.27050018310547,58.8814811706543,1.0,7.055902481079102,78.84443664550781,58.35102844238281,1.0,67.76863098144531,288.80072021484375,184.09555053710938,1.0
258.0,2026-01-02 15:37:43.845108,False,0.0,7.179945945739746,86.51956176757812,58.967010498046875,1.0,7.140347957611084,78.54367065429688,58.43547439575195,1.0,67.78858184814453,287.7489929199219,183.36199951171875,1.0
259.0,2026-01-02 15:37:49.903981,False,0.0,7.272611618041992,85.77943420410156,59.051910400390625,1.0,7.224471569061279,78.23603057861328,58.519596099853516,1.0,67.80846405029297,286.70123291015625,182.6321563720703,1.0
260.0,2026-01-02 15:37:55.905569,False,0.0,7.364485263824463,85.04977416992188,59.13618087768555,1.0,7.308265686035156,77.9218521118164,58.603389739990234,1.0,67.82826232910156,285.65740966796875,181.90603637695312,1.0
261.0,2026-01-02 15:38:02.317605,False,0.0,7.4555768966674805,84.33027648925781,59.21983337402344,1.0,7.391723155975342,77.60147857666016,58.68684768676758,1.0,67.84799194335938,284.6175231933594,181.18356323242188,1.0
262.0,2026-01-02 15:38:08.094296,False,0.0,7.545897960662842,83.62062072753906,59.3028678894043,1.0,7.474837303161621,77.27521514892578,58.76995849609375,1.0,67.86764526367188,283.58160400390625,180.46475219726562,1.0
263.0,2026-01-02 15:38:13.964296,False,0.0,7.6354594230651855,82.9205322265625,59.385292053222656,1.0,7.557602405548096,76.943359375,58.85272216796875,1.0,67.8872299194336,282.5496520996094,179.7495574951172,1.0
264.0,2026-01-02 15:38:20.362671,False,0.0,7.724270820617676,68.57085418701172,59.33917236328125,1.0,7.640011787414551,65.47527313232422,58.93510055541992,1.0,67.82064819335938,286.0589599609375,179.5358428955078,1.0
265.0,2026-01-02 15:38:26.654038,False,0.0,7.797712802886963,68.01824951171875,59.40785598754883,1.0,7.710138320922852,65.15886688232422,59.005226135253906,1.0,67.8371353149414,285.18994140625,178.9390869140625,1.0
266.0,2026-01-02 15:38:32.595054,False,0.0,7.87056303024292,67.47295379638672,59.476043701171875,1.0,7.779926300048828,64.83892059326172,59.075016021728516,1.0,67.85355377197266,284.32470703125,178.3455352783203,1.0
267.0,2026-01-02 15:38:38.451504,False,0.0,7.942829608917236,66.93473815917969,59.543739318847656,1.0,7.849371433258057,64.51565551757812,59.14445877075195,1.0,67.8698959350586,283.4632263183594,177.755126953125,1.0
268.0,2026-01-02 15:38:44.562636,False,0.0,8.014519691467285,66.40338897705078,59.61094665527344,1.0,7.91847038269043,64.18926239013672,59.213558197021484,1.0,67.88616943359375,282.6054992675781,177.16781616210938,1.0
269.0,2026-01-02 15:38:50.629663,False,0.0,8.085639953613281,65.87869262695312,59.67767333984375,1.0,7.98721981048584,63.8599739074707,59.28230667114258,1.0,67.90237426757812,281.7514953613281,176.58358764648438,1.0
270.0,2026-01-02 15:38:57.275570,False,0.0,8.156198501586914,65.36046600341797,59.743919372558594,1.0,8.05561637878418,63.52796173095703,59.35070037841797,1.0,67.91850280761719,280.9012756347656,176.00242614746094,1.0
271.0,2026-01-02 15:39:03.364272,False,0.0,8.226202964782715,64.84851837158203,59.809688568115234,1.0,8.1236572265625,63.193416595458984,59.41874313354492,1.0,67.93456268310547,280.0547790527344,175.42430114746094,1.0
272.0,2026-01-02 15:39:09.870956,False,0.0,8.295658111572266,64.34266662597656,59.87499237060547,1.0,8.191340446472168,62.85651397705078,59.48642349243164,1.0,67.95055389404297,279.2120361328125,174.84918212890625,1.0
273.0,2026-01-02 15:39:15.691836,False,0.0,8.364571571350098,63.842735290527344,59.93982696533203,1.0,8.258662223815918,62.517417907714844,59.55374526977539,1.0,67.96646881103516,278.3730163574219,174.27706909179688,1.0
274.0,2026-01-02 15:39:21.841131,False,0.0,8.432950019836426,63.34856414794922,60.00419998168945,1.0,8.325620651245117,62.176300048828125,59.62070083618164,1.0,67.98231506347656,277.5377197265625,173.7079315185547,1.0
275.0,2026-01-02 15:39:27.972727,False,0.0,8.500799179077148,62.86000061035156,60.068119049072266,1.0,8.392213821411133,61.833316802978516,59.687294006347656,1.0,67.99809265136719,276.7061767578125,173.1417236328125,1.0
276.0,2026-01-02 15:39:34.165550,False,0.0,8.568124771118164,61.7401123046875,60.12652587890625,1.0,8.458440780639648,60.98601531982422,59.753517150878906,1.0,68.01002502441406,276.0776062011719,172.59439086914062,1.0
277.0,2026-01-02 15:39:40.348240,False,0.0,8.63425064086914,61.269535064697266,60.18894577026367,1.0,8.523758888244629,60.63986587524414,59.8188362121582,1.0,68.02552032470703,275.2608947753906,172.03939819335938,1.0
278.0,2026-01-02 15:39:46.668102,False,0.0,8.699872970581055,60.803977966308594,60.25092697143555,1.0,8.588706970214844,60.29241180419922,59.883785247802734,1.0,68.04093933105469,274.4478759765625,171.4872589111328,1.0
279.0,2026-01-02 15:39:52.930363,False,0.0,8.764996528625488,60.343299865722656,60.312469482421875,1.0,8.653282165527344,59.94376754760742,59.94835662841797,1.0,68.0562973022461,273.6385498046875,170.93797302246094,1.0
280.0,2026-01-02 15:39:58.901969,False,0.0,8.82962703704834,59.887367248535156,60.37357711791992,1.0,8.717484474182129,59.59407424926758,60.0125617980957,1.0,68.07157897949219,272.8329162597656,170.39149475097656,1.0
281.0,2026-01-02 15:40:05.092725,False,0.0,8.893768310546875,59.43606948852539,60.43425750732422,1.0,8.781311988830566,59.243431091308594,60.076385498046875,1.0,68.08679962158203,272.0309753417969,169.8478240966797,1.0
282.0,2026-01-02 15:40:11.037143,False,0.0,8.957427024841309,58.98929214477539,60.4945068359375,1.0,8.844764709472656,58.89196014404297,60.13983917236328,1.0,68.10194396972656,271.23272705078125,169.30694580078125,1.0
283.0,2026-01-02 15:40:16.938967,False,0.0,9.020606994628906,58.54691696166992,60.55433654785156,1.0,8.90783977508545,58.53976058959961,60.202911376953125,1.0,68.11701965332031,270.4381408691406,168.76881408691406,1.0
284.0,2026-01-02 15:40:23.314369,False,0.0,9.08331298828125,58.10883712768555,60.61374282836914,1.0,8.970539093017578,58.18694305419922,60.26560974121094,1.0,68.13202667236328,269.6472473144531,168.23345947265625,1.0
285.0,2026-01-02 15:40:28.990366,False,0.0,9.145549774169922,57.674949645996094,60.67273712158203,1.0,9.032858848571777,57.83360290527344,60.32793045043945,1.0,68.14695739746094,268.86004638671875,167.70083618164062,1.0
286.0,2026-01-02 15:40:35.514782,False,0.0,9.207322120666504,57.245155334472656,60.73131561279297,1.0,9.09480094909668,57.479835510253906,60.38987350463867,1.0,68.16182708740234,268.07647705078125,167.1709442138672,1.0
287.0,2026-01-02 15:40:41.736377,False,0.0,9.268633842468262,56.81935501098633,60.78948211669922,1.0,9.156364440917969,57.1257438659668,60.45143508911133,1.0,68.17662048339844,267.29656982421875,166.64373779296875,1.0
288.0,2026-01-02 15:40:47.842583,False,0.0,9.329489707946777,62.052677154541016,60.89036560058594,1.0,9.217548370361328,61.20854568481445,60.51262664794922,1.0,68.22449493408203,264.77349853515625,165.98936462402344,1.0
289.0,2026-01-02 15:40:54.038608,False,0.0,9.395951271057129,61.566978454589844,60.95298767089844,1.0,9.283105850219727,60.85446548461914,60.578182220458984,1.0,68.24042510986328,263.9337463378906,165.4185028076172,1.0
290.0,2026-01-02 15:40:59.960710,False,0.0,9.461892127990723,61.08652114868164,61.01515197753906,1.0,9.348282814025879,60.498985290527344,60.64336013793945,1.0,68.25628662109375,263.0978088378906,164.8505859375,1.0
291.0,2026-01-02 15:41:05.998097,False,0.0,9.527318000793457,60.61117172241211,61.07686996459961,1.0,9.413080215454102,60.14223861694336,60.70815658569336,1.0,68.2720718383789,262.26568603515625,164.28564453125,1.0
292.0,2026-01-02 15:41:12.346651,False,0.0,9.59223461151123,60.14079284667969,61.13814163208008,1.0,9.477495193481445,59.78432846069336,60.7725715637207,1.0,68.28778839111328,261.4374084472656,163.72364807128906,1.0
293.0,2026-01-02 15:41:18.546373,False,0.0,9.656648635864258,59.67525863647461,61.19896697998047,1.0,9.541526794433594,59.4254035949707,60.83660125732422,1.0,68.30342864990234,260.61297607421875,163.16458129882812,1.0
294.0,2026-01-02 15:41:24.491887,False,0.0,9.720562934875488,59.21445083618164,61.25935745239258,1.0,9.605173110961914,59.06556701660156,60.90024948120117,1.0,68.31900024414062,259.7923278808594,162.6083984375,1.0
295.0,2026-01-02 15:41:30.442073,False,0.0,9.783984184265137,58.75825500488281,61.319313049316406,1.0,9.668435096740723,58.70494842529297,60.96350860595703,1.0,68.3344955444336,258.9754943847656,162.0550994873047,1.0
296.0,2026-01-02 15:41:36.912345,False,0.0,9.846916198730469,58.30655288696289,61.37883377075195,1.0,9.731310844421387,58.34363555908203,61.02638244628906,1.0,68.34992218017578,258.1625061035156,161.50469970703125,1.0
297.0,2026-01-02 15:41:43.281173,False,0.0,9.9093656539917,57.85923767089844,61.43792724609375,1.0,9.79379940032959,57.98175048828125,61.088871002197266,1.0,68.36527252197266,257.3533020019531,160.9571075439453,1.0
298.0,2026-01-02 15:41:49.141585,False,0.0,9.971334457397461,57.416202545166016,61.49659729003906,1.0,9.855899810791016,57.619380950927734,61.150970458984375,1.0,68.38055419921875,256.54791259765625,160.41238403320312,1.0
299.0,2026-01-02 15:41:54.862432,False,0.0,10.032830238342285,56.97735595703125,61.554840087890625,1.0,9.917612075805664,57.25663757324219,61.21268081665039,1.0,68.39576721191406,255.7462921142578,159.87046813964844,1.0
300.0,2026-01-02 15:42:01.339887,False,0.0,10.093854904174805,0.0,65.51370239257812,0.0,9.978937149047852,131.85447692871094,61.27426528930664,1.0,69.3195571899414,207.0560760498047,116.65725708007812,1.0
301.0,2026-01-02 15:42:07.129892,False,0.0,10.093854904174805,0.0,60.44749450683594,0.0,10.120158195495605,-75.20172882080078,61.415042877197266,1.0,60.50575637817383,0.0,12.031180381774902,0.0
302.0,2026-01-02 15:42:13.437335,False,0.0,10.093854904174805,0.0,3.6089362054347873e-10,0.0,10.039613723754883,0.0,1.6574516203959888e-09,0.0,-5.973246897106321e-10,0.0,0.010578799992799759,0.0
303.0,2026-01-02 15:42:19.487398,False,0.0,10.093854904174805,-42.33962631225586,61.257869720458984,1.0,10.039613723754883,-32.86212158203125,61.33458709716797,1.0,61.24082946777344,0.0,-6.153733730316162,0.0
304.0,2026-01-02 15:42:25.930119,False,0.0,10.048507690429688,-41.70338439941406,61.21614456176758,1.0,10.004417419433594,-33.498355865478516,61.29939270019531,1.0,61.200443267822266,0.0,-5.886068820953369,0.0
305.0,2026-01-02 15:42:32.343592,False,0.0,10.003841400146484,-41.16136932373047,61.17452621459961,1.0,9.968539237976074,-34.040374755859375,61.263511657714844,1.0,61.159934997558594,0.0,-5.6575117111206055,0.0
306.0,2026-01-02 15:42:38.261796,False,0.0,9.959755897521973,0.0,60.25941848754883,0.0,9.932080268859863,-75.20172882080078,61.22696304321289,1.0,60.31767654418945,0.0,12.031180381774902,0.0
307.0,2026-01-02 15:42:44.481281,False,0.0,9.959755897521973,-45.84199523925781,61.10300064086914,1.0,9.851536750793457,-29.359756469726562,61.146514892578125,1.0,61.078369140625,0.0,-7.509407997131348,0.0
308.0,2026-01-02 15:42:50.815773,False,0.0,9.910656929016113,-44.67192840576172,61.060997009277344,1.0,9.820091247558594,-30.52981185913086,61.11507034301758,1.0,61.03889846801758,0.0,-7.082781791687012,0.0
309.0,2026-01-02 15:42:57.001408,False,0.0,9.862812042236328,-43.68935775756836,61.01898956298828,1.0,9.787392616271973,-31.51238250732422,61.08237075805664,1.0,60.999027252197266,0.0,-6.70373010635376,0.0
310.0,2026-01-02 15:43:03.100205,False,0.0,9.816019058227539,-42.855491638183594,60.9770622253418,1.0,9.753641128540039,-32.34624099731445,61.04861831665039,1.0,60.95891189575195,0.0,-6.367931842803955,0.0
311.0,2026-01-02 15:43:09.293571,False,0.0,9.770118713378906,-42.14286422729492,60.93525695800781,1.0,9.71899700164795,-33.05887985229492,61.013973236083984,1.0,60.918636322021484,0.0,-6.070986747741699,0.0
312.0,2026-01-02 15:43:15.672133,False,0.0,9.724982261657715,-88.112548828125,60.51100540161133,1.0,9.683589935302734,-79.1892318725586,60.97846221923828,1.0,60.4599494934082,0.0,-11.118284225463867,0.0
313.0,2026-01-02 15:43:21.667341,False,0.0,9.630609512329102,-87.82788848876953,60.419673919677734,1.0,9.598774909973145,-79.473876953125,60.893646240234375,1.0,60.3696403503418,0.0,-10.99692153930664,0.0
314.0,2026-01-02 15:43:28.203682,False,0.0,9.536542892456055,-87.56214904785156,60.32843780517578,1.0,9.513654708862305,-79.73960876464844,60.80852508544922,1.0,60.27935028076172,0.0,-10.883550643920898,0.0
315.0,2026-01-02 15:43:34.424560,False,0.0,9.44275951385498,-87.3139877319336,60.2372932434082,1.0,9.428250312805176,-79.98777770996094,60.723121643066406,1.0,60.18907928466797,0.0,-10.77760124206543,0.0
316.0,2026-01-02 15:43:40.423971,False,0.0,9.3492431640625,-87.08214569091797,60.146236419677734,1.0,9.34257984161377,-80.21961212158203,60.637451171875,1.0,60.09883499145508,0.0,-10.678553581237793,0.0
317.0,2026-01-02 15:43:46.676139,False,0.0,9.255974769592285,-86.86547088623047,60.055259704589844,1.0,9.256661415100098,-80.43628692626953,60.55152893066406,1.0,60.008609771728516,0.0,-10.585941314697266,0.0
318.0,2026-01-02 15:43:52.925203,False,0.0,9.162938117980957,-86.66291809082031,59.964359283447266,1.0,9.170511245727539,-80.63883209228516,60.46537780761719,1.0,59.91841506958008,0.0,-10.499306678771973,0.0
319.0,2026-01-02 15:43:58.974109,False,0.0,9.070117950439453,-86.47350311279297,59.87353515625,1.0,9.08414363861084,-80.82825469970703,60.37901306152344,1.0,59.82823944091797,0.0,-10.418256759643555,0.0
320.0,2026-01-02 15:44:04.476985,False,0.0,8.97750186920166,-86.29632568359375,59.78278350830078,1.0,8.997572898864746,-81.00543212890625,60.29243850708008,1.0,59.738094329833984,0.0,-10.342402458190918,0.0
321.0,2026-01-02 15:44:11.138564,False,0.0,8.885074615478516,-86.13055419921875,59.69209671020508,1.0,8.910813331604004,-81.17119598388672,60.20568084716797,1.0,59.647972106933594,0.0,-10.271407127380371,0.0
322.0,2026-01-02 15:44:17.457524,False,0.0,8.792825698852539,-85.97543334960938,59.60147476196289,1.0,8.823875427246094,-81.3263168334961,60.11874008178711,1.0,59.5578727722168,0.0,-10.204934120178223,0.0
323.0,2026-01-02 15:44:23.422689,False,0.0,8.7007417678833,-85.8302230834961,59.51091384887695,1.0,8.736771583557129,-81.47151947021484,60.03163528442383,1.0,59.467796325683594,0.0,-10.142690658569336,0.0
324.0,2026-01-02 15:44:29.472698,False,0.0,8.608814239501953,-48.80587387084961,59.7333869934082,1.0,8.64951229095459,-48.767478942871094,59.944461822509766,1.0,59.72005844116211,0.0,-5.37742280960083,0.0
325.0,2026-01-02 15:44:35.664880,False,0.0,8.556541442871094,-48.804012298583984,59.68112564086914,1.0,8.597280502319336,-48.76933670043945,59.89222717285156,1.0,59.66780090332031,0.0,-5.376623153686523,0.0
326.0,2026-01-02 15:44:41.766742,False,0.0,8.504270553588867,-48.802330017089844,59.62886428833008,1.0,8.545045852661133,-48.77101135253906,59.83999252319336,1.0,59.615543365478516,0.0,-5.375898838043213,0.0
327.0,2026-01-02 15:44:47.908312,False,0.0,8.452000617980957,-48.800819396972656,59.57660675048828,1.0,8.492810249328613,-48.772525787353516,59.787757873535156,1.0,59.563289642333984,0.0,-5.375244140625,0.0
328.0,2026-01-02 15:44:54.121366,False,0.0,8.399733543395996,-48.79944610595703,59.524349212646484,1.0,8.440572738647461,-48.77389907836914,59.73551940917969,1.0,59.51103210449219,0.0,-5.374653339385986,0.0
329.0,2026-01-02 15:45:00.079301,False,0.0,8.347467422485352,-48.79821014404297,59.47208786010742,1.0,8.388334274291992,-48.7751350402832,59.68328094482422,1.0,59.45877456665039,0.0,-5.3741230964660645,0.0
330.0,2026-01-02 15:45:06.363994,False,0.0,8.295202255249023,-48.79709243774414,59.419830322265625,1.0,8.33609390258789,-48.776248931884766,59.63104248046875,1.0,59.40652084350586,0.0,-5.3736419677734375,0.0
331.0,2026-01-02 15:45:12.881558,False,0.0,8.242938041687012,-48.796085357666016,59.367576599121094,1.0,8.283852577209473,-48.777259826660156,59.578800201416016,1.0,59.35426712036133,0.0,-5.3732075691223145,0.0
332.0,2026-01-02 15:45:18.047704,False,0.0,8.190675735473633,-48.79517364501953,59.3153190612793,1.0,8.231610298156738,-48.778167724609375,59.52655792236328,1.0,59.30200958251953,0.0,-5.3728132247924805,0.0
333.0,2026-01-02 15:45:24.820746,False,0.0,8.13841438293457,-48.79435729980469,59.2630615234375,1.0,8.179367065429688,-48.778995513916016,59.47431564331055,1.0,59.249755859375,0.0,-5.372457027435303,0.0
334.0,2026-01-02 15:45:31.614555,False,0.0,8.086153030395508,-48.79360580444336,59.2108039855957,1.0,8.12712287902832,-48.779727935791016,59.42206954956055,1.0,59.19750213623047,0.0,-5.372132301330566,0.0
335.0,2026-01-02 15:45:37.595920,False,0.0,8.033893585205078,-48.79293441772461,59.15855026245117,1.0,8.074877738952637,-48.7803955078125,59.36982727050781,1.0,59.14524841308594,0.0,-5.371845722198486,0.0
336.0,2026-01-02 15:45:43.739729,False,0.0,7.981634140014648,-63.6954231262207,58.99757385253906,1.0,8.022631645202637,-61.890869140625,59.31755065917969,1.0,58.97412109375,0.0,-7.298851490020752,0.0
337.0,2026-01-02 15:45:49.700790,False,0.0,7.9134135246276855,-63.624237060546875,58.929931640625,1.0,7.956344127655029,-61.962059020996094,59.25126266479492,1.0,58.90665817260742,0.0,-7.268250465393066,0.0
338.0,2026-01-02 15:45:55.776633,False,0.0,7.845269680023193,-63.55872344970703,58.86231994628906,1.0,7.889979839324951,-62.027565002441406,59.184898376464844,1.0,58.839210510253906,0.0,-7.240085601806641,0.0
339.0,2026-01-02 15:46:02.176393,False,0.0,7.777195453643799,-63.4984016418457,58.79473114013672,1.0,7.823545932769775,-62.087890625,59.118465423583984,1.0,58.77177810668945,0.0,-7.214148998260498,0.0
340.0,2026-01-02 15:46:08.206997,False,0.0,7.70918607711792,-63.44290542602539,58.7271728515625,1.0,7.757047176361084,-62.14339065551758,59.05196762084961,1.0,58.7043571472168,0.0,-7.190280914306641,0.0
341.0,2026-01-02 15:46:14.163827,False,0.0,7.641236305236816,-63.39179992675781,58.659637451171875,1.0,7.690489292144775,-62.194488525390625,58.985408782958984,1.0,58.63694763183594,0.0,-7.168295860290527,0.0
342.0,2026-01-02 15:46:20.254591,False,0.0,7.573340892791748,-63.34474563598633,58.59212112426758,1.0,7.623876094818115,-62.241539001464844,58.918792724609375,1.0,58.569549560546875,0.0,-7.148046970367432,0.0
343.0,2026-01-02 15:46:26.801611,False,0.0,7.505496025085449,-63.30141830444336,58.52462387084961,1.0,7.557212829589844,-62.28487014770508,58.85213088989258,1.0,58.50216293334961,0.0,-7.129405498504639,0.0
344.0,2026-01-02 15:46:32.901913,False,0.0,7.437697887420654,-63.26151657104492,58.457149505615234,1.0,7.490503311157227,-62.32476806640625,58.785423278808594,1.0,58.43478775024414,0.0,-7.112227439880371,0.0
345.0,2026-01-02 15:46:38.703182,False,0.0,7.3699421882629395,-63.22475814819336,58.38969039916992,1.0,7.423750877380371,-62.36151885986328,58.71866989135742,1.0,58.3674201965332,0.0,-7.096407890319824,0.0
346.0,2026-01-02 15:46:44.938940,False,0.0,7.302225589752197,-63.190914154052734,58.32224655151367,1.0,7.356959342956543,-62.3953742980957,58.651878356933594,1.0,58.3000602722168,0.0,-7.08183479309082,0.0
347.0,2026-01-02 15:46:51.092822,False,0.0,7.234545707702637,-63.15971755981445,58.254817962646484,1.0,7.290131092071533,-62.42655563354492,58.58504867553711,1.0,58.23270797729492,0.0,-7.068405628204346,0.0
348.0,2026-01-02 15:46:57.084139,False,0.0,7.16689920425415,-65.52481079101562,58.167816162109375,1.0,7.223269939422607,-64.55540466308594,58.51818084716797,1.0,58.14394760131836,0.0,-7.366527080535889,0.0
349.0,2026-01-02 15:47:03.442875,False,0.0,7.096719264984131,-65.48788452148438,58.09794235229492,1.0,7.154128074645996,-64.59232330322266,58.449039459228516,1.0,58.07417297363281,0.0,-7.350635528564453,0.0
350.0,2026-01-02 15:47:09.029063,False,0.0,7.026578903198242,-65.45380401611328,58.02808380126953,1.0,7.084947109222412,-64.62641143798828,58.379859924316406,1.0,58.00440216064453,0.0,-7.335960388183594,0.0
351.0,2026-01-02 15:47:15.722791,False,0.0,6.956475257873535,-65.42232513427734,57.95824432373047,1.0,7.015729904174805,-64.65788269042969,58.31064224243164,1.0,57.93463897705078,0.0,-7.322409629821777,0.0
352.0,2026-01-02 15:47:18.465199,False,0.0,6.8864054679870605,-65.39324951171875,57.88841247558594,1.0,6.946478366851807,-64.68695831298828,58.241390228271484,1.0,57.86488342285156,0.0,-7.309887409210205,0.0
353.0,2026-01-02 15:47:21.429737,False,0.0,6.816366195678711,-65.36639404296875,57.81859588623047,1.0,6.877195835113525,-64.71380615234375,58.1721076965332,1.0,57.795135498046875,0.0,-7.298327445983887,0.0
354.0,2026-01-02 15:47:24.473841,False,0.0,6.74635648727417,-65.34159088134766,57.74879455566406,1.0,6.807884693145752,-64.73860931396484,58.10279846191406,1.0,57.72539520263672,0.0,-7.287644863128662,0.0
355.0,2026-01-02 15:47:27.478665,False,0.0,6.676372528076172,-65.31867980957031,57.67900085449219,1.0,6.738547325134277,-64.76152038574219,58.0334587097168,1.0,57.65565872192383,0.0,-7.277776718139648,0.0
356.0,2026-01-02 15:47:30.196356,False,0.0,6.606413841247559,-65.29752349853516,57.609214782714844,1.0,6.669184684753418,-64.78267669677734,57.96409606933594,1.0,57.58592987060547,0.0,-7.268658638000488,0.0
357.0,2026-01-02 15:47:32.468359,False,0.0,6.536477565765381,-65.27796936035156,57.5394401550293,1.0,6.599800109863281,-64.80223083496094,57.894710540771484,1.0,57.516204833984375,0.0,-7.260239124298096,0.0
358.0,2026-01-02 15:47:35.109606,False,0.0,6.466561794281006,-65.2599105834961,57.46967697143555,1.0,6.530394077301025,-64.8202896118164,57.8253059387207,1.0,57.44648361206055,0.0,-7.252465724945068,0.0
359.0,2026-01-02 15:47:38.044436,False,0.0,6.396666049957275,-65.24321746826172,57.39991760253906,1.0,6.460968971252441,-64.83697509765625,57.755882263183594,1.0,57.37677001953125,0.0,-7.245271682739258,0.0
360.0,2026-01-02 15:47:40.664984,False,0.0,6.326787948608398,-107.84089660644531,56.8818359375,1.0,6.391525745391846,-102.80904388427734,57.686317443847656,1.0,56.81670379638672,0.0,-12.67274284362793,0.0
361.0,2026-01-02 15:47:43.599536,False,0.0,6.211285591125488,54.72963333129883,57.71699142456055,1.0,6.2814130783081055,46.449867248535156,57.57646179199219,1.0,67.33171081542969,311.82928466796875,192.1242218017578,1.0
362.0,2026-01-02 15:47:46.752158,False,0.0,6.269903659820557,54.108856201171875,57.77120590209961,1.0,6.331162929534912,46.43348693847656,57.6262092590332,1.0,67.34379577636719,311.192138671875,191.67080688476562,1.0
363.0,2026-01-02 15:47:49.590608,False,0.0,6.327856063842773,53.51050567626953,57.824951171875,1.0,6.380895137786865,46.397586822509766,57.675941467285156,1.0,67.3558349609375,310.5578918457031,191.22079467773438,1.0
364.0,2026-01-02 15:47:52.179672,False,0.0,6.385168075561523,52.932884216308594,57.87824249267578,1.0,6.430588722229004,46.343902587890625,57.72563552856445,1.0,67.36781311035156,309.92657470703125,190.77415466308594,1.0
365.0,2026-01-02 15:47:54.758070,False,0.0,6.441861629486084,52.37446594238281,57.93108367919922,1.0,6.480225086212158,46.27396011352539,57.775272369384766,1.0,67.37973022460938,309.2982177734375,190.330810546875,1.0
366.0,2026-01-02 15:47:57.270214,False,0.0,6.4979567527771,51.83390426635742,57.983482360839844,1.0,6.529786109924316,46.189144134521484,57.824832916259766,1.0,67.39159393310547,308.6728515625,189.8907012939453,1.0
367.0,2026-01-02 15:47:59.929432,False,0.0,6.553472995758057,51.309974670410156,58.03544616699219,1.0,6.579257011413574,46.090702056884766,57.87430191040039,1.0,67.40340423583984,308.05047607421875,189.45375061035156,1.0
368.0,2026-01-02 15:48:02.266114,False,0.0,6.608428001403809,50.80157470703125,58.08698654174805,1.0,6.628622055053711,45.979732513427734,57.923667907714844,1.0,67.41515350341797,307.43109130859375,189.01992797851562,1.0
369.0,2026-01-02 15:48:04.936592,False,0.0,6.662838459014893,50.307701110839844,58.13810348510742,1.0,6.677867889404297,45.85725021362305,57.97291564941406,1.0,67.42684936523438,306.81475830078125,188.58914184570312,1.0
370.0,2026-01-02 15:48:07.566019,False,0.0,6.716720104217529,49.82744216918945,58.188812255859375,1.0,6.726983070373535,45.72416687011719,58.022029876708984,1.0,67.43848419189453,306.201416015625,188.16136169433594,1.0
371.0,2026-01-02 15:48:10.035695,False,0.0,6.770087718963623,49.35995864868164,58.23911666870117,1.0,6.775955677032471,45.58132553100586,58.07100296020508,1.0,67.45006561279297,305.5910949707031,187.7365264892578,1.0
372.0,2026-01-02 15:48:12.611347,False,0.0,6.822954177856445,17.19367790222168,58.142635345458984,1.0,6.824774742126465,20.121496200561523,58.11978530883789,1.0,67.29511260986328,313.7584228515625,187.1332244873047,1.0
373.0,2026-01-02 15:48:15.238964,False,0.0,6.841369152069092,17.255332946777344,58.161216735839844,1.0,6.846325874328613,19.818696975708008,58.141334533691406,1.0,67.2996826171875,313.51727294921875,186.9778594970703,1.0
374.0,2026-01-02 15:48:18.054842,False,0.0,6.8598504066467285,17.297754287719727,58.1798095703125,1.0,6.867552757263184,19.53618049621582,58.16256332397461,1.0,67.30423736572266,313.2771911621094,186.8220977783203,1.0
375.0,2026-01-02 15:48:20.695337,False,0.0,6.8783769607543945,17.32248878479004,58.198402404785156,1.0,6.888476371765137,19.272464752197266,58.18348693847656,1.0,67.30877685546875,313.0381774902344,186.6660919189453,1.0
376.0,2026-01-02 15:48:23.718454,False,0.0,6.89693021774292,17.331073760986328,58.21697998046875,1.0,6.909118175506592,19.026046752929688,58.20412826538086,1.0,67.31328582763672,312.80035400390625,186.5099639892578,1.0
377.0,2026-01-02 15:48:26.542201,False,0.0,6.915492534637451,17.325016021728516,58.23552703857422,1.0,6.929495811462402,18.79546356201172,58.22450637817383,1.0,67.31777954101562,312.563720703125,186.35389709472656,1.0
378.0,2026-01-02 15:48:29.505186,False,0.0,6.934048175811768,17.305774688720703,58.2540283203125,1.0,6.949626445770264,18.57928466796875,58.24463653564453,1.0,67.3222427368164,312.32830810546875,186.19798278808594,1.0
379.0,2026-01-02 15:48:32.838500,False,0.0,6.952583312988281,17.274749755859375,58.272483825683594,1.0,6.9695258140563965,18.37613868713379,58.26453399658203,1.0,67.3266830444336,312.0941162109375,186.04232788085938,1.0
380.0,2026-01-02 15:48:35.901817,False,0.0,6.971085071563721,17.232479095458984,58.290870666503906,1.0,6.9892072677612305,18.18559455871582,58.28421401977539,1.0,67.33110046386719,311.8612976074219,185.8870849609375,1.0
381.0,2026-01-02 15:48:39.091433,False,0.0,6.989542007446289,17.181987762451172,58.3091926574707,1.0,7.008685111999512,18.00446128845215,58.30369186401367,1.0,67.33549499511719,311.62969970703125,185.73219299316406,1.0
382.0,2026-01-02 15:48:41.691827,False,0.0,7.007944583892822,17.12336540222168,58.32744216918945,1.0,7.027968406677246,17.832752227783203,58.322975158691406,1.0,67.3398666381836,311.39935302734375,185.57778930664062,1.0
383.0,2026-01-02 15:48:44.468408,False,0.0,7.026284217834473,-143.16827392578125,57.0706901550293,1.0,7.047068119049072,-133.27513122558594,58.341732025146484,1.0,56.95439529418945,0.0,-17.335376739501953,0.0
384.0,2026-01-02 15:48:47.164855,False,0.0,6.872945308685303,-92.6817398071289,57.6090087890625,1.0,6.904325008392334,-87.44473266601562,58.19917297363281,1.0,57.55860137939453,0.0,-11.036763191223145,0.0
385.0,2026-01-02 15:48:49.785678,False,0.0,6.773679256439209,-92.5279769897461,57.51145935058594,1.0,6.810667991638184,-87.5984878540039,58.10551452636719,1.0,57.46160125732422,0.0,-10.970869064331055,0.0
386.0,2026-01-02 15:48:52.676441,False,0.0,6.6745781898498535,-92.3834457397461,57.413970947265625,1.0,6.716846466064453,-87.74301147460938,58.01169204711914,1.0,57.364627838134766,0.0,-10.908913612365723,0.0
387.0,2026-01-02 15:48:55.675935,False,0.0,6.575631618499756,-92.24756622314453,57.31653594970703,1.0,6.622869968414307,-87.8788833618164,57.91771697998047,1.0,57.267677307128906,0.0,-10.850648880004883,0.0
388.0,2026-01-02 15:48:58.415381,False,0.0,6.47683048248291,-92.11981201171875,57.219154357910156,1.0,6.528748035430908,-88.00665283203125,57.82359313964844,1.0,57.17074966430664,0.0,-10.795843124389648,0.0
389.0,2026-01-02 15:49:00.915897,False,0.0,6.378166675567627,-91.99964904785156,57.121826171875,1.0,6.4344892501831055,-88.12680053710938,57.72933578491211,1.0,57.07384490966797,0.0,-10.744288444519043,0.0
390.0,2026-01-02 15:49:03.654235,False,0.0,6.2796311378479,-91.88662719726562,57.02454376220703,1.0,6.340101718902588,-88.23981475830078,57.634944915771484,1.0,56.97696304321289,0.0,-10.695781707763672,0.0
391.0,2026-01-02 15:49:06.261983,False,0.0,6.181216716766357,-91.78032684326172,56.92730712890625,1.0,6.245593547821045,-88.34612274169922,57.540435791015625,1.0,56.88010025024414,0.0,-10.650136947631836,0.0
392.0,2026-01-02 15:49:08.797282,False,0.0,6.082916259765625,-91.68031311035156,56.830116271972656,1.0,6.150970935821533,-88.4461441040039,57.44581604003906,1.0,56.78325653076172,0.0,-10.607184410095215,0.0
393.0,2026-01-02 15:49:11.273508,False,0.0,5.984723091125488,-91.58619689941406,56.73296356201172,1.0,6.056241512298584,-88.54025268554688,57.3510856628418,1.0,56.686431884765625,0.0,-10.56676959991455,0.0
394.0,2026-01-02 15:49:13.896474,False,0.0,5.886630535125732,70.64492797851562,57.519683837890625,1.0,5.961411476135254,60.31784439086914,57.25648880004883,1.0,67.34575653076172,311.0890808105469,194.37445068359375,1.0
395.0,2026-01-02 15:49:16.915848,False,0.0,5.962294101715088,69.93125915527344,57.58905029296875,1.0,6.02601432800293,60.2200813293457,57.32109069824219,1.0,67.36115264892578,310.27764892578125,193.798828125,1.0
396.0,2026-01-02 15:49:19.892349,False,0.0,6.037193298339844,73.07740020751953,57.69211959838867,1.0,6.090512275695801,63.435646057128906,57.385597229003906,1.0,67.40069580078125,308.19329833984375,193.1141815185547,1.0
397.0,2026-01-02 15:49:22.613782,False,0.0,6.115462303161621,72.373291015625,57.76399230957031,1.0,6.158454418182373,63.2919921875,57.45353698730469,1.0,67.41677856445312,307.34552001953125,192.5156707763672,1.0
398.0,2026-01-02 15:49:25.717852,False,0.0,6.192976951599121,71.68489837646484,57.835304260253906,1.0,6.226243019104004,63.1360969543457,57.52132797241211,1.0,67.43280029296875,306.5012512207031,191.92080688476562,1.0
399.0,2026-01-02 15:49:28.487769,False,0.0,6.269754409790039,71.0114974975586,57.906063079833984,1.0,6.2938642501831055,62.968727111816406,57.58894729614258,1.0,67.4487533569336,305.66046142578125,191.32957458496094,1.0
400.0,2026-01-02 15:49:31.211275,False,0.0,6.345810413360596,70.35237121582031,57.97627639770508,1.0,6.361306190490723,62.79060363769531,57.65639114379883,1.0,67.46463775634766,304.8232116699219,190.74191284179688,1.0
401.0,2026-01-02 15:49:34.158466,False,0.0,6.421160697937012,69.70686340332031,58.04594802856445,1.0,6.428557872772217,62.60238265991211,57.72364044189453,1.0,67.48045349121094,303.989501953125,190.15782165527344,1.0
402.0,2026-01-02 15:49:36.967002,False,0.0,6.495819568634033,69.07434844970703,58.11508560180664,1.0,6.495607376098633,62.40470504760742,57.79069137573242,1.0,67.49620819091797,303.1593017578125,189.57720947265625,1.0
403.0,2026-01-02 15:49:39.681078,False,0.0,6.569801330566406,68.45426940917969,58.18369674682617,1.0,6.562445640563965,62.19813537597656,57.85752868652344,1.0,67.51188659667969,302.3326721191406,189.0000457763672,1.0
404.0,2026-01-02 15:49:42.539031,False,0.0,6.643118381500244,67.8460922241211,58.25178909301758,1.0,6.629062175750732,61.98323059082031,57.92414474487305,1.0,67.52750396728516,301.50958251953125,188.4263153076172,1.0
405.0,2026-01-02 15:49:45.376368,False,0.0,6.715784549713135,67.24930572509766,58.31936264038086,1.0,6.695448875427246,61.76047897338867,57.99052810668945,1.0,67.54305267333984,300.6900329589844,187.85594177246094,1.0
406.0,2026-01-02 15:49:48.174275,False,0.0,6.787811279296875,66.6634292602539,58.38642883300781,1.0,6.7615966796875,61.53036880493164,58.05667495727539,1.0,67.55853271484375,299.8740539550781,187.28892517089844,1.0
407.0,2026-01-02 15:49:50.929109,False,0.0,6.85921049118042,66.0880355834961,58.4529914855957,1.0,6.827498435974121,61.29335403442383,58.12257766723633,1.0,67.5739517211914,299.0616455078125,186.72518920898438,1.0
408.0,2026-01-02 15:49:53.149655,False,0.0,6.929993629455566,57.39449691772461,58.45509338378906,1.0,6.89314603805542,54.418365478515625,58.188209533691406,1.0,67.54074096679688,300.81182861328125,186.34634399414062,1.0
409.0,2026-01-02 15:49:56.038832,False,0.0,6.9914655685424805,56.91947555541992,58.5130500793457,1.0,6.951430320739746,54.179443359375,58.24649429321289,1.0,67.55429077148438,300.097900390625,185.85467529296875,1.0
410.0,2026-01-02 15:49:59.049385,False,0.0,7.052428722381592,56.45250701904297,58.57058334350586,1.0,7.009459018707275,53.93581008911133,58.30451965332031,1.0,67.5677719116211,299.38726806640625,185.36587524414062,1.0
411.0,2026-01-02 15:50:02.050332,False,0.0,7.112891674041748,-99.37286376953125,57.771934509277344,1.0,7.067226409912109,-89.62625885009766,58.362064361572266,1.0,57.70861053466797,0.0,-12.488931655883789,0.0
412.0,2026-01-02 15:50:05.010478,False,0.0,7.0064592361450195,-99.0930404663086,57.66881561279297,1.0,6.971232891082764,-89.90608215332031,58.26607131958008,1.0,57.606597900390625,0.0,-12.369617462158203,0.0
413.0,2026-01-02 15:50:07.562245,False,0.0,6.900326251983643,-98.82990264892578,57.56578826904297,1.0,6.874939918518066,-90.16921997070312,58.169776916503906,1.0,57.504608154296875,0.0,-12.25732707977295,0.0
414.0,2026-01-02 15:50:10.512279,False,0.0,6.794475555419922,-98.5824203491211,57.46285629272461,1.0,6.778364658355713,-90.41669464111328,58.07320022583008,1.0,57.40264129638672,0.0,-12.151650428771973,0.0
415.0,2026-01-02 15:50:13.446092,False,0.0,6.688889503479004,-98.34960174560547,57.360008239746094,1.0,6.681524753570557,-90.64952087402344,57.97636032104492,1.0,57.300697326660156,0.0,-12.052177429199219,0.0
416.0,2026-01-02 15:50:16.556428,False,0.0,6.583553314208984,-98.13050079345703,57.25724411010742,1.0,6.58443546295166,-90.86861419677734,57.8792724609375,1.0,57.19878005981445,0.0,-11.958518981933594,0.0
417.0,2026-01-02 15:50:19.491615,False,0.0,6.478451251983643,-97.92427062988281,57.15455627441406,1.0,6.487111568450928,-91.0748519897461,57.78194808959961,1.0,57.096885681152344,0.0,-11.870315551757812,0.0
418.0,2026-01-02 15:50:22.944461,False,0.0,6.373570442199707,-97.73009490966797,57.051944732666016,1.0,6.389566421508789,-91.26901245117188,57.68440246582031,1.0,56.99501419067383,0.0,-11.787235260009766,0.0
419.0,2026-01-02 15:50:25.947641,False,0.0,6.268897533416748,-97.5472412109375,56.94940948486328,1.0,6.291813850402832,-91.45186614990234,57.586647033691406,1.0,56.89317321777344,0.0,-11.708958625793457,0.0
420.0,2026-01-02 15:50:28.976592,False,0.0,6.1644206047058105,-65.3319091796875,57.16693878173828,1.0,6.193864822387695,-62.55156707763672,57.4887809753418,1.0,57.14145278930664,0.0,-7.6347832679748535,0.0
421.0,2026-01-02 15:50:31.607518,False,0.0,6.094447135925293,-65.22328186035156,57.09786605834961,1.0,6.1268696784973145,-62.66019821166992,57.42178726196289,1.0,57.07266616821289,0.0,-7.588159561157227,0.0
422.0,2026-01-02 15:50:34.604216,False,0.0,6.024590492248535,-65.12327575683594,57.02883529663086,1.0,6.059758186340332,-62.76020050048828,57.35467529296875,1.0,57.00389862060547,0.0,-7.545224189758301,0.0
423.0,2026-01-02 15:50:37.137325,False,0.0,5.954840660095215,-65.03118896484375,56.95984649658203,1.0,5.992539405822754,-62.852291107177734,57.28745651245117,1.0,56.935150146484375,0.0,-7.505670547485352,0.0
424.0,2026-01-02 15:50:40.707483,False,0.0,5.885189533233643,93.56022644042969,57.74897384643555,1.0,5.925221920013428,81.70661926269531,57.22035598754883,1.0,67.49637603759766,303.1501770019531,193.5054473876953,1.0
425.0,2026-01-02 15:50:44.073779,False,0.0,5.985396385192871,92.7337417602539,57.83991241455078,1.0,6.012732982635498,81.45890045166016,57.30786895751953,1.0,67.51676177978516,302.0759582519531,192.74935913085938,1.0
426.0,2026-01-02 15:50:47.658141,False,0.0,6.084718227386475,91.92042541503906,57.930179595947266,1.0,6.099978923797607,81.20181274414062,57.395111083984375,1.0,67.53706359863281,301.00555419921875,191.9971160888672,1.0
427.0,2026-01-02 15:50:50.670488,False,0.0,6.183168888092041,91.11981201171875,58.01978302001953,1.0,6.186949253082275,80.93580627441406,57.48208236694336,1.0,67.55730438232422,299.93896484375,191.24867248535156,1.0
428.0,2026-01-02 15:50:53.516157,False,0.0,6.28076171875,90.33150482177734,58.10873031616211,1.0,6.273634910583496,80.6613540649414,57.56876754760742,1.0,67.57746887207031,298.8761901855469,190.50401306152344,1.0
429.0,2026-01-02 15:50:56.205953,False,0.0,6.3775105476379395,89.55506896972656,58.197025299072266,1.0,6.3600263595581055,80.37885284423828,57.65515899658203,1.0,67.5975570678711,297.8172607421875,189.76312255859375,1.0
430.0,2026-01-02 15:50:58.767103,False,0.0,6.473427772521973,88.7901382446289,58.28467559814453,1.0,6.446115493774414,80.08869934082031,57.74124526977539,1.0,67.6175765991211,296.7621765136719,189.02597045898438,1.0
431.0,2026-01-02 15:51:01.770436,False,0.0,6.568525791168213,88.03633880615234,58.37168884277344,1.0,6.531893730163574,79.7912826538086,57.827022552490234,1.0,67.63751983642578,295.7109680175781,188.29251098632812,1.0
432.0,2026-01-02 15:51:04.537504,False,0.0,6.662816047668457,43.68642807006836,58.096622467041016,1.0,6.617353439331055,44.001197814941406,57.91239547729492,1.0,67.39325714111328,308.5854797363281,188.6903533935547,1.0
433.0,2026-01-02 15:51:07.340101,False,0.0,6.709606170654297,43.38941955566406,58.14167022705078,1.0,6.664480686187744,43.73978042602539,57.95952224731445,1.0,67.40384674072266,308.02703857421875,188.31271362304688,1.0
434.0,2026-01-02 15:51:09.811499,False,0.0,6.756077766418457,43.09516906738281,58.186424255371094,1.0,6.711328029632568,43.47837829589844,58.006370544433594,1.0,67.41439056396484,307.4714050292969,187.9370574951172,1.0
435.0,2026-01-02 15:51:12.757908,False,0.0,6.802234649658203,42.803592681884766,58.230892181396484,1.0,6.757894992828369,43.217071533203125,58.05293655395508,1.0,67.42488098144531,306.91851806640625,187.56336975097656,1.0
436.0,2026-01-02 15:51:15.097634,False,0.0,6.848079204559326,42.514617919921875,58.27507019042969,1.0,6.804182052612305,42.95591735839844,58.09922409057617,1.0,67.43531799316406,306.3683776855469,187.19163513183594,1.0
437.0,2026-01-02 15:51:17.935287,False,0.0,6.893613815307617,42.22816467285156,58.31896209716797,1.0,6.850189685821533,42.69499969482422,58.14522933959961,1.0,67.4457015991211,305.8210144042969,186.8218231201172,1.0
438.0,2026-01-02 15:51:20.843985,False,0.0,6.938842296600342,41.944175720214844,58.362571716308594,1.0,6.895917892456055,42.43436813354492,58.19095993041992,1.0,67.45603942871094,305.2763671875,186.45394897460938,1.0
439.0,2026-01-02 15:51:23.371926,False,0.0,6.983766078948975,41.662567138671875,58.40589904785156,1.0,6.941366672515869,42.17407989501953,58.23640823364258,1.0,67.46631622314453,304.7344970703125,186.0880126953125,1.0
440.0,2026-01-02 15:51:25.891512,False,0.0,7.028388500213623,41.3832893371582,58.44894790649414,1.0,6.986536979675293,41.91419982910156,58.281578063964844,1.0,67.47654724121094,304.1953430175781,185.7239532470703,1.0
441.0,2026-01-02 15:51:28.778831,False,0.0,7.07271146774292,-115.68326568603516,57.525028228759766,1.0,7.031428813934326,-105.2147445678711,58.32621383666992,1.0,57.44258117675781,0.0,-14.399887084960938,0.0
442.0,2026-01-02 15:51:31.384849,False,0.0,6.94881010055542,-115.42096710205078,57.404659271240234,1.0,6.918739318847656,-105.47703552246094,58.213523864746094,1.0,57.32339096069336,0.0,-14.287922859191895,0.0
443.0,2026-01-02 15:51:33.909771,False,0.0,6.825189590454102,-115.17230987548828,57.284385681152344,1.0,6.805769443511963,-105.72569274902344,58.10055160522461,1.0,57.204227447509766,0.0,-14.181734085083008,0.0
444.0,2026-01-02 15:51:36.270376,False,0.0,6.7018351554870605,-63.621788024902344,57.7183723449707,1.0,6.692532539367676,-58.19132995605469,57.98746109008789,1.0,57.69145584106445,0.0,-7.867854118347168,0.0
445.0,2026-01-02 15:51:39.057053,False,0.0,6.633693695068359,-63.39653396606445,57.65205383300781,1.0,6.630207538604736,-58.41658020019531,57.92513656616211,1.0,57.62574005126953,0.0,-7.771634578704834,0.0
446.0,2026-01-02 15:51:41.890427,False,0.0,6.565793514251709,-63.190582275390625,57.5858154296875,1.0,6.567640781402588,-58.622528076171875,57.86256790161133,1.0,57.5600471496582,0.0,-7.683591365814209,0.0
447.0,2026-01-02 15:51:44.858971,False,0.0,6.498113632202148,-63.002193450927734,57.5196533203125,1.0,6.50485372543335,-58.81092071533203,57.799781799316406,1.0,57.494380950927734,0.0,-7.602996826171875,0.0
448.0,2026-01-02 15:51:47.606028,False,0.0,6.430635452270508,-62.829776763916016,57.45355987548828,1.0,6.441864967346191,-58.983341217041016,57.73678970336914,1.0,57.428733825683594,0.0,-7.529184818267822,0.0
449.0,2026-01-02 15:51:50.976485,False,0.0,6.36334228515625,-62.67190170288086,57.38753128051758,1.0,6.37869119644165,-59.141212463378906,57.67361831665039,1.0,57.36311721801758,0.0,-7.461561679840088,0.0
450.0,2026-01-02 15:51:53.812468,False,0.0,6.296218395233154,-62.52729415893555,57.321563720703125,1.0,6.3153486251831055,-59.28582000732422,57.61027526855469,1.0,57.29751968383789,0.0,-7.399585247039795,0.0
451.0,2026-01-02 15:51:56.432200,False,0.0,6.229249000549316,-62.394771575927734,57.25564956665039,1.0,6.2518510818481445,-59.418331146240234,57.546775817871094,1.0,57.2319450378418,0.0,-7.342763423919678,0.0
452.0,2026-01-02 15:51:59.263699,False,0.0,6.162421703338623,-62.273311614990234,57.18979263305664,1.0,6.188211441040039,-59.539794921875,57.48313522338867,1.0,57.1663932800293,0.0,-7.290657997131348,0.0
453.0,2026-01-02 15:52:02.117939,False,0.0,6.095724105834961,-62.161930084228516,57.12398147583008,1.0,6.124442100524902,-59.65117645263672,57.41936492919922,1.0,57.10086441040039,0.0,-7.24286413192749,0.0
454.0,2026-01-02 15:52:04.990907,False,0.0,6.029146194458008,-62.05978012084961,57.05821228027344,1.0,6.060553073883057,-59.75332260131836,57.35547637939453,1.0,57.03535461425781,0.0,-7.199004650115967,0.0
455.0,2026-01-02 15:52:07.980491,False,0.0,5.962677478790283,-61.966064453125,56.992488861083984,1.0,5.996554851531982,-59.847042083740234,57.29147720336914,1.0,56.96986389160156,0.0,-7.158763885498047,0.0
456.0,2026-01-02 15:52:10.460449,False,0.0,5.8963093757629395,99.35227966308594,57.827022552490234,1.0,5.932456016540527,86.84420013427734,57.22760772705078,1.0,67.5389404296875,300.9068908691406,193.11703491210938,1.0
457.0,2026-01-02 15:52:12.636546,False,0.0,6.002719879150391,98.4896469116211,57.923248291015625,1.0,6.025469779968262,86.56804656982422,57.320621490478516,1.0,67.560546875,299.7680969238281,192.31591796875,1.0
458.0,2026-01-02 15:52:15.487625,False,0.0,6.108206272125244,97.63967895507812,58.01877212524414,1.0,6.11818790435791,86.2830581665039,57.41333770751953,1.0,67.58207702636719,298.6331481933594,191.51866149902344,1.0
459.0,2026-01-02 15:52:17.929628,False,0.0,6.212782382965088,96.80198669433594,58.11360549926758,1.0,6.21060037612915,85.9896469116211,57.5057487487793,1.0,67.6035385131836,297.5020446777344,190.72523498535156,1.0
460.0,2026-01-02 15:52:20.745423,False,0.0,6.316461086273193,95.9761962890625,58.20774841308594,1.0,6.302699089050293,85.68820190429688,57.59784698486328,1.0,67.62492370605469,296.3748474121094,189.93565368652344,1.0
461.0,2026-01-02 15:52:23.448542,False,0.0,6.41925573348999,95.16194915771484,58.30120849609375,1.0,6.394474506378174,85.37911224365234,57.68962097167969,1.0,67.646240234375,295.2514953613281,189.14984130859375,1.0
462.0,2026-01-02 15:52:26.242592,False,0.0,6.521178245544434,94.35889434814453,58.39398956298828,1.0,6.485918998718262,85.06272888183594,57.781063079833984,1.0,67.66748046875,294.1320495605469,188.36781311035156,1.0
463.0,2026-01-02 15:52:28.924348,False,0.0,6.6222405433654785,93.56670379638672,58.48609924316406,1.0,6.577024936676025,84.73938751220703,57.872169494628906,1.0,67.68864440917969,293.0165100097656,187.58953857421875,1.0
464.0,2026-01-02 15:52:31.592199,False,0.0,6.722454071044922,92.78507995605469,58.577545166015625,1.0,6.667784214019775,84.40940856933594,57.962928771972656,1.0,67.70973205566406,291.9049072265625,186.81497192382812,1.0
465.0,2026-01-02 15:52:34.195401,False,0.0,6.821830749511719,92.01370239257812,58.66832733154297,1.0,6.758190155029297,84.0731201171875,58.0533332824707,1.0,67.73075103759766,290.7972717285156,186.04412841796875,1.0
466.0,2026-01-02 15:52:36.771142,False,0.0,6.92038106918335,91.25230407714844,58.75845718383789,1.0,6.848235607147217,83.73080444335938,58.143375396728516,1.0,67.7516860961914,289.69354248046875,185.27694702148438,1.0
467.0,2026-01-02 15:52:39.447408,False,0.0,7.018116474151611,90.50060272216797,58.84793472290039,1.0,6.937914848327637,83.38275146484375,58.233055114746094,1.0,67.77255249023438,288.5937805175781,184.51341247558594,1.0
468.0,2026-01-02 15:52:41.835369,False,0.0,7.11504602432251,-94.19094848632812,57.834136962890625,1.0,7.027221202850342,-82.36096954345703,58.32208251953125,1.0,57.773101806640625,0.0,-12.246406555175781,0.0
469.0,2026-01-02 15:52:44.417156,False,0.0,7.014163970947266,-93.82621002197266,57.73738098144531,1.0,6.939009189605713,-82.7257080078125,58.23387145996094,1.0,57.677757263183594,0.0,-12.091385841369629,0.0
470.0,2026-01-02 15:52:47.271938,False,0.0,6.913671970367432,-93.48516845703125,57.64073181152344,1.0,6.850406646728516,-83.0667495727539,58.145267486572266,1.0,57.582420349121094,0.0,-11.94629192352295,0.0
471.0,2026-01-02 15:52:50.011685,False,0.0,6.8135457038879395,-93.16614532470703,57.544189453125,1.0,6.761438846588135,-83.3857650756836,58.056297302246094,1.0,57.487091064453125,0.0,-11.810454368591309,0.0
472.0,2026-01-02 15:52:52.604590,False,0.0,6.713760852813721,-92.86758422851562,57.447750091552734,1.0,6.672129154205322,-83.68431854248047,57.96698760986328,1.0,57.391780853271484,0.0,-11.683221817016602,0.0
473.0,2026-01-02 15:52:55.285259,False,0.0,6.614295959472656,-92.58805084228516,57.35140609741211,1.0,6.582499980926514,-83.9638442993164,57.877357482910156,1.0,57.296485900878906,0.0,-11.564021110534668,0.0
474.0,2026-01-02 15:52:58.111779,False,0.0,6.515130043029785,-92.32624816894531,57.25516128540039,1.0,6.492570877075195,-84.22565460205078,57.78742980957031,1.0,57.201210021972656,0.0,-11.452301025390625,0.0
475.0,2026-01-02 15:53:01.172949,False,0.0,6.416244983673096,-92.08094024658203,57.159000396728516,1.0,6.402361869812012,-84.47095489501953,57.69721984863281,1.0,57.105960845947266,0.0,-11.347545623779297,0.0
476.0,2026-01-02 15:53:03.998827,False,0.0,6.317622661590576,-91.85102844238281,57.062931060791016,1.0,6.311890125274658,-84.70087432861328,57.606746673583984,1.0,57.0107307434082,0.0,-11.24931526184082,0.0
477.0,2026-01-02 15:53:06.727008,False,0.0,6.2192463874816895,-91.6354751586914,56.966941833496094,1.0,6.221171855926514,-84.91641998291016,57.51602554321289,1.0,56.915523529052734,0.0,-11.157163619995117,0.0
478.0,2026-01-02 15:53:09.601433,False,0.0,6.121100902557373,-91.4333267211914,56.871028900146484,1.0,6.130222797393799,-85.11856842041016,57.42507553100586,1.0,56.820343017578125,0.0,-11.070701599121094,0.0
479.0,2026-01-02 15:53:12.550368,False,0.0,6.023171901702881,-91.24369812011719,56.77519226074219,1.0,6.03905725479126,-85.30819702148438,57.33391189575195,1.0,56.725189208984375,0.0,-10.989554405212402,0.0
480.0,2026-01-02 15:53:15.384554,False,0.0,5.925446033477783,-85.54847717285156,56.73855972290039,1.0,5.947689056396484,-80.44400024414062,57.242557525634766,1.0,56.694759368896484,0.0,-10.230392456054688,0.0
481.0,2026-01-02 15:53:18.018599,False,0.0,5.833820343017578,76.35972595214844,57.51926040649414,1.0,5.86152982711792,67.44859313964844,57.15662384033203,1.0,67.37020111083984,309.8006286621094,194.6367950439453,1.0
482.0,2026-01-02 15:53:20.575512,False,0.0,5.915604591369629,75.66439819335938,57.594486236572266,1.0,5.933770179748535,67.25741577148438,57.22886276245117,1.0,67.38701629638672,308.9141540527344,194.01416015625,1.0
483.0,2026-01-02 15:53:23.047931,False,0.0,5.996644496917725,74.98255157470703,57.66914367675781,1.0,6.005805969238281,67.05634307861328,57.300899505615234,1.0,67.40377044677734,308.0312194824219,193.39511108398438,1.0
484.0,2026-01-02 15:53:25.700659,False,0.0,6.076953887939453,74.3136215209961,57.74323654174805,1.0,6.077625751495361,66.845947265625,57.372718811035156,1.0,67.42045593261719,307.1518859863281,192.7796173095703,1.0
485.0,2026-01-02 15:53:28.094517,False,0.0,6.156546592712402,73.65705871582031,57.81678009033203,1.0,6.1492204666137695,66.62677001953125,57.444313049316406,1.0,67.43706512451172,306.2761535644531,192.1676483154297,1.0
486.0,2026-01-02 15:53:30.757009,False,0.0,6.23543643951416,73.01238250732422,57.8897705078125,1.0,6.220580577850342,66.3993148803711,57.51567077636719,1.0,67.45361328125,305.4040222167969,191.5591583251953,1.0
487.0,2026-01-02 15:53:33.482414,False,0.0,6.31363582611084,72.37911224365234,57.96221923828125,1.0,6.291697025299072,66.16407012939453,57.586788177490234,1.0,67.4700927734375,304.5355224609375,190.9541015625,1.0
488.0,2026-01-02 15:53:35.620104,False,0.0,6.3911566734313965,71.75680541992188,58.03413009643555,1.0,6.3625617027282715,65.92147064208984,57.65765380859375,1.0,67.48650360107422,303.67059326171875,190.35244750976562,1.0
489.0,2026-01-02 15:53:38.266801,False,0.0,6.468011379241943,71.14503479003906,58.10551071166992,1.0,6.433166027069092,65.67194366455078,57.72825622558594,1.0,67.50284576416016,302.809326171875,189.7541961669922,1.0
490.0,2026-01-02 15:53:40.829178,False,0.0,6.544210433959961,70.54342651367188,58.17636489868164,1.0,6.503503322601318,65.4158935546875,57.79859161376953,1.0,67.51911926269531,301.95166015625,189.15924072265625,1.0
491.0,2026-01-02 15:53:43.639687,False,0.0,6.619765281677246,69.95158386230469,58.246700286865234,1.0,6.573566436767578,65.15369415283203,57.868656158447266,1.0,67.53532409667969,301.0976257324219,188.56761169433594,1.0
492.0,2026-01-02 15:53:46.248985,False,0.0,6.694686412811279,49.51075744628906,58.16469955444336,1.0,6.643348693847656,48.89191436767578,57.93840026855469,1.0,67.43425750732422,306.42425537109375,188.38616943359375,1.0
493.0,2026-01-02 15:53:48.994513,False,0.0,6.747714519500732,49.14764404296875,58.21535873413086,1.0,6.695713996887207,48.629356384277344,57.99076461791992,1.0,67.44612884521484,305.798583984375,187.96054077148438,1.0
494.0,2026-01-02 15:53:51.843824,False,0.0,6.800353527069092,48.789119720458984,58.26567077636719,1.0,6.747797966003418,48.365234375,58.042850494384766,1.0,67.45793914794922,305.1759338378906,187.5372314453125,1.0
495.0,2026-01-02 15:53:54.784393,False,0.0,6.852608680725098,48.43501281738281,58.31564712524414,1.0,6.7995991706848145,48.099708557128906,58.09465026855469,1.0,67.46969604492188,304.5563049316406,187.1162109375,1.0
496.0,2026-01-02 15:53:57.474430,False,0.0,6.904484748840332,48.085174560546875,58.36528015136719,1.0,6.851116180419922,47.83292770385742,58.14616775512695,1.0,67.48139953613281,303.939697265625,186.69749450683594,1.0
497.0,2026-01-02 15:54:00.088863,False,0.0,6.955986022949219,47.73945999145508,58.414581298828125,1.0,6.902347087860107,47.565025329589844,58.19739532470703,1.0,67.4930419921875,303.3260803222656,186.28102111816406,1.0
498.0,2026-01-02 15:54:03.001693,False,0.0,7.007116794586182,47.397727966308594,58.46355056762695,1.0,6.953291416168213,47.296142578125,58.24834060668945,1.0,67.50462341308594,302.7154541015625,185.86679077148438,1.0
499.0,2026-01-02 15:54:05.501533,False,0.0,7.057881832122803,-109.35971069335938,57.59351348876953,1.0,7.0039472579956055,-98.66203308105469,58.29875564575195,1.0,57.5179443359375,0.0,-13.739543914794922,0.0
