iteration,timestamp,T1_LEVEL,T2_LEVEL,J1_LEVEL,J2_LEVEL,J3_LEVEL,J4_LEVEL,J5_LEVEL,J1S_LEVEL,J2S_LEVEL,P2_FLOW,P2_STATUS,P1_FLOW,P1_STATUS,V13_FLOW,V13_STATUS,V24_FLOW,V24_STATUS,plc3AttackerUnit,plc2AttackerUnit
0,2025-07-28 22:36:12.705882,3.0509999999999993,3.0509999999999993,73.03060823140058,73.02651683262431,54.14618120101543,54.34596896749173,54.14668632587885,54.14618120102486,54.34596896751681,,11.673690390818047,1.0,,11.458045458765454,1.0,0,0
1,2025-07-28 22:36:24.798174,2.9941153809638483,3.01142048427162,69.19306336117064,69.68478596241185,55.41491189559778,54.30687020936323,55.36192270397077,69.19306266233149,69.68478552984472,187.80595367081,1.0,213.72312594657515,1.0,233.7259334058217,1.0,144.6715650445185,1.0,0,0
2,2025-07-28 22:36:36.958392,3.135269958096452,3.179080930193504,69.2116278701766,69.7009116487677,55.54864528566073,54.474523480474126,55.49592827744355,69.21162717449762,69.7009112185073,186.956018788226,1.0,212.74464829086403,1.0,232.6690124448305,1.0,143.9000811774349,1.0,0,0
3,2025-07-28 22:36:50.263813,3.2759158546606404,3.345291749247383,69.23015947604611,69.71698415086802,55.68180148764272,54.6407272323328,55.62935936430327,69.23015878352466,69.71698372290352,186.10888708269815,1.0,211.76790485736254,1.0,231.6129838550296,1.0,143.1322189466755,1.0,0,0
4,2025-07-28 22:37:03.210217,3.416046794155074,3.510064075780017,69.2486573601292,69.73300363273202,55.81437581955497,54.80549259806994,55.76221123117008,69.24865667076234,69.73300320705265,185.26454990927917,1.0,210.79293879456893,1.0,230.55793455569074,1.0,142.367966763004,1.0,0,0
5,2025-07-28 22:37:15.228524,3.555656550711236,3.6734090301967544,69.26712100421756,69.74897008055204,55.9463637021635,54.96883069687431,55.89447924552223,69.26712031800228,69.74896965714701,184.42300799573104,1.0,209.81977741563657,1.0,229.5038877252864,1.0,141.6073130371842,1.0,0,0
6,2025-07-28 22:37:27.957073,3.6947389525958148,3.835337716928522,69.28554986285323,69.76488334623888,56.07776062673699,55.13075263195825,56.02615884475393,69.28554917978643,69.7648829250975,183.58426914737473,1.0,208.84844946995992,1.0,228.45088392614343,1.0,140.85024038536176,1.0,0,0
7,2025-07-28 22:37:41.814149,3.833287883274763,3.9958612220810763,69.30394320378927,69.78074352806885,56.20856213984557,55.2912694882159,56.157245521568896,69.30394252386765,69.78074310918039,182.74832818437133,1.0,207.87899355200338,1.0,227.39898689906113,1.0,140.09674880753664,1.0,0,0
8,2025-07-28 22:37:54.430839,3.9712972813793477,4.154990612888643,69.32230028962616,69.7965503930666,56.33876386221078,55.45039233166283,56.28773484213236,69.32229961284622,69.79654997642044,181.91519738612806,1.0,206.91144852780764,1.0,226.34824879560256,1.0,139.3468151252364,1.0,0,0
9,2025-07-28 22:38:08.054776,4.108761142012452,4.312736934187152,69.34062069009565,69.81230402021188,56.46836152084875,55.608132205929856,56.417622477072236,69.34062001645393,69.81230360579738,181.0848725898658,1.0,205.94583707547562,1.0,225.29867541038584,1.0,138.600439338461,1.0,0,0
10,2025-07-28 22:38:19.410580,4.245673520261724,4.469111209146497,69.35890384135074,69.82800450386618,56.59735090779533,55.76450013298295,56.5469041618479,69.35890317084352,69.82800409167277,180.257348822087,1.0,204.98218891363413,1.0,224.25034786806464,1.0,137.857598268738,1.0,0,0
11,2025-07-28 22:38:31.562545,4.382028531636652,4.624124437391202,69.37714893547195,69.84365165142928,56.72572786966482,55.91950711123505,56.675575686707504,69.37714826809538,69.8436512414464,179.43263623414921,1.0,204.0205466252108,1.0,223.20330673096578,1.0,137.1182919160674,1.0,0,0
12,2025-07-28 22:38:44.670858,4.517820351764768,4.777787591124595,69.48060516033985,69.94068059467558,57.10050682107539,56.07322883852995,57.04895939339095,69.48060450072992,69.94068018559489,174.31854175994394,1.0,198.56769008346683,1.0,220.60575906152735,1.0,136.81655456139197,1.0,0,0
13,2025-07-28 22:38:57.283145,4.670200001097113,4.943734018072115,69.50070736214245,69.95770601388165,57.24106372794502,56.23916871833166,57.189918525546524,69.50070670600574,69.95770560717881,173.42118475110047,1.0,197.50816541259488,1.0,219.44414673498613,1.0,136.02128378693124,1.0,0,0
14,2025-07-28 22:39:08.310836,4.821817853859303,5.108346345722986,69.52076687912708,69.97468427047455,57.38085546935331,56.40377458521216,57.33011286648451,69.52076622645825,69.97468386614078,172.52631353722913,1.0,196.45089052600892,1.0,218.28431915082547,1.0,135.2289566784748,1.0,0,0
15,2025-07-28 22:39:21.106741,4.9726704488629565,5.271633084718664,69.54078392176676,69.9916156331028,57.5198803987334,56.567054948826765,57.469540712954284,69.54078327256046,69.99161523112929,171.63391395870173,1.0,195.3958543303283,1.0,217.12628210366347,1.0,134.4395674414045,1.0,0,0
16,2025-07-28 22:39:32.368320,5.122754380806144,5.433602705130694,69.56075778737699,70.00849988581506,57.65813673464503,56.72901827829372,57.60820023208084,69.56075714162782,70.00849948619303,170.74399739764473,1.0,194.34309386187138,1.0,215.97004718273638,1.0,133.6531160757204,1.0,0,0
17,2025-07-28 22:39:44.167734,5.272066303574879,5.594263644190669,69.58068803097704,70.0253372149733,57.79562278438061,56.88967300990866,57.74608967865875,69.58068738867941,70.02533681769403,169.85655403149232,1.0,193.29263257419274,1.0,214.81568392346162,1.0,132.86958519756809,1.0,0,0
18,2025-07-28 22:39:56.498160,5.4206029329502785,5.753624308195757,69.60057409882914,70.04212723803809,57.93233690590738,57.04902754901953,57.8832073584804,69.6005734599774,70.04212684309284,168.971604022716,1.0,192.24449965309185,1.0,213.66320970969355,1.0,132.0889748069476,1.0,0,0
19,2025-07-28 22:40:08.125106,5.568361046697315,5.911693068020015,69.6204156848753,70.05887014313384,58.0682775459678,57.207090265573456,58.0195516651366,69.62041504946374,70.05886975051388,168.08913745585934,1.0,191.19871122993516,1.0,212.51264192528652,1.0,131.3112849038589,1.0,0,0
20,2025-07-28 22:40:20.368614,5.715337487187784,6.068478262054162,69.64021221967712,70.07556565278301,58.20344318649076,57.36386949702257,58.155121028343906,69.64021158769991,70.07556526247961,167.2091689559018,1.0,190.15529731805154,1.0,211.3640327218036,1.0,130.5365096936839,1.0,0,0
21,2025-07-28 22:40:31.049097,5.861529160351423,6.223988191963419,69.65996339324106,70.09221391208905,58.33783240005621,57.519373544112014,58.28991396747668,69.65996276469222,70.09221352409357,166.33169087489196,1.0,189.11427425624322,1.0,210.21741107233538,1.0,129.76463179256825,1.0,0,0
22,2025-07-28 22:40:43.275767,6.006933038396377,6.378231124843119,69.67966865429403,70.10881477074653,58.47144379745862,57.67361067301031,58.42392904101299,69.6796680291676,70.10881438505027,165.45671113496226,1.0,188.07567110039787,1.0,209.07280015535434,1.0,128.99565699513005,1.0,0,0
23,2025-07-28 22:40:54.269003,6.151546158897571,6.531215289956266,69.69932751067773,70.12536819467708,58.60427605910827,57.82658911206202,58.557164876829475,69.6993268889675,70.12536781127142,164.5842315322785,1.0,187.0395137906581,1.0,207.93025212242355,1.0,128.22956791751494,1.0,0,0
24,2025-07-28 22:41:05.589385,6.295365626058365,6.682948878680529,69.67943046570848,70.10411461011718,58.626570254244314,57.9782880616253,58.5805446064905,69.67942984527592,70.10411422963227,165.70444201503096,1.0,188.0882252815372,1.0,207.50293959849841,1.0,127.25272857892378,1.0,0,0
25,2025-07-28 22:41:17.156171,6.430541795634046,6.82692114705454,69.69805939432787,70.1198354133691,58.75169718753211,58.122255012621025,58.70603035450827,69.6980587771304,70.11983503506235,164.87584726432118,1.0,187.10635226792482,1.0,206.4209685033802,1.0,126.52424657289885,1.0,0,0
26,2025-07-28 22:41:30.176816,6.5650020367863515,6.969670267697099,69.71664090451145,70.13550520466325,58.87610170259697,58.26499889426199,58.83079423835833,69.71664029054294,70.13550482852533,164.04994119559404,1.0,186.12697853290388,1.0,205.3410429084579,1.0,125.79888207142176,1.0,0,0
27,2025-07-28 22:41:42.890791,6.6987426458036925,7.1112054792516375,69.73517482206971,70.15112443568789,58.99978223759684,58.406528944099584,58.95483462510742,69.7351742113239,70.15112406170954,163.22670000176026,1.0,185.15011325746295,1.0,204.26321496529454,1.0,125.07661769063816,1.0,0,0
28,2025-07-28 22:41:54.229460,6.831760019501033,7.2515359507456765,67.85154112434317,63.74811733678282,58.93144678513793,58.54666965928677,58.893779358539575,67.8515405717293,63.74811709587202,0.0,0.0,284.4305997048782,1.0,184.8210543073492,1.0,80.57233384079154,1.0,0,0
29,2025-07-28 22:42:06.421349,6.94952466669788,7.338629876984783,67.87424077880617,63.797132797554674,59.03241380557212,58.63376377530148,58.99536133492265,67.87424022881574,63.79713255759778,0.0,0.0,283.234171365337,1.0,183.94365061567441,1.0,80.25329955103189,1.0,0,0
30,2025-07-28 22:42:17.536884,7.065941151521896,7.42579052789902,67.89688845692307,63.846151565944744,59.1326240974646,58.720924525311034,59.09616620693859,67.89688790954301,63.846151326946575,0.0,0.0,282.04048253769275,1.0,183.07061606606112,1.0,79.93265435743524,1.0,0,0
31,2025-07-28 22:42:28.134893,7.181044320681986,7.512986003202364,58.388807978044255,58.43369364162421,58.3886961179166,58.8079118612159,58.38870669301532,58.388807976797665,58.433693699792464,0.0,0.0,0.0,0.0,0.4169198763293025,1.0,-19.454303280213026,1.0,0,0
32,2025-07-28 22:42:39.991183,7.1446101375086295,7.449641684698676,58.34711494307259,58.38718471436467,58.347118057183486,58.74456999504335,58.34714387351915,58.34711494325376,58.387184771105176,0.0,0.0,0.0,0.0,-0.060591424357880896,1.0,-18.9767948768349,1.0,0,0
33,2025-07-28 22:42:52.131793,7.107035896212806,7.387437423920164,58.30448192244662,58.34030327594262,58.30464103098465,58.682367977710335,58.30468635539266,58.304481923954405,58.3403033313565,0.0,0.0,0.0,0.0,-0.5042766417773237,1.0,-18.53310965941546,1.0,0,0
34,2025-07-28 22:43:03.229252,7.0684028846257885,7.326291933080031,58.2608919383332,58.2929953331084,58.261369502386096,58.62122453122287,58.26143723381747,58.260891941062695,58.292995387300586,0.0,0.0,0.0,0.0,-0.912875446488215,1.0,-18.124510854704567,1.0,0,0
35,2025-07-28 22:43:14.512180,7.0287912752099375,7.266125039972208,58.21648108410589,58.245329443513114,58.2173856831218,58.56105950013648,58.21747770753876,58.2164810879596,58.24532949658106,0.0,0.0,0.0,0.0,-1.2888708323544051,1.0,-17.74850967422026,1.0,0,0
36,2025-07-28 22:43:26.009601,6.988276401055493,7.206861417587207,58.25365775308458,58.28659919452529,58.25213628420514,58.501820740131556,58.25212109931596,58.253657747981805,58.286599237673954,0.0,0.0,0.0,0.0,1.7066193390746776,1.0,-14.43101836855476,1.0,0,0
37,2025-07-28 22:43:36.762204,6.967393689511075,7.1610540542184475,58.22804658081707,58.25610710534654,58.227322673500936,58.456015616223574,58.22732009780722,58.22804657740007,58.2561071468094,0.0,0.0,0.0,0.0,1.1428116880551897,1.0,-13.867204922917153,1.0,0,0
38,2025-07-28 22:43:48.144913,6.94513155011616,7.116626117214899,58.20151145794621,58.2253800535791,58.20127730025121,58.41158968147265,58.20127794205815,58.20151145608842,58.22538009348278,0.0,0.0,0.0,0.0,0.6213366197016512,1.0,-13.345735649181734,1.0,0,0
39,2025-07-28 22:43:59.854939,6.921604442968594,7.073463152372189,58.174155289192804,58.194440291943245,58.174140316910794,58.36842850000841,58.17414809442729,58.17415528877122,58.19444033041072,0.0,0.0,0.0,0.0,0.14100044268161582,1.0,-12.865402369470758,1.0,0,0
40,2025-07-28 22:44:10.414645,6.8969234332144875,7.031454085545398,58.1459980347867,58.163248968329434,58.146057789382134,58.326421012699385,58.14607789530621,58.14599803567539,58.163249005486634,0.0,0.0,0.0,0.0,-0.2972204498519204,1.0,-12.427181476937221,1.0,0,0
41,2025-07-28 22:44:22.391347,6.8711973994952364,6.9904900440760604,58.11690264691351,58.13164429889852,58.11718494564045,58.285458354756905,58.117220417053986,58.116902648968455,58.13164433488944,0.0,0.0,0.0,0.0,-0.6872735792740059,1.0,-12.037119655587958,1.0,0,0
42,2025-07-28 22:44:33.692659,6.844536988245365,6.9504603829796086,58.08703678091894,58.099704954473246,58.08763755488977,58.24542990339906,58.08769001031933,58.087036784008575,58.099704989429476,0.0,0.0,0.0,0.0,-1.0333223787029056,1.0,-11.691070856159058,1.0,0,0
43,2025-07-28 22:44:44.868097,6.817044076375869,6.911263230014145,58.05654372050167,58.067498389337864,58.05751526797738,58.20623380660297,58.057585327398805,58.05654372450685,58.067498423378545,0.0,0.0,0.0,0.0,-1.339527383947825,1.0,-11.384865850914139,1.0,0,0
44,2025-07-28 22:44:56.522978,6.788811813454534,6.872805418835208,58.025538921960155,58.035077285864254,58.02690427410637,58.16777691607577,58.02699184956836,58.02553892677318,58.035077319097105,0.0,0.0,0.0,0.0,-1.6097101456580276,1.0,-11.114688883822055,1.0,0,0
45,2025-07-28 22:45:08.151833,6.759925051036635,6.835002106294769,57.99411642920762,58.00248353085115,57.995878557675056,58.1299744048259,57.995983071476296,57.99411643473147,58.00248356337316,0.0,0.0,0.0,0.0,-1.847443045903674,1.0,-10.87694729164923,1.0,0,0
46,2025-07-28 22:45:18.979877,6.730460690985785,6.79777639780781,57.9623530050098,57.96975060550667,57.964501334676065,58.09274939271766,57.96462188504475,57.96235301115749,57.969750637404836,0.0,0.0,0.0,0.0,-2.056086963193593,1.0,-10.668303374359311,1.0,0,0
47,2025-07-28 22:45:30.408116,6.700488075756897,6.761058942139043,57.9303113987059,57.93690551392368,57.93282650333032,58.056032541430746,57.93296198917981,57.93031140539975,57.93690554527569,0.0,0.0,0.0,0.0,-2.2387478128393923,1.0,-10.485642524713512,1.0,0,0
48,2025-07-28 22:45:41.946214,6.670069447157121,6.724787504037673,57.72457073069636,57.73195952797802,57.74117319343421,58.01971935282009,57.74193303367649,57.72457074924162,57.73195957845342,0.0,0.0,0.0,0.0,-6.202443341862818,1.0,-16.881437786651077,1.0,0,0
49,2025-07-28 22:45:52.765859,6.6096090861821715,6.664260339428941,57.6640849888029,57.67146860190646,57.680693135369374,57.95919219415863,57.68145319236131,57.66408500735159,57.67146865237841,0.0,0.0,0.0,0.0,-6.203587778941255,1.0,-16.88028465764546,1.0,0,0
50,2025-07-28 22:46:03.528154,6.549145875749427,6.603736027458912,57.603598571409606,57.61097745967591,57.620211914176615,57.89866788762971,57.62097216929487,57.603598589961436,57.61097751014473,0.0,0.0,0.0,0.0,-6.204639502129794,1.0,-16.87923872907504,1.0,0,0
51,2025-07-28 22:46:15.323888,6.488680059400376,6.543214324947543,57.543111532601365,57.55048609517309,57.55972962638823,57.83814619009532,57.56049006271515,57.54311155115606,57.55048614563905,0.0,0.0,0.0,0.0,-6.205595614119375,1.0,-16.8782797197764,1.0,0,0
52,2025-07-28 22:46:27.220299,6.428211859939486,6.482695009387739,57.482623880213886,57.48999448557834,57.49924633850551,57.77762687908313,57.50000694083918,57.4826238987712,57.48999453604166,0.0,0.0,0.0,0.0,-6.206473498764353,1.0,-16.877396040513304,1.0,0,0
53,2025-07-28 22:46:38.758792,6.3677414775351355,6.422177874923981,57.42213567230902,57.429502675862835,57.438762137646016,57.717109748776494,57.43952289202527,57.42213569086874,57.42950272632376,0.0,0.0,0.0,0.0,-6.2072789506828485,1.0,-16.876596383212927,1.0,0,0
54,2025-07-28 22:46:49.835156,6.3072690959820505,6.36166273432965,57.36164709373437,57.369010768265674,57.378277175845234,57.65659461199349,57.37903806865573,57.36164711229628,57.36901081872441,0.0,0.0,0.0,0.0,-6.20801196987486,1.0,-16.875863364020915,1.0,0,0
55,2025-07-28 22:47:01.686147,6.246794894464898,6.3011494218029505,57.30115804867156,57.30851871585538,57.317791451904625,57.59608130295264,57.31855247151449,57.301158067235484,57.308518766312105,0.0,0.0,0.0,0.0,-6.208684145576626,1.0,-16.87519118831915,1.0,0,0
56,2025-07-28 22:47:13.278833,6.186319026058918,6.240637781273741,57.24066852092951,57.24802639734967,57.25730499944427,57.53556966559982,57.25806613553425,57.240668539495296,57.24802644780454,0.0,0.0,0.0,0.0,-6.209304169715324,1.0,-16.87457406148951,1.0,0,0
57,2025-07-28 22:47:24.445445,6.1258416265481985,6.180127664340013,57.18017873873942,57.18753409345886,57.196817979999174,57.47505955158562,57.197579221965285,57.18017875730686,57.187534143912046,0.0,0.0,0.0,0.0,-6.209860453054716,1.0,-16.87400908622294,1.0,0,0
58,2025-07-28 22:47:35.060969,6.065362835433409,6.119618947825681,57.11968857245277,57.127041611185,57.13633036306772,57.41455083773563,57.13709170217532,57.119688591021756,57.12704166163666,0.0,0.0,0.0,0.0,-6.210373276758219,1.0,-16.873499159828498,1.0,0,0
59,2025-07-28 22:47:46.254967,6.004882767614636,6.05911150934583,57.05919813446505,57.06654906388283,57.07584224149291,57.35404340169713,57.076603669249145,57.059198153035425,57.0665491143331,0.0,0.0,0.0,0.0,-6.210839743516772,1.0,-16.873032693069945,1.0,0,0
60,2025-07-28 22:47:56.722835,5.944401534795489,5.998605241959023,56.65976682734621,56.67157848314738,56.704203314005746,57.29345520650436,56.70618754755222,56.65976685890361,56.67157855966991,0.0,0.0,0.0,0.0,-10.554334825201295,1.0,-25.592869649244676,1.0,0,0
61,2025-07-28 22:48:06.805665,5.847628764281425,5.905921305235267,67.34480203961473,62.37447055460773,57.525916122854014,57.20100289250532,57.49252159859795,67.34480145759989,62.37447031439755,0.0,0.0,311.1392442223749,1.0,194.65417937226448,1.0,80.3380139706178,1.0,0,0
62,2025-07-28 22:48:18.005127,5.924711867020217,5.972624601042603,67.360552595412,62.41216918413836,57.596401800946154,57.267705871972915,57.56333117795908,67.36055201515126,62.41216894465626,0.0,0.0,310.30908130733565,1.0,194.067520644694,1.0,80.09450383610783,1.0,0,0
63,2025-07-28 22:48:29.409313,6.001045595094432,6.0391881230154825,67.3762382385519,62.449778028388664,57.666343052323946,57.33426904722075,57.633587411260486,67.37623766003435,62.44977778963531,0.0,0.0,309.48233973701446,1.0,193.4845125265383,1.0,79.85077640341842,1.0,0,0
64,2025-07-28 22:48:40.120119,6.07664733998683,6.105598157789542,67.39185846136203,62.487289852309964,57.73574617685849,57.40067870704687,57.703297068531754,67.39185788457692,62.48728961428582,0.0,0.0,308.6590462692454,1.0,192.90509707161618,1.0,79.60689541334887,1.0,0,0
65,2025-07-28 22:48:51.672230,6.151533621078059,6.171841870865562,67.4074130368043,62.524699883259224,57.804617466081105,57.46692201900391,57.772466875091204,67.407412461741,62.524699645964546,0.0,0.0,307.8392128705045,1.0,192.32923951221892,1.0,79.36292460669847,1.0,0,0
66,2025-07-28 22:49:03.499174,6.225720152148991,6.2379072583208375,67.42290167691674,62.5620025850557,57.87296316969488,57.532986981057114,57.8411034826687,67.42290110356475,62.56200234849062,0.0,0.0,307.02285471837143,1.0,191.75689349140157,1.0,79.11891034041219,1.0,0,0
67,2025-07-28 22:49:15.369746,6.299221898122724,6.303783075413945,67.43832433010338,62.59919288721613,57.940789495008815,57.59886235022984,57.90921347105039,67.43832375845236,62.599192651380605,0.0,0.0,306.2099745323097,1.0,191.1880126522192,1.0,78.87491345798026,1.0,0,0
68,2025-07-28 22:49:26.053857,6.372053128458677,6.369458783744406,67.45368063973399,62.63626611635313,58.008102554074995,57.66453758977072,57.976803299950305,67.45368006977367,62.63626588124694,0.0,0.0,305.40059110919265,1.0,190.62255643234494,1.0,78.63098611096575,1.0,0,0
69,2025-07-28 22:49:37.102822,6.444227461009446,6.434924502110536,67.46897065042624,62.673217999496934,58.074908400507695,57.73000282002523,58.0438793456765,67.46897008214651,62.67321776511979,0.0,0.0,304.5947020973615,1.0,190.060484269452,1.0,78.38716016976832,1.0,0,0
70,2025-07-28 22:49:49.574360,6.515757907688483,6.500170963789613,67.484194203866,62.71004410770634,58.14121297938276,57.79524877571068,58.11044785537621,67.48419363725688,62.71004387405772,0.0,0.0,303.7923158410627,1.0,189.5017498065954,1.0,78.1435051698054,1.0,0,0
71,2025-07-28 22:50:01.124584,6.586656911130483,6.565189471648648,67.49935132993096,62.74674170880366,58.20702214598655,57.86026676107511,58.17651496627984,67.49935076498257,62.746741475882985,0.0,0.0,302.99343076553566,1.0,188.94632407068457,1.0,77.90004428954944,1.0,0,0
72,2025-07-28 22:50:12.712880,6.65693638132742,6.629971875061621,67.48905156055017,62.71354254311647,58.23798493792261,57.925040650971496,58.20821133128008,67.48905099695772,62.71354231272914,0.0,0.0,303.5362996447951,1.0,188.49283146209928,1.0,77.0527697147827,1.0,0,0
73,2025-07-28 22:50:24.234516,6.72209043383604,6.690797983082823,67.50318107111089,62.74798420394864,58.29888821211682,57.98586625037423,58.26934198790538,67.50318050905886,62.747983974247624,0.0,0.0,302.791576993345,1.0,187.97763775978638,1.0,76.82323330186591,1.0,0,0
74,2025-07-28 22:50:36.198456,6.7866901586264525,6.751380788727623,67.51724624728375,62.78228988634585,58.35934281888423,58.04644853598386,58.3300191114227,67.51724568676308,62.782289657330054,0.0,0.0,302.0502452078198,1.0,187.46548043736766,1.0,76.5940619498906,1.0,0,0
75,2025-07-28 22:50:47.005083,6.850745515537472,6.811713967357477,67.53124690234685,62.81645769333379,58.419354040820764,58.10678118416812,58.39024819523627,67.5312463433485,62.816457465002074,0.0,0.0,301.31231412975325,1.0,186.95633631637065,1.0,76.36527304271112,1.0,0,0
76,2025-07-28 22:50:59.020810,6.914266048071876,6.8717916119117755,67.54518344523322,62.850484434935154,58.478927050127595,58.16685828878844,58.45003460829479,67.54518288774834,62.85048420728627,0.0,0.0,300.5777622055526,1.0,186.4501590398504,1.0,76.13690134803619,1.0,0,0
77,2025-07-28 22:51:11.189277,6.977260911895769,6.931608196954247,67.55905561923016,62.8843677901609,58.53806684982655,58.22667432528657,58.50938354128263,67.55905506324999,62.88436756319346,0.0,0.0,299.8466029657475,1.0,185.9469138400982,1.0,75.90899322281075,1.0,0,0
78,2025-07-28 22:51:23.903963,7.039738890485911,6.991158561495731,67.57286372782691,62.918105721336325,58.59677835369085,58.28622413350481,58.56830008285384,67.57286317334277,62.91810549504893,0.0,0.0,299.1188204143641,1.0,185.44656594940534,1.0,75.68155446165292,1.0,0,0
79,2025-07-28 22:51:35.459375,7.101708420432022,7.050437890569702,57.715457406636965,57.72196846051532,57.77504445797828,58.34528321134965,57.77762974716005,57.71545744361129,57.72196853713345,0.0,0.0,0.0,0.0,-12.36602218000371,1.0,-25.6248443520235,1.0,0,0
80,2025-07-28 22:51:47.457811,6.996810607094695,6.956215823666353,57.61510017533051,57.6221497898146,57.67358662068246,58.25106019632273,57.67613050693621,57.61510021193431,57.62214986680327,0.0,0.0,0.0,0.0,-12.242098476917818,1.0,-25.748768055109394,1.0,0,0
81,2025-07-28 22:51:59.794780,6.8922241594972755,6.861682382156945,57.51476365660713,57.522336250657084,57.57222359718322,58.156525861960226,57.57472886180695,57.51476369286265,57.52233632799402,0.0,0.0,0.0,0.0,-12.125615063496298,1.0,-25.865245673912796,1.0,0,0
82,2025-07-28 22:52:11.312045,6.787930180711466,6.766856480504462,57.41444797822264,57.42252789309687,57.470950676475944,58.06169911931796,57.47341990597822,57.41444801415075,57.42252797076123,0.0,0.0,0.0,0.0,-12.016114164907776,1.0,-25.974755264428495,1.0,0,0
83,2025-07-28 22:52:22.666864,6.68391096028076,6.671755808006113,57.3141551678636,57.32272590393696,57.36976437642103,57.96659765460911,57.37219995839257,57.31415520348383,57.3227259819092,0.0,0.0,0.0,0.0,-11.913140903629937,1.0,-26.077722731088215,1.0,0,0
84,2025-07-28 22:52:34.660149,6.5801499637233345,6.576396919239313,56.56812389884109,56.58623132855708,56.676150113933986,57.87108215166649,56.680893870233824,56.568123949822485,56.58623144178568,0.0,0.0,0.0,0.0,-17.050669608806857,1.0,-37.86916796229889,1.0,0,0
85,2025-07-28 22:52:45.913714,6.430580153808132,6.438116539211703,56.423218694237654,56.44197928171795,56.53013448233627,57.73280076867362,56.53483638146853,56.4232187449353,56.441979395230284,0.0,0.0,0.0,0.0,-16.955765353259267,1.0,-37.96406642322836,1.0,0,0
86,2025-07-28 22:52:57.579548,6.281248055736245,6.299598455608652,56.27834096736971,56.29773555423325,56.384198522248624,57.59428172429779,56.388860520533726,56.27834101779578,56.29773566801714,0.0,0.0,0.0,0.0,-16.86494050886722,1.0,-38.054888370311346,1.0,0,0
87,2025-07-28 22:53:08.849956,6.1321433775151855,6.160852961265582,56.13348912575391,56.15349952134009,56.238338559438056,57.45553530952653,56.242962532740094,56.133489175920126,56.153499635383874,0.0,0.0,0.0,0.0,-16.778029929014338,1.0,-38.14180764209141,1.0,0,0
88,2025-07-28 22:53:21.730981,5.98325626222128,6.021889903027813,55.98866339149705,56.009271473962976,56.09255210552074,57.31657136947873,56.09713983083471,55.98866344141452,56.00927158825548,0.0,0.0,0.0,0.0,-16.6948423913027,1.0,-38.224992282493986,1.0,0,0
89,2025-07-28 22:53:32.776356,5.83457731025152,5.8827186810174705,67.09431453328283,61.64779368761193,57.226270940482074,57.177734718695476,57.197545026631445,67.09431394969643,61.647793465628176,0.0,0.0,324.3416633061095,1.0,195.1797802087185,1.0,74.24220319137476,1.0,0,0
90,2025-07-28 22:53:44.046385,5.866397915563351,5.910431335078328,67.10097609565666,61.66409115409125,57.256203613966,57.20544743640393,57.227653430491,67.10097551281379,61.664090932413785,0.0,0.0,323.99055302719984,1.0,194.93110996677387,1.0,74.1397659322729,1.0,0,0
91,2025-07-28 22:53:55.623465,5.897783149283967,5.938203319962125,67.10760300091901,61.680398139027105,57.28585447757672,57.2332194536311,57.25746700421097,67.10760241881255,61.680397917657594,0.0,0.0,323.6412694170782,1.0,194.684821312876,1.0,74.03677238983164,1.0,0,0
92,2025-07-28 22:54:07.397334,5.92876416858345,5.966005413342999,67.11419477001895,61.69670235635485,57.31523243535223,57.2610215526509,57.28699647444714,67.11419418864206,61.69670213529457,0.0,0.0,323.2938377250354,1.0,194.4408157385169,1.0,73.9333500456496,1.0,0,0
93,2025-07-28 22:54:18.532687,5.959367831902965,5.993812753159654,67.12075067786472,61.71299119644775,57.344346314791096,57.28882887518573,57.31625215626728,67.12075009721087,61.712990975697615,0.0,0.0,322.94829616840536,1.0,194.19899473518853,1.0,73.82962348401634,1.0,0,0
94,2025-07-28 22:54:30.174390,5.989617478302836,6.021604011343531,67.12727078847193,61.72925536719813,57.37320466580798,57.31662009635594,57.345243828126215,67.12727020853487,61.729255146758746,0.0,0.0,322.6046413731261,1.0,193.959265589001,1.0,73.72569121343986,1.0,0,0
95,2025-07-28 22:54:42.545795,6.0195335318581105,6.049360799682877,67.13375462699769,61.7454856952884,57.40181559884324,57.344376830636,57.373980630751255,67.13375404777133,61.74548547516011,0.0,0.0,322.2628983666901,1.0,193.72157035377313,1.0,73.62164884511913,1.0,0,0
96,2025-07-28 22:54:54.402191,6.049133964743465,6.077067178420243,67.1329192767264,61.73935080753879,57.42464246814992,57.37208181452448,57.39708355169351,67.13291869826091,61.73935058832602,0.0,0.0,322.3069270870233,1.0,193.4670996990917,1.0,73.31545253180138,1.0,0,0
97,2025-07-28 22:55:05.200343,6.076941050261189,6.103444652108477,67.13902522538687,61.754766882046944,57.45140666810582,57.39845920832427,57.4239534761811,67.13902464758637,61.75476666313143,0.0,0.0,321.9851014826267,1.0,193.244696461079,1.0,73.21603426873935,1.0,0,0
98,2025-07-28 22:55:16.745592,6.104481298407729,6.129744286626556,67.14509646154688,61.77012989912912,57.47795784980233,57.4247587529919,57.450605498954744,67.14509588440625,61.770129680510536,0.0,0.0,321.6651054663988,1.0,193.0240026354113,1.0,73.11672610342157,1.0,0,0
99,2025-07-28 22:55:28.331836,6.131766593732483,6.155956140543715,67.15113331418871,61.7854357889523,57.50430193753587,57.45097050849961,57.4770460783181,67.15113273770301,61.78543557063015,0.0,0.0,321.34692169870914,1.0,192.80496027590743,1.0,73.01758598202923,1.0,0,0
100,2025-07-28 22:55:40.009787,6.158807527626722,6.182071563739615,67.15713599633268,61.8006810940111,57.53044438275846,57.477085825947775,57.50328112902465,67.15713542049717,61.80068087598476,0.0,0.0,321.03053895191357,1.0,192.58750564176808,1.0,72.9186515695801,1.0,0,0
101,2025-07-28 22:55:52.425425,6.185613567066151,6.20808302617761,67.163104648335,61.815861801556586,57.55639020126055,57.50309717635466,57.52931607045682,67.163104073145,61.815861583825324,0.0,0.0,320.7159498282738,1.0,192.37160975990264,1.0,72.81996342840102,1.0,0,0
102,2025-07-28 22:56:04.854008,6.212193197433735,6.233983963070614,67.16903932505443,61.830975018105505,57.58214400380322,57.52899799586227,57.55515586671263,67.16903875050548,61.830974800668464,0.0,0.0,320.4031514363543,1.0,192.15722047874806,1.0,72.72156212081882,1.0,0,0
103,2025-07-28 22:56:17.226263,6.23855404298067,6.259768659330211,67.17494041749548,61.84601860593804,57.607710043420454,57.55478257020179,57.58080507975388,67.17493984358318,61.84601838879431,0.0,0.0,320.0921231675219,1.0,191.94429144135938,1.0,72.62346503068784,1.0,0,0
104,2025-07-28 22:56:27.669577,6.264702973759615,6.2854321499182495,67.18080791876572,61.86098984302166,57.63309222577212,57.5804459350455,57.60626788840132,67.1808073454858,61.860989626170216,0.0,0.0,319.78286538505495,1.0,191.7327878800279,1.0,72.52570982302586,1.0,0,0
105,2025-07-28 22:56:39.058397,6.290646191643719,6.310970119962666,67.18664208765793,61.87588754962006,57.658294155896975,57.60598377615945,57.63154813802992,67.18664151500622,61.87588733305986,0.0,0.0,319.4753644487881,1.0,191.52268661628113,1.0,72.42830518976007,1.0,0,0
106,2025-07-28 22:56:50.576788,6.316389309727514,6.3363788408314825,67.19244326329655,61.89070936703691,57.68331916396908,57.63139236546026,57.65664937097416,67.192442691269,61.8907091507668,0.0,0.0,319.1696024845251,1.0,191.31394129317414,1.0,72.3312830012901,1.0,0,0
107,2025-07-28 22:57:01.516966,6.341937420610631,6.361655088428389,67.19821142682349,61.90545450419856,57.70817031441224,57.65666847934759,57.68157484108543,67.19821085541605,61.90545428821735,0.0,0.0,318.86558048621674,1.0,191.10654032147067,1.0,72.23466064147033,1.0,0,0
108,2025-07-28 22:57:13.115391,6.367295151376622,6.386796097620029,67.38052976984646,62.43770294780515,57.9095039955948,57.68185067991039,57.87934047418814,67.38052919905753,62.43770271826736,0.0,0.0,309.2561464410227,1.0,190.89968404387037,1.0,76.76864220456991,1.0,0,0
109,2025-07-28 22:57:23.488423,6.426858683229408,6.440485266877104,67.39319208300996,62.468402698169726,57.96501160764716,57.73553957413418,57.935082697168184,67.39319151361671,62.46840246923171,0.0,0.0,308.5887552110088,1.0,190.43289858132084,1.0,76.56804701184683,1.0,0,0
110,2025-07-28 22:57:34.856021,6.485853661255432,6.494028190296615,67.40579474704975,62.499010201563635,58.02008442542424,57.78908220245191,57.990383363709945,67.40579417904289,62.49900997322535,0.0,0.0,307.92450790118806,1.0,189.96922482870104,1.0,76.36747210028716,1.0,0,0
111,2025-07-28 22:57:46.755444,6.544294506907343,6.547413817240273,67.4183375425959,62.529520590755475,58.07472885063942,57.84246751590033,58.04524926964964,67.41833697596621,62.52952036301666,0.0,0.0,307.26341607386763,1.0,189.50862801830226,1.0,76.16697831338115,1.0,0,0
112,2025-07-28 22:57:57.330141,6.602194829825974,6.60063190982719,67.43082054810968,62.55992907675983,58.12895115194316,57.8956852781424,58.0996870451799,67.43081998284816,62.55992884962009,0.0,0.0,306.60547559359884,1.0,189.0510444093252,1.0,75.96661490538281,1.0,0,0
113,2025-07-28 22:58:08.643382,6.659567492991028,6.653672975880568,67.44324382030815,62.59023191043194,58.18275743881215,57.9487259984424,58.153703133261445,67.44324325640589,62.59023168389077,0.0,0.0,305.95068347099897,1.0,188.59644502867923,1.0,75.76642533592803,1.0,0,0
114,2025-07-28 22:58:20.158396,6.716424668482836,6.706528217435617,67.4556073918142,62.62042517802239,58.23615365749704,58.00158088016339,58.20730378837716,67.45560682926248,62.62042495207912,0.0,0.0,305.2990379866195,1.0,188.14476034094696,1.0,75.56645885927082,1.0,0,0
115,2025-07-28 22:58:31.777753,6.772777887801704,6.759189473925848,67.46791144567837,62.65050505377492,58.28914559789898,58.054241763968754,58.260495085338256,67.46791088446855,62.650504828428765,0.0,0.0,304.6505294924342,1.0,187.6959613730378,1.0,75.36675603773801,1.0,0,0
116,2025-07-28 22:58:43.938198,6.82863808871984,6.811649173610121,67.48015586375574,62.68046871539334,58.341738866144574,58.10670107927231,58.31328289569982,67.48015530387937,62.68046849064339,0.0,0.0,304.0051642154948,1.0,187.24999017877053,1.0,75.16735453634737,1.0,0,0
117,2025-07-28 22:58:55.895721,6.884015653774939,6.863900297572155,67.49234082065736,62.71031231878178,58.39393892013835,58.15895180821177,58.36567292299345,67.49234026210605,62.71031209462703,0.0,0.0,303.3629329525939,1.0,186.8068235796727,1.0,74.96829202011668,1.0,0,0
118,2025-07-28 22:59:08.145807,6.9389204505507385,6.915936329533809,67.5044665206467,62.74003369913611,58.44575105511831,58.210987435516,58.417670691087274,67.50446596341224,62.74003347557544,0.0,0.0,302.7238249376374,1.0,186.36640362956314,1.0,74.76960325675464,1.0,0,0
119,2025-07-28 22:59:19.151580,6.993361865911183,6.967751234979872,67.51653291341631,62.76963012820471,58.49718039192292,58.26280192759465,58.469281534811,67.51653235749059,62.7696299052369,0.0,0.0,302.08784282217744,1.0,185.92870135535122,1.0,74.57132301396996,1.0,0,0
120,2025-07-28 22:59:30.470721,7.047348835145306,7.019339421027275,67.64219325254926,63.11018949869646,58.69711067395635,58.31442428170261,58.667220141499925,67.64219269909987,63.110189268120514,0.0,0.0,295.4646763268432,1.0,185.10049397150397,1.0,77.11584992762255,1.0,0,0
121,2025-07-28 22:59:43.253201,7.1214050338140416,7.087474692741518,57.886826744321304,57.89222061534236,57.93274387643228,58.382353315931695,57.93473970224806,57.88682677644218,57.89222068263427,0.0,0.0,0.0,0.0,-10.742787395656705,1.0,-22.505699927251044,1.0,0,0
122,2025-07-28 22:59:54.239613,7.029801808786354,7.004814382413032,57.799009099600596,57.8048651488249,57.84401115345141,58.299692211347796,57.84597255246933,57.799009131374234,57.80486521646406,0.0,0.0,0.0,0.0,-10.626654556631365,1.0,-22.621835663585443,1.0,0,0
123,2025-07-28 23:00:06.223920,6.938490213379559,6.92186244463416,57.711212048661736,57.71751491823927,57.755368130613924,58.216739531056916,57.75729768675483,57.71121208011144,57.717514986202325,0.0,0.0,0.0,0.0,-10.518315478975637,1.0,-22.730163152004934,1.0,0,0
124,2025-07-28 23:00:17.845381,6.847450462819965,6.8386386658900795,57.623437282107595,57.630170698963674,57.66681062895045,58.13351505803102,57.66871070710875,57.623437313255046,57.630170767229004,0.0,0.0,0.0,0.0,-10.417228365895426,1.0,-22.831258957012324,1.0,0,0
125,2025-07-28 23:00:28.892665,6.756664213464604,6.755161386374341,57.535686107177106,57.5428332139155,57.578334594496006,58.0500371292245,57.580207361364835,57.53568613804239,57.54283328246298,0.0,0.0,0.0,0.0,-10.322857215214754,1.0,-22.925624313074877,1.0,0,0
126,2025-07-28 23:00:41.255562,6.666114452101516,6.671447625593697,57.44795919675748,57.4555027686737,57.489935952008004,57.966322761114455,57.4917833965421,57.44795922735932,57.45550283748462,0.0,0.0,0.0,0.0,-10.234750046720364,1.0,-23.013731481569266,1.0,0,0
127,2025-07-28 23:00:53.459207,6.575785377999165,6.58751318052879,57.3602569214222,57.36817968385418,57.40161075223979,57.88238774788194,57.40343470230618,57.36025695177797,57.36817975291116,0.0,0.0,0.0,0.0,-10.152451982889943,1.0,-23.09602664809063,1.0,0,0
128,2025-07-28 23:01:04.988094,6.4856623089971555,6.503372727975975,57.27257944978615,57.28086413796033,57.31335520811041,57.79824676372388,57.31515734504742,57.27257947991207,57.28086420724717,0.0,0.0,0.0,0.0,-10.075577681618597,1.0,-23.172903846671034,1.0,0,0
129,2025-07-28 23:01:16.791856,6.395731598368376,6.419039913187221,57.18492678958769,57.19355643705945,57.225165701188686,57.71391345149454,57.226947572833495,57.184926819498784,57.19355650656111,0.0,0.0,0.0,0.0,-10.003730211565198,1.0,-23.244748419415373,1.0,0,0
130,2025-07-28 23:01:27.233278,6.305980558694702,6.334527436659904,57.0972984481195,57.106256310214256,57.13703858876936,57.629400509413536,57.13880162341578,57.097298477829845,57.106256379916665,0.0,0.0,0.0,0.0,-9.93659086873322,1.0,-23.311887762247352,1.0,0,0
131,2025-07-28 23:01:39.728814,6.21639737172952,6.249847109350932,57.00969401046453,57.018963822323826,57.048970483319366,57.54471974635421,57.05071599900879,57.00969403998718,57.018963892213925,0.0,0.0,0.0,0.0,-9.8738148733446,1.0,-23.374660860326912,1.0,0,0
132,2025-07-28 23:01:51.663191,6.126971034731226,6.165009932983925,56.80037284645684,56.81162167272001,56.84924348105179,57.45985276729326,56.85141330849577,56.80037287967729,56.81162175097686,0.0,0.0,0.0,0.0,-11.110542834558146,1.0,-26.17291092292362,1.0,0,0
133,2025-07-28 23:02:03.306814,6.026595734816663,6.06997307309113,56.70214875001671,56.713739190492085,56.750515856607734,57.3648154329152,56.75266665492084,56.70214878305192,56.713739268934205,0.0,0.0,0.0,0.0,-11.048586777633318,1.0,-26.234872774466567,1.0,0,0
134,2025-07-28 23:02:14.181228,5.9263752447571765,5.974781397587368,56.60394826310383,56.61586447633144,56.651843582873575,57.26962331044314,56.65397654774345,56.603948295964656,56.61586455494792,0.0,0.0,0.0,0.0,-10.990263946268897,1.0,-26.29318981121287,1.0,0,0
135,2025-07-28 23:02:26.103794,5.8263004100648725,5.879444080680973,67.32370391472931,62.31602173799662,57.48199403300063,57.174521043155586,57.44887220034506,67.32370333198436,62.316021498588995,0.0,0.0,312.25126090814626,1.0,194.89835878516715,1.0,80.06959856743379,1.0,0,0
136,2025-07-28 23:02:37.804846,5.900688088090589,5.9440783678010956,67.33894060078782,62.35261337109521,57.550188815091744,57.23915503062143,57.517378814083706,67.3389400197381,62.35261313239354,0.0,0.0,311.44818247226925,1.0,194.33139016996392,1.0,79.83349105757043,1.0,0,0
137,2025-07-28 23:02:48.651316,5.974351637113219,6.00857665045379,67.35411328374023,62.38911608726708,57.617855346999086,57.30365298427285,57.58534845314621,67.35411270437511,62.38911584927193,0.0,0.0,310.6484774414842,1.0,193.76797945028557,1.0,79.59719522261821,1.0,0,0
138,2025-07-28 23:02:59.918241,6.047308276939476,6.072925326988665,67.36922148322532,62.425524534278125,57.68499999162552,57.36800130462584,57.65278795105764,67.3692209055342,62.425524296989906,0.0,0.0,309.8521711341414,1.0,193.20810924227771,1.0,79.3607632141402,1.0,0,0
139,2025-07-28 23:03:12.387069,6.1195743417371755,6.13711170281373,67.38426502149696,62.46183268046511,57.75162909468367,57.43218729907909,57.71970408683796,67.38426444546946,62.46183244388402,0.0,0.0,309.05927291868596,1.0,192.65171580514107,1.0,79.12426456755384,1.0,0,0
140,2025-07-28 23:03:23.471951,6.191165349070012,6.201123911164501,67.39924365373025,62.498035332830575,57.81774894268585,57.496199102728085,57.78610354816234,67.39924307935611,62.49803509695669,0.0,0.0,308.2697956990793,1.0,192.09875278193067,1.0,78.88774274249499,1.0,0,0
141,2025-07-28 23:03:35.433743,6.262096058110836,6.264950854907452,67.41415717140022,62.53412749396347,57.88336575197887,57.56002562016914,57.851992923251345,67.41415659866924,62.53412725879669,0.0,0.0,307.4837504660264,1.0,191.54920278879217,1.0,78.6512527878358,1.0,0,0
142,2025-07-28 23:03:46.903338,6.332380522955879,6.328582149133355,67.42900554280591,62.57010516523738,57.94848566397694,57.623656468121624,57.91737869846918,67.4290049717081,62.57010493077744,0.0,0.0,306.70113889038356,1.0,191.00299049569003,1.0,78.41484975244839,1.0,0,0
143,2025-07-28 23:03:59.199242,6.40203214198506,6.392008077352943,67.44378872992358,62.60596318650667,58.013114723409394,57.68708193158951,57.98226723968035,67.44378816044903,62.60596295275319,0.0,0.0,305.92196297626884,1.0,190.46009272415176,1.0,78.17857709596865,1.0,0,0
144,2025-07-28 23:04:10.349610,6.4710637013029,6.455219532286332,67.51959191425459,62.808368923610765,58.164107130488894,57.75031304325223,58.132392845737364,67.51959134723613,62.80836868630904,0.0,0.0,301.926612381443,1.0,189.63865345426711,1.0,79.36528011896371,1.0,0,0
145,2025-07-28 23:04:22.151061,6.550081333592207,6.5270211814955434,67.53633351047476,62.84863626172727,58.23694638674573,57.822114074080744,58.20552266237434,67.53633294529469,62.84863602522554,0.0,0.0,301.0442148013548,1.0,189.02380970416743,1.0,79.09772521657032,1.0,0,0
146,2025-07-28 23:04:32.807341,6.628410655582381,6.598566056214269,67.55300577219519,62.888761116634726,58.309247216879236,57.8936583134053,58.27810787280524,67.5530052088432,62.88876088093236,0.0,0.0,300.1654716275731,1.0,188.41240795723024,1.0,78.83037892042921,1.0,0,0
147,2025-07-28 23:04:44.829738,6.706063469200673,6.669846273088288,67.56960840039973,62.92874132438857,58.38101527759158,57.96493787915202,58.350154381637864,67.56960783886556,62.928741089484824,0.0,0.0,299.29039862030953,1.0,187.80444241883743,1.0,78.5632817928672,1.0,0,0
148,2025-07-28 23:04:56.203324,6.783051126904282,6.740854407463176,67.58614149473453,62.9685727512316,58.45225613782251,58.035945347833255,58.42166799052763,67.58614093500809,62.968572517125615,0.0,0.0,298.41899052752586,1.0,187.19984934818967,1.0,78.296468601593,1.0,0,0
149,2025-07-28 23:05:08.415332,6.859384561424748,6.8115834512278735,67.60260479205257,63.008252930999504,58.522975245495324,58.10667371247132,58.4926543685891,67.60260423412385,63.00825269769035,0.0,0.0,297.55126121888384,1.0,186.5986055668145,1.0,78.02996831969722,1.0,0,0
150,2025-07-28 23:05:19.593549,6.935074304556851,6.88202680242406,67.61899869376406,63.04777870647105,58.59317800388056,58.17711637216539,58.563119125814396,67.6189981376231,63.04777847395765,0.0,0.0,296.6871895372977,1.0,186.00068789623947,1.0,77.76383309874291,1.0,0,0
151,2025-07-28 23:05:31.078626,7.0101305137244685,6.952178237055316,67.63532277571463,63.0871475243977,58.66286965943354,58.247267103925715,58.633067707331165,67.63532222135164,63.087147292678914,0.0,0.0,295.8267978386272,1.0,185.40604418490148,1.0,77.49807452796631,1.0,0,0
152,2025-07-28 23:05:42.624851,7.0845629837003585,7.022031891330503,57.84699328457234,57.85089803303361,57.89514457478656,58.31691530123658,57.89721949140218,57.84699331752796,57.850898098517085,0.0,0.0,0.0,0.0,-11.021969199305204,1.0,-21.900872174569486,1.0,0,0
153,2025-07-28 23:05:54.806637,6.992890126587642,6.941148029051615,57.75999231363266,57.76438978012534,57.80699893509094,58.23603048092892,57.80903084709849,57.75999234616282,57.764389846034284,0.0,0.0,0.0,0.0,-10.879673659474065,1.0,-22.043167714400624,1.0,0,0
154,2025-07-28 23:06:05.778569,6.901575439784036,6.859905988809167,57.673003112215206,57.67788302357678,57.71895506249907,58.154787546210784,57.720947333551706,57.67300314434924,57.677883089881874,0.0,0.0,0.0,0.0,-10.747188408117836,1.0,-22.175658760374972,1.0,0,0
155,2025-07-28 23:06:17.423344,6.810593970446434,6.778330725805158,57.586029403911105,57.59137946924253,57.63100870155302,58.0732114478744,57.63296439786652,57.58602943567608,57.59137953591668,0.0,0.0,0.0,0.0,-10.62375724757203,1.0,-22.29908992092078,1.0,0,0
156,2025-07-28 23:06:28.619875,6.719922660296258,6.696445316797898,57.580651212724334,57.585322855542636,57.61801099845697,57.99134495301831,57.61963754273151,57.58065124146014,57.585322916330064,0.0,0.0,0.0,0.0,-9.610655188794226,1.0,-20.330284393139664,1.0,0,0
157,2025-07-28 23:06:40.446524,6.637591616808684,6.621848739159757,57.501579562174,57.50665991530397,57.53815363712031,57.916747688418205,57.539750612097194,57.50157959058188,57.50665997641932,0.0,0.0,0.0,0.0,-9.500983348971204,1.0,-20.439956232962686,1.0,0,0
158,2025-07-28 23:06:52.383460,6.555535840743479,6.54697689776458,57.422529604441316,57.428002755143886,57.4583823335412,57.84187520890139,57.4599521463909,57.422529632545285,57.42800281656316,0.0,0.0,0.0,0.0,-9.3993399525516,1.0,-20.54160252669135,1.0,0,0
159,2025-07-28 23:07:03.334300,6.473734992882722,6.471850131541291,57.343502692279834,57.349351993331574,57.37869255106069,57.766747849783044,57.380237389220945,57.34350272010203,57.34935205503262,0.0,0.0,0.0,0.0,-9.305102078087657,1.0,-20.635840401155292,1.0,0,0
160,2025-07-28 23:07:14.722954,6.39217033991746,6.396487166913125,57.264499814118686,57.27070826802254,57.29907993532578,57.691384334179816,57.30060178855617,57.26449984167954,57.27070832998492,0.0,0.0,0.0,0.0,-9.217693161076568,1.0,-20.723243523548263,1.0,0,0
161,2025-07-28 23:07:26.488828,6.3108246211566446,6.320905268041823,57.185521496283116,57.192071956239275,57.21954023887826,57.6158019231994,57.22104092004674,57.18552152360147,57.19207201844413,0.0,0.0,0.0,0.0,-9.136591685887652,1.0,-20.80433920411906,1.0,0,0
162,2025-07-28 23:07:38.040237,6.229681918747298,6.245120362003058,57.10656762510083,57.113443043714014,57.140069202011894,57.540016541071175,57.141550366978464,57.106567652194144,57.113443106143926,0.0,0.0,0.0,0.0,-9.061328288453296,1.0,-20.879611293480593,1.0,0,0
163,2025-07-28 23:07:49.840224,6.1487275251893765,6.169147142198408,57.02763831511703,57.034821893665665,57.06066297622383,57.46404287862295,57.06212613658377,57.02763834200138,57.034821956304505,0.0,0.0,0.0,0.0,-8.991439399324008,1.0,-20.949485696064585,1.0,0,0
164,2025-07-28 23:08:01.080741,6.067947870223247,6.0929991939715435,56.948732925871056,56.95620818515178,56.981317601655974,57.387894518758245,56.98276414218902,56.94873295256143,56.95620824798463,0.0,0.0,0.0,0.0,-8.92656285486737,1.0,-21.0143709324484,1.0,0,0
165,2025-07-28 23:08:12.322086,5.987330394384808,6.016689062466464,56.86985116462469,56.87760213201864,56.902029551011616,57.311584004427466,56.90346073887535,56.869851191134856,56.87760219503169,0.0,0.0,0.0,0.0,-8.866293031815076,1.0,-21.074640755500695,1.0,0,0
166,2025-07-28 23:08:24.558347,5.906863495932539,5.940228362642989,67.44409941440409,62.63730685660598,57.711382972738036,57.235342056158956,57.67687251143609,67.44409883515277,62.63730661072415,0.0,0.0,305.90558776149385,1.0,193.72992039848214,1.0,82.23488800638279,1.0,0,0
167,2025-07-28 23:08:36.058426,5.997781002814663,6.020020894703298,67.46270827446402,62.681743052576806,57.7940710428914,57.315133971770585,57.75991886105593,67.46270769727506,62.68174280756522,0.0,0.0,304.9247724993706,1.0,193.04016382534428,1.0,81.94383303020913,1.0,0,0
168,2025-07-28 23:08:47.115260,6.087881910034771,6.099579529423616,67.38921424514196,62.47589094633691,57.7380750458193,57.394659986120956,57.705893150289754,67.38921366851723,62.47589070844872,0.0,0.0,308.79841470001685,1.0,192.85146208630977,1.0,79.5614221476626,1.0,0,0
169,2025-07-28 23:08:58.381780,6.161708662621299,6.1657821295775745,67.40465131757293,62.51323253449041,57.80620895264508,57.46086213367812,57.77431184060903,67.40465074265043,62.513232297332756,0.0,0.0,307.9847745203377,1.0,192.2821524453866,1.0,79.31709786930696,1.0,0,0
170,2025-07-28 23:09:09.606540,6.234865324406984,6.231783381942753,67.42002179546473,62.55045665441445,57.87382907274073,57.52686291268865,57.84220987589447,67.42002122223421,62.55045641798712,0.0,0.0,307.17464433214343,1.0,191.7162732183897,1.0,79.0728402290597,1.0,0,0
171,2025-07-28 23:09:21.411965,6.307365440925359,6.297573490691769,67.43532628975106,62.58755893620493,57.94094190629613,57.592652528873366,57.90959406978974,67.43532571820244,62.587558700507564,0.0,0.0,306.36799193501656,1.0,191.15376645913784,1.0,78.82870717310198,1.0,0,0
172,2025-07-28 23:09:33.111438,6.379221930774156,6.36314327248804,67.4505644895868,62.62453557649699,58.00755335823936,57.65822180033413,57.97647062723867,67.45056391971013,62.62453534152911,0.0,0.0,305.5648337126407,1.0,190.59457422144988,1.0,78.58473057183346,1.0,0,0
173,2025-07-28 23:09:45.101283,6.450447149567125,6.428484110863472,67.46573627995075,62.66138251761513,58.07366924482744,57.72356211194353,58.04284564458541,67.4657357117362,62.66138228337611,0.0,0.0,304.76517572742284,1.0,190.03868491608955,1.0,78.34096257681722,1.0,0,0
174,2025-07-28 23:09:57.171646,6.521052926071383,6.493587915816663,67.48084188041366,62.69809700770811,58.13929529859935,57.78866537498304,58.10872511572569,67.48084131385151,62.698096774197225,0.0,0.0,303.96900640647266,1.0,189.4860463914938,1.0,78.09743795576196,1.0,0,0
175,2025-07-28 23:10:09.159346,6.591050596553689,6.558447101466809,67.49588118555984,62.734674876756266,58.20443712172271,57.85352400474375,58.17411488923281,67.4958806206405,62.73467464397265,0.0,0.0,303.1763313059235,1.0,188.93660649609956,1.0,77.85420306561264,1.0,0,0
176,2025-07-28 23:10:22.845618,6.660451031012397,6.623054539740958,67.51085396182606,62.77111312641687,58.26910019268949,57.918130874274446,58.23902067576328,67.51085339854004,62.771112894359575,0.0,0.0,302.3871627361678,1.0,188.39034784605246,1.0,77.61128687945984,1.0,0,0
177,2025-07-28 23:10:35.915063,6.729264658502132,6.687403541465389,67.52576067870403,62.80740932548599,58.333289924071224,57.98247929546899,58.30344810386585,67.52576011704194,62.807409094153954,0.0,0.0,301.6014759517553,1.0,187.84722408440757,1.0,77.36872706232134,1.0,0,0
178,2025-07-28 23:10:49.016458,6.79750149794822,6.751487835694555,67.54060099505583,62.84356065024085,58.39701156039734,58.046562998373155,58.36740262442491,67.54060043500836,62.843560419632915,0.0,0.0,300.8192889330065,1.0,187.3072120326924,1.0,77.12655258728773,1.0,0,0
179,2025-07-28 23:11:00.785016,6.865171173771977,6.81530153893374,67.55537507130559,62.87956417491667,58.460270264064384,58.110376100423906,58.43088959273681,67.5553745128636,62.87956394503159,0.0,0.0,300.0405932244617,1.0,186.77026533396202,1.0,76.88479532475867,1.0,0,0
180,2025-07-28 23:11:13.446648,6.932282941420828,6.8788391317847815,67.638378207575,63.09967761476762,58.6197682277452,58.17393557881223,58.58934031580462,67.63837765167398,63.09967738083815,0.0,0.0,295.66575550764236,1.0,185.920438229914,1.0,78.23743303219999,1.0,0,0
181,2025-07-28 23:11:26.700003,7.010801718434334,6.951849415153149,67.65538825524308,63.140546787926915,58.69244044890553,58.24694511724453,58.66228391380134,67.6553877011973,63.14054655482287,0.0,0.0,294.76920868485956,1.0,185.29995631638485,1.0,77.9613716304084,1.0,0,0
182,2025-07-28 23:11:40.863172,7.088665292712898,7.02455466534253,57.88988327574449,57.89320068476877,57.934966818841815,58.31944775814138,57.93690569019687,57.88988330754923,57.89320074717291,0.0,0.0,0.0,0.0,-10.637058793463439,1.0,-20.87099179902907,1.0,0,0
183,2025-07-28 23:11:54.623403,7.0007084520989515,6.9473701910313155,57.80661646827877,57.8104101429176,57.85054728610706,58.2422623273347,57.85244286563431,57.806616499641756,57.810410205763475,0.0,0.0,0.0,0.0,-10.48931341529169,1.0,-21.01872848527364,1.0,0,0
184,2025-07-28 23:12:07.614139,6.913123725003982,6.869813616423192,57.72335814271599,57.7276197398868,57.76623117992066,58.16470486223908,57.768087013173506,57.72335817366892,57.72761980314272,0.0,0.0,0.0,0.0,-10.352172188277109,1.0,-21.155869712288222,1.0,0,0
185,2025-07-28 23:12:20.771678,6.825884065541988,6.791911971209657,57.640113079685264,57.64483157938736,57.68201434248205,58.086802387773325,57.683833642844256,57.64011311025737,57.644831643024105,0.0,0.0,0.0,0.0,-10.224803584719666,1.0,-21.283235418536606,1.0,0,0
186,2025-07-28 23:12:32.608725,6.738964587102176,6.713690151492567,57.55688489414911,57.56204701041789,57.59789245957183,58.00857979560121,57.59967814353815,57.55688492436739,57.56204707440847,0.0,0.0,0.0,0.0,-10.106468790809231,1.0,-21.4015731097561,1.0,0,0
187,2025-07-28 23:12:44.345398,6.652342352323156,6.635171087921752,57.47367645769414,57.47926733532776,57.51386124030802,57.93006001231436,57.515615958774745,57.47367648758351,57.47926739964724,0.0,0.0,0.0,0.0,-9.996463760444385,1.0,-21.511575242811887,1.0,0,0
188,2025-07-28 23:12:55.886802,6.565996207591634,6.556375934874362,57.39048976846753,57.39649342696773,57.42991633186178,57.85126418853406,57.431642499143976,57.39048979805105,57.39649349159306,0.0,0.0,0.0,0.0,-9.89417426410455,1.0,-21.613867636460782,1.0,0,0
189,2025-07-28 23:13:07.207154,6.479906619708946,6.477324222648717,57.30732628111163,57.3137260592099,57.34605346176883,57.77221185110456,57.34775327985215,57.307326310410616,57.31372612411976,0.0,0.0,0.0,0.0,-9.799012148050679,1.0,-21.709026855205593,1.0,0,0
190,2025-07-28 23:13:19.018445,6.394055539743457,6.398034003557303,57.22418689772088,57.230965724352124,57.26226841214611,57.69292104913906,57.26394389269198,57.22418692675509,57.23096578952676,0.0,0.0,0.0,0.0,-9.710458793961152,1.0,-21.79758020929512,1.0,0,0
191,2025-07-28 23:13:31.576294,6.308426274163211,6.3185219751104835,57.14107202272676,57.14821266513234,57.17855702365476,57.61340847717919,57.180210007630826,57.14107205151451,57.14821273055343,0.0,0.0,0.0,0.0,-9.62803035122306,1.0,-21.880005754724152,1.0,0,0
192,2025-07-28 23:13:43.741267,6.2230033663319295,6.238803589867079,57.041587533959344,57.04930207545987,57.07987247502087,57.53368562760611,57.08156403069792,57.04158756307721,57.04930214232443,0.0,0.0,0.0,0.0,-9.738435210238094,1.0,-22.36277277404497,1.0,0,0
193,2025-07-28 23:13:56.694741,6.136149530695916,6.157407124432271,56.95695579089177,56.96500583379642,56.99471688006174,57.452288677214874,56.99638866150639,56.95695581979381,56.965005900876776,0.0,0.0,0.0,0.0,-9.666254549642872,1.0,-22.434944742713014,1.0,0,0
194,2025-07-28 23:14:09.453778,6.04947621353098,6.075830143698319,56.872348324728854,56.88071717897904,56.90962387872194,57.370711243564344,56.91127732308997,56.87234835342964,56.880717246260666,0.0,0.0,0.0,0.0,-9.598944265576392,1.0,-22.502260821397613,1.0,0,0
195,2025-07-28 23:14:21.154588,5.962971174811743,5.994084880619981,56.78776480609896,56.79643620450202,56.824590016900245,57.28896555745607,56.82622644642677,56.787764834611984,56.79643627197141,0.0,0.0,0.0,0.0,-9.536147989024357,1.0,-22.565057097949648,1.0,0,0
196,2025-07-28 23:14:33.677899,5.876623050076465,5.912182705808171,67.40639725662326,62.53711483261677,57.63441091146174,57.20728532339125,57.60032702532537,67.40639667611113,62.53711458851332,0.0,0.0,307.8927514914252,1.0,194.1515947589778,1.0,81.64011101882807,1.0,0,0
197,2025-07-28 23:14:45.707193,5.9626422715981935,5.987679177472169,67.42402621418535,62.57934270367216,57.71287963273051,57.28278126413317,57.6791377988119,67.42402563562753,62.579342460392596,0.0,0.0,306.96358384888543,1.0,193.4979792190461,1.0,81.36456244073997,1.0,0,0
198,2025-07-28 23:14:59.280727,6.047877467071985,6.06296448867365,67.44158622025569,62.62144857233786,57.79076259813773,57.35806601847999,57.7573548383777,67.44158564364118,62.62144832988236,0.0,0.0,306.0380504254882,1.0,192.84804326161975,1.0,81.0889559164707,1.0,0,0
199,2025-07-28 23:15:11.387961,6.13234338730077,6.1380277818929505,67.45907697667997,62.663428631136405,57.86806576578798,57.43312873067553,57.834984447666976,67.45907640199782,62.66342838950498,0.0,0.0,305.11616693602207,1.0,192.20176370822628,1.0,80.81334649489236,1.0,0,0
200,2025-07-28 23:15:23.736418,6.21605418157807,6.212858822896707,67.47649824008708,62.70527745798199,57.94479504612968,57.50795916810366,57.91203286087472,67.47649766732651,62.70527721717447,0.0,0.0,304.1979462078238,1.0,191.55909420192074,1.0,80.53779212218615,1.0,0,0
201,2025-07-28 23:15:36.186961,6.29902343560685,6.287447944870375,67.49385000538551,62.74699127026802,58.020956313923875,57.58254766550562,57.98850625598558,67.4938494345358,62.746991030284136,0.0,0.0,303.28338850924933,1.0,190.92001156423066,1.0,80.26232466875172,1.0,0,0
202,2025-07-28 23:15:48.099409,6.381264206214755,6.361786026564982,67.51113185681469,62.78856624098966,58.0965553510486,57.65688510309158,58.064410701479986,67.51113128786523,62.78856600182905,0.0,0.0,302.37251575374967,1.0,190.2844752328292,1.0,79.9869846969159,1.0,0,0
203,2025-07-28 23:15:59.804496,6.462789048085636,6.435864456501704,67.52834364920771,62.82999807709169,58.171597889713496,57.73096287074649,58.139752198519076,67.52834308214801,62.829997838753776,0.0,0.0,301.46533559262025,1.0,189.65245044000767,1.0,79.71183305016893,1.0,0,0
204,2025-07-28 23:16:11.741286,6.543610043883719,6.509675097720822,67.43550427868101,62.569974108388266,58.09328018016474,57.80473733901231,58.063800015567665,67.43550371209653,62.569973878606035,0.0,0.0,306.3586106908989,1.0,189.49350985963065,1.0,76.85039557429718,1.0,0,0
205,2025-07-28 23:16:23.406010,6.604370557380989,6.5673091047137016,67.44876275108571,62.60265270126125,58.1504271872463,57.86237084772962,58.121150694284935,67.44876218594015,62.602652472129535,0.0,0.0,305.65979775743125,1.0,189.01226103025692,1.0,76.63283084241357,1.0,0,0
206,2025-07-28 23:16:34.305193,6.664632209386349,6.624693506266931,67.46195828784717,62.63519369156444,58.20715937218172,57.91975474280041,58.17808246260659,67.46195772413195,62.63519346308191,0.0,0.0,304.9643019663999,1.0,188.53389212608818,1.0,76.41570939881603,1.0,0,0
207,2025-07-28 23:16:45.942865,6.724403614558617,6.681823253291849,67.47509196859492,62.66759424125693,58.26348362512661,57.976883975922284,58.23460234481258,67.47509140630173,62.66759401342218,0.0,0.0,304.27206641388426,1.0,188.05829304938015,1.0,76.19906021659517,1.0,0,0
208,2025-07-28 23:16:58.097386,6.783692980960817,6.738693622467099,67.48816408172554,62.69985276575242,58.31940464231066,58.033753824540625,58.29071520261188,67.48816352084616,62.69985253856392,0.0,0.0,303.5830758993965,1.0,187.5854464162785,1.0,75.98292675538687,1.0,0,0
209,2025-07-28 23:17:11.029418,6.842508183036099,6.795300223808388,67.50117446800215,62.73196758482871,58.374926967422084,58.09035989938615,58.34642573722361,67.50117390852847,62.731967358284855,0.0,0.0,302.8973388158165,1.0,187.11531166445639,1.0,75.76732350173643,1.0,0,0
210,2025-07-28 23:17:22.108500,6.900856776067071,6.851638978618023,67.51412346274432,62.76393666368517,58.43005505067074,58.146698122426756,58.40173854570591,67.51412290466831,62.76393643778432,0.0,0.0,302.2148374894925,1.0,186.64786561544133,1.0,75.55227363411632,1.0,0,0
211,2025-07-28 23:17:34.388348,6.958746017819812,6.907706098369486,67.52701117757046,62.795758210196716,58.484793209196326,58.20276470576347,58.45665808467937,67.52701062088418,62.79575798493713,0.0,0.0,301.5355660373637,1.0,186.1830677069065,1.0,75.33780033099902,1.0,0,0
212,2025-07-28 23:17:46.961962,7.016182882374915,6.963498069218344,67.53983756722064,62.8274310204272,58.539145633243734,58.25855613615047,58.51118867679158,67.53983701191626,62.827430795807096,0.0,0.0,300.859526844939,1.0,185.72089476037945,1.0,75.123926770857,1.0,0,0
213,2025-07-28 23:17:59.545655,7.073174073568389,7.019011641009997,57.619155002323005,57.62643746029519,57.68451883823566,58.3138411516929,57.687356119044885,57.619155041191405,57.62643754107104,0.0,0.0,0.0,0.0,-12.9994898327368,1.0,-27.015387553888104,1.0,0,0
214,2025-07-28 23:18:12.077393,6.962751337865227,6.919706017708686,57.513457153771704,57.52130258417613,57.577676036597076,58.21453454109562,57.58047025624888,57.513457192270984,57.52130266532105,0.0,0.0,0.0,0.0,-12.876038391027578,1.0,-27.13882450905203,1.0,0,0
215,2025-07-28 23:18:24.877678,6.85263871942843,6.820090291530644,57.407778562977086,57.416172181941036,57.470927020028945,58.1149178826176,57.473680961296594,57.407778601128534,57.416172263433836,0.0,0.0,0.0,0.0,-12.759705637677143,1.0,-27.2551688516387,1.0,0,0
216,2025-07-28 23:18:37.095124,6.742818173618952,6.720182489494155,57.443263053826044,57.45021643085634,57.49377522979147,58.0150432707832,57.49598025354733,57.44326308764444,57.4502165035046,0.0,0.0,0.0,0.0,-11.310523797760652,1.0,-24.297123502492468,1.0,0,0
217,2025-07-28 23:18:49.921203,6.64520340563998,6.631168577596823,57.349250833393036,57.35667207653673,57.39889787697662,57.92602859490997,57.40107032664706,57.349250866897435,57.356672149498976,0.0,0.0,0.0,0.0,-11.205507933595982,1.0,-24.40213646934808,1.0,0,0
218,2025-07-28 23:19:02.821150,6.547852057890938,6.54189124554473,57.25526183640352,57.263134162640284,57.30410439299158,57.836750545621875,57.30624653755496,57.25526186961369,57.26313423589679,0.0,0.0,0.0,0.0,-11.107100831395655,1.0,-24.500552263475583,1.0,0,0
219,2025-07-28 23:19:14.570433,6.450747413695302,6.452367208975185,57.1612968453846,57.169603105592174,57.20939084777673,57.74722583558624,57.21150477996035,57.16129687831895,57.1696031791245,0.0,0.0,0.0,0.0,-11.014853408255476,1.0,-24.592799686615763,1.0,0,0
220,2025-07-28 23:19:26.711227,6.353873884093859,6.362612049369536,57.06735664882093,57.07607947784329,57.11475358097344,57.65747004354696,57.11684123071313,57.06735668149667,57.07607955163421,0.0,0.0,0.0,0.0,-10.928360040907137,1.0,-24.679287259345983,1.0,0,0
221,2025-07-28 23:19:38.497924,6.257216939249769,6.272640309147678,56.97344140310519,56.98256340734765,57.02018885698536,57.567497709334894,57.02225200800828,56.973441435538376,56.982563481381106,0.0,0.0,0.0,0.0,-10.847241181863865,1.0,-24.760403221080196,1.0,0,0
222,2025-07-28 23:19:50.716156,6.1607630125151776,6.182465557230031,56.8795511814846,56.88905504689531,56.92569312709733,57.47732239946836,56.92773342883465,56.8795512136903,56.88905512115624,0.0,0.0,0.0,0.0,-10.771157845965718,1.0,-24.836480762360225,1.0,0,0
223,2025-07-28 23:20:02.376357,6.064499437179202,6.0921004657216535,56.78568557814219,56.79555428505582,56.831262811612405,57.38695678378519,56.833281792526705,56.78568561013445,56.7955543595302,0.0,0.0,0.0,0.0,-10.699773945361812,1.0,-24.90786756027319,1.0,0,0
224,2025-07-28 23:20:15.437552,5.968414366506365,6.00155686704007,56.6918445253326,56.70206132647031,56.73689470865146,57.29641269263032,56.73889378353455,56.69184455712457,56.702061401144974,0.0,0.0,0.0,0.0,-10.632785262600919,1.0,-24.974853345725023,1.0,0,0
225,2025-07-28 23:20:29.346749,5.872496739879512,5.91084582986404,67.35576677212568,62.39946520914336,57.55615987471916,57.20593097486839,57.52290667757837,67.35576619072812,62.39946496843055,0.0,0.0,310.5613272002042,1.0,194.44772292331436,1.0,80.50611584224043,1.0,0,0
226,2025-07-28 23:20:42.174626,5.950233767582724,5.979104268160355,67.3717572524805,62.43793113574103,57.62743744663035,57.274189011580646,57.59449860209772,67.37175667285638,62.43793089577478,0.0,0.0,309.7185186063297,1.0,193.85460319654158,1.0,80.25643154212503,1.0,0,0
227,2025-07-28 23:20:56.423444,6.027242133685555,6.047188684224798,67.38768153001165,62.476291364437685,57.69817298485926,57.34227299984012,57.665540469589615,67.38768095215028,62.47629112521826,0.0,0.0,308.87919935783395,1.0,193.2650529545299,1.0,80.00665452811973,1.0,0,0
228,2025-07-28 23:21:10.198322,6.10353735273478,6.115087297671613,67.3919916643816,62.48275035620559,57.75190737621342,57.410167349533104,57.71978273324212,67.39199108811366,62.48275011853611,0.0,0.0,308.65202555147255,1.0,192.73213351539198,1.0,79.48827668315062,1.0,0,0
229,2025-07-28 23:21:24.984196,6.17714582021798,6.181109822321849,67.40739187067007,62.519998354283025,57.81985041561623,57.47618942349931,57.78800962892023,67.40739129610017,62.51999811734246,0.0,0.0,307.84032847175195,1.0,192.1642203774354,1.0,79.24449130428002,1.0,0,0
230,2025-07-28 23:21:39.658815,6.250085877210186,6.2469313841723455,67.42272627085833,62.55712910771778,57.88728128767405,57.54201051398146,57.85571749459691,67.42272569797636,62.557128871505896,0.0,0.0,307.0320998273466,1.0,191.59969709107827,1.0,79.00078415275402,1.0,0,0
231,2025-07-28 23:21:54.931086,6.322371035828646,6.312542199226032,67.43799457929205,62.59413845415255,57.9542060015726,57.60762083851366,57.922912660355095,67.43799400808793,62.594138218669,0.0,0.0,306.22735467420983,1.0,191.0385462724662,1.0,78.7571928935904,1.0,0,0
232,2025-07-28 23:22:06.767480,6.39401420684671,6.377933090062847,67.45319669890377,62.63102241917843,58.02063047930409,57.67301122111036,57.98960134746133,67.45319612936753,62.63102218442272,0.0,0.0,305.4260981284688,1.0,190.48072156465423,1.0,78.51376967835222,1.0,0,0
233,2025-07-28 23:22:21.499574,6.465027738922404,6.443095445843409,67.46833253287407,62.66777727999948,58.086560540494936,57.738173052278434,58.05578965559262,67.46833196499591,62.66777704597101,0.0,0.0,304.628335293172,1.0,189.92617661069744,1.0,78.27054348013007,1.0,0,0
234,2025-07-28 23:22:35.335851,6.535423453112435,6.508021186111421,67.48340198899784,62.704398710995534,58.15200189758116,57.803098252809164,58.12148355963968,67.48340142276805,62.70439847769355,0.0,0.0,303.8340710281656,1.0,189.37488243750522,1.0,78.02757224510515,1.0,0,0
235,2025-07-28 23:22:48.604149,6.605212674526226,6.572702719901436,67.49840525651192,62.74088417268441,58.216960170264194,57.867779232943086,58.18668892469813,67.4984046919209,62.74088394010807,0.0,0.0,303.0432953593641,1.0,188.82679848275075,1.0,77.78488204905898,1.0,0,0
236,2025-07-28 23:23:02.492279,6.6744062636421955,6.63713293067826,67.5133422829656,62.77723052519817,58.281440850444355,57.932208877262745,58.25141147408499,67.51334172000388,62.777230293346506,0.0,0.0,302.25601105127896,1.0,188.28187838948907,1.0,77.54251635162746,1.0,0,0
237,2025-07-28 23:23:15.232732,6.743014641058477,6.701305140213604,67.52821299460665,62.81343455058892,58.345449313416246,57.996380508587194,58.315656800960646,67.52821243326486,62.81343431946086,0.0,0.0,301.4722219911625,1.0,187.7400989792477,1.0,77.30050702321023,1.0,0,0
238,2025-07-28 23:23:28.749637,6.811047811952266,6.765213080427143,67.5430175577367,62.84949401071116,58.40899083488465,58.060287859840315,58.37943038547001,67.5430169980056,62.84949378030556,0.0,0.0,300.691919413774,1.0,187.2014081004636,1.0,77.0588830368979,1.0,0,0
239,2025-07-28 23:23:43.098536,6.878515390944696,6.8288508776394945,67.55775598041971,62.88540594693882,58.472070565857734,58.12392505827141,58.44273757197673,67.55775542229009,62.885405717254386,0.0,0.0,299.91510289408467,1.0,186.6657941639005,1.0,76.81768785232634,1.0,0,0
240,2025-07-28 23:23:57.567127,6.9454266219176235,6.8922130219322,67.66711987147444,63.17554405161298,58.67083617702978,58.18731826533043,58.63998371073834,67.66711931631686,63.17554381608589,0.0,0.0,294.15087160176904,1.0,185.67179696105995,1.0,78.77175476892262,1.0,0,0
241,2025-07-28 23:24:10.347530,7.028236999723117,6.968746534738926,67.68498382599054,63.218252102299395,58.74717895337849,58.26385097866633,58.71661571540086,67.68498327278452,63.218251867636006,0.0,0.0,293.2093179990837,1.0,185.01910276540912,1.0,78.48289305570688,1.0,0,0
242,2025-07-28 23:24:22.364299,7.110353402447543,7.044965576933208,57.95908708670383,57.96173184470372,58.00037249897368,58.33987040929372,58.00214333765694,57.95908711703254,57.96173190320024,0.0,0.0,0.0,0.0,-10.14340078938858,1.0,-19.56409101239842,1.0,0,0
243,2025-07-28 23:24:34.600393,7.027135156349411,6.972479838104197,57.88057569466447,57.88367352557537,57.92069945961072,58.26738371754411,57.922426687889654,57.88057572452933,57.88367358453571,0.0,0.0,0.0,0.0,-9.988267273115525,1.0,-19.719215836744297,1.0,0,0
244,2025-07-28 23:24:48.311466,6.944307921687592,6.8996031012872505,57.80206824603554,57.80561364949459,57.84113200865172,58.194506097177516,57.842819421986796,57.80206827547177,57.805613708883556,0.0,0.0,0.0,0.0,-9.84491131816867,1.0,-19.862568894382093,1.0,0,0
245,2025-07-28 23:25:01.869159,6.861841637536074,6.826365414131574,57.72357077092646,57.72755465211533,57.76166599167566,58.1212675905147,57.76331700498098,57.72357079996632,57.72755471190066,0.0,0.0,0.0,0.0,-9.712347839467839,1.0,-19.995132373082924,1.0,0,0
246,2025-07-28 23:25:14.634598,6.7797087893373345,6.752794289094108,57.64508797398344,57.64949839278073,57.68229706253196,58.04769570512611,57.6839147539368,57.645088002656586,57.64949845293279,0.0,0.0,0.0,0.0,-9.589698952368053,1.0,-20.11778415749177,1.0,0,0
247,2025-07-28 23:25:27.152942,6.697884158129357,6.678914942752291,57.56662342629139,57.57144638080252,57.60302076405524,57.973815653121,57.60460791387216,57.56662345462508,57.571446441294036,0.0,0.0,0.0,0.0,-9.476167896877996,1.0,-20.231315212981826,1.0,0,0
248,2025-07-28 23:25:39.584839,6.616344602496638,6.604750520759995,57.48817962065018,57.49339975156759,57.52383252809257,57.89965057604802,57.52539165344765,57.488179648669444,57.493399812373504,0.0,0.0,0.0,0.0,-9.371010064569418,1.0,-20.336467250672285,1.0,0,0
249,2025-07-28 23:25:53.126025,6.53506885611112,6.53032229071226,57.40975831884081,57.4153593051064,57.44472782123572,57.8252217377293,57.4462612051024,57.409758346568786,57.41535936620362,0.0,0.0,0.0,0.0,-9.273588047449266,1.0,-20.433892165101497,1.0,0,0
250,2025-07-28 23:26:08.421543,6.454037356974125,6.455649814711655,57.33136083203636,57.33732579909273,57.36570226318372,57.75054869681762,57.36721197880522,57.331360859494325,57.33732586045992,0.0,0.0,0.0,0.0,-9.1832847186879,1.0,-20.524183904626625,1.0,0,0
251,2025-07-28 23:26:22.617342,6.373232103171384,6.380751111603348,57.25298741923486,57.25929925591794,57.28675129127735,57.6756494689223,57.28823922783562,57.25298744644251,57.25929931753548,0.0,0.0,0.0,0.0,-9.099564076109345,1.0,-20.60791323913236,1.0,0,0
252,2025-07-28 23:26:35.969510,6.292636481947309,6.3056427700531605,57.2874471698988,57.29251252953762,57.31138035085263,57.600567871181546,57.312439641844996,57.28744719249284,57.292512581905115,0.0,0.0,0.0,0.0,-7.556552882306278,1.0,-17.514247750227696,1.0,0,0
253,2025-07-28 23:26:49.388961,6.224927502826845,6.2419500924947995,57.22136615141547,57.22668281423792,57.244916724998305,57.5368748366912,57.245961566320496,57.22136617381374,57.22668286680122,0.0,0.0,0.0,0.0,-7.491076594874357,1.0,-17.579732729586794,1.0,0,0
254,2025-07-28 23:27:03.646489,6.157382225955541,6.178093710345991,57.15530869176243,57.160860646875896,57.17851079393415,57.473018126679285,57.179542467715855,57.155308713981114,57.16086069961877,0.0,0.0,0.0,0.0,-7.4310124807652755,1.0,-17.639791049077758,1.0,0,0
255,2025-07-28 23:27:17.374889,6.0899870128527525,6.114087262524249,57.089273935591926,57.09504584644433,57.11215841768665,57.40901137765108,57.11317808438959,57.089273957645865,57.095045899351945,0.0,0.0,0.0,0.0,-7.3759143543838945,1.0,-17.69488917545914,1.0,0,0
256,2025-07-28 23:27:32.568798,6.022729408270368,6.0499432137134885,57.023260840183084,57.02923803726977,57.045855675583425,57.34486705206186,57.04686438618516,57.023260862085856,57.029238090328555,0.0,0.0,0.0,0.0,-7.325356311298492,1.0,-17.74544721854454,1.0,0,0
257,2025-07-28 23:27:45.687561,5.955598019270244,5.985672944778376,56.95726858411095,56.96343710627824,56.979599036164934,57.28059652877234,56.98059774200338,56.95726860587496,56.96343715947577,0.0,0.0,0.0,0.0,-7.278947214786058,1.0,-17.791847623129797,1.0,0,0
258,2025-07-28 23:28:00.555902,5.888582438386116,5.921286867768599,67.51229491906741,62.819112726359386,57.81307178039233,57.216428456226836,57.777324230927185,67.51229434089329,62.81911247558585,0.0,0.0,302.3112143519128,1.0,193.36965160619002,1.0,83.87091441022676,1.0,0,0
259,2025-07-28 23:28:14.729188,5.991139850523036,6.0111157291155655,67.53316243138721,62.86862403674209,57.90566531129972,57.30625649373915,57.870316960185306,67.53316185552566,62.86862378694455,0.0,0.0,301.2113525387794,1.0,192.59621495280044,1.0,83.5444919823658,1.0,0,0
260,2025-07-28 23:28:27.486881,6.092801858527809,6.10066199203066,67.55395754136507,62.91798364172969,57.997587230392284,57.39580190725747,57.96262997531438,67.55395696780462,62.917983392908205,0.0,0.0,300.11530682839594,1.0,191.82661433660542,1.0,83.21805217065048,1.0,0,0
261,2025-07-28 23:28:41.102807,6.193582114820533,6.189916090260947,67.57467988879411,62.967188476636196,58.088843111365726,57.48505513213189,58.054269137066235,67.57467931752336,62.967188228790725,0.0,0.0,299.02309620614494,1.0,191.06082657913248,1.0,82.8916239481714,1.0,0,0
262,2025-07-28 23:28:54.562130,6.293493825279897,6.278868930581059,67.5953292023166,63.016233579694955,58.17943850392765,57.57400707660837,58.145240267056664,67.59532863332424,63.0162333328253,0.0,0.0,297.9347349744499,1.0,190.29882270729104,1.0,82.56526526110974,1.0,0,0
263,2025-07-28 23:29:07.930600,6.392549773489646,6.367511850170826,67.61590520255305,63.06511564016227,58.26937892601999,57.662649079303144,58.235549141422034,67.61590463582786,63.065115394268105,0.0,0.0,296.85023785853855,1.0,189.5405737479905,1.0,82.23901087717422,1.0,0,0
264,2025-07-28 23:29:20.943899,6.490762341007642,6.455836607295258,67.54857694117209,62.881527761954736,58.21875374429272,57.750940375421216,58.18679403192392,67.54857637499391,62.88152752282165,0.0,0.0,300.3989015661537,1.0,189.3576202701297,1.0,79.97777704872533,1.0,0,0
265,2025-07-28 23:29:33.498256,6.5737375833210585,6.531788960763111,67.56618834778975,62.92391098223221,58.29515839744352,57.82689199429263,58.26349663606754,67.56618778354091,62.9239107439452,0.0,0.0,299.47065897942593,1.0,188.712354774907,1.0,79.69480846213628,1.0,0,0
266,2025-07-28 23:29:47.258142,6.656009444072277,6.607450513346219,67.58372834227924,62.96613787712751,58.371006751156685,57.902552797357096,58.33963707944573,67.58372777994936,62.96613763968576,0.0,0.0,298.54618030435057,1.0,188.0705660505555,1.0,79.41211222259881,1.0,0,0
267,2025-07-28 23:30:00.538774,6.737588836740074,6.682814374177909,67.60119740397776,63.008205735436334,58.446304674226546,57.97791589487504,58.41522143472462,67.60119684355655,63.0082054988389,0.0,0.0,297.62544027655116,1.0,187.43221353474837,1.0,79.12973468705786,1.0,0,0
268,2025-07-28 23:30:14.037619,6.8184862870875325,6.757874030904933,67.61859527694882,63.050111188320855,58.521057475647204,58.05297477553889,58.49025521386789,67.61859471842618,63.05011095256666,0.0,0.0,296.7084523856452,1.0,186.79723928130443,1.0,78.84771062322216,1.0,0,0
269,2025-07-28 23:30:28.912872,6.898711966565779,6.832623321800703,67.63592197966504,63.091852267343484,58.59527039978371,58.12772327864469,58.56474385301381,67.63592142303085,63.09185203243142,0.0,0.0,295.7952156579993,1.0,186.1656490848418,1.0,78.56606320956416,1.0,0,0
270,2025-07-28 23:30:42.064849,6.978275711483992,6.907056430024292,67.65317759884738,63.13342643443222,58.66894861237806,58.20215558830764,58.638692699845585,67.65317704409166,63.13342620036102,0.0,0.0,294.88572552282005,1.0,185.53739079379739,1.0,78.28483300841071,1.0,0,0
271,2025-07-28 23:30:56.409624,7.057187039483415,6.981167860516188,67.6703619921621,63.17483073618744,58.74209717548581,58.2762662103635,58.712106990303525,67.670361439275,63.17483050295579,0.0,0.0,293.9799894820765,1.0,184.91244122969874,1.0,78.0040489928524,1.0,0,0
272,2025-07-28 23:31:09.120998,7.135455162229567,7.054952418935902,57.94152901793095,57.944027257131,57.98741438676272,58.349849890502846,57.989376921077515,57.94152905003984,57.944027317902304,0.0,0.0,0.0,0.0,-10.738780417227645,1.0,-20.32489250098024,1.0,0,0
273,2025-07-28 23:31:22.685118,7.048104050567526,6.979491348652034,57.8594365129639,57.86240840072484,57.904017584911756,58.27438776465238,57.90593119164399,57.85943654457669,57.862408461992246,0.0,0.0,0.0,0.0,-10.572857322017626,1.0,-20.4908126988812,1.0,0,0
274,2025-07-28 23:31:37.932744,6.961171425128243,6.903611795912866,57.77734225828691,57.78078634957648,57.820730447983834,58.19850723051277,57.82259926924345,57.777342289440114,57.78078641130348,0.0,0.0,0.0,0.0,-10.419152179110824,1.0,-20.64452073909706,1.0,0,0
275,2025-07-28 23:31:50.093029,6.874626147623959,6.827344901523704,57.69525292397863,57.69916322813164,57.73754857219475,58.12223942345608,57.739376353520036,57.69525295470577,57.69916329028466,0.0,0.0,0.0,0.0,-10.276656724954591,1.0,-20.787004604017056,1.0,0,0
276,2025-07-28 23:32:03.492961,6.788439590134919,6.750719291282723,57.605740209354806,57.610208913010055,57.64764563910344,58.04561116880228,57.64946265249738,57.60574023992855,57.610208976134366,0.0,0.0,0.0,0.0,-10.22535117613188,1.0,-21.11185089574974,1.0,0,0
277,2025-07-28 23:32:16.085966,6.7018506942846745,6.673062301290469,57.522955212758355,57.52787135790931,57.56393773928818,57.96795338557839,57.56572004589974,57.52295524296667,57.52787142139908,0.0,0.0,0.0,0.0,-10.103133988081936,1.0,-21.234076775726862,1.0,0,0
278,2025-07-28 23:32:28.418817,6.61556890596335,6.595098202244739,57.44018880934701,57.44553818574673,57.4803223945035,57.88998854778891,57.482072758552654,57.440188839215814,57.44553824957599,0.0,0.0,0.0,0.0,-9.989585548737523,1.0,-21.347622317762216,1.0,0,0
279,2025-07-28 23:32:42.090608,6.529572205980337,6.51684901378107,57.357443392572826,57.36321047817747,57.396795262982884,57.81173867116808,57.39851619853774,57.35744342212606,57.363210542322285,0.0,0.0,0.0,0.0,-9.884045271633113,1.0,-21.453156800248507,1.0,0,0
280,2025-07-28 23:32:54.306270,6.443840282053428,6.438335051680631,57.27472069072035,57.28088907437018,57.31335203690803,57.73322406790127,57.3150458342404,57.27472071998017,57.2808891388084,0.0,0.0,0.0,0.0,-9.785910516484364,1.0,-21.551285760779137,1.0,0,0
281,2025-07-28 23:33:06.489559,6.358354380301473,6.359575078786284,57.192021659379094,57.198574404114936,57.22998836216366,57.65446349748952,57.231657112264045,57.19202168836603,57.19857446882604,0.0,0.0,0.0,0.0,-9.6946452811153,1.0,-21.642550996148202,1.0,0,0
282,2025-07-28 23:33:19.012787,6.273097159070906,6.280586430797186,57.10934694038973,57.11626690015935,57.14670004676414,57.57547429256128,57.148345660783846,57.109346969122754,57.11626696512438,0.0,0.0,0.0,0.0,-9.60972515258618,1.0,-21.72747691929544,1.0,0,0
283,2025-07-28 23:33:31.523423,6.188052576674807,6.201385144094857,57.02669689568039,57.0339668608888,57.06348306113072,57.496272486661894,57.06510728777995,57.0266969241771,57.033966926090116,0.0,0.0,0.0,0.0,-9.530692356065629,1.0,-21.806503921197873,1.0,0,0
284,2025-07-28 23:33:44.287319,6.103205787800275,6.1219860657060226,56.94407152115207,56.951674441086666,56.980333474226974,57.41687292418806,56.981937916084966,56.9440715494288,56.95167450650796,0.0,0.0,0.0,0.0,-9.457118089812866,1.0,-21.880075290141576,1.0,0,0
285,2025-07-28 23:33:58.430784,6.018543041210337,6.042402949241907,56.86147049566571,56.8693896227238,56.897247456873956,57.33728935630576,56.89883358492426,56.861470523737594,56.869389688349955,0.0,0.0,0.0,0.0,-9.388605422486762,1.0,-21.94859085477674,1.0,0,0
286,2025-07-28 23:34:11.022773,5.934051586286,5.962648540012664,56.77889351608243,56.78711245990125,56.814221437050605,57.257534526076725,56.81579060187284,56.77889354396351,56.787112525718186,0.0,0.0,0.0,0.0,-9.32479508776396,1.0,-22.012395394881423,1.0,0,0
287,2025-07-28 23:34:25.691846,5.849719604412489,5.882734662416463,67.41134823805153,62.55103365318021,57.62583485173278,57.17784181641133,57.59150899526984,67.41134765710564,62.55103340800641,0.0,0.0,307.6318006254561,1.0,194.29666881819685,1.0,81.99808803965425,1.0,0,0
288,2025-07-28 23:34:38.570821,5.937679603863725,5.960015282796799,67.46465174668748,62.68904450227248,57.76191507411701,57.255134823044976,57.72733741343952,67.46465116840025,62.6890442556066,0.0,0.0,304.8223381099362,1.0,193.4074788732687,1.0,82.497111860107,1.0,0,0
289,2025-07-28 23:34:52.340327,6.03060884371398,6.041997881201235,67.48371340479135,62.73457918841213,57.846416958180235,57.33711673461201,57.812199989181515,67.48371282861338,62.73457894264097,0.0,0.0,303.8176572681522,1.0,192.70204206350172,1.0,82.19787198584072,1.0,0,0
290,2025-07-28 23:35:04.682792,6.122716712204295,6.1237257978110335,67.50270383931914,62.779973731905066,57.930298847277754,57.41884394030495,57.89643487451418,67.50270326523928,62.77997348702859,0.0,0.0,302.8167304000237,1.0,192.00033119318505,1.0,81.89864659811974,1.0,0,0
291,2025-07-28 23:35:17.412693,6.21401686782887,6.205189391105438,67.52162280273764,62.82522406602155,58.0135664944487,57.50030680016582,57.98004811766479,67.52162223074477,62.82522382203961,0.0,0.0,301.8195705522588,1.0,191.30234046770056,1.0,81.59947046465277,1.0,0,0
292,2025-07-28 23:35:30.232991,6.30452248247337,6.286379521252606,67.54047004317749,62.87032574756166,58.09622558804782,57.58149617583331,58.0630456867835,67.54046947326061,62.87032550447391,0.0,0.0,300.8261910001104,1.0,190.60802932472143,1.0,81.30041022354817,1.0,0,0
293,2025-07-28 23:35:41.859068,6.394246264918412,6.36728751983436,67.55924556932563,62.91527547347422,58.17828178876205,57.66240340030651,58.14543350616909,67.55924500147388,62.91527523128026,0.0,0.0,299.83659128571657,1.0,189.91734561268458,1.0,81.0014832586603,1.0,0,0
294,2025-07-28 23:35:54.116105,6.483200487066678,6.4479051729183965,67.57794921664909,62.96007008817979,58.25974068923837,57.743020260995756,58.227217418572266,67.57794865085165,62.960069846879065,0.0,0.0,298.85078008109866,1.0,189.2302835369719,1.0,80.70274172155223,1.0,0,0
295,2025-07-28 23:36:06.975440,6.571397004842984,6.52822469621851,67.59658044523682,63.00470496329252,58.34060779043279,57.82333897484846,58.30840316330357,67.596579881483,63.004704722884355,0.0,0.0,297.86878584329367,1.0,188.54680253525657,1.0,80.40422617455079,1.0,0,0
296,2025-07-28 23:36:30.382255,6.658847275734976,6.60823869723619,67.61513954869692,63.04917815948801,58.42088859380675,57.90335215060161,58.38899646501525,67.61513898697606,63.04917791997166,0.0,0.0,296.8905930971308,1.0,187.86687363444798,1.0,80.10595979612845,1.0,1,1
297,2025-07-28 23:36:53.762433,6.745562385052208,6.687940179193643,67.63362614819869,63.09348609238844,58.50058848022226,57.983052792606166,58.46900291884505,67.6336255885003,63.09348585376302,0.0,0.0,295.9162218095965,1.0,187.19046786145555,1.0,79.80798894323016,1.0,1,1
298,2025-07-28 23:37:16.009468,6.831553058225639,6.76732250398695,67.65204023427691,63.137625554327556,58.57971278736272,58.062434263838945,58.548428064862435,67.65203967659048,63.1376253165921,0.0,0.0,294.9456724795769,1.0,186.5175678324249,1.0,79.51034258894651,1.0,1,1
299,2025-07-28 23:37:38.010791,6.916829680684735,6.846379377222687,67.67038181482762,63.18159461546202,58.65826678052678,58.14149027096187,58.6272773608656,67.67038125914283,63.18159437861543,0.0,0.0,293.9789446908961,1.0,185.848121395793,1.0,79.21306129560435,1.0,1,1
300,2025-07-28 23:38:01.985800,7.00140231359994,6.925104841903202,67.89292877273999,63.74860700328717,59.08044263678364,58.22029524983467,59.04639426634886,67.89292822373582,63.748606754316576,0.0,0.0,282.24918520230784,1.0,183.6137977738872,1.0,83.26792065417976,1.0,1,1
301,2025-07-28 23:38:23.904468,7.117748060725309,7.030515667593546,67.91751067203022,63.805763133478756,59.185067206114866,58.32570461533478,59.15143307594483,67.91751012572419,63.80576288568393,0.0,0.0,280.95354957937235,1.0,182.71140768888472,1.0,82.87468627941053,1.0,1,1
302,2025-07-28 23:38:45.018430,7.2331433946069446,7.135489236136405,67.9420166281836,63.86270514868286,59.28894857214413,58.430676708816655,59.255721893296204,67.94201608456449,63.8627049020631,0.0,0.0,279.6619166834951,1.0,181.81277251642314,1.0,82.48168948398416,1.0,1,1
303,2025-07-28 23:39:06.816371,7.347598623595116,7.240019513194599,67.96644651067251,63.91943117526033,59.392091730274835,58.535205497004206,59.35926588556826,67.96644596972915,63.91943092981481,0.0,0.0,278.3742933943815,1.0,180.91786907802998,1.0,82.08896503560936,1.0,1,1
304,2025-07-28 23:39:30.264217,7.461123826092294,7.3441007184232445,67.99080014049255,63.97593824938872,59.49450163922914,58.63928520053983,59.4620701770425,67.99079960221378,63.97593800511656,0.0,0.0,277.0906891467974,1.0,180.02669737370525,1.0,81.69653611275862,1.0,1,1
305,2025-07-28 23:39:52.735116,7.573728858298441,7.447727305904476,68.01507699132533,64.03222439614312,59.59618318538179,58.742910274480366,59.56413981495981,68.01507645570004,64.03222415304334,0.0,0.0,275.8111316813523,1.0,179.1392458142127,1.0,81.30443168852253,1.0,1,1
306,2025-07-28 23:40:15.821379,7.685423358754095,7.550893962960648,68.03927696286036,64.08828691185293,59.697141261940374,58.846075407066586,59.66547984602078,68.03927642987749,64.08828666992451,0.0,0.0,274.5356262851014,1.0,178.25549122107986,1.0,80.91267494137355,1.0,1,1
307,2025-07-28 23:40:39.032888,7.796216759464879,7.653595595708497,68.06339983643775,64.14412354522953,59.797380711498235,58.94877550531036,59.76609526134152,68.0633993060863,64.1441233044713,0.0,0.0,273.2641844829273,1.0,177.37541621045239,1.0,80.52130643363853,1.0,1,1
308,2025-07-28 23:41:01.846525,7.906118291727698,7.755827324542768,68.08744538600524,64.19973285310643,59.89690633632283,59.051005690490456,59.865991006557266,68.08744485827421,64.19973261351718,0.0,0.0,271.99681818934505,1.0,176.49902078233026,1.0,80.1303377545537,1.0,1,1
309,2025-07-28 23:41:24.024832,8.015136992663198,7.8575844833868,68.11141336003713,64.25511202778519,59.995722896486235,59.15276129734062,59.965171980225804,68.11141283491563,64.25511178936362,0.0,0.0,270.73354066149045,1.0,175.62627016900478,1.0,79.73980946644588,1.0,1,1
310,2025-07-28 23:41:46.282652,8.123281711369556,7.958862599677783,68.13530354123257,64.310259570526,60.093835112893544,59.254037854115595,60.06364303694207,68.13530301870968,64.31025933327075,0.0,0.0,269.4743633526212,1.0,174.75716437047595,1.0,79.34973895316944,1.0,1,1
311,2025-07-28 23:42:09.401451,8.230561115130412,8.059657399117922,68.1591156476459,64.36517356214254,60.19124765828863,59.3548310872915,60.16140897886334,68.1591151277108,64.36517332605219,0.0,0.0,268.21930112321496,1.0,173.89168020827128,1.0,78.96014359857872,1.0,1,1
312,2025-07-28 23:42:31.108194,8.336983694619214,8.15996479474995,67.9097443890977,63.72661033652343,59.87045207038998,59.45503836939546,59.84579228162851,67.9097438666512,63.72661011991755,0.0,0.0,281.3628862504892,1.0,174.73161589919073,1.0,72.44357980312088,1.0,1,1
313,2025-07-28 23:42:54.298693,8.39606595031934,8.223046925019712,67.92400601087742,63.7620075464967,59.92707981237362,59.51811951447264,59.902550832269796,67.92400548991932,63.76200733064996,0.0,0.0,280.61120042668415,1.0,174.2338234350882,1.0,72.18968861025132,1.0,1,1
314,2025-07-28 23:43:17.045679,8.454800620189635,8.285671543072096,67.93820413682047,63.79717848752679,59.983371668560444,59.58074316122706,59.95897319339711,67.93820361734484,63.79717827243509,0.0,0.0,279.86286127137487,1.0,173.73801273038225,1.0,71.93716494725777,1.0,1,1
315,2025-07-28 23:43:39.123265,8.513187660456696,8.347842296376545,67.95233815725275,63.832124369512385,60.039327985325436,59.64291295685785,60.01505969100978,67.95233763925359,63.83212415517166,0.0,0.0,279.11790091859143,1.0,173.24420696354537,1.0,71.6860030195221,1.0,1,1
316,2025-07-28 23:44:01.559013,8.57122708113117,8.409562770294382,67.96640875745011,63.866847207930356,60.094949233422014,59.70463248648516,60.07081077149102,67.9664082409214,63.86684699433658,0.0,0.0,278.3762832495687,1.0,172.75241772381378,1.0,71.43618544318997,1.0,1,1
317,2025-07-28 23:44:24.026174,8.62891895724725,8.470836499939542,67.98041524395184,63.90134746052505,60.150235835546674,59.76590528495035,60.12622683901902,67.98041472888754,63.90134724767423,0.0,0.0,277.63804481446954,1.0,172.2626450111875,1.0,71.18770642364325,1.0,1,1
318,2025-07-28 23:44:47.075891,8.68626341378286,8.531666953517487,67.99435813243277,63.93562745051908,60.20518832848924,59.82673482023746,60.18130840821235,67.99435761882683,63.935627238407186,0.0,0.0,276.90315843367256,1.0,171.77490041490273,1.0,70.94057175550006,1.0,1,1
319,2025-07-28 23:45:09.204775,8.743260635994208,8.592057554846301,68.00823704584235,63.96968766247016,60.25980723129619,59.887124515907175,60.23605597994504,68.00823653368866,63.969687451093264,0.0,0.0,276.17164398034345,1.0,171.28919552419575,1.0,70.69475246566981,1.0,1,1
320,2025-07-28 23:45:32.421305,8.79991085921785,8.65201166444144,68.02205230668662,64.00353039237505,60.314093142340205,59.94707773226516,60.290470132638724,68.02205179597905,64.0035301817292,0.0,0.0,275.4434844561895,1.0,170.80554192830277,1.0,70.45025434877061,1.0,1,1
321,2025-07-28 23:45:54.650159,8.856214374183686,8.711532600735321,68.0358036401702,64.03715612535811,60.36804665879407,60.00659778749965,60.34455144638502,68.03580313090262,64.03715591543939,0.0,0.0,274.7186943448217,1.0,170.3239396272238,1.0,70.20707161018436,1.0,1,1
322,2025-07-28 23:46:17.596971,8.912171519779994,8.770623621829193,68.04949119808553,64.07056649545736,60.421668437142344,60.06568793950018,60.39830055979344,68.04949069025183,64.07056628626184,0.0,0.0,273.9972656457325,1.0,169.84438282634073,1.0,69.9651926606748,1.0,1,1
323,2025-07-28 23:46:40.340396,8.967782685694518,8.829287939602755,68.063115079086,64.10376296813196,60.47495916483581,60.12435139993653,60.45171814332886,68.06311457267995,64.10376275965581,0.0,0.0,273.2791931592084,1.0,169.36690629336226,1.0,69.72460591100571,1.0,1,1
324,2025-07-28 23:47:04.493191,9.023048310497161,8.887528719109183,68.2776352352975,64.64499739327286,60.813995072311165,60.18265865785129,60.78728370729979,68.2776347333954,64.64499717149621,0.0,0.0,261.97250147750964,1.0,167.86056054570508,1.0,74.17293722369322,1.0,1,1
325,2025-07-28 23:47:27.180995,9.113367443090384,8.973288041346649,68.29847629253972,64.69259578791241,60.89691296026434,60.268416762800996,60.87049082909056,68.298475792896,64.6925955671618,0.0,0.0,260.8740340294149,1.0,167.10525525240882,1.0,73.82977993870554,1.0,1,1
326,2025-07-28 23:47:50.036923,9.202944816189172,9.058612619082881,68.31923797690415,64.73997711238302,60.979220803501654,60.3537401183614,60.95308331098444,68.31923747950808,64.73997689265668,0.0,0.0,259.77975007937926,1.0,166.3535310331099,1.0,73.48721370476596,1.0,1,1
327,2025-07-28 23:48:13.692035,9.291788558556377,9.143498799612022,68.33992025917027,64.7871398796816,61.06092326775989,60.43862507251031,61.03506593727947,68.33991976401121,64.78713966097764,0.0,0.0,258.6896511675253,1.0,165.60536470933584,1.0,73.14528487881944,1.0,1,1
328,2025-07-28 23:48:38.314406,9.379906610327176,9.227943127190228,68.36052316474321,64.83408230919385,61.14202496427744,60.52306817015037,61.11644343321236,68.3605226718106,64.83408209151033,0.0,0.0,257.60373595482764,1.0,164.86072730799606,1.0,72.80399925548409,1.0,1,1
329,2025-07-28 23:49:01.151192,9.46730673000653,9.311942332630604,68.38104631127469,64.88080238499127,61.222530406435254,60.60706614270431,61.197220423545325,68.38104582055803,64.88080216832614,0.0,0.0,256.5220245936773,1.0,164.1196072398543,1.0,72.46339739708674,1.0,1,1
330,2025-07-28 23:49:25.711559,9.55399649663263,9.39549332284267,68.40148983654855,64.92729992799555,61.3024440942487,60.69061589771717,61.2774015137866,68.40148934803733,64.9272997123467,0.0,0.0,255.44450982191486,1.0,163.38200450491058,1.0,72.12350248209987,1.0,1,1
331,2025-07-28 23:49:48.829139,9.639983320700228,9.478593193154593,68.42185359041387,64.97357307172435,61.38177044521067,60.77371453107834,61.35699122415103,68.42185310409769,64.97357285708965,0.0,0.0,254.3711995535298,1.0,162.64787274621995,1.0,71.78432030514159,1.0,1,1
332,2025-07-28 23:50:09.234370,9.725274447177718,9.56123920314269,68.44213752091005,65.01962029895748,61.46051382624626,60.85635930291083,61.435994020345944,68.44213703677853,65.01962008533472,0.0,0.0,253.3020965272065,1.0,161.9172119637824,1.0,71.4458798393025,1.0,1,1
333,2025-07-28 23:50:31.517017,9.809876961785065,9.643428774033808,68.46234136109987,65.06544104664758,61.53867852605641,60.938547634988524,61.51441428722973,68.46234087914272,65.06544083403446,0.0,0.0,252.23721481237396,1.0,161.18999897912545,1.0,71.10820426305509,1.0,1,1
334,2025-07-28 23:50:54.543811,9.89379779398081,9.725159491621232,68.4824651306452,65.11103357207648,61.61626880255684,61.02027711359823,61.5922563744606,68.48246465085215,65.11103336047063,0.0,0.0,251.1765533727177,1.0,160.46621640839476,1.0,70.77132834410804,1.0,1,1
335,2025-07-28 23:51:17.180940,9.97704372490117,9.806429089195605,68.5025089883521,65.15639748392647,61.69328886973341,61.101545472539414,61.66952458415449,68.50250851071293,65.1563972733255,0.0,0.0,250.1201038380625,1.0,159.7458584569722,1.0,70.43524628784326,1.0,1,1
336,2025-07-28 23:51:38.876939,10.059621393390266,9.887235455907657,68.44092996437823,65.00323852662989,61.65179279191154,61.18232271540893,61.62966389862582,68.44092948750018,65.0032383226791,0.0,0.0,253.3657430844095,1.0,159.491300883019,1.0,68.21110380997197,1.0,1,1
337,2025-07-28 23:52:00.986399,10.127310007273254,9.956404041324516,68.45777809436784,65.04223778429217,61.7156035202065,61.25149023481079,61.693651192234185,68.45777761927387,65.04223758121245,0.0,0.0,252.47773043995633,1.0,158.89461746610323,1.0,67.91977358943768,1.0,1,1
338,2025-07-28 23:52:23.692411,10.194505092216925,10.025115056704204,68.47455079570958,65.08100880439301,61.77896962215168,61.32020019221378,61.757192037901845,68.47455032239122,65.08100860218092,0.0,0.0,251.59369340544504,1.0,158.30076182282937,1.0,67.629596497909,1.0,1,1
339,2025-07-28 23:52:46.108262,10.261210026130229,10.093369384872684,68.49124858929311,65.11955139991608,61.84189480557205,61.3884534704685,61.82029014132439,68.49124811774209,65.1195511985681,0.0,0.0,250.71360452639576,1.0,157.70968180163436,1.0,67.3405899192403,1.0,1,1
340,2025-07-28 23:53:08.633886,10.327428140138803,10.161167917840684,68.50787156059116,65.15786644486676,61.904381603917834,61.456250961674606,61.882948064518075,68.50787109079916,65.15786624437945,0.0,0.0,249.8374592978073,1.0,157.1213774025182,1.0,67.05274226419533,1.0,1,1
341,2025-07-28 23:53:33.064026,10.39316272021187,10.228511599374048,68.52441959406232,65.19595388720626,61.96643251106171,61.523593609657354,61.945168329861076,68.52441912602106,65.19595368757608,0.0,0.0,248.9652638095082,1.0,156.53584862548087,1.0,66.76607671124657,1.0,1,1
342,2025-07-28 23:53:55.313022,10.45841700646216,10.29540141315678,68.540892862498,65.23381415684446,62.028050017997984,61.5904823981677,62.00695345506791,68.5408923961992,65.2338139580679,0.0,0.0,248.09700895420002,1.0,155.95308388128615,1.0,66.4805874657759,1.0,1,1
343,2025-07-28 23:54:16.836941,10.523194197360752,10.361838387038508,68.55729122939962,65.2714477805438,62.089236568681635,61.65691835511721,62.0683059112461,68.55729076483505,65.27144758261727,0.0,0.0,247.2327019262995,1.0,155.3730715806978,1.0,66.19629191163767,1.0,1,1
344,2025-07-28 23:54:38.798364,10.587497447692071,10.427823591814164,68.57361481374498,65.30885506602978,62.14999460333492,61.722902551353734,62.129228164106635,68.5736143509064,65.30885486894978,0.0,0.0,246.37233645485435,1.0,154.79581751833393,1.0,65.91317266497754,1.0,1,1
345,2025-07-28 23:55:01.570554,10.651329872501012,10.493358138155203,68.58986358467057,65.34603604662136,62.21032652844174,61.78843609758879,62.18972264551785,68.58986312354978,65.34603585038425,0.0,0.0,245.5159141665869,1.0,154.2213043103402,1.0,65.63127028812232,1.0,1,1
346,2025-07-28 23:55:23.290224,10.668000000000001,10.587486128884656,69.02836539261232,65.63849029435286,64.43478937726336,61.88267083890449,64.43058468425154,69.02836500642658,65.63849009228566,0.0,0.0,222.40384473765798,1.0,129.15936075160062,1.0,67.58113610658256,1.0,1,1
347,2025-07-28 23:55:45.641949,10.668000000000001,10.668000000000001,70.86526958365191,69.91128081550904,69.24929069548847,69.25037507420446,69.24508599671704,70.86526936396226,69.91128073642967,0.0,0.0,125.58632556510469,1.0,73.47494070359062,1.0,26.448004623489396,1.0,1,1
348,2025-07-28 23:56:07.624973,10.668000000000001,10.668000000000001,70.78000681591476,69.76183396785865,69.05530496132614,69.05646231097212,69.05081736994929,70.78000658836382,69.76183388594949,0.0,0.0,130.08026144393975,1.0,76.10414437181134,1.0,27.394422216957537,1.0,1,1
349,2025-07-28 23:56:31.054113,10.668000000000001,10.668000000000001,70.78000687920745,69.76183406378425,69.05530503948043,69.05646239001021,69.05081744810359,70.7800066516565,69.76183398187509,0.0,0.0,130.08025810797955,1.0,76.10414437181134,1.0,27.394422216957537,1.0,1,1
350,2025-07-28 23:56:52.973090,10.668000000000001,10.668000000000001,70.78000681644045,69.76183390001829,69.05530493071812,69.0564622785124,69.05081733934128,70.7800065888895,69.76183381810912,0.0,0.0,130.08026141623353,1.0,76.10414437181134,1.0,27.394422216957537,1.0,1,1
351,2025-07-28 23:57:15.785902,10.668000000000001,10.668000000000001,70.78000687800865,69.76183421848216,69.05530510928837,69.05646246404,69.05081751791154,70.78000665045771,69.76183413657301,0.0,0.0,130.08025817116408,1.0,76.10414437181134,1.0,27.394416422339418,1.0,1,1
352,2025-07-28 23:57:39.410745,10.668000000000001,10.668000000000001,70.78000706855958,69.76183441942136,69.05530530456747,69.05646265960063,69.05081771319064,70.78000684100864,69.7618343375122,0.0,0.0,130.0802481278168,1.0,76.10414437181134,1.0,27.394422216957537,1.0,1,1
353,2025-07-28 23:58:02.455810,10.668000000000001,10.668000000000001,70.7800071316665,69.76183453930777,69.05530539353546,69.05646275010628,69.05081780215862,70.78000690411558,69.76183445739862,0.0,0.0,130.08024480164585,1.0,76.10413857719323,1.0,27.394416422339418,1.0,1,1
354,2025-07-28 23:58:24.959045,10.668000000000001,10.668000000000001,70.78000706839093,69.7618344411766,69.05530531438542,69.05646267001227,69.05081772300859,70.78000684084002,69.76183435926745,0.0,0.0,130.080248136705,1.0,76.10413857719323,1.0,27.394416422339418,1.0,1,1
355,2025-07-28 23:58:47.568216,10.668000000000001,10.668000000000001,70.78000694153387,69.76183428440265,69.05530517390417,69.05646252872071,69.05081758252736,70.7800067139829,69.7618342024935,0.0,0.0,130.08025482294752,1.0,76.10415016642946,1.0,27.394416422339418,1.0,1,1
356,2025-07-28 23:59:09.530262,10.668000000000001,10.668000000000001,70.78000700549397,69.76183429419929,69.05530521319187,69.05646256654173,69.05081762181504,70.78000677794303,69.76183421229013,0.0,0.0,130.0802514518082,1.0,76.10414437181134,1.0,27.394422216957537,1.0,1,1
357,2025-07-28 23:59:31.236572,10.668000000000001,10.668000000000001,70.78000700492692,69.76183436736585,69.05530524620923,69.05646260155585,69.0508176548324,70.78000677737599,69.7618342854567,0.0,0.0,130.0802514816961,1.0,76.10413857719323,1.0,27.394416422339418,1.0,1,1
358,2025-07-28 23:59:52.436311,10.668000000000001,10.668000000000001,70.78000700550989,69.76183429213958,69.05530521226537,69.05646256555886,69.05081762088854,70.78000677795893,69.76183421023042,0.0,0.0,130.08025145097014,1.0,76.10414437181134,1.0,27.394422216957537,1.0,1,1
359,2025-07-29 00:00:14.923912,10.668000000000001,10.668000000000001,70.78000700516397,69.76183433677778,69.05530523240827,69.05646258692002,69.05081764103146,70.78000677761302,69.76183425486863,0.0,0.0,130.08025146920147,1.0,76.10414437181134,1.0,27.394416422339418,1.0,1,1
360,2025-07-29 00:00:38.587592,10.668000000000001,10.668000000000001,69.25137090098072,66.76516659609695,65.03992999365751,65.04275649405072,65.02897200489241,69.25137053248798,66.76516646345416,0.0,0.0,210.64991647761886,1.0,123.24196046961333,1.0,44.36222299204928,1.0,1,1
361,2025-07-29 00:01:01.680609,10.668000000000001,10.668000000000001,69.25137077917277,66.76516624026007,65.03992976526034,65.04275625931517,65.02897177649521,69.25137041068001,66.76516610761725,0.0,0.0,210.6499228977385,1.0,123.24197205884957,1.0,44.36223458128552,1.0,1,1
362,2025-07-29 00:01:23.748027,10.668000000000001,10.668000000000001,69.2513710245619,66.76516681633258,65.03993016125924,65.04275666427027,65.02897217249415,69.25137065606918,66.7651666836898,0.0,0.0,210.64990996403859,1.0,123.24195467499521,1.0,44.36222299204928,1.0,1,1
363,2025-07-29 00:01:46.553384,10.668000000000001,10.668000000000001,69.25137090217214,66.76516650498834,65.03992995280842,65.0427564507019,65.02897196404331,69.2513705336794,66.76516637234553,0.0,0.0,210.6499164148233,1.0,123.24196046961333,1.0,44.3622287866674,1.0,1,1
364,2025-07-29 00:02:08.086949,10.668000000000001,10.668000000000001,69.25137084124967,66.7651663284759,65.03992983924415,65.04275633400684,65.02897185047905,69.25137047275693,66.76516619583312,0.0,0.0,210.64991962585734,1.0,123.24196046961333,1.0,44.36222299204928,1.0,1,1
365,2025-07-29 00:02:30.745633,10.668000000000001,10.668000000000001,69.25137090142125,66.76516656241026,65.03992997855403,65.04275647802301,65.02897198978891,69.25137053292852,66.76516642976745,0.0,0.0,210.64991645440054,1.0,123.24196046961333,1.0,44.3622287866674,1.0,1,1
366,2025-07-29 00:02:53.578845,10.668000000000001,10.668000000000001,69.25137084050549,66.7651663853914,65.0399298647596,65.04275636108399,65.02897187599449,69.25137047201274,66.76516625274861,0.0,0.0,210.64991966508111,1.0,123.24196626423145,1.0,44.36222299204928,1.0,1,1
367,2025-07-29 00:03:16.611207,10.668000000000001,10.668000000000001,69.25137090071635,66.76516661631732,65.03993000272266,65.0427565036707,65.02897201395754,69.25137053222362,66.76516648367452,0.0,0.0,210.64991649155348,1.0,123.24196046961333,1.0,44.3622287866674,1.0,1,1
368,2025-07-29 00:03:38.991962,10.668000000000001,10.668000000000001,69.2513708400317,66.7651664216221,65.03992988100373,65.04275637832218,65.02897189223862,69.25137047153895,66.7651662889793,0.0,0.0,210.64991969005303,1.0,123.24196626423145,1.0,44.36222299204928,1.0,1,1
369,2025-07-29 00:04:01.209575,10.668000000000001,10.668000000000001,69.25137090160233,66.76516654856509,65.03992997234705,65.0427564714361,65.02897198358194,69.25137053310957,66.76516641592231,0.0,0.0,210.64991644485755,1.0,123.24196626423145,1.0,44.36222299204928,1.0,1,1
370,2025-07-29 00:04:24.123617,10.668000000000001,10.668000000000001,69.25137090214825,66.76516650681202,65.03992995362809,65.04275645157152,65.02897196486298,69.25137053365553,66.76516637416923,0.0,0.0,210.6499164160829,1.0,123.24195467499521,1.0,44.3622287866674,1.0,1,1
371,2025-07-29 00:04:47.418310,10.668000000000001,10.668000000000001,69.25137090352351,66.76516640163912,65.03992990647747,65.04275640153507,65.02897191771237,69.25137053503077,66.76516626899634,0.0,0.0,210.6499163435973,1.0,123.24196046961333,1.0,44.36222299204928,1.0,1,1
372,2025-07-29 00:05:09.781928,10.668000000000001,10.668000000000001,68.24624438236475,64.45916923838205,61.964973014682805,61.96299995884418,61.950753188328044,68.24624392509283,64.45916907631641,0.0,0.0,263.62701591570726,1.0,152.93405307374996,1.0,54.20266086503034,1.0,1,1
373,2025-07-29 00:05:32.004962,10.65538611173471,10.666887133185053,68.24490586769473,64.45793953051995,61.95816299322656,61.96188667202178,61.943040556410836,68.24490541020778,64.4579393684584,0.0,0.0,263.6975648699516,1.0,153.0059700792208,1.0,54.20129333515433,1.0,1,1
374,2025-07-29 00:05:53.328869,10.645814439360047,10.662807615021332,68.24309143597571,64.45503123060882,61.95011503210096,61.957806969229885,61.93471611715949,68.24309097824387,64.45503106850622,0.0,0.0,263.7931979348656,1.0,153.08787121171008,1.0,54.21502658009558,1.0,1,1
375,2025-07-29 00:06:15.066347,10.637157790136785,10.657915499464519,68.2412588757231,64.45172149682608,61.94234069724035,61.95291473701605,61.92677101282579,68.24125841775798,64.45172133466802,0.0,0.0,263.8897864985241,1.0,153.16589574467798,1.0,54.23357515269345,1.0,1,1
376,2025-07-29 00:06:38.270028,10.62906250582283,10.652565459203991,68.2394396396817,64.44819807496866,61.9348471476823,61.94756461697543,61.91915587485883,68.23943918149385,64.44819791274661,0.0,0.0,263.9856727843617,1.0,153.2403855605935,1.0,54.2549746774057,1.0,1,1
377,2025-07-29 00:07:01.340873,10.621365219525966,10.646920123480871,68.23763912483226,64.44454140528241,61.92759005290141,61.94191922562619,61.911806846417996,68.23763866643031,64.44454124299068,0.0,0.0,264.0805723342716,1.0,153.3119896566859,1.0,54.278274836860874,1.0,1,1
378,2025-07-29 00:07:23.972298,10.613967922168792,10.641076433428395,68.23585937256125,64.44080010073704,61.92053636313378,61.93607549664502,61.90468034268464,68.23585891395241,64.4407999383717,0.0,0.0,264.174377553108,1.0,153.38118319164096,1.0,54.302896169247106,1.0,1,1
379,2025-07-29 00:07:47.302205,10.606807905610601,10.635095937423399,68.23409733154462,64.43700208348142,61.91363930078731,61.930094974540054,61.89772536911341,68.2340968727345,64.43700192103968,0.0,0.0,264.2672492666918,1.0,153.44849927032556,1.0,54.328444640532325,1.0,1,1
380,2025-07-29 00:08:10.152000,10.59983595513336,10.629026845000626,68.23235381366537,64.433171039789,61.90688226790156,61.92402586505971,61.89092026063457,68.23235335465877,64.43317087726899,0.0,0.0,264.35914468318873,1.0,153.5142160344094,1.0,54.35462472519248,1.0,1,1
381,2025-07-29 00:08:32.724680,10.593019918844423,10.622900260911214,68.2306278357216,64.42932171697733,61.90024518953999,61.91789927080985,61.88424258398761,68.23062737652262,64.4293215543777,0.0,0.0,264.4501156241214,1.0,153.57855947399912,1.0,54.38125679006589,1.0,1,1
382,2025-07-29 00:08:55.912763,10.586335389279776,10.616739609516824,68.22891830104486,64.42546417899139,61.893712480513074,61.91173861453182,61.87767500970465,68.22891784165698,64.42546401631127,0.0,0.0,264.54021989148055,1.0,153.64173240072887,1.0,54.408178585845235,1.0,1,1
383,2025-07-29 00:09:19.030251,10.579763679963307,10.61056263105731,68.22722487910899,64.42160784347566,61.887271819633774,61.90556163524968,61.87120392781426,68.22722441953529,64.42160768071444,0.0,0.0,264.6294749062728,1.0,153.7038796800516,1.0,54.435291604022495,1.0,1,1
384,2025-07-29 00:09:42.440745,10.573290321786631,10.604382913474666,68.44546460997866,65.02913728133404,62.000404281073656,61.899409641138995,61.98029705594348,68.44546414630658,65.02913709821554,0.0,0.0,253.12673598784912,1.0,155.07457921216883,1.0,61.243765081826496,1.0,1,1
385,2025-07-29 00:10:07.044597,10.614962967356995,10.640896667481025,68.45552132516706,65.05097308077873,62.03927964742157,61.93592334303931,62.01935339273917,68.45552086261563,65.05097289812444,0.0,0.0,252.596677740764,1.0,154.69977751763508,1.0,61.08850987857295,1.0,1,1
386,2025-07-29 00:10:30.400083,10.66392672758679,10.668000000000001,68.56614951852981,65.45480860116433,62.29381054712248,62.70227201299822,62.26234248339021,68.56614906160911,65.45480843031355,0.0,0.0,246.76580899748888,1.0,152.8165903698664,1.0,57.14084516057483,1.0,1,1
387,2025-07-29 00:10:53.524596,10.668000000000001,10.668000000000001,69.8304875910917,67.96998164571917,66.67893473873733,66.68104980810745,66.67073453767135,69.8304872759941,67.9699815322966,0.0,0.0,180.12647300056287,1.0,105.38401943222198,1.0,37.93404450675553,1.0,1,1
388,2025-07-29 00:11:16.946712,10.668000000000001,10.668000000000001,69.83048777986885,67.96998181145413,66.67893491702029,66.68104998576632,66.67073471595434,69.83048746477125,67.96998169803155,0.0,0.0,180.1264630507045,1.0,105.38401943222198,1.0,37.934050301373645,1.0,1,1
389,2025-07-29 00:11:41.831878,10.668000000000001,10.668000000000001,69.83048765618358,67.96998150397849,66.6789347096302,66.68104977339843,66.67073450856425,69.83048734108597,67.96998139055592,0.0,0.0,180.12646956977156,1.0,105.38401943222198,1.0,37.93404450675553,1.0,1,1
390,2025-07-29 00:12:06.241948,10.668000000000001,10.668000000000001,69.8304877171054,67.9699817414496,66.67893485095857,66.6810499195085,66.6707346498926,69.83048740200782,67.969981628027,0.0,0.0,180.1264663587723,1.0,105.38401363760386,1.0,37.934056095991764,1.0,1,1
391,2025-07-29 00:12:28.391443,10.668000000000001,10.668000000000001,69.83048759259543,67.96998150897421,66.67893467727649,66.6810497429023,66.67073447621053,69.83048727749784,67.96998139555164,0.0,0.0,180.12647292130626,1.0,105.38401943222198,1.0,37.93404450675553,1.0,1,1
392,2025-07-29 00:12:50.795856,10.668000000000001,10.668000000000001,69.83048753087462,67.96998134416292,66.67893456860413,66.68104963143789,66.67073436753819,69.83048721577703,67.96998123074033,0.0,0.0,180.12647617441863,1.0,105.38401943222198,1.0,37.934050301373645,1.0,1,1
393,2025-07-29 00:13:13.088262,10.668000000000001,10.668000000000001,69.830487655883,67.96998153131365,66.67893472191533,66.68104978643207,66.67073452084936,69.83048734078541,67.96998141789106,0.0,0.0,180.12646958561479,1.0,105.38401943222198,1.0,37.934050301373645,1.0,1,1
394,2025-07-29 00:13:36.167414,10.668000000000001,10.668000000000001,69.83048759177208,67.9699815838446,66.6789347109269,66.68104977860281,66.67073450986092,69.8304872766745,67.96998147042203,0.0,0.0,180.12647296470215,1.0,105.38401363760386,1.0,37.93404450675553,1.0,1,1
395,2025-07-29 00:13:58.707101,10.668000000000001,10.668000000000001,69.83048771833114,67.96998162998435,66.67893480086013,66.68104986635797,66.67073459979416,69.83048740323358,67.96998151656176,0.0,0.0,180.1264662941674,1.0,105.38400784298574,1.0,37.934050301373645,1.0,1,1
396,2025-07-29 00:14:21.671384,10.668000000000001,10.668000000000001,69.99073332071261,68.2885575881516,67.10738040850765,67.10931545583027,67.09987805319184,69.99073302038983,68.28855748004739,0.0,0.0,171.68041790657753,1.0,100.44260088534429,1.0,36.15532852904835,1.0,1,1
397,2025-07-29 00:14:34.952799,10.668000000000001,10.668000000000001,61.393757309326766,61.40174711902742,61.44070159004191,61.96286260287423,61.44276400788815,61.393757341833634,61.401747191417535,0.0,0.0,0.0,0.0,-10.871882795413512,1.0,-24.210786589833333,1.0,0,0
398,2025-07-29 00:14:47.270002,10.572506233701167,10.579616876158036,61.30119683840552,61.30960087807839,61.34744356225966,61.874478847299514,61.34947968241101,61.301196870650685,61.309600950730186,0.0,0.0,0.0,0.0,-10.78435798604005,1.0,-24.298305604588677,1.0,0,0
399,2025-07-29 00:15:00.637953,10.477231667605817,10.49101455987065,61.20866111477389,61.21746201541537,61.25425865727405,61.78587593817128,61.256270290996746,61.20866114677384,61.21746208831239,0.0,0.0,0.0,0.0,-10.702346755806502,1.0,-24.380319732131284,1.0,0,0
400,2025-07-29 00:15:14.637558,10.382162378189227,10.402206964861591,61.116150351802276,61.12533078714989,61.161143307741455,61.697067786759405,61.16313212730072,61.11615038357244,61.12533086027669,0.0,0.0,0.0,0.0,-10.625492735698572,1.0,-24.457170854930155,1.0,0,0
401,2025-07-29 00:15:27.875847,10.287285383348594,10.31320707535571,61.02366437149822,61.03320727818909,61.06809397269602,61.60806737498668,61.07006152464615,61.02366440305296,61.0332073515313,0.0,0.0,0.0,0.0,-10.553445351320079,1.0,-24.529218239308648,1.0,0,0
402,2025-07-29 00:15:40.494517,10.19258856362846,10.224027010370426,60.93120296848959,60.941091594426915,60.97510730951787,61.518886819733574,60.97705502470099,60.931202999842355,60.9410916679711,0.0,0.0,0.0,0.0,-10.485894590601674,1.0,-24.596766102717993,1.0,0,0
403,2025-07-29 00:15:52.862036,10.09806060653571,10.134678090933125,60.838765548048855,60.848983469734385,60.88217997339214,61.4295374399998,60.88410917830468,60.83876557921223,60.84898354346795,0.0,0.0,0.0,0.0,-10.422553619946484,1.0,-24.660104176064124,1.0,0,0
404,2025-07-29 00:16:05.993944,10.00369093519017,10.045170886639012,60.74635159431479,60.75688289845156,60.789308844629474,61.34002980351451,60.79122076905044,60.746351625300534,60.75688297236277,0.0,0.0,0.0,0.0,-10.363144297684812,1.0,-24.719516395634855,1.0,0,0
405,2025-07-29 00:16:18.255692,9.909469665275633,9.955515279006063,60.653960661619756,60.6647898812786,60.69649101796741,61.25037379006055,60.69838680199247,60.65396069243885,60.66478995535643,0.0,0.0,0.0,0.0,-10.307411660619437,1.0,-24.775243238082112,1.0,0,0
406,2025-07-29 00:16:31.136065,9.815387564233683,9.865720513144531,60.56159183384087,60.57270403521852,60.60372350832442,61.1605786430851,60.60560421210653,60.56159186450363,60.572704109452694,0.0,0.0,0.0,0.0,-10.255123924025611,1.0,-24.827530974675938,1.0,0,0
407,2025-07-29 00:16:43.839799,9.721435984423868,9.775795228347116,60.469244591222015,60.48062535998736,60.51100368975571,61.070653000370505,60.512870297251936,60.46924462173808,60.4806254343682,0.0,0.0,0.0,0.0,-10.206060892414826,1.0,-24.876585314359545,1.0,0,0
408,2025-07-29 00:16:55.770735,9.627606845674446,9.685747515524897,60.2661003237321,60.27924513989603,60.31662496055319,60.98057818466631,60.31887906616581,60.266100357555004,60.279245221551626,0.0,0.0,0.0,0.0,-11.312030398471506,1.0,-27.30961798079079,1.0,0,0
409,2025-07-29 00:17:08.998959,9.524121645745842,9.5868068113633,60.16442804372438,60.17787459993933,60.21453133161757,60.88163707650873,60.216769495724066,60.16442807739468,60.177874681747504,0.0,0.0,0.0,0.0,-11.260994299391314,1.0,-27.360648285252864,1.0,0,0
410,2025-07-29 00:17:22.254710,9.420763832935013,9.487738716802824,60.06277705175893,60.07651115015076,60.11248438860108,60.7825686005878,60.11470756768777,60.062777085285305,60.07651123210288,0.0,0.0,0.0,0.0,-11.212855509370456,1.0,-27.40878997258278,1.0,0,0
411,2025-07-29 00:17:34.736118,9.317526145107063,9.388550497300459,59.9611466594454,59.97515454187174,60.01048178563859,60.683380021069766,60.01269087454248,59.96114669283598,59.97515462395965,0.0,0.0,0.0,0.0,-11.167440189865374,1.0,-27.454205292087863,1.0,0,0
412,2025-07-29 00:17:47.655872,9.21440174921997,9.289248989889021,59.85953615034672,59.87380464579865,59.908521274917184,60.58407817378101,59.91071711131149,59.859536183609194,59.87380472801467,0.0,0.0,0.0,0.0,-11.124594783495922,1.0,-27.497050698457315,1.0,0,0
413,2025-07-29 00:18:00.942372,9.11138421375759,9.189840632561534,59.7579446102069,59.77246095893112,59.80660060922277,60.48466949554526,59.80878397881574,59.7579446433485,59.77246104126799,0.0,0.0,0.0,0.0,-11.084168630191016,1.0,-27.537468159835043,1.0,0,0
414,2025-07-29 00:18:14.042793,9.00846747441701,9.09033147850275,59.65637278360602,59.67112402698089,59.70471861262498,60.385160038499265,59.70689023192661,59.65637281663354,59.671124109431844,0.0,0.0,0.0,0.0,-11.046016864497687,1.0,-27.57562282283743,1.0,0,0
415,2025-07-29 00:18:27.309582,8.905645862712678,8.990727197752417,59.55481707449644,59.56979241059895,59.60287161812536,60.28555547165945,59.60503219821892,59.55481710741634,59.56979249315752,0.0,0.0,0.0,0.0,-11.010023594053564,1.0,-27.611616093281555,1.0,0,0
416,2025-07-29 00:18:40.281741,8.802913961832262,8.891033207365346,59.453278382272025,59.46846665029681,59.50105871782292,60.185861211140704,59.503208904629986,59.45327841509036,59.46846673295694,0.0,0.0,0.0,0.0,-10.976052645332857,1.0,-27.645581247384143,1.0,0,0
417,2025-07-29 00:18:53.209591,8.700266714833235,8.791254574080686,59.35175573913538,59.367146195667615,59.399278002094256,60.08608232275005,59.401418403253935,59.351755771857874,59.36714627842358,0.0,0.0,0.0,0.0,-10.94399971520943,1.0,-27.67763707481663,1.0,0,0
418,2025-07-29 00:19:06.083055,8.597699344159118,8.691396061951664,59.25024847228171,59.265830878633096,59.297527791898524,59.98622356969935,59.29965897764806,59.250248504913756,59.26583096147954,0.0,0.0,0.0,0.0,-10.913748911320909,1.0,-27.70789367332327,1.0,0,0
419,2025-07-29 00:19:18.425415,8.495207348435496,8.591462162138626,59.1487563846219,59.16452102439333,59.19580673885682,59.88628944240873,59.19792924173401,59.14875641716852,59.164521107325164,0.0,0.0,0.0,0.0,-10.885178546686802,1.0,-27.73645244872114,1.0,0,0
420,2025-07-29 00:19:31.606578,8.39278650873857,8.491457125780876,59.396295835279346,59.40802341424639,59.414730260694654,59.78636871581686,59.4155925064433,59.396295854902895,59.408023472760135,0.0,0.0,0.0,0.0,-6.563074297787352,1.0,-19.56985376011744,1.0,0,0
421,2025-07-29 00:19:44.721982,8.32547747146259,8.421797627180034,59.328124214260264,59.33965174991198,59.34674623998482,59.71670942659557,59.3476156785534,59.32812423399141,59.33965180831813,0.0,0.0,0.0,0.0,-6.599058876304298,1.0,-19.533869181600494,1.0,0,0
422,2025-07-29 00:19:57.809674,8.25807931950002,8.352227255563598,59.259926533726954,59.27127044547025,59.27872290401734,59.64713924844773,59.279599021799136,59.25992655355763,59.27127050377689,0.0,0.0,0.0,0.0,-6.632346060087002,1.0,-19.50058779243591,1.0,0,0
423,2025-07-29 00:20:10.198934,8.190598719353003,8.282739324644224,59.191705272342816,59.20288060700485,59.21066349731842,59.577651496306956,59.211545813412634,59.1917052922655,59.20288066521946,0.0,0.0,0.0,0.0,-6.663121276915263,1.0,-19.46980678098953,1.0,0,0
424,2025-07-29 00:20:23.552657,8.123041865579497,8.213327648882931,59.12346249261312,59.1344830051272,59.142570901141326,59.50823998574034,59.14345896682783,59.12346251262088,59.134483063256724,0.0,0.0,0.0,0.0,-6.691572851877936,1.0,-19.441349411408737,1.0,0,0
425,2025-07-29 00:20:36.183518,8.055414498520967,8.143986497776945,59.055200558576985,59.066078431339555,59.07444805989317,59.43889898725406,59.07534144853303,59.05520057866339,59.06607848939044,0.0,0.0,0.0,0.0,-6.717874623518583,1.0,-19.41505053707715,1.0,0,0
426,2025-07-29 00:20:48.874812,7.987721947896744,8.074710531067675,58.98691984289085,58.99766703484672,59.006296619272845,59.369623161545825,59.00719495236268,58.98691986304997,58.99766709282489,0.0,0.0,0.0,0.0,-6.742194635762644,1.0,-19.39073052483309,1.0,0,0
427,2025-07-29 00:21:01.478323,7.91996910485267,8.005494860779178,58.91862260585882,58.929249657373646,58.93811922971303,59.300407621512214,58.93902214490307,58.91862262608516,58.92924971528461,0.0,0.0,0.0,0.0,-6.764674856754027,1.0,-19.368256098459824,1.0,0,0
428,2025-07-29 00:21:14.564418,7.852160523146574,7.936334931089114,58.85031025392872,58.860826794247686,58.869917944280736,59.231247812142925,58.87082510445748,58.85031027421716,58.86082685209653,0.0,0.0,0.0,0.0,-6.7854456654004025,1.0,-19.34747659788627,1.0,0,0
429,2025-07-29 00:21:28.715862,7.784300418786567,7.8672265246516115,58.781983991701324,58.79239887479595,58.8016946089861,59.162139516839254,58.802605701160175,58.781984012047204,58.79239893258738,0.0,0.0,0.0,0.0,-6.804654824463796,1.0,-19.328276130750055,1.0,0,0
430,2025-07-29 00:21:41.828990,7.716392688791922,7.798165736376836,58.71364509953916,58.72396645266893,58.73345102133226,59.09307883122168,58.734365753966465,58.71364511993808,58.72396651040731,0.0,0.0,0.0,0.0,-6.822395047834107,1.0,-19.310533010070685,1.0,0,0
431,2025-07-29 00:21:53.994478,7.6484409480330635,7.729148958937881,58.645294634193974,58.65552993520216,58.6651887767315,59.024062148608444,58.66610687908504,58.64529465464189,58.65552999289152,0.0,0.0,0.0,0.0,-6.838782227873708,1.0,-19.294140035412966,1.0,0,0
432,2025-07-29 00:22:07.272952,7.580448540861532,7.660172855959137,57.99994143398045,58.01762818661832,58.06718828636991,58.95494663306935,58.07018979411744,57.9999414734495,58.01762828211766,0.0,0.0,0.0,0.0,-13.200377653674877,1.0,-31.939645339207345,1.0,0,0
433,2025-07-29 00:22:19.737434,7.459549249152327,7.544481263846857,57.881118319997576,57.89915183760483,57.94788284062795,58.83925457802867,57.95086610079055,57.88111835931352,57.89915193325725,0.0,0.0,0.0,0.0,-13.149170613360184,1.0,-31.990837892976742,1.0,0,0
434,2025-07-29 00:22:32.109684,7.338777744979621,7.428661900296837,57.762316503137804,57.78068240410331,57.828624207409696,58.72343477423048,57.83159017888214,57.76231654230826,57.78068249990122,0.0,0.0,0.0,0.0,-13.100513205017705,1.0,-32.03949819862828,1.0,0,0
435,2025-07-29 00:22:45.031316,7.2181276453574545,7.312721136512848,57.64353529559615,57.662219645864035,57.709410278284146,58.607493591741886,57.71235986635863,57.64353533462837,57.662219741800186,0.0,0.0,0.0,0.0,-13.054277947048831,1.0,-32.085733456597154,1.0,0,0
436,2025-07-29 00:22:56.648281,7.0975928939628625,7.1966650136169,57.524776417233404,57.543764756412585,57.59024043380493,58.49143707069137,57.593174464784575,57.52477645613415,57.54376485248019,0.0,0.0,0.0,0.0,-13.010308384764357,1.0,-32.12969722426351,1.0,0,0
437,2025-07-29 00:23:08.765759,6.9771678129259636,7.0804992398910365,57.40603477669738,57.42531525605868,57.47111015790026,58.375270918247644,57.474029467629265,57.406034815473234,57.42531535225119,0.0,0.0,0.0,0.0,-12.96853788005592,1.0,-32.17147062628101,1.0,0,0
438,2025-07-29 00:23:20.901171,6.85684689582168,6.964229296139436,57.28731221174218,57.30687227375791,57.35201905119731,58.259000614309436,57.35492439984476,57.2873122503993,57.30687237006914,0.0,0.0,0.0,0.0,-12.928827362088668,1.0,-32.21117534963014,1.0,0,0
439,2025-07-29 00:23:33.242489,6.736624986651674,6.847860353049635,57.168607756864645,57.188435342930845,57.23296518463191,58.14263132861602,57.235857292604585,57.16860779540889,57.18843543935494,0.0,0.0,0.0,0.0,-12.891075425045528,1.0,-32.24892438936422,1.0,0,0
440,2025-07-29 00:23:45.730314,6.616497178461391,6.731397309756033,57.049920948714146,57.07000439329176,57.113946961100865,58.02616795944834,57.116826508434364,57.04992098715107,57.07000448982317,0.0,0.0,0.0,0.0,-12.855183560418482,1.0,-32.284816253991266,1.0,0,0
441,2025-07-29 00:23:58.216337,6.4964588211614736,6.614844821129392,56.931251018949204,56.95157913459516,56.99496269079254,57.90961516083954,56.997830321443,56.9312510572841,56.95157923122858,0.0,0.0,0.0,0.0,-12.821061951626689,1.0,-32.31893206816494,1.0,0,0
442,2025-07-29 00:24:10.311320,6.376505494497967,6.498207303245271,56.81259741442576,56.833159412388206,56.87601085966674,57.79297734808721,56.87886718240877,56.81259745266366,56.83315950911863,0.0,0.0,0.0,0.0,-12.78862078208931,1.0,-32.35137613501138,1.0,0,0
443,2025-07-29 00:24:24.380415,6.256633004677778,6.3814889507615415,56.693959588846255,56.7147450987187,56.75709001905723,57.67625871511215,56.75993560957121,56.693959626991905,56.714745195541354,0.0,0.0,0.0,0.0,-12.757767337916448,1.0,-32.38222088725706,1.0,0,0
444,2025-07-29 00:24:38.337717,6.136837372289361,6.2646937490446275,57.17892116435551,57.193054479478214,57.19290894606256,57.559609594463176,57.19358668327034,57.17892118126177,57.193054537000236,0.0,0.0,0.0,0.0,-5.654281159763741,1.0,-19.238172716313784,1.0,0,0
445,2025-07-29 00:24:51.221691,6.074199079895914,6.196865187425913,57.1144680138498,57.128107876606606,57.128832905991956,57.49178149583249,57.1295252637406,57.11446803100066,57.128107933884024,0.0,0.0,0.0,0.0,-5.736083783745016,1.0,-19.15636429771439,1.0,0,0
446,2025-07-29 00:25:04.131411,6.011359037826187,6.1292383762767075,57.04994296194555,57.06313414261583,57.06466032718077,57.424155111589286,57.06536632657245,57.049942979322374,57.063134199667275,0.0,0.0,0.0,0.0,-5.81166009055778,1.0,-19.080787990901626,1.0,0,0
447,2025-07-29 00:25:15.878817,5.948332513915682,6.061798047974212,56.985353071343724,56.99813602932,57.000399453273594,57.35671517685321,57.00111816649533,56.98535308892924,56.99813608616275,0.0,0.0,0.0,0.0,-5.88145336848811,1.0,-19.010991815662237,1.0,0,0
448,2025-07-29 00:25:27.270041,5.885133678251953,5.9945300290358325,67.52206771035569,62.860728603315316,57.83034962231492,57.28966735159083,57.79391488880882,67.52206713242313,62.86072835330704,0.0,0.0,301.7961208524603,1.0,193.2888572457614,1.0,83.61497192254319,1.0,0,0
449,2025-07-29 00:25:40.085439,5.989545845102197,6.082887249836614,67.5429905901801,62.90965217290897,57.92382921649317,57.37802395970276,57.88782978477336,67.5429900145878,62.90965192385776,0.0,0.0,300.6933407899896,1.0,192.5061665872363,1.0,83.29488301228594,1.0,0,0
450,2025-07-29 00:25:52.464600,6.0929899588200485,6.171031387840995,67.56384293815516,62.95845446042701,58.01661565922728,57.4661674491216,57.98104156234175,67.56384236489109,62.958454212333784,0.0,0.0,299.59427824240777,1.0,191.72749159906743,1.0,82.97448698726839,1.0,0,0
451,2025-07-29 00:26:04.669896,6.195482979551788,6.258949480989099,67.58462406685936,63.00712896343922,58.108714598230435,57.554084859934775,58.07355627350585,67.58462349591154,63.007128716304706,0.0,0.0,298.49896944156717,1.0,190.9528264866367,1.0,82.65384758828986,1.0,0,0
452,2025-07-29 00:26:17.172910,6.297041220708627,6.3466292312272445,67.60533347097791,63.055671217657085,58.20013164447966,57.64176389615521,58.16537991035519,67.60533290233441,63.0556709714819,0.0,0.0,297.40744102104367,1.0,190.1821480714716,1.0,82.33299958305906,1.0,0,0
453,2025-07-29 00:26:29.579526,6.397680393955748,6.434058979113096,67.62597071884029,63.10407531266149,58.290872453607875,57.72919290025086,58.25651848675858,67.62597015248936,63.10407506744604,0.0,0.0,296.31971573284756,1.0,189.41540420200909,1.0,82.01201830161153,1.0,0,0
454,2025-07-29 00:26:41.163050,6.4974156443476545,6.52122765091629,67.64653527264963,63.152337057085425,58.38094268890625,57.81636080033374,58.34697800401272,67.6465347085795,63.152336812830015,0.0,0.0,295.23582192258755,1.0,188.65258908363103,1.0,81.69093271703787,1.0,0,0
455,2025-07-29 00:26:53.431616,6.59626158082837,6.608124736866803,67.6670269384371,63.200451153111054,58.470348048789525,57.90325708834717,58.43676447819913,67.66702637663617,63.2004509098158,0.0,0.0,294.15576981375483,1.0,187.89365635939248,1.0,81.36981236475549,1.0,0,0
456,2025-07-29 00:27:05.970170,6.694232308233209,6.69474024813061,67.70915838032262,63.304657929687295,58.59524801028624,57.989880179298765,58.5616873345931,67.70915782125745,63.3046576859563,0.0,0.0,291.9351522647199,1.0,186.97868615845437,1.0,81.51554121582194,1.0,0,0
457,2025-07-29 00:27:18.214870,6.79478769852185,6.783999837398569,67.7301832294448,63.35394271815204,58.686248160608216,58.07913886045978,58.65306582086871,67.73018267270146,63.353942475412595,0.0,0.0,290.8269977170211,1.0,186.20215517898941,1.0,81.18392101550853,1.0,0,0
458,2025-07-29 00:27:29.816897,6.894469453364983,6.872946179873808,67.75113376348328,63.40306288117089,58.77658181586905,58.16808427314034,58.74377040014362,67.7511332090503,63.40306263942274,0.0,0.0,289.7227600867521,1.0,185.4294544421009,1.0,80.85238193984878,1.0,0,0
459,2025-07-29 00:27:41.904831,6.993290228055523,6.961570817871448,67.77200966824263,63.45201461269045,58.86625451389944,58.25670796104699,58.8338068600609,67.7720091161086,63.45201437193326,0.0,0.0,288.62245593417674,1.0,184.6605723585526,1.0,80.52095875655141,1.0,0,0
460,2025-07-29 00:27:54.897411,7.091262287364347,7.0498656979376575,67.79281077874838,63.50079462378832,58.95527176316061,58.34500187206244,58.92318094630375,67.792810228902,63.5007943840216,0.0,0.0,287.52609395459024,1.0,183.89546836601767,1.0,80.18969782256136,1.0,0,0
461,2025-07-29 00:28:08.192772,7.188397524581252,7.137823155071322,58.19189752591807,58.193275401868085,58.21944727024249,58.432762534450376,58.22062395853786,58.19189755029593,58.19327544757896,0.0,0.0,0.0,0.0,-8.153146482641205,1.0,-15.287949674416268,1.0,0,0
462,2025-07-29 00:28:21.573930,7.122356510544701,7.081004391021446,58.129946138356,58.1316848501066,58.15648042644142,58.375942951619756,58.157619006273094,58.12994616224441,58.131684896306915,0.0,0.0,0.0,0.0,-7.989451418097815,1.0,-15.45163894434154,1.0,0,0
463,2025-07-29 00:28:34.777510,7.056728602927373,7.023772527894454,58.06799185025331,58.070090304178265,58.09362064899129,58.31871034300792,58.09472523251662,58.067991873698034,58.070090350822255,0.0,0.0,0.0,0.0,-7.841062837314894,1.0,-15.60002752512446,1.0,0,0
464,2025-07-29 00:28:46.533753,6.99147462366412,6.966166741878539,58.0060435193597,58.0084951069298,58.03086323730757,58.261103877853806,58.03193742332961,58.00604354240185,58.00849515397638,0.0,0.0,0.0,0.0,-7.70641909070946,1.0,-15.734671271729894,1.0,0,0
465,2025-07-29 00:28:57.679702,6.926559498124727,6.908222102474765,57.94410774355693,57.946901837545184,57.96820303542836,58.2031586194253,57.96924998466969,57.94410776623344,57.9469018849574,0.0,0.0,0.0,0.0,-7.584132367242091,1.0,-15.856960892506322,1.0,0,0
466,2025-07-29 00:29:09.238259,6.861951759200932,6.849970067231601,57.882189469557225,57.885312669573,57.90563476712351,58.144906019716906,57.90665726337783,57.88218949190137,57.885312717317575,0.0,0.0,0.0,0.0,-7.472971310562571,1.0,-15.968119051876783,1.0,0,0
467,2025-07-29 00:29:21.347057,6.797623139001989,6.7914389291766195,57.82029153485436,57.82372864397925,57.84315275482421,58.086374366702024,57.844153261181894,57.820291556896194,57.82372869202614,0.0,0.0,0.0,0.0,-7.371863916318944,1.0,-16.06922354881135,1.0,0,0
468,2025-07-29 00:29:33.384693,6.733548156692572,6.732654151960107,57.42866113974691,57.43702448448062,57.47818986822275,58.027509526865124,57.480365291779435,57.42866117320819,57.437024558892595,0.0,0.0,0.0,0.0,-11.19108512909861,1.0,-24.886998243118796,1.0,0,0
469,2025-07-29 00:29:46.471986,6.6353178333340965,6.641790114450462,57.33347135973947,57.34226264658027,57.3822767649087,57.936644834898075,57.384424918817935,57.333471392935984,57.34226272125702,0.0,0.0,0.0,0.0,-11.102534672318143,1.0,-24.975551597208323,1.0,0,0
470,2025-07-29 00:29:59.718307,6.537309290376493,6.550704289228228,57.23830672742156,57.24750850365239,57.28643767716055,57.84555839460752,57.28856039539987,57.23830676036959,57.247508578577595,0.0,0.0,0.0,0.0,-11.019431156569226,1.0,-25.058646421030062,1.0,0,0
471,2025-07-29 00:30:16.005824,6.4395087827779225,6.459410443373632,57.14316690474506,57.15276183135411,57.19066880401218,57.754263970588994,57.19276778636549,57.14316693745986,57.15276190651254,0.0,0.0,0.0,0.0,-10.94142690476474,1.0,-25.13664777552549,1.0,0,0
472,2025-07-29 00:30:29.314130,6.341903445108814,6.367921425777505,57.048052093940996,57.05802301800906,57.09496683542822,57.662774409488875,57.097043654548465,57.04805212643682,57.05802309338645,0.0,0.0,0.0,0.0,-10.868191623671919,1.0,-25.20988015930925,1.0,0,0
473,2025-07-29 00:30:43.266941,6.244481264872671,6.276249259578406,56.95296188887976,56.96329189846611,56.999328356284835,57.57110173229676,57.00138447108103,56.95296192116999,56.9632919740491,0.0,0.0,0.0,0.0,-10.799426890457653,1.0,-25.278641995214457,1.0,0,0
474,2025-07-29 00:30:56.320597,6.147230999736059,6.184405184126911,56.85789586642403,56.86856843105409,56.90375013243755,57.479257176369984,56.90578689685107,56.857895898521164,56.86856850683018,0.0,0.0,0.0,0.0,-10.734848768834127,1.0,-25.343223014147043,1.0,0,0
475,2025-07-29 00:31:09.582947,6.0501421289082,6.092399715963788,56.76285341246968,56.773852400150666,56.808229010467436,57.38725125637172,56.8102476825899,56.76285344438544,56.77385247610812,0.0,0.0,0.0,0.0,-10.674190706367881,1.0,-25.40388107661329,1.0,0,0
476,2025-07-29 00:31:23.069826,5.953204798449915,6.000242695140863,56.66783422811787,56.679144034540734,56.71276217210719,57.29509381064558,56.71476391950815,56.66783425986323,56.679144110668595,0.0,0.0,0.0,0.0,-10.617197739861695,1.0,-25.460874043119475,1.0,0,0
477,2025-07-29 00:31:36.658404,5.856409795515954,5.907943348534455,67.34699073335841,62.37871810079536,57.53416556483326,57.20302560031626,57.50084881552699,67.34699015153757,62.37871786052939,0.0,0.0,311.02388496764246,1.0,194.58929703318972,1.0,80.35666974365085,1.0,0,0
478,2025-07-29 00:31:49.083482,5.93343889839888,5.974939447219703,67.36276893796165,62.41655401261867,57.60468149162846,57.27002135718922,57.57168435568309,67.36276835789546,62.41655377308457,0.0,0.0,310.1922647698488,1.0,194.00245287783946,1.0,80.11189638239102,1.0,0,0
479,2025-07-29 00:32:01.965390,6.00972777173884,6.041785070026634,67.37848197222883,62.454294877433504,57.67465523697968,57.336866609252844,57.64196911050293,67.37848139390651,62.45429463863178,0.0,0.0,309.36407949821506,1.0,193.419212974959,1.0,79.86695497720575,1.0,0,0
480,2025-07-29 00:32:15.106073,6.085293170011671,6.108467153785164,67.4245771437484,62.57535983629166,57.78836306724346,57.403558539765676,57.75543954498187,67.42457656760537,62.575359596123256,0.0,0.0,306.93454606139824,1.0,192.69035431875636,1.0,80.32404024902462,1.0,0,0
481,2025-07-29 00:32:29.006033,6.165332114099415,6.179383123675568,67.44117861543545,62.61520869959542,57.86176387260655,57.47447401917868,57.8291544318788,67.44117804112862,62.61520846020706,0.0,0.0,306.05953401058304,1.0,192.07623489592152,1.0,80.06315495208582,1.0,0,0
482,2025-07-29 00:32:42.668530,6.244639666329801,6.250093323308558,67.45771174225413,62.65493779476461,57.93461225080163,57.54518370474468,57.90230941608519,67.45771116977278,62.65493755615631,0.0,0.0,305.1881242056729,1.0,191.46571393093836,1.0,79.80226386052891,1.0,0,0
483,2025-07-29 00:32:54.877978,6.323230102130571,6.3205873085642565,67.4741769243625,62.694542667075616,58.00691429166483,57.61567715400079,57.974910920135066,67.47417635369605,62.69454242924724,0.0,0.0,304.32029555558205,1.0,190.85872188838948,1.0,79.54141912591695,1.0,0,0
484,2025-07-29 00:33:07.027321,6.401117098659143,6.390855251354569,67.49057381302804,62.73401976905487,58.07867594168416,57.685944540429794,58.04696520566378,67.49057324416599,62.7340195320061,0.0,0.0,303.4560664409188,1.0,190.25524138442051,1.0,79.28067869443112,1.0,0,0
485,2025-07-29 00:33:19.079326,6.478313762734544,6.460887907546676,67.50690213562972,62.77336404040977,58.1499030774673,57.75597662133876,58.1184784443809,67.50690156856173,62.77336380414019,0.0,0.0,302.59545123068887,1.0,189.6552202674684,1.0,79.0200802310892,1.0,0,0
486,2025-07-29 00:33:31.215883,6.554832665694325,6.530676564699812,67.52316200218162,62.81257209569816,58.220601518553565,57.82576468567468,58.18945673158662,67.52316143689744,62.81257186020722,0.0,0.0,301.73844412639255,1.0,189.05862956444253,1.0,78.75966719552707,1.0,0,0
487,2025-07-29 00:33:42.622333,6.630685877716578,6.600213023213411,67.53935328856096,62.85164050394089,58.290776979587896,57.89530053513812,58.25990604197398,67.53935272505043,62.851640269227914,0.0,0.0,300.88505167015734,1.0,188.46542871301608,1.0,78.49947725276252,1.0,0,0
488,2025-07-29 00:33:54.908261,6.705884994541808,6.669489562999989,67.55547577583198,62.89056564599472,58.36043507433769,57.964576450859745,58.32983223446824,67.55547521408509,62.89056541205893,0.0,0.0,300.0352854014074,1.0,187.87558294548035,1.0,78.2395480678133,1.0,0,0
489,2025-07-29 00:34:06.671686,6.7804411631030606,6.738498911650706,67.5715295208965,62.92934452735556,58.42958133871409,58.0335851615912,58.39924107511421,67.57152896090332,62.92934429419603,0.0,0.0,299.1891423210238,1.0,187.2890574941266,1.0,77.9799317922425,1.0,0,0
490,2025-07-29 00:34:18.689878,6.854365108305678,6.807234223428927,67.5875147083137,62.96797439108805,58.498221219572514,58.102319822693985,58.46813822746952,67.5875141500644,62.967974158703775,0.0,0.0,298.34661270146506,1.0,186.70582338586428,1.0,77.72064580990445,1.0,0,0
491,2025-07-29 00:34:30.635138,6.9276671567648895,6.875689056249615,67.60343105915001,63.006452205217336,58.56636002992236,58.17077399310947,58.536529210935875,67.60343050263486,63.00645197360722,0.0,0.0,297.50771124445544,1.0,186.1258342637484,1.0,77.461730683126,1.0,0,0
492,2025-07-29 00:34:41.902740,7.000357253678123,6.943857344548455,67.5028171644657,62.724132869894824,58.48388679343164,58.238906590526106,58.45661420555201,67.50281660855403,62.72413264750469,0.0,0.0,302.81075738324773,1.0,185.92400192005698,1.0,74.37811885665724,1.0,0,0
493,2025-07-29 00:34:53.387869,7.051092379680157,6.994645317383289,57.51008769308236,57.518440057991945,57.58276868689425,58.28945426096769,57.58592607521181,57.51008773424276,57.51844014393259,0.0,0.0,0.0,0.0,-13.766048274419518,1.0,-28.742745831209504,1.0,0,0
494,2025-07-29 00:35:04.605738,6.933897038906237,6.889040796539319,57.39780917444986,57.4067541760382,57.469300110070456,58.183848710717314,57.47241273247501,57.397809215244976,57.40675426234415,0.0,0.0,0.0,0.0,-13.643877443314523,1.0,-28.864925354241677,1.0,0,0
495,2025-07-29 00:35:17.101416,6.817008550192981,6.783129423242167,57.28555089580446,57.29507327388076,57.355925030315,58.07793636246015,57.35899562594209,57.28555093625423,57.29507336053205,0.0,0.0,0.0,0.0,-13.528379114973177,1.0,-28.980420785273964,1.0,0,0
496,2025-07-29 00:35:28.254466,6.7004099910177635,6.676928124038585,57.173314391132706,57.183398029982854,57.24263994086422,57.971734139729065,57.24567105939312,57.173314431255925,57.18339811696071,0.0,0.0,0.0,0.0,-13.41916215267247,1.0,-29.08964064488373,1.0,0,0
497,2025-07-29 00:35:40.301681,6.584085439380378,6.570452814087361,57.061101109714826,57.071729184534284,57.1294415106644,57.86525795487613,57.13243552589871,57.061101149529144,57.07172927182101,0.0,0.0,0.0,0.0,-13.315852803543748,1.0,-29.192944199394333,1.0,0,0
498,2025-07-29 00:35:52.057993,6.468019919505979,6.4637184737024524,56.948912062092454,56.96006729708278,57.0163263977966,57.75852278556791,57.019285522367525,56.94891210161455,56.96006738466173,0.0,0.0,0.0,0.0,-13.218120774354247,1.0,-29.290676228583834,1.0,0,0
499,2025-07-29 00:36:04.674764,6.352199334911943,6.356739208771452,56.83674775264997,56.84841258925183,56.903291200827994,57.65154273517548,56.906217500252566,56.83674779189557,56.84841267710728,0.0,0.0,0.0,0.0,-13.12564446379838,1.0,-29.38314964183064,1.0,0,0
500,2025-07-29 00:36:16.271091,6.236610401391488,6.249528301137243,56.724608489957525,56.73676520166761,56.79033260454185,57.5443310831742,56.793228008396625,56.72460852894146,56.73676528978472,0.0,0.0,0.0,0.0,-13.038131243661155,1.0,-29.470665759276926,1.0,0,0
